# Blender 4.5.0
# www.blender.org
mtllib tripo_convert_4c976670-8671-459a-9b73-a93ee5429266.mtl
o tripo_node_4c976670-8671-459a-9b73-a93ee5429266
v 0.000008 0.178696 -0.043568
v 0.000022 -0.272308 0.068161
v 0.000023 0.203384 0.326508
v 0.000034 -0.021978 0.442596
v 0.000037 -0.005214 -0.142517
v 0.000043 0.124969 0.402222
v 0.000059 0.110634 -0.372528
v 0.000060 0.328979 0.135559
v 0.000061 0.290863 0.251129
v 0.000066 0.218872 -0.032909
v 0.000068 0.279846 0.290649
v 0.000100 0.203201 0.326660
v 0.000125 0.027653 -0.113060
v 0.000125 0.209946 0.366364
v 0.000160 0.138031 -0.025084
v 0.000191 -0.286804 0.123947
v 0.000207 0.162338 0.434662
v 0.000225 -0.282196 -0.011352
v 0.000232 0.253082 0.383972
v 0.000234 0.280792 0.398712
v 0.000251 0.297394 0.341217
v 0.000263 0.085075 -0.117378
v 0.000270 0.168991 -0.000704
v 0.000286 0.037670 -0.407349
v 0.000305 -0.197922 -0.065575
v 0.000313 0.266052 0.252869
v 0.000326 0.106331 -0.213379
v 0.000356 0.040287 -0.309052
v 0.000359 -0.254486 0.130737
v 0.000381 -0.227676 -0.084785
v 0.000387 0.051994 -0.183563
v 0.000396 -0.211014 0.019344
v 0.000427 -0.210342 0.019861
v 0.000444 -0.035904 -0.086586
v 0.000465 0.287018 0.244156
v 0.000488 0.048473 -0.300232
v 0.000512 0.248383 0.236664
v 0.000515 0.263580 -0.063263
v 0.000524 0.238663 0.159790
v 0.000542 -0.282471 0.008040
v 0.000561 0.018248 -0.245880
v 0.000631 -0.173538 -0.017962
v 0.000651 -0.187546 0.355896
v 0.000659 0.162918 -0.222778
v 0.000671 -0.190750 -0.027519
v 0.000697 0.015552 -0.193970
v 0.000765 0.116028 -0.132233
v 0.000791 0.092903 -0.362946
v 0.000793 0.278259 -0.053837
v 0.000823 0.242844 -0.032986
v 0.000833 0.025269 -0.085930
v 0.000894 0.250061 -0.148239
v 0.000901 0.292480 0.000479
v 0.000923 -0.204987 -0.021513
v 0.000947 0.048225 -0.245026
v 0.001000 0.065125 -0.110260
v 0.001034 0.315613 -0.052994
v 0.001038 -0.271759 -0.058826
v 0.001038 0.283417 0.006097
v 0.001055 -0.021374 -0.170105
v 0.001085 0.247238 0.015749
v 0.001129 0.244690 0.006015
v 0.001152 -0.069839 -0.120293
v 0.001165 0.082924 -0.303558
v 0.001169 0.255127 0.238022
v 0.001194 0.005666 -0.473114
v 0.001203 -0.251190 -0.058483
v 0.001212 0.038982 -0.265625
v 0.001405 0.279510 0.048317
v 0.001428 0.067657 -0.085526
v 0.001431 -0.263245 -0.141464
v 0.001476 0.310181 0.064857
v 0.001494 0.210281 0.049294
v 0.001497 0.237518 0.057560
v 0.001549 0.096268 -0.288361
v 0.001557 -0.025215 -0.145248
v 0.001617 -0.005782 -0.259430
v 0.001624 0.224487 0.072327
v 0.001644 0.319702 0.051594
v 0.001698 0.288239 0.075264
v 0.001702 -0.050846 -0.157990
v 0.001741 0.071121 -0.110497
v 0.001794 0.333191 0.048859
v 0.001826 0.214462 0.012996
v 0.001826 -0.092506 -0.129211
v 0.001845 0.081993 -0.165161
v 0.001898 -0.018387 -0.236160
v 0.001903 0.074348 -0.358185
v 0.001946 0.083168 -0.132904
v 0.001984 0.045753 -0.282104
v 0.002017 0.115608 -0.144958
v 0.002125 0.136017 -0.255493
v 0.002287 0.102348 -0.048386
v 0.002324 0.135559 -0.106392
v 0.002360 0.033955 -0.478882
v 0.002362 0.101669 -0.267670
v 0.002385 -0.290009 -0.034122
v 0.002403 0.104462 -0.157303
v 0.002419 0.110718 -0.246811
v 0.002485 0.163376 -0.177658
v 0.002515 0.148163 -0.195557
v 0.002523 -0.055710 -0.091026
v 0.002539 0.037060 -0.463287
v 0.002613 -0.095383 -0.102570
v 0.002647 0.289154 0.405060
v 0.002768 0.046143 -0.421814
v 0.002841 -0.077698 -0.168808
v 0.002886 -0.258026 0.211365
v 0.002944 -0.074623 -0.211197
v 0.002969 0.069420 -0.435333
v 0.003037 0.248413 0.204926
v 0.003090 0.050510 -0.361847
v 0.003094 0.099739 -0.187698
v 0.003188 -0.073799 -0.136139
v 0.003203 -0.030006 -0.078911
v 0.003204 -0.065300 -0.247070
v 0.003206 0.004054 -0.245392
v 0.003234 0.162872 -0.187744
v 0.003297 -0.052078 -0.201416
v 0.003329 0.046669 -0.458862
v 0.003333 0.055408 -0.377869
v 0.003463 0.029449 -0.292877
v 0.003527 0.120354 -0.071442
v 0.003688 0.014767 -0.312256
v 0.003698 0.147308 -0.124863
v 0.003731 0.082291 -0.058041
v 0.003911 0.077164 -0.396606
v 0.003971 0.084885 -0.074379
v 0.004008 0.012004 -0.445831
v 0.004132 0.033009 -0.396729
v 0.004362 0.323944 -0.062477
v 0.004391 0.061211 -0.396362
v 0.004408 0.207657 0.373413
v 0.004464 -0.175537 -0.107483
v 0.004550 -0.213852 0.323883
v 0.004686 -0.005178 -0.109032
v 0.004706 0.282166 0.091194
v 0.004941 0.169418 0.366302
v 0.005028 -0.256897 -0.170593
v 0.005176 0.076370 0.481689
v 0.005204 0.010054 -0.459381
v 0.005508 0.230606 -0.169388
v 0.005543 0.179398 0.008954
v 0.005775 0.005026 -0.495331
v 0.005829 0.064735 -0.452606
v 0.005837 0.268524 -0.138779
v 0.005881 -0.268982 0.311066
v 0.006013 -0.005145 -0.136902
v 0.006034 -0.228882 -0.200760
v 0.006066 0.022423 -0.485992
v 0.006181 -0.227890 0.018333
v 0.006286 0.253754 0.442017
v 0.006553 0.345123 0.036407
v 0.006590 -0.277527 -0.136856
v 0.006787 -0.296051 -0.013627
v 0.006885 0.078285 0.496246
v 0.007059 0.048580 -0.441040
v 0.007394 0.035133 -0.500000
v 0.007413 0.278381 0.396454
v 0.007486 0.343658 0.113693
v 0.007675 0.022266 -0.435822
v 0.007693 0.193115 0.363495
v 0.007722 0.260925 0.421783
v 0.007824 0.025885 -0.106491
v 0.007920 -0.268768 0.369720
v 0.007922 0.308289 0.338623
v 0.007930 -0.243973 -0.064926
v 0.008039 -0.282440 -0.065979
v 0.008080 0.053349 -0.431641
v 0.008098 0.094688 0.479767
v 0.008137 0.006739 -0.393188
v 0.008162 0.251312 0.119926
v 0.008237 -0.252991 0.322174
v 0.008265 0.253387 0.396423
v 0.008283 -0.281586 0.347656
v 0.008327 0.211197 -0.038521
v 0.008331 0.029486 -0.416687
v 0.008365 -0.014836 -0.249756
v 0.008387 0.257599 0.348480
v 0.008517 0.280457 0.429443
v 0.008578 0.332428 -0.049706
v 0.008599 0.250122 0.346130
v 0.008657 -0.274323 -0.066292
v 0.008705 0.228592 0.373413
v 0.008855 0.066483 -0.098068
v 0.008882 -0.226639 -0.028273
v 0.009006 -0.339081 0.145386
v 0.009262 0.265503 -0.127792
v 0.009315 0.228836 0.109650
v 0.009446 0.329529 0.016325
v 0.009515 0.010953 -0.426117
v 0.009538 0.284668 -0.006454
v 0.009542 0.314087 0.084915
v 0.009556 0.271271 0.391724
v 0.009571 0.259033 0.265320
v 0.009607 0.098412 0.493164
v 0.009666 0.053719 -0.268158
v 0.009682 -0.259277 -0.014935
v 0.009761 0.277832 0.048878
v 0.009875 -0.269592 -0.039597
v 0.009953 0.284515 0.395325
v 0.010070 0.292358 0.014642
v 0.010093 -0.198212 -0.029854
v 0.010126 0.269287 0.399536
v 0.010145 0.352081 0.085518
v 0.010188 -0.269257 -0.031145
v 0.010309 0.056843 -0.252838
v 0.010407 0.236420 0.271851
v 0.010529 -0.270721 -0.051239
v 0.010594 -0.268280 -0.140259
v 0.010596 0.042656 -0.293182
v 0.010627 0.315247 -0.052231
v 0.010685 0.243027 -0.031055
v 0.010817 0.327240 0.095192
v 0.010850 0.272705 0.288696
v 0.010918 0.022697 -0.378143
v 0.010923 0.063828 -0.411377
v 0.010927 0.084816 -0.412109
v 0.010962 -0.276215 0.151413
v 0.011010 0.319092 0.074249
v 0.011027 -0.233261 0.313782
v 0.011059 0.080338 -0.431641
v 0.011169 -0.206879 -0.094963
v 0.011240 0.331238 0.050594
v 0.011251 0.217316 0.306610
v 0.011276 0.260132 -0.057636
v 0.011395 0.329865 0.060760
v 0.011513 -0.241058 -0.011238
v 0.011563 0.283905 0.281158
v 0.011626 0.267731 -0.132599
v 0.011675 -0.199463 -0.022770
v 0.011836 0.300201 0.339905
v 0.011857 0.055847 -0.098015
v 0.012143 0.045456 -0.256653
v 0.012206 -0.220810 0.042133
v 0.012402 0.159485 0.375519
v 0.012484 0.246490 0.182053
v 0.012546 0.278137 -0.060780
v 0.012629 0.274017 0.088768
v 0.012704 0.343689 0.066513
v 0.012818 -0.222321 0.013819
v 0.012866 -0.187744 0.004849
v 0.012936 0.059288 -0.082924
v 0.013049 0.284241 0.003193
v 0.013128 0.317749 0.060638
v 0.013176 0.302063 0.071655
v 0.013268 -0.269196 0.329865
v 0.013275 0.225327 0.296967
v 0.013528 -0.163956 -0.025637
v 0.013587 0.242737 0.055668
v 0.013817 0.332428 0.105026
v 0.014267 0.137939 0.393372
v 0.014297 -0.008517 0.443298
v 0.014495 0.230972 0.159317
v 0.014580 -0.196396 0.345032
v 0.014619 -0.286346 -0.015690
v 0.014629 -0.239883 0.082985
v 0.014638 -0.055389 -0.070656
v 0.014688 0.211609 0.051743
v 0.014812 -0.255157 0.226288
v 0.014861 0.271393 0.417847
v 0.014881 0.022705 -0.393097
v 0.015009 0.038025 -0.099098
v 0.015040 0.324310 -0.046452
v 0.015042 -0.140030 0.395905
v 0.015130 -0.209167 0.023558
v 0.015355 -0.254028 0.306763
v 0.015375 0.221786 0.066574
v 0.015441 -0.238983 0.276947
v 0.015680 -0.178574 -0.016104
v 0.015707 -0.096916 -0.058861
v 0.015984 -0.056919 -0.083832
v 0.016882 -0.225372 0.310211
v 0.017738 0.060890 -0.076439
v 0.018791 -0.288849 0.150803
v 0.018927 0.229874 0.123177
v 0.018940 0.048416 -0.081596
v 0.019646 0.252411 0.215668
v 0.020018 0.282349 0.270233
v 0.020329 -0.255676 0.155624
v 0.020540 0.244720 0.210312
v 0.020548 0.084976 -0.070419
v 0.020779 0.000137 -0.088448
v 0.021227 0.029993 -0.082603
v 0.021545 -0.027016 -0.083344
v 0.022013 0.035851 -0.098679
v 0.022800 -0.037483 -0.087051
v 0.022823 0.246765 0.262482
v 0.023199 0.246063 0.245667
v 0.023493 0.154205 -0.013247
v 0.023634 -0.257996 0.205933
v 0.024361 -0.027706 -0.076263
v 0.025003 0.053093 -0.103363
v 0.025955 -0.266602 0.184525
v 0.026110 -0.096878 0.421295
v 0.026577 0.071877 0.428436
v 0.026829 -0.014491 0.444366
v 0.027109 0.230347 0.159348
v 0.027153 0.002919 -0.073784
v 0.027262 0.046341 -0.110641
v 0.027594 -0.215286 0.030924
v 0.027821 0.229126 0.210556
v 0.029409 0.191559 0.342712
v 0.029425 -0.117729 0.410492
v 0.029451 0.180618 0.012982
v 0.029472 0.078819 -0.060192
v 0.029654 0.175766 0.027069
v 0.029760 0.228394 0.103897
v 0.029791 0.027493 0.439880
v 0.029837 0.126038 -0.033562
v 0.029873 -0.251221 0.111008
v 0.029903 -0.189255 0.008156
v 0.029911 0.200806 0.035751
v 0.029915 -0.136093 -0.046082
v 0.029921 -0.228806 0.304962
v 0.029961 0.151718 0.360992
v 0.029993 -0.256805 0.210861
v 0.030037 -0.177200 0.015454
v 0.030071 0.104683 0.414032
v 0.030104 -0.168152 0.376129
v 0.030123 0.226654 0.159653
v 0.030128 0.079346 -0.044853
v 0.030161 -0.070343 0.431519
v 0.030188 0.147278 0.385437
v 0.030201 -0.197998 0.312714
v 0.030209 -0.227402 0.107803
v 0.030218 -0.256073 0.160400
v 0.030233 -0.133133 0.382385
v 0.030237 -0.225983 0.249207
v 0.030247 0.248291 0.230560
v 0.030279 -0.049374 -0.071068
v 0.030294 0.195847 0.055641
v 0.030313 0.104141 0.393951
v 0.030321 -0.178162 -0.014774
v 0.030338 0.202072 0.299591
v 0.030352 -0.010310 0.425201
v 0.030378 -0.113098 -0.035843
v 0.030380 -0.173645 0.345062
v 0.030443 -0.210693 0.032707
v 0.030470 0.054749 0.414673
v 0.030519 0.222778 0.074265
v 0.030525 0.137680 -0.009066
v 0.030535 0.211899 0.081543
v 0.030540 -0.235809 0.159821
v 0.030638 -0.088242 0.408783
v 0.030691 -0.200897 0.046223
v 0.030708 0.238312 0.267151
v 0.030725 -0.048943 -0.059654
v 0.030731 -0.233490 0.210693
v 0.030733 0.219696 0.107841
v 0.030914 -0.027969 -0.063530
v 0.030956 -0.029158 -0.074440
v 0.031073 0.206802 0.053787
v 0.031118 0.010622 -0.063263
v 0.031414 0.225494 0.237015
v 0.036850 0.060139 -0.050652
v 0.037125 0.016161 -0.081436
v 0.039391 -0.255920 0.186890
v 0.039772 0.038582 -0.072617
v 0.039989 0.072617 -0.068512
v 0.041977 0.062401 -0.066498
v 0.042847 0.244415 0.161072
v 0.046040 -0.078926 -0.049187
v 0.050632 -0.130966 -0.020693
v 0.052441 -0.210403 0.282227
v 0.052620 -0.054939 -0.054649
v 0.052708 -0.154846 -0.001781
v 0.052834 0.215897 0.258942
v 0.053272 -0.115448 0.389709
v 0.054119 -0.136795 0.375671
v 0.054543 -0.230438 0.134674
v 0.055408 0.171616 0.334900
v 0.056419 0.008019 -0.059258
v 0.057064 -0.054745 0.414642
v 0.057236 0.111107 -0.022984
v 0.057533 -0.227661 0.227753
v 0.058125 0.072609 0.403900
v 0.059227 0.107323 0.387787
v 0.059608 -0.136658 -0.008023
v 0.059769 -0.061249 -0.070404
v 0.060825 -0.101212 -0.035545
v 0.062222 -0.252380 0.210114
v 0.062767 -0.061005 -0.062073
v 0.063347 -0.038746 -0.056213
v 0.065315 -0.184311 0.322052
v 0.066551 -0.042397 -0.069832
v 0.066734 0.009851 0.416321
v 0.067719 0.181030 0.317902
v 0.067818 -0.017866 0.416840
v 0.068031 -0.219681 0.238617
v 0.068092 0.197495 0.053177
v 0.069061 0.219101 0.138489
v 0.069191 -0.251343 0.164093
v 0.069901 -0.196289 0.023914
v 0.070175 0.112907 -0.017977
v 0.070877 0.239899 0.161133
v 0.071678 0.198654 0.289459
v 0.072121 -0.129242 -0.016079
v 0.072151 0.080894 -0.034363
v 0.072578 0.223251 0.211868
v 0.072647 -0.195816 0.054352
v 0.073151 0.088684 0.392731
v 0.073273 -0.228851 0.160904
v 0.073509 0.205124 0.084785
v 0.073799 0.009772 -0.066643
v 0.074249 -0.147995 -0.000790
v 0.074280 -0.219559 0.110664
v 0.074326 -0.111931 0.385468
v 0.074677 0.220078 0.160843
v 0.074799 -0.217911 0.249023
v 0.075645 0.109268 0.381195
v 0.076050 0.149277 0.012892
v 0.078148 0.239105 0.210449
v 0.078804 0.169067 0.036072
v 0.078827 -0.207764 0.082230
v 0.078888 -0.225906 0.210556
v 0.079605 0.128983 0.366669
v 0.079659 0.057404 -0.057270
v 0.080688 -0.061653 -0.045124
v 0.081581 0.207047 0.103806
v 0.081635 0.215149 0.234970
v 0.081985 -0.055332 -0.063019
v 0.082108 -0.087799 0.395874
v 0.082207 -0.044395 -0.050152
v 0.083252 0.237717 0.185944
v 0.083427 -0.201233 0.285797
v 0.083641 0.049549 0.404358
v 0.084160 -0.070297 0.401398
v 0.084518 -0.246857 0.186218
v 0.084839 -0.066849 -0.052048
v 0.085442 -0.147263 0.354462
v 0.089867 0.016521 0.407745
v 0.090179 0.209366 0.079933
v 0.092926 -0.076782 -0.035507
v 0.093361 -0.044830 0.404083
v 0.093391 -0.219437 0.136780
v 0.094887 0.202484 0.261902
v 0.094940 -0.038857 0.404968
v 0.094971 -0.215012 0.231934
v 0.095642 -0.193573 0.278351
v 0.096001 -0.033436 -0.046246
v 0.096008 0.073524 0.390625
v 0.096161 -0.075912 -0.045574
v 0.096405 -0.204773 0.047039
v 0.097023 0.234665 0.173294
v 0.097687 -0.049595 0.408112
v 0.097694 0.234283 0.197510
v 0.097748 0.108841 -0.008304
v 0.097763 -0.241837 0.195908
v 0.098160 -0.242294 0.174408
v 0.099037 -0.172241 0.034870
v 0.100571 0.051311 -0.033955
v 0.101593 -0.168945 0.322449
v 0.102310 -0.188660 0.292999
v 0.105095 0.184540 0.291473
v 0.105164 0.024509 -0.051857
v 0.105186 0.150467 0.334198
v 0.105469 0.172852 0.307373
v 0.106033 -0.198822 0.268036
v 0.106041 -0.096909 -0.020098
v 0.106621 -0.201599 0.093231
v 0.107048 0.231705 0.165146
v 0.107384 0.200607 0.120186
v 0.108032 -0.057831 -0.064148
v 0.109200 -0.273285 0.186905
v 0.109467 0.267456 0.186188
v 0.109802 0.147476 0.030083
v 0.109871 -0.133438 0.004355
v 0.109886 -0.000259 0.399963
v 0.109985 -0.237564 0.186142
v 0.110085 0.230560 0.185074
v 0.110115 -0.131027 0.355408
v 0.110161 -0.157501 0.026525
v 0.110222 -0.077904 0.401489
v 0.110451 -0.212463 0.210831
v 0.111626 -0.237228 0.165237
v 0.112213 -0.183624 0.029678
v 0.112411 0.035683 -0.047409
v 0.112694 0.186890 0.059124
v 0.112732 0.203369 0.137390
v 0.112862 -0.235855 0.207230
v 0.113304 0.081764 0.378418
v 0.113579 0.174149 0.063728
v 0.113686 -0.002956 -0.040073
v 0.114555 0.228683 0.206680
v 0.116066 -0.186005 0.070686
v 0.116905 0.014713 -0.047878
v 0.118034 0.188965 0.093735
v 0.119560 0.042740 0.389038
v 0.120773 0.111015 0.006486
v 0.121696 0.204391 0.210724
v 0.123909 -0.207062 0.160477
v 0.124313 -0.082512 -0.017792
v 0.124329 0.028824 -0.042549
v 0.125153 0.027452 -0.072647
v 0.125580 -0.197281 0.111130
v 0.126907 -0.002240 0.391266
v 0.128159 0.108696 0.353241
v 0.128159 -0.051037 -0.026251
v 0.128906 0.194046 0.234802
v 0.130096 0.175522 0.279572
v 0.131592 0.162445 0.068962
v 0.132690 -0.165680 0.299164
v 0.133301 -0.192932 0.064087
v 0.133621 -0.027498 0.386261
v 0.134094 -0.093323 0.364349
v 0.134338 -0.074989 0.373413
v 0.137100 0.190216 0.091499
v 0.137466 0.175705 0.065269
v 0.137955 0.076073 -0.003640
v 0.138062 0.114784 0.021046
v 0.138824 -0.004673 -0.039349
v 0.138916 0.079224 0.362854
v 0.138992 -0.221207 0.210907
v 0.139313 -0.051380 0.378540
v 0.139328 -0.057453 0.391113
v 0.139450 0.178833 0.100189
v 0.139572 -0.007648 0.422607
v 0.139694 -0.148529 0.314911
v 0.140152 -0.196121 0.211029
v 0.140182 0.142975 0.052834
v 0.140701 -0.014154 0.423248
v 0.140793 -0.098114 0.368561
v 0.140976 -0.220596 0.160782
v 0.141342 0.189758 0.160858
v 0.142014 0.177032 0.256683
v 0.143585 0.163086 0.270752
v 0.144135 -0.154434 0.052921
v 0.144257 -0.077072 0.378052
v 0.144897 0.039585 -0.012627
v 0.147003 -0.168381 0.278595
v 0.147110 0.179626 0.125687
v 0.147461 0.042217 -0.030096
v 0.147522 0.158615 0.284241
v 0.147949 -0.113144 0.340759
v 0.150314 0.143356 0.302948
v 0.150665 -0.061531 0.382080
v 0.151184 0.024082 -0.029135
v 0.151352 0.040058 0.367859
v 0.152634 0.211182 0.206039
v 0.152695 0.201035 0.210419
v 0.153137 -0.173676 0.101128
v 0.154160 -0.133820 0.040089
v 0.154526 0.205261 0.160919
v 0.155106 -0.167526 0.091293
v 0.155334 -0.184738 0.159775
v 0.156113 -0.173172 0.046463
v 0.156860 0.208740 0.165344
v 0.157150 -0.099907 0.340637
v 0.157944 -0.169495 0.255188
v 0.158112 0.108948 0.327850
v 0.158615 -0.050419 -0.004979
v 0.159119 0.003595 0.367432
v 0.159454 0.161453 0.260254
v 0.160568 0.037117 -0.023159
v 0.161392 -0.017193 -0.009655
v 0.161621 0.079300 0.019133
v 0.162155 0.205856 0.210052
v 0.162247 0.205475 0.188904
v 0.162750 0.080536 0.341370
v 0.163223 -0.097366 0.020176
v 0.163712 -0.202698 0.182343
v 0.163834 -0.126221 0.042068
v 0.164291 0.013799 -0.021616
v 0.164658 -0.140152 0.042004
v 0.165710 -0.198730 0.160889
v 0.166489 -0.199951 0.206940
v 0.167267 0.097023 0.382477
v 0.167679 0.170853 0.211563
v 0.168228 -0.179123 0.064133
v 0.169144 -0.080360 0.363647
v 0.169220 0.096497 -0.027939
v 0.169571 -0.179230 0.076271
v 0.169891 0.054142 0.013518
v 0.170258 0.113243 0.056076
v 0.171555 0.002139 -0.016766
v 0.172211 0.055553 0.344360
v 0.172241 -0.194138 0.195541
v 0.172363 -0.167252 0.098022
v 0.172424 0.030056 0.007365
v 0.172958 0.019409 -0.014078
v 0.173843 -0.114082 0.052620
v 0.174225 -0.156998 0.248611
v 0.174728 0.056999 0.020388
v 0.176147 -0.093384 0.360046
v 0.176514 -0.134308 0.072830
v 0.176773 -0.106834 0.041973
v 0.176956 -0.157333 0.046661
v 0.177094 -0.043964 0.346497
v 0.179123 0.036182 0.342804
v 0.179230 -0.119331 0.298981
v 0.179321 -0.201797 0.178024
v 0.179398 -0.160324 0.159882
v 0.179474 -0.157852 0.133484
v 0.180267 0.147903 0.118217
v 0.180756 -0.101662 0.344849
v 0.180923 -0.192307 0.076401
v 0.181305 0.123222 0.086441
v 0.181931 0.010859 -0.035984
v 0.181931 -0.079605 0.030405
v 0.183578 -0.085777 0.366394
v 0.184265 0.134186 0.259949
v 0.184692 -0.047375 0.019781
v 0.184799 0.184769 0.164810
v 0.185226 0.025963 -0.002049
v 0.185242 0.100166 0.299622
v 0.185577 -0.068329 0.036602
v 0.186188 0.149490 0.160828
v 0.186401 -0.057312 0.364594
v 0.186615 0.146332 0.082405
v 0.187561 -0.111137 0.062408
v 0.187759 -0.093521 0.388153
v 0.187897 0.182022 0.209717
v 0.188187 -0.205429 0.193924
v 0.188400 -0.152359 0.210983
v 0.188629 -0.096550 0.352783
v 0.189117 -0.186142 0.168579
v 0.189560 0.146805 0.211014
v 0.190262 0.139084 0.133469
v 0.190414 -0.050060 0.363220
v 0.190460 -0.100327 0.340942
v 0.191086 -0.074783 0.367279
v 0.191483 0.104355 0.082062
v 0.192001 0.177399 0.185028
v 0.192276 -0.012506 0.332275
v 0.192368 -0.175339 0.070976
v 0.192612 0.055012 0.319061
v 0.192627 -0.173996 0.205414
v 0.192657 -0.128418 0.261017
v 0.193771 -0.190109 0.188293
v 0.193863 -0.023184 0.004180
v 0.194885 0.149353 0.094154
v 0.195526 0.027815 0.007272
v 0.196335 -0.132324 0.102737
v 0.196350 -0.127396 0.105438
v 0.196594 -0.165436 0.159973
v 0.196930 -0.220337 0.186432
v 0.197128 0.107727 0.078552
v 0.197571 -0.033340 0.032959
v 0.198120 -0.129593 0.244385
v 0.198380 -0.122421 0.124825
v 0.198608 -0.064613 0.045971
v 0.198639 -0.086365 0.298309
v 0.199997 -0.087822 0.336792
v 0.200775 0.123047 0.133102
v 0.200806 -0.130981 0.138733
v 0.200836 -0.062981 0.345062
v 0.200989 0.149292 0.114922
v 0.201126 0.109955 0.257996
v 0.201630 0.166550 0.171280
v 0.201843 0.042988 0.053749
v 0.202087 0.082291 0.077850
v 0.202118 0.166183 0.198181
v 0.202240 -0.067818 0.384338
v 0.203857 -0.109001 0.368927
v 0.204208 -0.102020 0.271423
v 0.205048 -0.085106 0.355682
v 0.205994 0.124626 0.079903
v 0.206497 -0.076073 0.389282
v 0.206589 0.012373 0.310974
v 0.206680 0.068230 0.288849
v 0.206909 -0.125610 0.152084
v 0.208572 -0.184082 0.202698
v 0.209274 -0.143158 0.155609
v 0.209335 -0.147278 0.210312
v 0.209457 0.155594 0.184601
v 0.209473 -0.121735 0.211029
v 0.209610 0.001740 0.024881
v 0.209793 -0.165573 0.154388
v 0.210480 -0.156387 0.144730
v 0.210648 -0.144562 0.138077
v 0.210876 -0.108452 0.119858
v 0.211823 -0.179337 0.184036
v 0.212158 0.144577 0.106758
v 0.212509 -0.110619 0.138153
v 0.212921 0.086266 0.312561
v 0.213486 -0.140549 0.146561
v 0.213669 0.100281 0.235336
v 0.213959 0.052132 0.081886
v 0.214325 0.143677 0.160751
v 0.214340 -0.032032 0.295166
v 0.214752 -0.092117 0.256927
v 0.214966 -0.107803 0.234283
v 0.215637 -0.018133 0.033764
v 0.215759 -0.078560 0.091568
v 0.215988 -0.122894 0.135162
v 0.216187 0.075241 0.307831
v 0.216873 -0.065788 0.321106
v 0.216965 0.085510 0.124039
v 0.217224 0.143845 0.164856
v 0.217255 -0.044933 0.071304
v 0.217621 0.014133 0.071358
v 0.218109 0.065475 0.104645
v 0.218994 -0.097794 0.137695
v 0.219147 0.073517 0.256836
v 0.219162 -0.008986 0.027185
v 0.219376 -0.170731 0.166046
v 0.219452 -0.086693 0.365021
v 0.219925 -0.092583 0.233704
v 0.219940 -0.121346 0.146729
v 0.219971 0.040646 0.276550
v 0.220062 -0.156235 0.204666
v 0.220245 0.091736 0.160233
v 0.220337 0.003216 0.038437
v 0.220413 0.138000 0.210068
v 0.220657 0.126022 0.105156
v 0.220825 -0.177383 0.197174
v 0.220917 -0.173630 0.174438
v 0.221130 -0.120285 0.225845
v 0.221420 -0.072060 0.256622
v 0.221527 0.087814 0.287720
v 0.222443 -0.116074 0.210388
v 0.222595 0.092445 0.123039
v 0.222672 -0.162155 0.212326
v 0.223602 -0.141327 0.228226
v 0.223633 0.045731 0.104233
v 0.223755 -0.028624 0.272614
v 0.224442 -0.171112 0.186356
v 0.225281 0.073967 0.144272
v 0.225281 -0.069870 0.305634
v 0.225510 -0.041744 0.057182
v 0.225540 0.081612 0.211197
v 0.226089 -0.155624 0.148254
v 0.226349 0.065186 0.238098
v 0.226883 0.184464 0.185699
v 0.226990 -0.052471 0.102173
v 0.227158 0.008677 0.089790
v 0.227295 -0.036991 0.310791
v 0.227554 -0.055458 0.308228
v 0.228149 0.012107 0.052929
v 0.228210 -0.198944 0.184647
v 0.228561 0.009097 0.263580
v 0.228745 -0.152130 0.139740
v 0.228790 0.007360 0.101807
v 0.228928 -0.084610 0.293854
v 0.229202 -0.139694 0.136047
v 0.229309 0.029062 0.115639
v 0.230011 -0.042931 0.310089
v 0.231018 0.055634 0.161072
v 0.231262 0.039707 0.240387
v 0.231628 -0.052795 0.299561
v 0.231659 -0.153351 0.217133
v 0.231689 0.048416 0.142197
v 0.231750 -0.136810 0.214645
v 0.231766 -0.145584 0.158066
v 0.232376 -0.137375 0.148087
v 0.233215 -0.068726 0.230347
v 0.233994 -0.090302 0.240097
v 0.234543 0.054909 0.211380
v 0.234665 -0.124649 0.244812
v 0.235138 -0.064453 -0.011780
v 0.235275 -0.071716 0.255737
v 0.235641 -0.099670 0.136444
v 0.235779 -0.161850 0.208710
v 0.236465 -0.054382 0.281067
v 0.236496 -0.038746 0.293884
v 0.236740 0.105515 0.210220
v 0.237000 -0.075600 0.017641
v 0.237045 -0.194183 0.199753
v 0.237305 -0.123413 0.132858
v 0.237335 -0.110786 0.437195
v 0.237350 -0.126511 0.160660
v 0.237503 -0.122704 0.143280
v 0.237915 -0.153854 0.199234
v 0.238953 -0.046219 0.276184
v 0.238968 0.099953 0.164459
v 0.239059 0.010291 0.264526
v 0.239182 -0.011093 0.342499
v 0.239380 -0.030529 0.272430
v 0.239456 -0.193375 0.168411
v 0.239960 -0.144409 0.186371
v 0.240234 -0.063339 0.241898
v 0.240433 -0.050732 0.094505
v 0.240494 0.089043 0.185181
v 0.240540 -0.132553 0.178513
v 0.240967 -0.057266 0.103508
v 0.241211 -0.133072 0.212280
v 0.241241 -0.058189 0.348236
v 0.241669 -0.059383 0.122894
v 0.241776 -0.065140 0.138229
v 0.241882 0.062531 0.184921
v 0.241959 -0.028824 0.252716
v 0.242249 -0.073860 0.232727
v 0.242416 -0.026285 0.093132
v 0.242493 0.076134 0.172699
v 0.242523 -0.089226 0.010569
v 0.242706 -0.043205 0.076958
v 0.242828 -0.006554 0.252808
v 0.242874 0.076736 0.197586
v 0.242905 -0.026649 -0.021715
v 0.242981 -0.096992 0.240448
v 0.242981 -0.116547 0.155579
v 0.243164 -0.089104 0.157242
v 0.243317 -0.017836 -0.013442
v 0.243317 -0.093651 0.173920
v 0.243515 0.015468 0.248947
v 0.243744 -0.093254 0.193542
v 0.243759 0.057770 0.160873
v 0.243851 -0.065498 0.216232
v 0.243851 -0.104195 0.142090
v 0.243912 -0.115547 0.228622
v 0.244125 -0.052116 0.339996
v 0.244156 0.007338 0.343170
v 0.244171 0.029808 0.093307
v 0.244476 -0.115326 0.187439
v 0.244553 0.002612 0.100357
v 0.244629 -0.020937 0.129120
v 0.244705 0.057262 0.209061
v 0.244934 -0.132584 0.221695
v 0.244980 -0.036720 0.380127
v 0.245407 0.012897 0.103119
v 0.245621 -0.009916 0.375885
v 0.245865 0.005817 0.088608
v 0.246033 -0.116936 0.211029
v 0.246078 -0.027870 0.233353
v 0.246536 -0.040752 0.003602
v 0.246689 -0.118584 0.163437
v 0.246857 -0.009818 0.384399
v 0.246994 -0.031046 0.396301
v 0.247330 0.006159 0.356201
v 0.247391 0.055630 0.089012
v 0.247650 0.025810 0.228912
v 0.247681 0.014760 0.357483
v 0.247864 0.049229 0.229218
v 0.247910 0.025229 0.110405
v 0.247940 -0.070488 0.320801
v 0.248062 -0.030342 0.376129
v 0.248062 -0.062229 0.033817
v 0.248184 -0.044632 0.363739
v 0.248550 0.021441 0.087852
v 0.248886 -0.011370 0.343994
v 0.248947 -0.006983 0.117172
v 0.248962 -0.056122 0.123428
v 0.249115 -0.187027 0.185120
v 0.249420 -0.071304 0.067039
v 0.249695 0.018942 0.125748
v 0.249695 -0.086983 0.211884
v 0.249832 -0.103638 0.227859
v 0.250000 -0.020475 -0.007629
v 0.250092 0.006667 -0.010255
v 0.250092 0.039757 0.100639
v 0.250153 0.011194 0.231140
v 0.250580 0.018942 0.139343
v 0.250702 0.050331 0.143387
v 0.250732 -0.053268 -0.021566
v 0.250946 -0.079414 -0.007959
v 0.250977 -0.064194 0.149811
v 0.251068 -0.022108 0.034027
v 0.251160 0.029444 0.268707
v 0.251160 -0.078384 0.227203
v 0.251282 -0.216080 0.185471
v 0.251740 0.035641 0.208557
v 0.251831 -0.073509 0.143539
v 0.251862 0.058128 0.172104
v 0.252502 -0.004004 0.034424
v 0.252777 -0.055767 0.376068
v 0.252869 -0.015155 -0.023968
v 0.253082 -0.063927 0.381866
v 0.253082 -0.068588 0.342285
v 0.253174 0.008893 0.014258
v 0.253174 0.039375 0.173553
v 0.253174 -0.059834 0.127563
v 0.253204 -0.034813 0.124580
v 0.253662 -0.053413 0.340729
v 0.253998 -0.048378 0.017984
v 0.254517 -0.089905 0.013304
v 0.254639 0.072800 0.264191
v 0.254761 0.012727 0.026491
v 0.254883 0.059357 0.276123
v 0.255005 0.066132 0.094330
v 0.255066 -0.056782 0.087814
v 0.255402 -0.042118 0.386932
v 0.255463 -0.010783 0.117043
v 0.255676 0.008650 0.372864
v 0.255920 -0.061684 0.064293
v 0.255981 0.004101 0.340240
v 0.256500 -0.009794 0.385712
v 0.257080 0.012825 0.271332
v 0.257263 -0.091812 0.159500
v 0.257751 0.032078 0.260651
v 0.258667 -0.054138 0.316711
v 0.258850 0.001901 0.041939
v 0.259552 0.034031 0.279846
v 0.260132 -0.070755 0.314880
v 0.260162 -0.017626 0.238098
v 0.260223 0.015635 0.005698
v 0.260529 -0.068214 0.333405
v 0.261475 -0.088882 0.066246
v 0.261658 -0.005442 0.256531
v 0.261658 -0.016874 0.382355
v 0.261902 -0.049889 0.375793
v 0.262054 -0.035625 0.223831
v 0.262207 -0.061989 0.178040
v 0.262482 0.025150 0.203049
v 0.262512 0.024590 0.163101
v 0.262543 -0.004821 0.035538
v 0.262787 -0.017630 -0.010407
v 0.262848 0.027376 0.086754
v 0.262939 0.008137 0.360779
v 0.262939 -0.012460 0.376465
v 0.262970 -0.040234 0.006678
v 0.263123 -0.052643 0.235382
v 0.263214 -0.024698 0.397614
v 0.263275 -0.000357 0.226486
v 0.263367 -0.047913 0.395081
v 0.263519 -0.090485 0.206100
v 0.263611 -0.009334 -0.021841
v 0.263733 -0.052689 0.187241
v 0.263763 -0.018108 0.135147
v 0.264069 -0.055073 0.129486
v 0.264313 0.019510 0.128433
v 0.264343 -0.048801 0.371124
v 0.264465 -0.013664 0.226898
v 0.264740 -0.051514 0.202911
v 0.264771 -0.003105 -0.007070
v 0.264832 -0.029396 0.232391
v 0.265137 -0.054165 -0.009844
v 0.265350 -0.068169 0.363953
v 0.265594 -0.065689 0.315338
v 0.266357 0.012334 0.092239
v 0.266357 -0.006553 0.114243
v 0.266754 -0.092636 0.167923
v 0.266937 -0.045635 0.216232
v 0.266937 -0.053108 0.160751
v 0.267181 -0.063316 0.348969
v 0.267273 -0.058323 0.047779
v 0.267456 -0.034836 0.137024
v 0.267456 -0.061302 0.150757
v 0.267487 0.028172 0.103333
v 0.267670 -0.057228 0.215775
v 0.267822 0.015486 0.021219
v 0.268250 0.010590 0.186874
v 0.268250 -0.059509 0.082893
v 0.268341 -0.035431 0.174713
v 0.268463 -0.077698 0.086952
v 0.268799 0.042740 0.273499
v 0.268890 0.008521 0.151489
v 0.268921 -0.063217 0.193237
v 0.269562 -0.003946 0.144943
v 0.269623 0.001474 0.037708
v 0.269623 0.008850 0.010589
v 0.269745 0.036938 0.264771
v 0.269775 -0.092201 0.186981
v 0.270111 -0.048107 0.003128
v 0.270538 0.001180 0.248642
v 0.270752 -0.036980 0.191345
v 0.271027 -0.003185 0.219116
v 0.271271 -0.082481 0.054276
v 0.271545 -0.070290 0.081528
v 0.271667 0.080231 0.186310
v 0.271790 -0.059978 0.201355
v 0.271973 -0.076172 0.177963
v 0.272339 0.004476 0.172180
v 0.272522 0.019266 0.104225
v 0.272675 -0.063133 0.169662
v 0.272736 -0.027977 0.205612
v 0.273499 0.004084 0.123047
v 0.274536 0.019194 0.265106
v 0.274750 -0.026686 0.157532
v 0.275604 -0.041538 0.158218
v 0.275635 -0.071686 0.035156
v 0.275757 -0.009385 0.181946
v 0.275879 -0.042801 0.183167
v 0.276581 -0.003378 0.184265
v 0.277863 -0.012901 0.142868
v 0.282928 -0.019844 0.218750
v 0.283325 -0.033867 0.185349
v 0.284210 -0.017332 0.149780
v -0.000011 -0.265259 -0.040249
v -0.000011 -0.081276 -0.063675
v -0.000017 0.246170 0.341919
v -0.000032 -0.154419 -0.032814
v -0.000033 0.061680 -0.358765
v -0.000044 -0.004103 -0.090027
v -0.000051 -0.255951 0.374908
v -0.000070 -0.162415 0.434723
v -0.000087 -0.203384 0.337158
v -0.000092 -0.111076 -0.054646
v -0.000093 0.025797 -0.085983
v -0.000094 0.379333 0.313477
v -0.000099 0.063324 -0.267303
v -0.000106 -0.151566 0.389191
v -0.000111 -0.188232 -0.099014
v -0.000136 0.263855 0.376007
v -0.000154 0.282257 0.182281
v -0.000164 0.297363 0.341125
v -0.000165 -0.126801 0.404816
v -0.000183 0.259186 0.275238
v -0.000184 -0.007882 0.500000
v -0.000236 -0.293793 0.131058
v -0.000257 0.246719 0.167816
v -0.000264 0.270874 0.293457
v -0.000267 0.005662 0.443604
v -0.000269 -0.294647 0.166901
v -0.000290 -0.287964 0.175385
v -0.000323 0.268494 -0.048763
v -0.000357 -0.263702 -0.040939
v -0.000364 -0.275299 0.138489
v -0.000370 -0.244644 0.093674
v -0.000378 -0.184570 -0.053082
v -0.000382 -0.186249 -0.052788
v -0.000395 -0.263916 0.230637
v -0.000412 0.295685 0.297180
v -0.000424 -0.189484 0.008231
v -0.000431 0.063072 -0.267853
v -0.000462 -0.193375 -0.105560
v -0.000481 0.229584 0.297028
v -0.000484 -0.024162 -0.255615
v -0.000509 -0.250092 -0.020456
v -0.000516 0.149796 0.384460
v -0.000523 -0.246521 -0.173279
v -0.000526 0.036781 -0.350098
v -0.000556 -0.276123 0.166122
v -0.000569 0.010193 -0.427643
v -0.000573 -0.222961 0.368286
v -0.000603 -0.107925 -0.098694
v -0.000607 -0.242889 -0.116272
v -0.000618 0.247925 -0.086250
v -0.000717 -0.234909 0.071594
v -0.000724 0.020435 -0.439667
v -0.000744 0.247025 0.194046
v -0.000794 0.015726 -0.290100
v -0.000823 0.022312 -0.415741
v -0.000874 0.227524 -0.039589
v -0.000885 -0.379639 0.141907
v -0.000889 0.033821 -0.375854
v -0.000892 0.234024 0.107544
v -0.000902 -0.251587 -0.030033
v -0.000992 0.005527 -0.285767
v -0.001021 0.017544 -0.088623
v -0.001090 0.017570 -0.089821
v -0.001127 -0.257904 0.173813
v -0.001134 -0.006225 -0.107368
v -0.001150 0.224075 0.004253
v -0.001173 -0.282928 0.345428
v -0.001175 0.321869 0.056564
v -0.001244 -0.237473 -0.068558
v -0.001255 -0.202454 -0.019859
v -0.001295 0.058704 -0.356079
v -0.001319 0.031002 -0.359772
v -0.001337 -0.259644 0.334290
v -0.001377 0.275543 -0.113777
v -0.001420 0.317169 -0.047871
v -0.001432 0.285187 0.007390
v -0.001433 0.269073 0.047607
v -0.001466 -0.212631 -0.033108
v -0.001473 0.249985 0.008985
v -0.001484 0.287628 -0.005299
v -0.001501 0.297333 0.071190
v -0.001503 0.228790 0.101906
v -0.001526 -0.271759 -0.055565
v -0.001554 0.319336 0.054844
v -0.001556 -0.264221 -0.137466
v -0.001573 -0.079979 -0.094452
v -0.001576 0.012776 -0.375397
v -0.001646 -0.033489 -0.085495
v -0.001665 0.026527 -0.319336
v -0.001704 0.186554 -0.040920
v -0.001802 0.109016 -0.122536
v -0.001836 0.331726 0.043800
v -0.001950 -0.275604 0.326324
v -0.001993 0.109612 -0.292816
v -0.001999 0.222641 0.062737
v -0.002043 0.210281 0.049477
v -0.002117 0.209457 0.013398
v -0.002190 0.285736 0.059444
v -0.002199 -0.004428 -0.140213
v -0.002208 -0.085426 -0.105789
v -0.002235 0.053810 -0.288605
v -0.002271 -0.024864 -0.147720
v -0.002277 0.025921 -0.109779
v -0.002290 -0.032631 -0.180222
v -0.002319 0.019630 -0.248032
v -0.002421 -0.051125 -0.150116
v -0.002555 0.026146 -0.099281
v -0.002565 0.065002 -0.110474
v -0.002596 0.093811 0.500000
v -0.002632 0.136154 -0.105247
v -0.002679 0.034813 -0.440216
v -0.002727 0.067520 -0.078133
v -0.002786 0.051567 -0.179031
v -0.002848 0.030653 -0.305054
v -0.002858 0.019022 -0.188354
v -0.002987 0.061630 -0.251129
v -0.003058 0.108276 -0.389374
v -0.003078 -0.075363 -0.204056
v -0.003085 -0.059334 -0.089272
v -0.003089 0.041801 -0.393829
v -0.003089 0.115868 -0.143082
v -0.003098 0.102959 -0.048077
v -0.003099 -0.018879 -0.166580
v -0.003109 -0.030582 -0.076263
v -0.003147 0.042019 -0.301300
v -0.003176 0.038666 -0.266327
v -0.003221 0.102608 -0.156006
v -0.003238 0.096222 -0.230179
v -0.003380 -0.264130 0.362091
v -0.003386 0.067139 -0.087471
v -0.003394 0.107803 -0.212814
v -0.003497 -0.077690 -0.163498
v -0.003510 0.148193 -0.196793
v -0.003514 -0.017643 -0.241150
v -0.003521 0.067764 -0.088028
v -0.003530 0.016422 -0.403931
v -0.003606 -0.004842 -0.254242
v -0.003671 0.036053 -0.469818
v -0.003747 0.163300 -0.187561
v -0.003772 0.147263 -0.125351
v -0.003799 -0.064949 -0.245499
v -0.003841 0.160126 -0.159592
v -0.003893 -0.055264 -0.208664
v -0.003928 0.083321 -0.132874
v -0.003931 0.233292 -0.167755
v -0.003965 0.181992 0.011150
v -0.003970 0.072716 -0.359711
v -0.003972 0.083565 -0.306427
v -0.004051 0.071114 -0.108307
v -0.004079 0.092255 -0.290161
v -0.004084 0.045891 -0.365875
v -0.004090 0.125397 -0.106880
v -0.004180 0.022007 -0.488983
v -0.004207 0.093773 -0.360809
v -0.004208 -0.229675 -0.198837
v -0.004260 0.040936 -0.281128
v -0.004266 0.082283 -0.058224
v -0.004308 -0.073624 -0.127502
v -0.004333 0.043491 -0.249908
v -0.004333 0.009896 -0.300446
v -0.004441 -0.021313 -0.224884
v -0.004576 0.254333 0.209213
v -0.004600 0.081161 -0.163513
v -0.004662 0.085976 -0.074661
v -0.004697 0.073013 -0.286163
v -0.004702 0.082260 -0.354034
v -0.004775 0.021776 -0.460602
v -0.004914 0.004545 -0.246918
v -0.004995 0.046341 -0.459991
v -0.005033 0.269867 -0.137070
v -0.005058 0.092010 -0.277618
v -0.005181 -0.174011 -0.107666
v -0.005330 0.028450 -0.291962
v -0.005389 0.028706 -0.292267
v -0.005418 0.055862 -0.422363
v -0.005480 0.009157 -0.456879
v -0.005528 0.206451 0.373779
v -0.005718 0.098770 -0.186417
v -0.005792 0.261322 0.419434
v -0.005908 0.137054 -0.256683
v -0.005929 0.044556 -0.424103
v -0.005931 0.112076 -0.371918
v -0.005968 0.032257 -0.481384
v -0.006032 0.053242 -0.376312
v -0.006119 0.060650 -0.455475
v -0.006191 0.052025 -0.444855
v -0.006283 0.253510 0.442871
v -0.006465 0.033108 -0.500000
v -0.006505 -0.282837 -0.067337
v -0.006567 -0.256531 -0.171707
v -0.006627 -0.100204 -0.112030
v -0.006648 0.111282 -0.246246
v -0.006674 0.101639 -0.265747
v -0.006755 0.251038 0.121117
v -0.006761 0.353699 0.085976
v -0.006779 0.333435 -0.049850
v -0.006889 0.308228 0.336670
v -0.006940 0.077003 -0.400024
v -0.007019 -0.004614 -0.134842
v -0.007053 0.265533 0.362091
v -0.007059 0.058708 -0.097725
v -0.007141 0.194687 0.362946
v -0.007203 0.079887 -0.432129
v -0.007261 -0.293274 -0.024471
v -0.007360 -0.086548 -0.129547
v -0.007366 0.296844 0.380859
v -0.007457 0.279602 0.287598
v -0.007617 0.248291 0.391602
v -0.007672 -0.291718 -0.001342
v -0.007694 0.007013 -0.390350
v -0.007745 0.067360 -0.440948
v -0.007812 -0.272888 0.366791
v -0.007839 0.318359 0.069733
v -0.007893 -0.262665 -0.016354
v -0.007921 -0.236603 0.315613
v -0.007927 -0.227951 0.017380
v -0.008121 0.343231 0.113892
v -0.008125 0.001199 -0.480438
v -0.008149 -0.276642 -0.135742
v -0.008350 0.342926 0.023550
v -0.008413 -0.248718 -0.061718
v -0.008484 0.253204 0.351135
v -0.008577 0.006689 -0.496307
v -0.008632 0.269012 0.399353
v -0.008663 0.091438 0.480804
v -0.008797 0.058678 -0.082001
v -0.008801 0.215698 -0.036629
v -0.008870 -0.013522 -0.255524
v -0.009001 0.280273 0.429443
v -0.009147 0.248337 0.381836
v -0.009199 -0.268463 -0.029648
v -0.009268 -0.203568 -0.025547
v -0.009299 0.245056 -0.030527
v -0.009404 0.036144 -0.420959
v -0.009415 0.033390 -0.386108
v -0.009580 0.217026 0.306549
v -0.009598 -0.274872 -0.062820
v -0.009620 0.256317 -0.140213
v -0.009651 0.083344 0.492096
v -0.009699 -0.268921 -0.038940
v -0.009713 0.271149 0.390198
v -0.009755 0.085449 -0.414825
v -0.009843 0.259613 0.265930
v -0.009847 -0.196518 -0.102257
v -0.009860 0.331482 0.050022
v -0.009862 0.333099 0.112198
v -0.009933 -0.266510 -0.141006
v -0.010283 0.272308 0.289276
v -0.010332 0.043751 -0.296204
v -0.010381 -0.203720 -0.030893
v -0.010403 -0.269501 -0.052742
v -0.010474 0.283081 0.087418
v -0.010545 0.063782 -0.417206
v -0.010752 0.066338 -0.097961
v -0.010857 0.204391 0.368256
v -0.010948 0.346649 0.070259
v -0.010984 0.283539 0.398438
v -0.011078 0.262695 0.090996
v -0.011106 0.288544 0.008254
v -0.011314 0.316345 -0.052361
v -0.011644 0.270111 -0.131424
v -0.011698 -0.265686 0.306274
v -0.011724 0.044178 -0.256409
v -0.011887 -0.277466 0.151062
v -0.011916 0.318878 0.085793
v -0.011923 -0.283875 -0.032124
v -0.011931 0.299164 0.338165
v -0.011975 0.246475 0.181931
v -0.012161 0.022699 -0.086151
v -0.012246 -0.241272 -0.010798
v -0.012252 0.284393 0.280334
v -0.012431 0.049759 -0.430237
v -0.012431 0.276825 0.049622
v -0.012469 0.330750 0.014774
v -0.012831 0.160492 0.374237
v -0.012867 0.234497 0.057594
v -0.012974 0.303925 0.071167
v -0.012976 0.289490 0.000605
v -0.013298 -0.058250 -0.076126
v -0.013332 0.332855 0.062836
v -0.013347 0.254639 0.242508
v -0.013744 -0.273468 0.338318
v -0.013751 -0.008758 0.443542
v -0.013808 -0.219772 0.041286
v -0.014049 -0.163742 -0.025465
v -0.014058 0.056507 -0.263245
v -0.014090 0.048325 -0.143509
v -0.014242 -0.186279 0.003684
v -0.014358 -0.196121 0.345917
v -0.014438 0.224472 0.298828
v -0.014473 -0.238342 0.278259
v -0.014513 0.324554 -0.047924
v -0.014515 -0.239822 0.082993
v -0.014660 -0.140350 0.395935
v -0.014706 -0.255066 0.227448
v -0.014783 0.018328 -0.384552
v -0.014880 -0.210419 0.023819
v -0.014898 0.229019 0.109993
v -0.014944 0.231186 0.159286
v -0.014981 -0.283966 -0.019190
v -0.015003 0.138184 0.393677
v -0.015083 0.272003 0.417694
v -0.015141 -0.255432 0.310822
v -0.015240 -0.179977 -0.015215
v -0.015369 0.243195 0.118340
v -0.015421 -0.096992 -0.058128
v -0.015657 0.186264 0.016878
v -0.015715 0.336670 0.098068
v -0.015978 -0.223511 0.312561
v -0.016409 -0.050503 -0.071274
v -0.016609 0.248428 0.208099
v -0.016748 0.045437 -0.098045
v -0.017229 0.213898 0.054375
v -0.017435 0.246017 0.160812
v -0.017448 0.221634 0.068764
v -0.018753 0.041969 -0.080711
v -0.019150 -0.287659 0.151321
v -0.019896 -0.235077 0.288696
v -0.020245 -0.255737 0.152237
v -0.020748 0.281189 0.268799
v -0.020870 -0.044964 -0.084541
v -0.021065 -0.030062 -0.086929
v -0.021931 0.084579 -0.070641
v -0.022306 0.153259 -0.014383
v -0.023067 0.239746 0.265961
v -0.023176 -0.028301 -0.075874
v -0.023588 -0.258942 0.201340
v -0.023714 0.037724 -0.099075
v -0.023809 0.046173 -0.081871
v -0.024855 0.245132 0.249878
v -0.025509 -0.257507 0.173462
v -0.025848 -0.267487 0.184021
v -0.027063 0.143829 0.389252
v -0.027603 0.041851 -0.076012
v -0.027685 -0.252228 0.114494
v -0.027760 -0.123154 0.407623
v -0.028351 -0.250244 0.240265
v -0.028955 -0.190277 0.007421
v -0.029144 0.228714 0.210678
v -0.029343 0.227829 0.160065
v -0.029434 0.045929 -0.107605
v -0.029535 0.179977 0.010693
v -0.029627 -0.095482 0.421448
v -0.029661 -0.097382 -0.058262
v -0.029846 0.090248 -0.055344
v -0.029902 0.228302 0.103760
v -0.030010 -0.256592 0.160568
v -0.030046 0.200104 0.034195
v -0.030098 0.208176 0.321350
v -0.030098 -0.214386 0.030865
v -0.030123 0.130249 -0.030647
v -0.030170 0.222839 0.073318
v -0.030212 0.077446 -0.058460
v -0.030222 -0.176559 0.015574
v -0.030233 -0.031975 -0.071854
v -0.030266 -0.134155 -0.046665
v -0.030279 -0.139847 0.376495
v -0.030285 0.036991 0.438690
v -0.030293 0.000491 0.443176
v -0.030308 -0.228577 0.305573
v -0.030321 -0.059402 0.434906
v -0.030327 0.098358 0.417755
v -0.030334 -0.164200 0.379211
v -0.030340 -0.227570 0.110954
v -0.030348 0.195862 0.055256
v -0.030403 -0.256042 0.210526
v -0.030405 0.224945 0.137253
v -0.030430 0.249130 0.228149
v -0.030432 -0.200150 0.046124
v -0.030436 -0.182999 0.334503
v -0.030443 -0.234024 0.210831
v -0.030449 0.163818 0.370789
v -0.030451 0.173355 0.338379
v -0.030487 -0.210373 0.034683
v -0.030508 -0.091660 0.406708
v -0.030518 -0.215485 0.280853
v -0.030525 0.137558 0.372406
v -0.030539 -0.127960 -0.026728
v -0.030540 0.212051 0.081505
v -0.030560 0.065353 0.411957
v -0.030575 0.176697 0.027740
v -0.030598 -0.240524 0.085304
v -0.030655 -0.004079 0.423889
v -0.030657 -0.049400 -0.071251
v -0.030674 0.202866 0.297729
v -0.030685 0.205963 0.053551
v -0.030729 -0.234955 0.159805
v -0.030788 -0.058586 -0.057224
v -0.030792 0.132324 -0.014162
v -0.030794 -0.047543 0.420227
v -0.030905 -0.187317 0.009256
v -0.030909 -0.178528 -0.014086
v -0.031044 0.238510 0.265533
v -0.031113 0.004934 -0.073456
v -0.031244 0.221893 0.251923
v -0.031284 -0.028116 -0.064064
v -0.031593 0.074593 -0.045658
v -0.031662 0.010530 -0.063210
v -0.032215 0.005620 -0.086197
v -0.035362 0.014489 -0.076767
v -0.036053 0.060966 -0.050571
v -0.039711 -0.255859 0.187546
v -0.039776 0.072922 -0.069366
v -0.040447 0.035362 -0.075600
v -0.041523 0.060635 -0.067039
v -0.045956 -0.053890 -0.072311
v -0.045959 -0.079155 -0.049198
v -0.046299 -0.034565 -0.074684
v -0.048901 -0.132996 -0.020145
v -0.049976 0.216568 0.108521
v -0.050064 -0.119873 0.387299
v -0.052132 -0.137466 0.375366
v -0.052341 0.242981 0.160812
v -0.054417 -0.055355 -0.054424
v -0.056377 -0.082497 0.405823
v -0.057041 -0.137009 -0.009107
v -0.057190 -0.230438 0.138855
v -0.057842 0.110214 0.386505
v -0.058357 -0.154556 -0.000375
v -0.058830 -0.225174 0.114288
v -0.059547 0.063568 0.406494
v -0.059715 0.223770 0.224991
v -0.060600 0.169449 0.335693
v -0.060608 -0.044151 0.415649
v -0.060635 -0.228149 0.222427
v -0.060715 -0.037746 -0.056480
v -0.061989 -0.061127 -0.063187
v -0.062469 -0.178238 0.331390
v -0.063324 -0.231247 0.160553
v -0.063324 -0.252411 0.210098
v -0.063721 0.110023 -0.022249
v -0.064255 0.213181 0.260498
v -0.064354 -0.214996 0.088318
v -0.065010 0.198425 0.052906
v -0.065567 0.193527 0.301636
v -0.065987 -0.204681 0.032516
v -0.066475 0.017681 0.415710
v -0.067223 -0.017286 0.417389
v -0.067284 -0.220795 0.245041
v -0.067772 -0.047283 -0.069275
v -0.067986 0.091393 -0.030598
v -0.068665 -0.251038 0.161163
v -0.069954 0.088440 0.394165
v -0.070580 -0.176376 0.026142
v -0.070671 -0.196396 0.053928
v -0.070961 0.055840 -0.044167
v -0.071251 0.218719 0.139206
v -0.071396 -0.109337 0.387787
v -0.073235 0.155319 0.017784
v -0.073357 0.009985 -0.066833
v -0.073639 0.005509 -0.054798
v -0.075233 0.052174 0.406372
v -0.075241 -0.130844 0.372589
v -0.075577 -0.188263 0.019051
v -0.076126 0.136078 0.361877
v -0.078194 -0.135239 -0.009873
v -0.078300 0.221268 0.210983
v -0.079102 0.109627 0.379883
v -0.080482 -0.086586 0.396912
v -0.081230 -0.056652 -0.062782
v -0.082062 0.238174 0.185410
v -0.083313 -0.203461 0.280914
v -0.083939 0.207397 0.107414
v -0.084045 0.197983 0.282745
v -0.084129 -0.063560 -0.044395
v -0.084282 -0.225433 0.210434
v -0.084854 -0.246994 0.185364
v -0.085091 0.201889 0.086403
v -0.085182 -0.045097 -0.049759
v -0.085220 0.056461 -0.055771
v -0.085419 -0.067497 -0.051109
v -0.085617 -0.069916 0.401154
v -0.086487 -0.195221 0.294098
v -0.086899 -0.102638 -0.026283
v -0.087402 0.215714 0.160614
v -0.087440 -0.217178 0.120705
v -0.088539 0.235733 0.210541
v -0.088623 0.080711 0.390747
v -0.090218 0.210251 0.079880
v -0.091408 -0.047192 0.405914
v -0.091995 -0.078209 -0.035969
v -0.093384 0.170853 0.045506
v -0.093933 -0.039066 0.404510
v -0.094185 0.122192 -0.001168
v -0.094215 -0.216354 0.229233
v -0.094376 -0.219147 0.138306
v -0.095253 0.170944 0.315704
v -0.095390 -0.032494 -0.046402
v -0.096672 0.057461 0.396149
v -0.097855 0.234421 0.197647
v -0.098061 0.234619 0.173187
v -0.098183 -0.146027 0.349304
v -0.098297 0.202148 0.259338
v -0.098320 -0.242233 0.174973
v -0.098358 -0.241852 0.195816
v -0.100403 -0.075935 0.403992
v -0.100586 -0.189224 0.292847
v -0.100792 0.234787 0.165527
v -0.101120 0.143906 0.020964
v -0.102806 -0.167526 0.323151
v -0.104332 0.078072 -0.021952
v -0.105034 -0.203323 0.095009
v -0.105614 0.024380 -0.051914
v -0.105782 -0.198624 0.268463
v -0.107063 -0.202240 0.051491
v -0.107101 0.179459 0.297729
v -0.107399 0.028425 0.398865
v -0.107468 -0.169754 0.038662
v -0.107956 0.115150 0.362427
v -0.108208 0.201752 0.124916
v -0.108376 -0.058636 -0.065109
v -0.108910 -0.273254 0.186981
v -0.109055 0.266357 0.185989
v -0.109558 -0.140747 0.010096
v -0.109787 -0.000630 0.400574
v -0.109833 -0.159500 0.028410
v -0.110176 0.230667 0.185928
v -0.110497 -0.043453 -0.038490
v -0.110649 -0.237579 0.186279
v -0.110909 0.159760 0.045067
v -0.111763 0.036034 -0.048042
v -0.113457 0.172592 0.064194
v -0.113655 -0.196350 0.105492
v -0.114487 0.184647 0.059689
v -0.114563 0.200699 0.084503
v -0.114769 0.144775 0.333801
v -0.114975 -0.053268 0.403473
v -0.116600 0.013285 -0.048515
v -0.116905 -0.186172 0.070572
v -0.118530 -0.210907 0.160492
v -0.119247 -0.183319 0.032021
v -0.119385 -0.113052 0.362366
v -0.119850 0.182007 0.060917
v -0.120003 -0.207520 0.210770
v -0.120186 -0.082619 -0.019518
v -0.120216 -0.202087 0.118958
v -0.121330 0.111610 0.006920
v -0.122490 0.001910 -0.047348
v -0.122810 0.198654 0.136826
v -0.124619 -0.078804 0.392914
v -0.124809 0.027313 -0.071182
v -0.124878 0.029844 -0.042435
v -0.126266 -0.019537 0.418793
v -0.127274 -0.195633 0.108978
v -0.128159 0.108978 0.353149
v -0.128189 0.193954 0.237442
v -0.128342 -0.005516 0.389496
v -0.129562 -0.227753 0.161209
v -0.130661 0.162338 0.069267
v -0.130707 0.177780 0.274811
v -0.130783 -0.049862 -0.024622
v -0.131668 -0.167404 0.298248
v -0.131683 -0.225952 0.210861
v -0.133194 0.182266 0.097359
v -0.133621 -0.093582 0.364349
v -0.134323 0.176102 0.063911
v -0.134354 -0.075516 0.372986
v -0.134827 -0.192902 0.237976
v -0.134842 0.197632 0.210861
v -0.135620 -0.026213 0.385406
v -0.138199 0.075150 -0.004083
v -0.138199 0.080635 0.364075
v -0.138397 -0.152206 0.311890
v -0.138809 0.162155 0.290955
v -0.139206 0.176376 0.067612
v -0.139374 -0.094810 -0.001439
v -0.139603 -0.010191 -0.025097
v -0.139771 0.118134 0.025238
v -0.139969 -0.088394 0.374725
v -0.140335 -0.021250 0.407654
v -0.141373 -0.051239 0.377655
v -0.141556 -0.009624 0.423706
v -0.143829 0.189285 0.160767
v -0.144608 0.040161 -0.012517
v -0.145264 -0.153809 0.053116
v -0.146179 0.174545 0.254639
v -0.146423 0.178680 0.121025
v -0.147736 0.027969 0.374176
v -0.147964 -0.115593 0.339020
v -0.148376 -0.101196 0.359283
v -0.148407 -0.117096 0.020119
v -0.148956 0.040596 -0.029375
v -0.149368 -0.099434 0.348175
v -0.151093 0.181854 0.096336
v -0.151230 -0.059158 0.382812
v -0.151642 -0.213150 0.207108
v -0.151886 0.024261 -0.029062
v -0.152496 0.113449 0.329376
v -0.152588 -0.173325 0.100578
v -0.153244 0.144623 0.297729
v -0.153671 0.202103 0.210342
v -0.154678 -0.046566 -0.009440
v -0.155029 -0.168091 0.091560
v -0.155396 -0.010153 -0.028362
v -0.155472 0.208267 0.162476
v -0.156387 -0.178818 0.125168
v -0.156708 0.129868 0.056553
v -0.157364 -0.133911 0.042217
v -0.158752 -0.169571 0.254944
v -0.159988 0.204956 0.161041
v -0.160049 0.159119 0.264099
v -0.161057 -0.170349 0.048153
v -0.161240 0.036484 -0.023100
v -0.161789 0.207245 0.206467
v -0.162354 0.078369 0.019581
v -0.163208 -0.202545 0.179520
v -0.163330 0.032516 -0.000302
v -0.163513 0.013192 -0.021896
v -0.163544 0.079803 0.341858
v -0.165207 -0.164215 0.102028
v -0.165314 -0.176178 0.160416
v -0.165771 -0.198242 0.160706
v -0.166031 -0.137787 0.296906
v -0.167877 -0.179382 0.077255
v -0.168945 0.097229 -0.028101
v -0.169067 0.096260 0.382324
v -0.169342 -0.178818 0.064529
v -0.169373 -0.087822 0.359558
v -0.169556 -0.134094 0.059292
v -0.169800 -0.112709 0.037762
v -0.169922 -0.094353 0.024645
v -0.170425 0.054794 0.012435
v -0.171402 -0.185852 0.088089
v -0.172028 0.135132 0.083939
v -0.172729 0.054451 0.343536
v -0.172974 -0.115067 0.052288
v -0.173370 -0.088371 0.364471
v -0.173523 0.018879 -0.013667
v -0.174423 -0.192245 0.197678
v -0.174667 0.113075 0.303131
v -0.174866 0.003944 -0.013476
v -0.175323 0.055981 0.020296
v -0.175980 -0.166641 0.211121
v -0.176071 -0.016129 0.351440
v -0.176254 -0.155746 0.045280
v -0.179062 0.091743 0.048534
v -0.179184 -0.144531 0.263916
v -0.179276 -0.073875 0.024612
v -0.180771 0.147491 0.118240
v -0.181747 -0.042767 0.340942
v -0.182587 0.010543 -0.036446
v -0.182816 0.133331 0.264374
v -0.183548 -0.190765 0.074768
v -0.183594 -0.050175 0.019360
v -0.183945 -0.057785 0.366974
v -0.184113 -0.086426 0.366699
v -0.184494 0.147446 0.229828
v -0.185226 0.100540 0.299805
v -0.185577 -0.199402 0.179825
v -0.185867 0.155258 0.093430
v -0.186279 0.026030 -0.001025
v -0.187210 0.012455 0.339111
v -0.187592 -0.147934 0.131561
v -0.187653 -0.110657 0.061424
v -0.187683 -0.092651 0.387512
v -0.188217 -0.204727 0.194534
v -0.188766 0.145233 0.083008
v -0.189285 -0.135834 0.086632
v -0.190018 0.139252 0.133606
v -0.190689 -0.100571 0.340179
v -0.191055 -0.050529 0.363861
v -0.191635 -0.094513 0.355438
v -0.191956 -0.074524 0.367950
v -0.192230 0.104851 0.084160
v -0.192291 -0.089455 0.306763
v -0.192337 -0.201492 0.187134
v -0.192368 0.054310 0.319702
v -0.192444 0.176987 0.184860
v -0.192673 -0.174774 0.070572
v -0.193268 -0.030500 0.025591
v -0.194000 -0.169037 0.210312
v -0.194061 0.023397 0.034584
v -0.194412 -0.023439 0.004734
v -0.194733 -0.129501 0.251587
v -0.194809 -0.188019 0.173477
v -0.195404 -0.181320 0.206146
v -0.195511 -0.127670 0.106056
v -0.196075 0.042316 0.319885
v -0.196655 -0.164536 0.159439
v -0.197281 -0.131119 0.102890
v -0.197327 0.108246 0.079819
v -0.197418 0.027296 0.008716
v -0.197418 -0.115822 0.270142
v -0.197586 -0.220657 0.186966
v -0.198151 -0.070206 0.047966
v -0.198639 0.169373 0.210480
v -0.199753 0.133255 0.210968
v -0.199921 0.131500 0.160797
v -0.199921 0.149063 0.116959
v -0.200500 0.090759 0.282013
v -0.200684 0.048580 0.054008
v -0.201736 0.167114 0.198364
v -0.201950 0.109192 0.257172
v -0.202225 0.166367 0.168228
v -0.202911 -0.064377 0.341888
v -0.202927 0.077278 0.076576
v -0.203217 -0.125000 0.238190
v -0.203293 -0.067398 0.384674
v -0.203506 -0.084183 0.350403
v -0.204254 -0.083763 0.356873
v -0.205093 0.115387 0.131775
v -0.205215 -0.109825 0.370575
v -0.205521 -0.183304 0.194290
v -0.205872 0.122856 0.079422
v -0.206390 -0.074638 0.388031
v -0.206894 -0.154068 0.206573
v -0.208725 0.070755 0.284027
v -0.208847 -0.109413 0.113564
v -0.209473 -0.121826 0.211029
v -0.209534 0.155777 0.185150
v -0.209854 0.000247 0.024757
v -0.209854 -0.143753 0.154984
v -0.209885 0.092888 0.110756
v -0.209900 -0.142700 0.138474
v -0.209991 -0.156128 0.142746
v -0.210052 -0.116364 0.136505
v -0.210571 -0.092705 0.267822
v -0.210632 -0.182190 0.203003
v -0.211060 -0.166412 0.154526
v -0.211578 -0.117157 0.149384
v -0.211914 -0.144012 0.147537
v -0.212234 0.145187 0.107681
v -0.212326 0.139603 0.160721
v -0.213165 0.101532 0.236084
v -0.213684 0.087807 0.311188
v -0.214752 -0.031570 0.294983
v -0.215073 -0.107185 0.236023
v -0.215103 0.052315 0.083015
v -0.215195 -0.079315 0.090202
v -0.215256 0.074074 0.310181
v -0.215775 -0.123505 0.136734
v -0.216476 -0.114914 0.225708
v -0.216553 0.085190 0.125092
v -0.216614 -0.044064 0.068886
v -0.217239 -0.017824 0.035957
v -0.217361 0.010327 0.291321
v -0.217697 0.142761 0.210114
v -0.217758 0.143387 0.164948
v -0.218018 -0.064667 0.320251
v -0.218262 0.072914 0.258636
v -0.218292 0.014034 0.071663
v -0.219101 -0.092583 0.411438
v -0.219666 -0.171127 0.165970
v -0.219788 -0.121399 0.147125
v -0.219849 -0.086990 0.365875
v -0.219864 0.001577 0.040169
v -0.220016 0.130676 0.102661
v -0.220215 -0.005484 0.026358
v -0.220291 -0.097969 0.137817
v -0.220673 -0.176331 0.196320
v -0.220718 -0.092323 0.233475
v -0.221298 0.057552 0.105125
v -0.221329 0.087868 0.288086
v -0.221756 0.076820 0.261963
v -0.221786 0.089539 0.212173
v -0.221878 -0.071419 0.256226
v -0.222046 -0.173935 0.173492
v -0.222488 0.050774 0.263885
v -0.222504 0.075302 0.133469
v -0.222580 -0.126038 0.224777
v -0.222809 0.092415 0.123001
v -0.223602 -0.153549 0.205353
v -0.223648 -0.160889 0.212830
v -0.223877 -0.169510 0.185349
v -0.224167 0.082214 0.159927
v -0.224243 -0.114601 0.212738
v -0.224426 -0.084480 0.301697
v -0.224747 -0.028898 0.271759
v -0.225662 -0.038418 0.316284
v -0.226212 -0.054764 0.310181
v -0.226761 0.183533 0.185593
v -0.226852 -0.051941 0.102356
v -0.227188 -0.067787 0.303406
v -0.227310 -0.197113 0.185196
v -0.227966 0.008745 0.090515
v -0.228012 0.008960 0.264221
v -0.228561 -0.045811 0.310181
v -0.228760 0.008435 0.102264
v -0.228790 0.061966 0.232864
v -0.229630 -0.157410 0.144669
v -0.230179 -0.148941 0.225983
v -0.230804 0.041954 0.128647
v -0.231415 0.056416 0.160522
v -0.231812 -0.143509 0.157028
v -0.232300 0.043743 0.236252
v -0.232742 -0.144669 0.137375
v -0.232788 -0.089355 0.239929
v -0.233139 -0.136780 0.147842
v -0.233261 0.054874 0.211212
v -0.233261 -0.053696 0.295319
v -0.233292 -0.141174 0.213943
v -0.233459 -0.080177 0.279633
v -0.233490 -0.122299 0.142761
v -0.233963 0.112000 0.164429
v -0.234207 -0.125259 0.244385
v -0.234360 -0.055305 -0.006504
v -0.234619 -0.067993 0.231415
v -0.234802 -0.071762 0.256561
v -0.234848 0.008088 0.064178
v -0.235718 -0.162155 0.208038
v -0.236664 -0.098389 0.137466
v -0.236816 -0.080658 0.001307
v -0.237137 -0.052464 0.276764
v -0.237503 -0.123329 0.133453
v -0.237701 -0.111015 0.436859
v -0.237701 -0.193863 0.199768
v -0.237717 -0.008406 0.270844
v -0.238159 -0.039059 0.292480
v -0.238464 -0.124901 0.162674
v -0.238983 -0.117279 0.225494
v -0.239349 0.100769 0.210617
v -0.239441 -0.144562 0.183685
v -0.239517 -0.012236 0.343445
v -0.239578 -0.193283 0.168274
v -0.239594 0.088806 0.160950
v -0.239685 -0.043304 0.278503
v -0.239716 -0.066574 0.108437
v -0.239853 -0.058731 -0.017471
v -0.239975 -0.037415 0.250763
v -0.240204 -0.057583 0.341675
v -0.240204 -0.062828 0.242279
v -0.240494 -0.133377 0.177292
v -0.240875 0.023882 0.255890
v -0.240906 0.087860 0.185135
v -0.241211 -0.020845 -0.014745
v -0.241333 -0.030533 0.272125
v -0.241669 -0.062691 0.123734
v -0.242142 -0.030085 0.256775
v -0.242188 -0.022877 0.091515
v -0.242264 0.014346 0.254059
v -0.242294 -0.093163 0.161423
v -0.242508 0.077484 0.196716
v -0.242569 -0.064926 0.137238
v -0.242615 0.077049 0.173325
v -0.242645 0.064255 0.184006
v -0.242676 -0.075188 0.232361
v -0.242889 -0.043911 0.078445
v -0.242966 -0.093651 0.187195
v -0.242981 -0.149277 0.195312
v -0.243103 0.058163 0.162109
v -0.243149 -0.010491 0.250793
v -0.243332 -0.108292 0.154938
v -0.243408 -0.134750 0.204086
v -0.243591 0.012284 0.350464
v -0.243622 -0.119926 0.183517
v -0.243912 -0.113411 0.197968
v -0.243958 -0.076767 0.155899
v -0.244095 -0.109344 0.173477
v -0.244186 -0.050415 0.088478
v -0.244217 -0.088493 0.020485
v -0.244675 -0.066246 0.216049
v -0.244904 0.029440 0.091736
v -0.244919 -0.103828 0.142929
v -0.245056 -0.005662 0.376495
v -0.245132 0.056873 0.210129
v -0.245148 -0.025442 0.128754
v -0.245255 -0.029268 0.232986
v -0.245407 0.006677 0.088066
v -0.245575 -0.071190 0.041214
v -0.245621 -0.050415 0.356689
v -0.245651 0.005734 0.100616
v -0.245834 -0.112251 0.219955
v -0.246475 -0.070511 0.320160
v -0.246933 -0.047749 0.379578
v -0.247086 0.035847 0.239990
v -0.247147 -0.032898 0.374756
v -0.247208 0.005375 0.356873
v -0.247299 -0.119751 0.162430
v -0.247406 0.022736 0.109154
v -0.247498 -0.031031 0.395813
v -0.247543 -0.129608 0.218597
v -0.247574 -0.092781 0.237518
v -0.247757 0.057846 0.089844
v -0.247787 -0.037243 0.001175
v -0.248001 -0.090370 0.211395
v -0.248154 -0.052563 0.339569
v -0.248383 0.011463 0.233475
v -0.248642 -0.007641 0.344299
v -0.249100 -0.008299 0.118118
v -0.249557 0.026594 0.227264
v -0.249649 0.022417 0.268768
v -0.249741 -0.188843 0.184280
v -0.249817 0.008926 -0.002478
v -0.249878 -0.010839 -0.023409
v -0.249954 0.052231 0.217010
v -0.250122 -0.059673 -0.020741
v -0.250214 -0.058186 0.125641
v -0.250305 0.016989 0.135300
v -0.250488 0.048416 0.139465
v -0.250793 -0.063553 0.094414
v -0.250854 -0.075439 0.225006
v -0.250916 -0.100761 0.225494
v -0.251190 0.002162 0.002573
v -0.251312 -0.215973 0.184906
v -0.251404 -0.003918 0.337189
v -0.251434 -0.064735 0.360748
v -0.251709 -0.056683 0.387543
v -0.251740 -0.012208 -0.008609
v -0.251862 -0.024605 0.029631
v -0.251953 -0.063347 0.147461
v -0.252014 0.034081 0.205902
v -0.252045 0.057590 0.170746
v -0.252319 0.032417 0.156830
v -0.252319 -0.005390 0.034573
v -0.252808 0.069534 0.265778
v -0.253540 -0.053078 0.346741
v -0.253754 -0.035076 0.125595
v -0.254303 0.007245 0.019785
v -0.254333 -0.066132 0.319550
v -0.254395 -0.050613 0.022348
v -0.254395 -0.088928 0.009339
v -0.254639 -0.014567 0.387512
v -0.254944 0.010479 0.373413
v -0.255402 0.070923 0.095276
v -0.255432 -0.005661 0.043205
v -0.255646 0.032795 0.160736
v -0.255798 0.010200 0.091232
v -0.255890 0.033966 0.262787
v -0.255981 0.028177 0.085205
v -0.256683 -0.068535 0.372955
v -0.256836 -0.040401 0.383423
v -0.256897 -0.007723 0.111443
v -0.257050 0.013580 0.029863
v -0.257385 -0.060905 0.077461
v -0.257721 -0.059048 0.183044
v -0.257751 0.047115 0.098114
v -0.258331 0.060066 0.276855
v -0.258606 0.011010 -0.003259
v -0.258667 0.010789 0.349060
v -0.258789 0.067497 0.265106
v -0.258972 -0.079773 0.091148
v -0.259186 0.006347 0.227692
v -0.259705 -0.069641 0.312073
v -0.259857 0.013075 0.142456
v -0.260223 0.031008 0.199203
v -0.260284 -0.091141 0.159012
v -0.260681 0.000722 0.377014
v -0.260834 -0.088120 0.061665
v -0.261230 0.034672 0.279938
v -0.261353 -0.021461 0.230316
v -0.261353 -0.052151 0.396088
v -0.261383 0.026348 0.111198
v -0.261810 -0.038116 -0.019491
v -0.262268 -0.041126 0.392365
v -0.262634 -0.011687 -0.020115
v -0.262909 -0.036171 -0.000191
v -0.262970 -0.090225 0.207581
v -0.263062 -0.005580 0.374695
v -0.263123 -0.004839 0.255859
v -0.263123 -0.023890 0.396271
v -0.263885 -0.053120 0.234589
v -0.264069 -0.055557 0.129013
v -0.264130 -0.036934 0.223083
v -0.264221 -0.009090 -0.011607
v -0.264343 -0.033669 0.377838
v -0.264954 -0.050743 0.370270
v -0.265228 -0.068588 0.360931
v -0.265289 -0.063591 0.316376
v -0.265442 -0.060829 0.342682
v -0.265656 -0.065636 0.350250
v -0.265961 -0.074615 0.155579
v -0.266022 -0.027519 0.231735
v -0.266174 -0.052822 0.205765
v -0.266357 -0.091766 0.167496
v -0.266632 0.013271 0.002496
v -0.266693 0.012828 0.271179
v -0.266693 -0.052700 0.161041
v -0.266785 -0.033493 0.130493
v -0.266937 -0.039879 0.140930
v -0.267029 -0.004688 0.232971
v -0.267151 0.019045 0.197449
v -0.267242 -0.064194 0.002075
v -0.267273 -0.058369 0.049141
v -0.267456 -0.060860 0.214371
v -0.267639 -0.006411 0.115829
v -0.268036 -0.001857 0.037743
v -0.268524 -0.059944 0.082085
v -0.268768 0.007055 0.004025
v -0.268951 0.007939 0.151047
v -0.269073 -0.063446 0.192535
v -0.269135 -0.049084 0.224411
v -0.269592 0.016617 0.093384
v -0.269684 -0.034161 0.174622
v -0.269684 -0.044334 -0.004915
v -0.269775 -0.084183 0.063423
v -0.270020 -0.070557 0.182602
v -0.270111 0.012671 0.026051
v -0.270111 -0.076897 0.088921
v -0.270325 -0.035492 0.191666
v -0.270386 -0.058701 0.148087
v -0.270508 -0.091637 0.190628
v -0.270630 -0.091919 0.175247
v -0.271393 0.021057 0.105118
v -0.271423 0.005970 0.246307
v -0.271423 -0.007508 0.144257
v -0.271454 0.040390 0.268890
v -0.271759 -0.071754 0.080147
v -0.272003 0.080406 0.186203
v -0.272156 -0.059105 0.200302
v -0.272888 0.004307 0.183105
v -0.273010 0.004752 0.170853
v -0.273102 -0.060802 0.170547
v -0.273254 0.007895 0.122780
v -0.273499 -0.026323 0.151810
v -0.273773 -0.012826 0.224792
v -0.274902 -0.028000 0.203598
v -0.274963 -0.042839 0.184052
v -0.275146 0.024536 0.262146
v -0.275696 -0.068016 0.029051
v -0.275757 -0.039135 0.154129
v -0.277527 -0.011331 0.142670
v -0.279053 -0.021629 0.185165
v -0.280884 -0.019400 0.183167
v -0.281891 -0.034126 0.184921
v -0.284485 -0.021749 0.212234
v -0.285400 -0.018946 0.152527
vt 0.919189 0.634033
vt 0.925781 0.626465
vt 0.920654 0.640381
vt 0.911621 0.634521
vt 0.907471 0.639160
vt 0.923096 0.647705
vt 0.912109 0.652100
vt 0.904785 0.646484
vt 0.918701 0.654297
vt 0.926758 0.656982
vt 0.919434 0.660400
vt 0.913818 0.666992
vt 0.905029 0.664307
vt 0.895996 0.651611
vt 0.895264 0.668213
vt 0.891846 0.658936
vt 0.884521 0.663330
vt 0.883545 0.657959
vt 0.891846 0.673340
vt 0.877930 0.667480
vt 0.899170 0.673584
vt 0.904541 0.675781
vt 0.903076 0.683350
vt 0.913330 0.681396
vt 0.908447 0.689209
vt 0.903320 0.695312
vt 0.922363 0.695068
vt 0.915771 0.687988
vt 0.917969 0.685547
vt 0.781982 0.998779
vt 0.779297 0.989990
vt 0.787109 0.981689
vt 0.774170 0.986328
vt 0.765869 0.980469
vt 0.771973 0.993408
vt 0.765869 0.999512
vt 0.400146 0.910156
vt 0.411133 0.914062
vt 0.400146 0.923828
vt 0.397461 0.931885
vt 0.407227 0.908203
vt 0.404541 0.903320
vt 0.400146 0.900146
vt 0.411621 0.897461
vt 0.407715 0.895996
vt 0.421143 0.915527
vt 0.401123 0.938965
vt 0.393311 0.936035
vt 0.387207 0.935791
vt 0.386230 0.946777
vt 0.393555 0.952881
vt 0.382080 0.957520
vt 0.384033 0.960938
vt 0.376221 0.962646
vt 0.415771 0.939941
vt 0.406494 0.946533
vt 0.415771 0.947510
vt 0.428955 0.952637
vt 0.425537 0.923584
vt 0.448486 0.906982
vt 0.424561 0.938232
vt 0.433105 0.935547
vt 0.437256 0.945068
vt 0.430908 0.945557
vt 0.430664 0.939453
vt 0.746338 0.328613
vt 0.744629 0.327148
vt 0.769043 0.329102
vt 0.764648 0.326660
vt 0.787354 0.322021
vt 0.791016 0.324463
vt 0.804688 0.317139
vt 0.810059 0.321289
vt 0.800781 0.337646
vt 0.804688 0.352295
vt 0.832275 0.327393
vt 0.832520 0.322754
vt 0.814941 0.317383
vt 0.460205 0.869629
vt 0.423828 0.860107
vt 0.455078 0.860840
vt 0.486816 0.852539
vt 0.510010 0.835938
vt 0.467529 0.867676
vt 0.459717 0.908447
vt 0.954834 0.766846
vt 0.953369 0.770264
vt 0.934082 0.767822
vt 0.733643 0.987793
vt 0.736572 0.992188
vt 0.734619 0.992188
vt 0.712402 0.993408
vt 0.733643 0.960938
vt 0.750000 0.995850
vt 0.760498 0.968018
vt 0.243652 0.042236
vt 0.216553 0.054443
vt 0.242676 0.028564
vt 0.272705 0.040283
vt 0.272217 0.029785
vt 0.267090 0.048340
vt 0.240967 0.062012
vt 0.268799 0.055176
vt 0.276367 0.075684
vt 0.719238 0.865723
vt 0.695068 0.861572
vt 0.688721 0.853760
vt 0.677490 0.856201
vt 0.677246 0.838135
vt 0.645996 0.843018
vt 0.662109 0.832764
vt 0.640137 0.858154
vt 0.643066 0.837402
vt 0.662109 0.828125
vt 0.635254 0.841064
vt 0.632568 0.849121
vt 0.625732 0.840820
vt 0.624512 0.852539
vt 0.631836 0.856445
vt 0.627197 0.856445
vt 0.630615 0.867188
vt 0.936768 0.780029
vt 0.958252 0.787598
vt 0.955322 0.803955
vt 0.959717 0.805664
vt 0.958984 0.821533
vt 0.937988 0.822266
vt 0.916016 0.787842
vt 0.946045 0.831543
vt 0.939941 0.827881
vt 0.937012 0.833496
vt 0.942139 0.836426
vt 0.935303 0.843262
vt 0.942139 0.842041
vt 0.787354 0.629395
vt 0.728271 0.623779
vt 0.785889 0.624023
vt 0.723145 0.610352
vt 0.778564 0.640869
vt 0.718750 0.615723
vt 0.678467 0.554932
vt 0.680664 0.548828
vt 0.670410 0.539307
vt 0.703369 0.638184
vt 0.730469 0.649170
vt 0.782959 0.649658
vt 0.706299 0.651123
vt 0.698242 0.645996
vt 0.030518 0.128906
vt 0.026123 0.182129
vt 0.018311 0.129395
vt 0.031738 0.105957
vt 0.014893 0.184814
vt 0.017334 0.091797
vt 0.006104 0.118896
vt 0.002441 0.104248
vt 0.010986 0.130371
vt 0.005859 0.186768
vt 0.002930 0.125244
vt 0.562744 0.084961
vt 0.524414 0.029053
vt 0.569580 0.061279
vt 0.600830 0.033447
vt 0.951904 0.041016
vt 0.910645 0.046631
vt 0.898193 0.044434
vt 0.928955 0.062988
vt 0.958008 0.031494
vt 0.913086 0.029541
vt 0.934082 0.075439
vt 0.927246 0.091797
vt 0.959473 0.090332
vt 0.480713 0.051270
vt 0.467773 0.052490
vt 0.475830 0.046143
vt 0.412109 0.040039
vt 0.414551 0.031494
vt 0.386230 0.036865
vt 0.442383 0.063965
vt 0.388672 0.044678
vt 0.425537 0.092773
vt 0.167969 0.018066
vt 0.163086 0.005371
vt 0.172119 0.008301
vt 0.185303 0.001221
vt 0.162354 0.025146
vt 0.174316 0.026123
vt 0.185059 0.031006
vt 0.181885 0.015381
vt 0.180420 0.009033
vt 0.048096 0.219238
vt 0.063721 0.212646
vt 0.061523 0.230957
vt 0.032471 0.201904
vt 0.066406 0.202393
vt 0.071045 0.207520
vt 0.087891 0.203857
vt 0.086670 0.212891
vt 0.065674 0.222656
vt 0.065430 0.228516
vt 0.047607 0.245361
vt 0.037842 0.231201
vt 0.062256 0.231201
vt 0.070312 0.247803
vt 0.059570 0.265381
vt 0.038818 0.291016
vt 0.053223 0.306152
vt 0.064697 0.290527
vt 0.048828 0.812988
vt 0.045898 0.801514
vt 0.066650 0.814697
vt 0.010010 0.746826
vt 0.032227 0.792725
vt 0.073730 0.823242
vt 0.055420 0.818115
vt 0.014893 0.854736
vt 0.052490 0.836426
vt 0.017090 0.861572
vt 0.010498 0.849854
vt 0.039307 0.810059
vt 0.018311 0.797607
vt 0.009521 0.838867
vt 0.000244 0.855469
vt 0.894043 0.404785
vt 0.904297 0.391113
vt 0.914795 0.408203
vt 0.920654 0.382812
vt 0.893799 0.396484
vt 0.896973 0.374023
vt 0.885010 0.389893
vt 0.865723 0.388916
vt 0.866455 0.411621
vt 0.912354 0.420410
vt 0.875488 0.416016
vt 0.870361 0.427979
vt 0.862061 0.419678
vt 0.864746 0.431396
vt 0.872070 0.447266
vt 0.867920 0.447754
vt 0.883789 0.426514
vt 0.898438 0.450439
vt 0.917725 0.430176
vt 0.919434 0.448730
vt 0.844238 0.635986
vt 0.839355 0.647217
vt 0.831543 0.639648
vt 0.832275 0.654053
vt 0.841309 0.656006
vt 0.832764 0.665283
vt 0.850830 0.646729
vt 0.843506 0.668701
vt 0.833984 0.674316
vt 0.846191 0.677002
vt 0.851562 0.675781
vt 0.851074 0.659180
vt 0.860352 0.641113
vt 0.878418 0.658936
vt 0.879395 0.619873
vt 0.857178 0.628174
vt 0.864014 0.600830
vt 0.854492 0.613525
vt 0.835205 0.595459
vt 0.834961 0.610107
vt 0.815918 0.619873
vt 0.827393 0.627930
vt 0.827881 0.637695
vt 0.396240 0.883545
vt 0.423340 0.887451
vt 0.450928 0.902588
vt 0.438477 0.885010
vt 0.440918 0.872803
vt 0.449463 0.886719
vt 0.429443 0.882324
vt 0.427490 0.869873
vt 0.408936 0.857910
vt 0.405762 0.869629
vt 0.396729 0.874756
vt 0.393555 0.863770
vt 0.380127 0.865723
vt 0.383789 0.874268
vt 0.374512 0.883789
vt 0.364746 0.899170
vt 0.374023 0.863525
vt 0.538086 0.593018
vt 0.536621 0.602051
vt 0.491699 0.608887
vt 0.482910 0.606445
vt 0.445312 0.618164
vt 0.561523 0.592773
vt 0.561768 0.558594
vt 0.561768 0.598633
vt 0.569092 0.615723
vt 0.566895 0.595703
vt 0.574463 0.615234
vt 0.579346 0.614502
vt 0.582031 0.620850
vt 0.606689 0.615479
vt 0.590332 0.616455
vt 0.092773 0.069336
vt 0.087646 0.076172
vt 0.084229 0.073486
vt 0.086426 0.065186
vt 0.076172 0.068604
vt 0.094482 0.063477
vt 0.085693 0.058350
vt 0.109863 0.072754
vt 0.117432 0.086182
vt 0.094482 0.092285
vt 0.108154 0.094971
vt 0.142334 0.081299
vt 0.143555 0.093018
vt 0.138672 0.071777
vt 0.112793 0.060547
vt 0.153564 0.073730
vt 0.157227 0.061035
vt 0.823242 0.402588
vt 0.812988 0.406006
vt 0.812988 0.394287
vt 0.822510 0.421387
vt 0.796875 0.379395
vt 0.800781 0.357910
vt 0.790039 0.357666
vt 0.783203 0.363281
vt 0.802734 0.416260
vt 0.779053 0.344238
vt 0.789551 0.418213
vt 0.768066 0.344238
vt 0.772949 0.358154
vt 0.940918 0.140137
vt 0.946533 0.134766
vt 0.943848 0.145752
vt 0.951416 0.136963
vt 0.947266 0.125732
vt 0.953369 0.132812
vt 0.954834 0.125732
vt 0.958496 0.133545
vt 0.957764 0.125732
vt 0.951172 0.145264
vt 0.937256 0.155029
vt 0.944336 0.158203
vt 0.943848 0.167725
vt 0.920898 0.169678
vt 0.916504 0.163818
vt 0.919678 0.175781
vt 0.923096 0.158203
vt 0.909180 0.159180
vt 0.920898 0.153320
vt 0.918213 0.146240
vt 0.204102 0.022705
vt 0.245117 0.008301
vt 0.218750 0.024414
vt 0.223877 0.036621
vt 0.216064 0.010742
vt 0.219971 0.040039
vt 0.204346 0.031738
vt 0.189941 0.021484
vt 0.194580 0.034912
vt 0.208496 0.048096
vt 0.203857 0.046387
vt 0.210693 0.053711
vt 0.364502 0.978271
vt 0.345703 0.982178
vt 0.350342 0.953369
vt 0.333496 0.959961
vt 0.317871 0.994629
vt 0.358154 0.986816
vt 0.362061 0.993652
vt 0.894287 0.327393
vt 0.907959 0.318848
vt 0.911133 0.322021
vt 0.910156 0.331055
vt 0.888916 0.354248
vt 0.932129 0.340820
vt 0.931152 0.347900
vt 0.923828 0.298828
vt 0.926270 0.297363
vt 0.932617 0.290527
vt 0.916748 0.297119
vt 0.901123 0.283936
vt 0.891113 0.304932
vt 0.893311 0.314697
vt 0.885010 0.322021
vt 0.866943 0.312988
vt 0.870361 0.311523
vt 0.871094 0.306885
vt 0.986572 0.101074
vt 0.979004 0.148193
vt 0.967285 0.142334
vt 0.986572 0.134033
vt 0.969482 0.099365
vt 0.530029 0.988281
vt 0.510010 0.966064
vt 0.539062 0.976074
vt 0.517090 0.995850
vt 0.488037 0.064697
vt 0.502197 0.037598
vt 0.514404 0.052002
vt 0.486328 0.039062
vt 0.516602 0.034424
vt 0.508545 0.021240
vt 0.521729 0.012451
vt 0.652832 0.821533
vt 0.661377 0.795654
vt 0.690430 0.825195
vt 0.708252 0.802002
vt 0.630615 0.810547
vt 0.632812 0.828125
vt 0.610596 0.843506
vt 0.632080 0.762695
vt 0.595215 0.812256
vt 0.616211 0.799561
vt 0.604980 0.783203
vt 0.587646 0.775391
vt 0.622559 0.727783
vt 0.569336 0.842529
vt 0.565430 0.809082
vt 0.545166 0.831543
vt 0.778320 0.413086
vt 0.747559 0.406494
vt 0.772461 0.381348
vt 0.747070 0.390137
vt 0.764404 0.359863
vt 0.718262 0.413818
vt 0.748535 0.415283
vt 0.714844 0.427246
vt 0.745850 0.426758
vt 0.778809 0.422119
vt 0.708740 0.439209
vt 0.779785 0.438965
vt 0.807373 0.427734
vt 0.799561 0.448730
vt 0.751709 0.445312
vt 0.770996 0.456299
vt 0.794434 0.460449
vt 0.710205 0.448242
vt 0.704346 0.452881
vt 0.701660 0.442871
vt 0.739258 0.458252
vt 0.712646 0.462158
vt 0.710449 0.468506
vt 0.702148 0.468018
vt 0.726318 0.480957
vt 0.705078 0.484375
vt 0.743408 0.477539
vt 0.769531 0.482422
vt 0.787598 0.503418
vt 0.733887 0.482178
vt 0.729980 0.490234
vt 0.769775 0.500488
vt 0.750977 0.498535
vt 0.766846 0.516113
vt 0.781250 0.531250
vt 0.743896 0.508545
vt 0.724121 0.517822
vt 0.691895 0.503662
vt 0.675537 0.488770
vt 0.760986 0.528076
vt 0.760010 0.540283
vt 0.693115 0.517334
vt 0.671631 0.509033
vt 0.718994 0.529053
vt 0.691650 0.529541
vt 0.783936 0.547852
vt 0.696289 0.550537
vt 0.682129 0.540039
vt 0.709229 0.560791
vt 0.738037 0.540771
vt 0.723877 0.550049
vt 0.737549 0.552490
vt 0.750732 0.554443
vt 0.737305 0.562500
vt 0.759277 0.574463
vt 0.709961 0.570068
vt 0.735840 0.579346
vt 0.765381 0.589355
vt 0.744141 0.594482
vt 0.773682 0.580811
vt 0.775146 0.564453
vt 0.785889 0.552979
vt 0.784668 0.563721
vt 0.804443 0.577637
vt 0.782227 0.574463
vt 0.793213 0.585205
vt 0.782959 0.591553
vt 0.780029 0.602051
vt 0.788818 0.597900
vt 0.986572 0.932129
vt 0.978271 0.946533
vt 0.978760 0.908203
vt 0.852783 0.964111
vt 0.875000 0.987549
vt 0.862305 0.995605
vt 0.901855 0.971924
vt 0.068115 0.775146
vt 0.054932 0.793457
vt 0.050293 0.765137
vt 0.034668 0.771973
vt 0.091797 0.752197
vt 0.040283 0.756836
vt 0.026367 0.742920
vt 0.044189 0.704834
vt 0.057617 0.732666
vt 0.057617 0.711914
vt 0.051270 0.684570
vt 0.067383 0.731445
vt 0.069336 0.715332
vt 0.077637 0.721191
vt 0.066406 0.684326
vt 0.858398 0.107666
vt 0.838867 0.083740
vt 0.852783 0.085205
vt 0.843018 0.070557
vt 0.853760 0.144531
vt 0.841553 0.122803
vt 0.841553 0.146973
vt 0.830078 0.145508
vt 0.829346 0.084473
vt 0.829834 0.062500
vt 0.821533 0.065674
vt 0.816895 0.083984
vt 0.823242 0.104004
vt 0.809082 0.123047
vt 0.828369 0.158936
vt 0.796387 0.093018
vt 0.806885 0.073486
vt 0.782959 0.104248
vt 0.788818 0.082275
vt 0.704346 0.036377
vt 0.714355 0.045410
vt 0.701904 0.054932
vt 0.698975 0.022949
vt 0.697021 0.042969
vt 0.694092 0.023438
vt 0.687500 0.008301
vt 0.693115 0.008545
vt 0.705566 0.020020
vt 0.697754 0.006592
vt 0.713623 0.023193
vt 0.719727 0.042969
vt 0.729248 0.055664
vt 0.725342 0.038818
vt 0.244629 0.967285
vt 0.255371 0.974365
vt 0.250488 0.980957
vt 0.252197 0.990723
vt 0.853516 0.910889
vt 0.876465 0.890137
vt 0.870605 0.912598
vt 0.853760 0.892334
vt 0.854980 0.876953
vt 0.873047 0.866699
vt 0.852051 0.857666
vt 0.858887 0.852539
vt 0.858154 0.833008
vt 0.931152 0.202637
vt 0.909180 0.200195
vt 0.926025 0.196045
vt 0.940918 0.187744
vt 0.944336 0.172607
vt 0.949707 0.189697
vt 0.936279 0.209961
vt 0.958496 0.174805
vt 0.963379 0.182617
vt 0.944092 0.212402
vt 0.954102 0.196533
vt 0.951172 0.211182
vt 0.958496 0.234131
vt 0.466553 0.839111
vt 0.421875 0.851074
vt 0.436035 0.835205
vt 0.450684 0.794678
vt 0.456787 0.817627
vt 0.440918 0.790283
vt 0.362793 0.837402
vt 0.385254 0.854492
vt 0.352051 0.850342
vt 0.354004 0.810791
vt 0.367676 0.831787
vt 0.365723 0.789795
vt 0.390381 0.794678
vt 0.410156 0.819824
vt 0.412109 0.802002
vt 0.424316 0.806885
vt 0.416748 0.809082
vt 0.988281 0.960449
vt 0.978271 0.966064
vt 0.979736 0.955811
vt 0.989014 0.955078
vt 0.997314 0.956543
vt 0.992920 0.966309
vt 0.997559 0.966553
vt 0.996094 0.971436
vt 0.979492 0.974609
vt 0.994141 0.975342
vt 0.982422 0.985840
vt 0.911865 0.511230
vt 0.914551 0.488770
vt 0.919189 0.495361
vt 0.927490 0.485596
vt 0.927490 0.491943
vt 0.924316 0.453369
vt 0.903564 0.464600
vt 0.907471 0.489746
vt 0.903076 0.512451
vt 0.909180 0.521729
vt 0.677490 0.916504
vt 0.678955 0.932129
vt 0.659668 0.933838
vt 0.707275 0.899170
vt 0.693359 0.898193
vt 0.707275 0.915039
vt 0.702148 0.928223
vt 0.719971 0.928955
vt 0.739990 0.911133
vt 0.739014 0.898438
vt 0.728027 0.925293
vt 0.743164 0.934814
vt 0.727295 0.936768
vt 0.707520 0.885986
vt 0.704590 0.885986
vt 0.709473 0.869873
vt 0.711914 0.871826
vt 0.995605 0.507080
vt 0.976562 0.537842
vt 0.973633 0.530029
vt 0.962402 0.518555
vt 0.840332 0.468994
vt 0.830811 0.471680
vt 0.849609 0.435791
vt 0.860596 0.490479
vt 0.859619 0.408203
vt 0.836670 0.430420
vt 0.812744 0.434570
vt 0.819336 0.477783
vt 0.859863 0.500244
vt 0.887695 0.543945
vt 0.833740 0.507812
vt 0.889160 0.503662
vt 0.897949 0.546875
vt 0.887451 0.471436
vt 0.898682 0.485596
vt 0.897949 0.458008
vt 0.894043 0.455078
vt 0.302246 0.128174
vt 0.316650 0.118652
vt 0.306152 0.141602
vt 0.320068 0.144531
vt 0.279541 0.131348
vt 0.319824 0.167969
vt 0.323242 0.159668
vt 0.331055 0.164062
vt 0.281006 0.140137
vt 0.306641 0.165283
vt 0.289551 0.162354
vt 0.299316 0.173340
vt 0.272949 0.162354
vt 0.261230 0.146484
vt 0.251709 0.162842
vt 0.256836 0.188477
vt 0.273438 0.188232
vt 0.257812 0.202881
vt 0.286865 0.183594
vt 0.273438 0.218262
vt 0.257080 0.230713
vt 0.270264 0.245605
vt 0.288330 0.188965
vt 0.301025 0.181396
vt 0.306152 0.180176
vt 0.278320 0.192383
vt 0.298340 0.191895
vt 0.310303 0.189941
vt 0.329346 0.177246
vt 0.332275 0.175537
vt 0.288818 0.201904
vt 0.348633 0.194824
vt 0.365479 0.171875
vt 0.304199 0.201660
vt 0.302002 0.212646
vt 0.314453 0.196533
vt 0.304688 0.233398
vt 0.328857 0.185791
vt 0.335938 0.211426
vt 0.343506 0.197754
vt 0.350342 0.201904
vt 0.336670 0.222900
vt 0.292725 0.244873
vt 0.258545 0.264160
vt 0.282715 0.269287
vt 0.278076 0.287109
vt 0.301514 0.264648
vt 0.289551 0.282471
vt 0.293457 0.268555
vt 0.298584 0.277832
vt 0.288818 0.272705
vt 0.800049 0.058838
vt 0.805176 0.066162
vt 0.800293 0.066406
vt 0.805176 0.052979
vt 0.788086 0.056152
vt 0.786621 0.070312
vt 0.783447 0.057617
vt 0.781250 0.053955
vt 0.782471 0.042236
vt 0.780518 0.070068
vt 0.772217 0.107178
vt 0.778076 0.067871
vt 0.768066 0.095215
vt 0.962891 0.007812
vt 0.967285 0.019043
vt 0.962158 0.025635
vt 0.974854 0.007324
vt 0.980713 0.009277
vt 0.980957 0.014648
vt 0.969971 0.032959
vt 0.983643 0.028564
vt 0.985840 0.016357
vt 0.981201 0.040039
vt 0.964111 0.053711
vt 0.798828 0.198486
vt 0.800537 0.231445
vt 0.792725 0.223145
vt 0.805420 0.238281
vt 0.795654 0.155518
vt 0.802002 0.125488
vt 0.964111 0.822754
vt 0.977783 0.779785
vt 0.988037 0.803955
vt 0.979980 0.810791
vt 0.970459 0.832520
vt 0.983398 0.819824
vt 0.996826 0.812012
vt 0.993408 0.801025
vt 0.290771 0.011230
vt 0.276855 0.026611
vt 0.277588 0.005615
vt 0.319336 0.026367
vt 0.302734 0.002441
vt 0.229736 0.811279
vt 0.229492 0.803467
vt 0.235840 0.802979
vt 0.214111 0.820557
vt 0.195801 0.811279
vt 0.202637 0.802490
vt 0.214355 0.796875
vt 0.205566 0.795654
vt 0.208496 0.786865
vt 0.199951 0.791504
vt 0.222412 0.769531
vt 0.201172 0.771729
vt 0.229980 0.765381
vt 0.227295 0.745361
vt 0.238525 0.783203
vt 0.244873 0.766113
vt 0.238770 0.735107
vt 0.247070 0.747314
vt 0.250977 0.800049
vt 0.256348 0.753174
vt 0.261719 0.732666
vt 0.266357 0.730469
vt 0.254395 0.774414
vt 0.256592 0.792969
vt 0.269043 0.769287
vt 0.270508 0.755371
vt 0.277100 0.744385
vt 0.294678 0.725342
vt 0.293457 0.759033
vt 0.284912 0.792480
vt 0.282471 0.770752
vt 0.301758 0.741943
vt 0.302734 0.723145
vt 0.301514 0.711670
vt 0.310303 0.735840
vt 0.306396 0.767578
vt 0.312744 0.792236
vt 0.293945 0.776611
vt 0.304688 0.785400
vt 0.290039 0.801758
vt 0.312744 0.797852
vt 0.323486 0.796631
vt 0.324951 0.804932
vt 0.335205 0.808350
vt 0.304443 0.808838
vt 0.299561 0.822754
vt 0.285156 0.816406
vt 0.251221 0.802734
vt 0.246338 0.807373
vt 0.253906 0.811279
vt 0.270996 0.818604
vt 0.258789 0.822021
vt 0.276611 0.811035
vt 0.281006 0.827393
vt 0.289551 0.050049
vt 0.280762 0.031250
vt 0.348389 0.033936
vt 0.996582 0.835205
vt 0.978271 0.835205
vt 0.987549 0.824951
vt 0.600586 0.262939
vt 0.625244 0.248291
vt 0.614014 0.262207
vt 0.625000 0.284912
vt 0.615234 0.296143
vt 0.645020 0.281738
vt 0.629150 0.300781
vt 0.608398 0.317139
vt 0.642334 0.292725
vt 0.625244 0.317871
vt 0.655518 0.333008
vt 0.653320 0.309570
vt 0.630127 0.338379
vt 0.617432 0.326172
vt 0.611328 0.330322
vt 0.592773 0.323242
vt 0.608398 0.344727
vt 0.619385 0.350098
vt 0.658203 0.336670
vt 0.645020 0.362061
vt 0.628174 0.383057
vt 0.649658 0.377930
vt 0.666748 0.356689
vt 0.672852 0.364502
vt 0.667480 0.346680
vt 0.656982 0.387939
vt 0.640381 0.402832
vt 0.682129 0.354004
vt 0.669434 0.381348
vt 0.679688 0.340820
vt 0.691650 0.351562
vt 0.662109 0.390381
vt 0.665283 0.396240
vt 0.651367 0.401611
vt 0.646973 0.415771
vt 0.698486 0.319824
vt 0.669922 0.302246
vt 0.719482 0.323975
vt 0.651855 0.286865
vt 0.662842 0.292480
vt 0.666260 0.284912
vt 0.697754 0.283936
vt 0.665527 0.266357
vt 0.682129 0.273438
vt 0.656982 0.230713
vt 0.642090 0.224121
vt 0.610840 0.222168
vt 0.606934 0.230713
vt 0.687744 0.240234
vt 0.701416 0.261475
vt 0.710938 0.232422
vt 0.691162 0.275146
vt 0.715576 0.271240
vt 0.723633 0.252197
vt 0.714355 0.302246
vt 0.725586 0.292236
vt 0.730957 0.316650
vt 0.727539 0.326660
vt 0.735352 0.342529
vt 0.745361 0.319824
vt 0.765869 0.320068
vt 0.734375 0.305908
vt 0.764404 0.285400
vt 0.744141 0.270020
vt 0.751709 0.254150
vt 0.750244 0.264160
vt 0.758301 0.266357
vt 0.769043 0.237305
vt 0.763672 0.228271
vt 0.773438 0.224121
vt 0.783203 0.290039
vt 0.781250 0.312012
vt 0.807129 0.298584
vt 0.797363 0.275635
vt 0.791016 0.234131
vt 0.788086 0.228271
vt 0.786621 0.211670
vt 0.021973 0.550293
vt 0.022949 0.580322
vt 0.002441 0.558594
vt 0.031738 0.577393
vt 0.012939 0.544434
vt 0.037842 0.520996
vt 0.056152 0.490234
vt 0.058350 0.493896
vt 0.055176 0.514160
vt 0.031738 0.566162
vt 0.037842 0.581055
vt 0.042480 0.567871
vt 0.036377 0.545654
vt 0.041016 0.557129
vt 0.056152 0.542236
vt 0.046631 0.527588
vt 0.058594 0.520020
vt 0.072754 0.499756
vt 0.927002 0.315186
vt 0.939209 0.291748
vt 0.941162 0.298096
vt 0.943848 0.278076
vt 0.938965 0.313477
vt 0.929688 0.327148
vt 0.945068 0.321777
vt 0.947510 0.292236
vt 0.949951 0.268066
vt 0.953857 0.292725
vt 0.953613 0.322998
vt 0.670898 0.066406
vt 0.662109 0.079102
vt 0.647949 0.069092
vt 0.645752 0.077148
vt 0.660645 0.100098
vt 0.611816 0.082031
vt 0.572266 0.071289
vt 0.596436 0.089600
vt 0.618164 0.088867
vt 0.628662 0.096680
vt 0.648926 0.110107
vt 0.598877 0.101562
vt 0.576660 0.084229
vt 0.671143 0.125977
vt 0.648193 0.114990
vt 0.617676 0.110352
vt 0.598389 0.105957
vt 0.571289 0.116943
vt 0.268066 0.016357
vt 0.266602 0.000488
vt 0.270996 0.023682
vt 0.262207 0.022217
vt 0.250000 0.023438
vt 0.264404 0.009766
vt 0.259766 0.007568
vt 0.958252 0.415771
vt 0.964355 0.406494
vt 0.970947 0.433594
vt 0.952881 0.399658
vt 0.972900 0.404053
vt 0.977783 0.390137
vt 0.971680 0.385254
vt 0.967529 0.380371
vt 0.954834 0.388672
vt 0.968262 0.371338
vt 0.945557 0.394531
vt 0.922119 0.400391
vt 0.953125 0.379150
vt 0.963867 0.364990
vt 0.025635 0.391846
vt 0.012695 0.400391
vt 0.000488 0.390869
vt 0.032471 0.389893
vt 0.026123 0.402588
vt 0.719971 0.091064
vt 0.724609 0.107910
vt 0.675537 0.126221
vt 0.706787 0.082764
vt 0.710449 0.077148
vt 0.730469 0.106201
vt 0.720703 0.077148
vt 0.727539 0.086914
vt 0.734619 0.094971
vt 0.739502 0.078125
vt 0.749023 0.092773
vt 0.762207 0.079834
vt 0.726318 0.065186
vt 0.742188 0.071045
vt 0.738525 0.062256
vt 0.909180 0.575195
vt 0.896729 0.574219
vt 0.913086 0.556885
vt 0.905518 0.594238
vt 0.891846 0.564697
vt 0.891113 0.583252
vt 0.914795 0.623047
vt 0.862549 0.563721
vt 0.873291 0.558105
vt 0.860352 0.553223
vt 0.856689 0.577637
vt 0.891113 0.602539
vt 0.903809 0.629150
vt 0.629883 0.402100
vt 0.632568 0.424316
vt 0.605713 0.417969
vt 0.640137 0.409912
vt 0.615479 0.395264
vt 0.591309 0.404541
vt 0.608887 0.453125
vt 0.614990 0.469238
vt 0.612793 0.473145
vt 0.580078 0.421875
vt 0.558350 0.410889
vt 0.552490 0.367188
vt 0.558350 0.426025
vt 0.585938 0.436768
vt 0.564453 0.438965
vt 0.556641 0.458252
vt 0.602539 0.491455
vt 0.564941 0.499756
vt 0.620117 0.501709
vt 0.607910 0.517578
vt 0.555176 0.528809
vt 0.570801 0.541992
vt 0.608643 0.533691
vt 0.592285 0.558105
vt 0.581299 0.553711
vt 0.579834 0.575195
vt 0.599609 0.568359
vt 0.595947 0.583984
vt 0.620605 0.541504
vt 0.626221 0.527344
vt 0.603027 0.598877
vt 0.590576 0.600830
vt 0.611328 0.581787
vt 0.626953 0.510986
vt 0.633057 0.502441
vt 0.636719 0.513672
vt 0.633057 0.524902
vt 0.637939 0.544189
vt 0.614990 0.563477
vt 0.634277 0.561523
vt 0.622314 0.575928
vt 0.628174 0.585449
vt 0.640869 0.578613
vt 0.359619 0.135010
vt 0.350830 0.114746
vt 0.363525 0.103516
vt 0.407227 0.133545
vt 0.387695 0.098389
vt 0.411865 0.131836
vt 0.423828 0.102783
vt 0.396484 0.083252
vt 0.439209 0.138184
vt 0.448730 0.133057
vt 0.453857 0.081299
vt 0.851318 0.212646
vt 0.860352 0.201660
vt 0.851807 0.228027
vt 0.838379 0.209717
vt 0.847656 0.193604
vt 0.828369 0.211182
vt 0.860352 0.168945
vt 0.867432 0.184570
vt 0.834229 0.191650
vt 0.807373 0.204834
vt 0.803711 0.197998
vt 0.841553 0.176270
vt 0.828613 0.165283
vt 0.815674 0.165039
vt 0.846680 0.158691
vt 0.849854 0.168457
vt 0.864746 0.147705
vt 0.573242 0.853516
vt 0.591797 0.857422
vt 0.574707 0.862549
vt 0.597900 0.872803
vt 0.566162 0.864258
vt 0.580078 0.876953
vt 0.559082 0.866455
vt 0.578125 0.881836
vt 0.533447 0.871094
vt 0.511475 0.901367
vt 0.538086 0.859619
vt 0.511230 0.846191
vt 0.534912 0.846436
vt 0.200928 0.294678
vt 0.200195 0.330811
vt 0.188477 0.338379
vt 0.214355 0.293213
vt 0.208252 0.332031
vt 0.218750 0.323975
vt 0.230713 0.310547
vt 0.235596 0.309082
vt 0.228516 0.316895
vt 0.220947 0.280518
vt 0.233643 0.267578
vt 0.251709 0.312988
vt 0.262207 0.278809
vt 0.268311 0.308350
vt 0.242920 0.253662
vt 0.241455 0.240479
vt 0.230957 0.258057
vt 0.222900 0.253174
vt 0.234863 0.228760
vt 0.213135 0.239258
vt 0.225830 0.224365
vt 0.198242 0.261230
vt 0.194580 0.266602
vt 0.192627 0.252441
vt 0.187012 0.268799
vt 0.187988 0.279053
vt 0.195068 0.237061
vt 0.195068 0.294189
vt 0.218750 0.217773
vt 0.196533 0.226074
vt 0.181641 0.289307
vt 0.178467 0.297119
vt 0.179688 0.306885
vt 0.178955 0.297607
vt 0.211182 0.209473
vt 0.224121 0.197510
vt 0.221436 0.184570
vt 0.188721 0.202393
vt 0.200684 0.187256
vt 0.259277 0.711182
vt 0.260254 0.701416
vt 0.283203 0.709473
vt 0.274902 0.722412
vt 0.245850 0.700439
vt 0.245850 0.710205
vt 0.204590 0.709473
vt 0.213867 0.730469
vt 0.188721 0.732178
vt 0.209229 0.690918
vt 0.242188 0.682617
vt 0.212158 0.664551
vt 0.197754 0.682861
vt 0.231934 0.647949
vt 0.241943 0.629150
vt 0.205322 0.630615
vt 0.226562 0.610352
vt 0.242188 0.615479
vt 0.203857 0.622559
vt 0.194336 0.590576
vt 0.831299 0.867432
vt 0.812012 0.879883
vt 0.807861 0.861084
vt 0.835449 0.883301
vt 0.813965 0.893799
vt 0.846924 0.908691
vt 0.850586 0.837891
vt 0.827393 0.858398
vt 0.811035 0.836426
vt 0.837646 0.839111
vt 0.834717 0.828613
vt 0.804688 0.829102
vt 0.808350 0.823730
vt 0.769775 0.010254
vt 0.774170 0.049072
vt 0.766113 0.028809
vt 0.750977 0.045410
vt 0.761475 0.051025
vt 0.748291 0.049805
vt 0.775146 0.053467
vt 0.752197 0.057129
vt 0.760986 0.058105
vt 0.769043 0.060059
vt 0.769531 0.069824
vt 0.756348 0.067383
vt 0.745850 0.063965
vt 0.820068 0.041504
vt 0.807861 0.044434
vt 0.809814 0.035156
vt 0.815186 0.057129
vt 0.822510 0.033203
vt 0.015381 0.519775
vt 0.028809 0.513184
vt 0.017090 0.526611
vt 0.010254 0.536865
vt 0.006348 0.529297
vt 0.000244 0.528320
vt 0.000732 0.514160
vt 0.651123 0.674805
vt 0.633057 0.687256
vt 0.642334 0.653564
vt 0.634033 0.666260
vt 0.648193 0.690186
vt 0.664795 0.676514
vt 0.666748 0.688477
vt 0.616211 0.663574
vt 0.624512 0.641602
vt 0.596191 0.642822
vt 0.584473 0.645020
vt 0.619385 0.681152
vt 0.626709 0.692383
vt 0.641602 0.713135
vt 0.653564 0.707764
vt 0.655762 0.692871
vt 0.654541 0.734131
vt 0.662842 0.712891
vt 0.679932 0.706299
vt 0.677490 0.716309
vt 0.618652 0.721924
vt 0.599854 0.688965
vt 0.594971 0.710693
vt 0.598389 0.735352
vt 0.585938 0.681641
vt 0.572510 0.652832
vt 0.570312 0.719238
vt 0.560547 0.730469
vt 0.569824 0.677002
vt 0.560547 0.648193
vt 0.553711 0.669678
vt 0.557617 0.678467
vt 0.562988 0.705322
vt 0.556152 0.714600
vt 0.551025 0.703857
vt 0.536621 0.708984
vt 0.978516 0.549316
vt 0.970947 0.552002
vt 0.973633 0.542236
vt 0.991699 0.545410
vt 0.992920 0.552002
vt 0.914062 0.549805
vt 0.964844 0.533203
vt 0.966797 0.548340
vt 0.326172 0.939941
vt 0.317627 0.954346
vt 0.314697 0.935547
vt 0.329834 0.954590
vt 0.338623 0.950439
vt 0.338135 0.909180
vt 0.319824 0.895508
vt 0.342285 0.891113
vt 0.344971 0.927002
vt 0.350098 0.944092
vt 0.371582 0.914062
vt 0.383789 0.929443
vt 0.393799 0.915283
vt 0.363525 0.952393
vt 0.149658 0.246826
vt 0.147217 0.197510
vt 0.159912 0.215820
vt 0.132080 0.201660
vt 0.091553 0.161377
vt 0.165039 0.237793
vt 0.115723 0.168945
vt 0.135986 0.175537
vt 0.155273 0.191406
vt 0.156006 0.157715
vt 0.166260 0.195068
vt 0.174561 0.196289
vt 0.219971 0.154785
vt 0.172119 0.233398
vt 0.170410 0.262695
vt 0.185791 0.229248
vt 0.185059 0.262939
vt 0.756104 0.212158
vt 0.707520 0.193848
vt 0.727783 0.191406
vt 0.729492 0.168457
vt 0.708496 0.209717
vt 0.737793 0.232910
vt 0.697754 0.217773
vt 0.686279 0.206299
vt 0.680420 0.193115
vt 0.670654 0.199707
vt 0.719971 0.163086
vt 0.723633 0.148682
vt 0.746582 0.137451
vt 0.707764 0.169434
vt 0.733643 0.135254
vt 0.700684 0.153809
vt 0.695801 0.173340
vt 0.685303 0.183105
vt 0.685547 0.143799
vt 0.694092 0.135498
vt 0.718018 0.137451
vt 0.715576 0.124756
vt 0.713135 0.118652
vt 0.710205 0.132568
vt 0.665527 0.156006
vt 0.659180 0.153564
vt 0.642822 0.123535
vt 0.627441 0.152100
vt 0.603271 0.138184
vt 0.644531 0.159912
vt 0.655518 0.170898
vt 0.580566 0.120117
vt 0.599854 0.124023
vt 0.585205 0.143555
vt 0.609375 0.154785
vt 0.618896 0.184082
vt 0.601562 0.193848
vt 0.638184 0.187500
vt 0.606445 0.210449
vt 0.639648 0.218994
vt 0.645020 0.210205
vt 0.656982 0.193115
vt 0.552246 0.018311
vt 0.563721 0.022461
vt 0.546631 0.025635
vt 0.549316 0.003418
vt 0.539551 0.019287
vt 0.799072 0.902588
vt 0.786865 0.882812
vt 0.823242 0.908691
vt 0.770996 0.906250
vt 0.771240 0.894775
vt 0.761475 0.892090
vt 0.750977 0.898193
vt 0.747314 0.882812
vt 0.751465 0.875244
vt 0.719971 0.879395
vt 0.741455 0.861816
vt 0.785400 0.867920
vt 0.797852 0.874512
vt 0.800781 0.856445
vt 0.757812 0.856445
vt 0.747559 0.842773
vt 0.758545 0.841309
vt 0.781250 0.854980
vt 0.783447 0.837402
vt 0.799561 0.826660
vt 0.219971 0.909668
vt 0.191162 0.916504
vt 0.189209 0.898926
vt 0.204590 0.929688
vt 0.179932 0.940674
vt 0.177490 0.907471
vt 0.172607 0.928223
vt 0.161133 0.915283
vt 0.147217 0.920654
vt 0.142334 0.909668
vt 0.131592 0.939697
vt 0.145752 0.937256
vt 0.162354 0.960693
vt 0.839355 0.974365
vt 0.838867 0.987793
vt 0.834229 0.969482
vt 0.846191 0.966309
vt 0.017578 0.413086
vt 0.021484 0.418945
vt 0.015137 0.417725
vt 0.018555 0.421631
vt 0.024414 0.427490
vt 0.017334 0.430908
vt 0.031738 0.431396
vt 0.009277 0.438965
vt 0.001465 0.423828
vt 0.027100 0.436035
vt 0.032471 0.441650
vt 0.016602 0.437500
vt 0.012451 0.448486
vt 0.002441 0.444092
vt 0.025146 0.443604
vt 0.026611 0.450684
vt 0.031982 0.447998
vt 0.992920 0.098145
vt 0.997559 0.104248
vt 0.991211 0.109863
vt 0.997559 0.095703
vt 0.992920 0.082520
vt 0.980957 0.377197
vt 0.987549 0.384277
vt 0.983398 0.394043
vt 0.997559 0.378174
vt 0.993408 0.386719
vt 0.998047 0.394287
vt 0.402100 0.987061
vt 0.415039 0.976807
vt 0.416504 0.982422
vt 0.408447 0.989990
vt 0.393555 0.993652
vt 0.410645 0.973633
vt 0.416016 0.963379
vt 0.391357 0.983643
vt 0.386719 0.988037
vt 0.380371 0.983154
vt 0.399414 0.968750
vt 0.407227 0.964355
vt 0.412354 0.953369
vt 0.401855 0.957520
vt 0.379639 0.973389
vt 0.395996 0.963623
vt 0.376953 0.969727
vt 0.374023 0.972656
vt 0.368164 0.969727
vt 0.860107 0.693115
vt 0.847412 0.693848
vt 0.852295 0.690674
vt 0.848145 0.683105
vt 0.841553 0.687500
vt 0.881348 0.686768
vt 0.837646 0.695068
vt 0.820068 0.684082
vt 0.881592 0.704102
vt 0.849365 0.702393
vt 0.877686 0.695801
vt 0.887451 0.687500
vt 0.885742 0.682373
vt 0.893311 0.679932
vt 0.886719 0.679688
vt 0.807617 0.021484
vt 0.809570 0.007080
vt 0.815186 0.012695
vt 0.819336 0.007812
vt 0.815186 0.029053
vt 0.824463 0.023682
vt 0.127197 0.909424
vt 0.121094 0.917480
vt 0.125244 0.908936
vt 0.119141 0.916260
vt 0.109375 0.942139
vt 0.125488 0.924561
vt 0.106445 0.942871
vt 0.107910 0.915527
vt 0.087891 0.940186
vt 0.093262 0.958008
vt 0.083252 0.947998
vt 0.108398 0.952637
vt 0.088623 0.969971
vt 0.084961 0.653809
vt 0.060547 0.637939
vt 0.071045 0.636475
vt 0.066406 0.630615
vt 0.072998 0.635498
vt 0.068604 0.629395
vt 0.047363 0.637695
vt 0.040771 0.625977
vt 0.055664 0.647461
vt 0.083008 0.661133
vt 0.060547 0.626221
vt 0.011230 0.608398
vt 0.070801 0.625977
vt 0.027100 0.588623
vt 0.064697 0.618652
vt 0.054932 0.602783
vt 0.064697 0.607910
vt 0.052979 0.654541
vt 0.051758 0.652100
vt 0.078857 0.667969
vt 0.054443 0.658936
vt 0.051025 0.660156
vt 0.053955 0.657715
vt 0.095703 0.980713
vt 0.093994 0.974854
vt 0.110840 0.959961
vt 0.090820 0.983887
vt 0.087646 0.974609
vt 0.914062 0.718750
vt 0.914062 0.723877
vt 0.910889 0.722656
vt 0.922363 0.732666
vt 0.912354 0.782227
vt 0.925049 0.729980
vt 0.932129 0.741943
vt 0.933594 0.737549
vt 0.948242 0.736816
vt 0.949951 0.733887
vt 0.977051 0.663818
vt 0.979004 0.678467
vt 0.966064 0.683105
vt 0.967285 0.648438
vt 0.005371 0.258057
vt 0.010742 0.286865
vt 0.005127 0.288574
vt 0.010254 0.256348
vt 0.020020 0.274658
vt 0.010254 0.224365
vt 0.010498 0.191406
vt 0.812500 0.955322
vt 0.824219 0.995605
vt 0.802246 0.993408
vt 0.796875 0.974854
vt 0.799072 0.958496
vt 0.789307 0.972900
vt 0.797119 0.957764
vt 0.771973 0.975830
vt 0.638916 0.006104
vt 0.652344 0.040039
vt 0.638916 0.024902
vt 0.638428 0.042236
vt 0.625000 0.035400
vt 0.616943 0.010498
vt 0.641602 0.047852
vt 0.616699 0.033691
vt 0.623535 0.038574
vt 0.619873 0.039307
vt 0.620117 0.045898
vt 0.627441 0.045410
vt 0.627686 0.049561
vt 0.618896 0.050537
vt 0.636230 0.049561
vt 0.644775 0.055908
vt 0.618164 0.057617
vt 0.637939 0.059082
vt 0.627930 0.056885
vt 0.624023 0.060303
vt 0.615234 0.060547
vt 0.622314 0.063721
vt 0.634521 0.061523
vt 0.634521 0.065186
vt 0.644531 0.062012
vt 0.925049 0.983398
vt 0.924805 0.988037
vt 0.902100 0.995850
vt 0.904541 0.990967
vt 0.945801 0.994141
vt 0.902588 0.989502
vt 0.926025 0.981934
vt 0.947510 0.993408
vt 0.904053 0.981934
vt 0.927979 0.964111
vt 0.924561 0.971436
vt 0.976318 0.244141
vt 0.958252 0.241211
vt 0.973145 0.233643
vt 0.976807 0.234375
vt 0.943848 0.259766
vt 0.955566 0.255371
vt 0.984131 0.242920
vt 0.987549 0.257080
vt 0.962891 0.265381
vt 0.956299 0.274658
vt 0.963867 0.271484
vt 0.958008 0.278076
vt 0.965088 0.274902
vt 0.977539 0.267090
vt 0.989990 0.260742
vt 0.968018 0.291260
vt 0.994141 0.272461
vt 0.967285 0.295410
vt 0.997070 0.265137
vt 0.914307 0.592041
vt 0.946289 0.617188
vt 0.938965 0.619873
vt 0.912109 0.594727
vt 0.937500 0.622314
vt 0.948975 0.633789
vt 0.922852 0.582764
vt 0.924316 0.565674
vt 0.953369 0.597412
vt 0.958496 0.572754
vt 0.956787 0.609131
vt 0.914551 0.526611
vt 0.915771 0.520020
vt 0.918701 0.528320
vt 0.906982 0.546143
vt 0.923096 0.539307
vt 0.957764 0.528076
vt 0.957031 0.517578
vt 0.956299 0.506348
vt 0.939697 0.495361
vt 0.935791 0.493164
vt 0.254150 0.834961
vt 0.250977 0.848877
vt 0.244385 0.839355
vt 0.232422 0.817871
vt 0.261230 0.832275
vt 0.245361 0.860596
vt 0.266357 0.837646
vt 0.272705 0.845459
vt 0.277832 0.849609
vt 0.334473 0.819824
vt 0.347656 0.823730
vt 0.801025 0.745117
vt 0.833008 0.760010
vt 0.819824 0.780518
vt 0.851562 0.758301
vt 0.855469 0.713379
vt 0.807861 0.730957
vt 0.786865 0.759766
vt 0.802002 0.730225
vt 0.298340 0.932373
vt 0.281738 0.940430
vt 0.238525 0.939941
vt 0.230957 0.951172
vt 0.255371 0.965820
vt 0.233154 0.933838
vt 0.288330 0.924561
vt 0.229980 0.927002
vt 0.290283 0.914062
vt 0.235352 0.913330
vt 0.224854 0.918457
vt 0.225098 0.911865
vt 0.867188 0.223633
vt 0.872314 0.221680
vt 0.864502 0.234863
vt 0.870605 0.233398
vt 0.866699 0.244141
vt 0.856201 0.238770
vt 0.855713 0.246582
vt 0.861328 0.279297
vt 0.869873 0.282959
vt 0.875488 0.300293
vt 0.868164 0.301270
vt 0.843506 0.290527
vt 0.844727 0.272461
vt 0.849121 0.259521
vt 0.849365 0.268066
vt 0.836914 0.263916
vt 0.294434 0.292725
vt 0.303711 0.310791
vt 0.301270 0.314941
vt 0.288330 0.319580
vt 0.293701 0.339111
vt 0.317383 0.329834
vt 0.312256 0.349854
vt 0.302002 0.361816
vt 0.265381 0.334229
vt 0.260254 0.322021
vt 0.241699 0.318115
vt 0.239014 0.334961
vt 0.241211 0.351807
vt 0.251953 0.366699
vt 0.272949 0.353516
vt 0.282715 0.368408
vt 0.244385 0.373047
vt 0.244873 0.368652
vt 0.249756 0.375000
vt 0.252686 0.376709
vt 0.238770 0.391602
vt 0.287354 0.379150
vt 0.304932 0.364258
vt 0.303223 0.374268
vt 0.306885 0.389648
vt 0.297607 0.394531
vt 0.282715 0.387207
vt 0.292480 0.400879
vt 0.259521 0.394531
vt 0.250000 0.400391
vt 0.282227 0.407471
vt 0.291016 0.414795
vt 0.298828 0.427734
vt 0.259033 0.437500
vt 0.258057 0.414551
vt 0.239258 0.420410
vt 0.245850 0.426514
vt 0.159180 0.968262
vt 0.135498 0.979736
vt 0.139648 0.953857
vt 0.121094 0.964844
vt 0.114258 0.947266
vt 0.115234 0.982422
vt 0.132080 0.994629
vt 0.991943 0.238525
vt 0.974121 0.223633
vt 0.990723 0.227539
vt 0.976074 0.205811
vt 0.989746 0.189453
vt 0.907471 0.777588
vt 0.886963 0.768799
vt 0.894287 0.764160
vt 0.906494 0.753174
vt 0.890137 0.787598
vt 0.888184 0.743652
vt 0.895264 0.740479
vt 0.866211 0.765625
vt 0.869141 0.792969
vt 0.891602 0.732422
vt 0.896729 0.732666
vt 0.908691 0.713867
vt 0.902588 0.721436
vt 0.898193 0.718750
vt 0.884521 0.717529
vt 0.879150 0.725098
vt 0.883545 0.730713
vt 0.874512 0.731445
vt 0.885742 0.738525
vt 0.879639 0.741943
vt 0.864990 0.738037
vt 0.863770 0.757568
vt 0.844727 0.773438
vt 0.863037 0.737061
vt 0.671143 0.059082
vt 0.662109 0.061768
vt 0.661865 0.057617
vt 0.659424 0.056396
vt 0.662842 0.041016
vt 0.670898 0.023438
vt 0.994629 0.569092
vt 0.990479 0.579834
vt 0.979004 0.569336
vt 0.971680 0.591797
vt 0.963379 0.568115
vt 0.972412 0.560547
vt 0.951172 0.562012
vt 0.652832 0.992920
vt 0.663330 0.997559
vt 0.635254 0.996826
vt 0.641357 0.982666
vt 0.633057 0.985840
vt 0.659180 0.971680
vt 0.634033 0.982666
vt 0.639893 0.968262
vt 0.625244 0.975586
vt 0.534180 0.949219
vt 0.527588 0.956299
vt 0.508057 0.946533
vt 0.533691 0.961182
vt 0.530029 0.966553
vt 0.523682 0.925049
vt 0.544922 0.956543
vt 0.552246 0.971924
vt 0.558350 0.964111
vt 0.569336 0.963135
vt 0.508545 0.912842
vt 0.520020 0.909912
vt 0.534424 0.905518
vt 0.542236 0.914551
vt 0.553467 0.895996
vt 0.554443 0.904541
vt 0.551025 0.948486
vt 0.555176 0.952881
vt 0.568115 0.957031
vt 0.573242 0.969727
vt 0.561523 0.933105
vt 0.582031 0.922852
vt 0.561768 0.909180
vt 0.575195 0.904785
vt 0.559082 0.901367
vt 0.561035 0.895996
vt 0.491211 0.978516
vt 0.488037 0.994629
vt 0.482422 0.968262
vt 0.504639 0.973389
vt 0.635498 0.918457
vt 0.644531 0.909912
vt 0.650146 0.918945
vt 0.610596 0.920654
vt 0.611572 0.933838
vt 0.582275 0.942139
vt 0.614014 0.941650
vt 0.653320 0.924072
vt 0.618408 0.945312
vt 0.633301 0.947021
vt 0.639893 0.944580
vt 0.640381 0.949951
vt 0.995117 0.321533
vt 0.992188 0.287598
vt 0.996826 0.278564
vt 0.018555 0.007324
vt 0.032959 0.019775
vt 0.001465 0.020752
vt 0.032227 0.011475
vt 0.036621 0.010498
vt 0.818604 0.919434
vt 0.837646 0.911377
vt 0.836914 0.932373
vt 0.823486 0.954346
vt 0.812744 0.947754
vt 0.814453 0.916992
vt 0.810791 0.918701
vt 0.805908 0.918945
vt 0.806396 0.950684
vt 0.799072 0.918457
vt 0.791748 0.952148
vt 0.793457 0.914795
vt 0.780518 0.960693
vt 0.778809 0.937744
vt 0.790771 0.913086
vt 0.766846 0.946777
vt 0.788330 0.911621
vt 0.762695 0.911133
vt 0.915039 0.942627
vt 0.927490 0.937500
vt 0.920166 0.949463
vt 0.909668 0.934082
vt 0.909424 0.948975
vt 0.913086 0.958008
vt 0.921143 0.963623
vt 0.896240 0.934082
vt 0.900879 0.928467
vt 0.877197 0.909180
vt 0.906250 0.927490
vt 0.997803 0.118652
vt 0.997803 0.143799
vt 0.991211 0.142578
vt 0.992188 0.114746
vt 0.966797 0.768555
vt 0.971680 0.773682
vt 0.959473 0.774170
vt 0.959229 0.766846
vt 0.588867 0.996582
vt 0.581787 0.988770
vt 0.590332 0.991943
vt 0.595215 0.985107
vt 0.579590 0.955322
vt 0.579346 0.974609
vt 0.570557 0.991211
vt 0.571777 0.982910
vt 0.566895 0.981445
vt 0.569580 0.978516
vt 0.559082 0.976562
vt 0.232910 0.994629
vt 0.211670 0.962402
vt 0.231689 0.979980
vt 0.221680 0.991699
vt 0.195801 0.973633
vt 0.677002 0.016357
vt 0.690186 0.045166
vt 0.675537 0.074707
vt 0.936768 0.467529
vt 0.943604 0.431152
vt 0.954834 0.440674
vt 0.927246 0.434570
vt 0.922852 0.432861
vt 0.937012 0.427246
vt 0.925781 0.422119
vt 0.941895 0.421387
vt 0.949463 0.420654
vt 0.930908 0.420898
vt 0.940674 0.419189
vt 0.933350 0.412354
vt 0.941895 0.408691
vt 0.929688 0.414062
vt 0.934814 0.405029
vt 0.929199 0.411621
vt 0.256836 0.908691
vt 0.290283 0.871826
vt 0.346191 0.881348
vt 0.923096 0.775391
vt 0.925293 0.771729
vt 0.943848 0.775391
vt 0.605225 0.982666
vt 0.610596 0.984619
vt 0.610840 0.996826
vt 0.620361 0.972168
vt 0.619141 0.987061
vt 0.621094 0.983398
vt 0.092529 0.007812
vt 0.146240 0.011475
vt 0.093750 0.012207
vt 0.146240 0.017822
vt 0.151855 0.006348
vt 0.779541 0.184570
vt 0.783447 0.193604
vt 0.771729 0.196289
vt 0.770508 0.206299
vt 0.764160 0.205566
vt 0.765869 0.186523
vt 0.762939 0.197754
vt 0.756592 0.204102
vt 0.760254 0.192139
vt 0.755859 0.189697
vt 0.760254 0.180664
vt 0.768066 0.182129
vt 0.790527 0.166016
vt 0.768555 0.162354
vt 0.783936 0.149414
vt 0.757324 0.150146
vt 0.778809 0.146240
vt 0.768555 0.132324
vt 0.760498 0.126221
vt 0.778320 0.139160
vt 0.789307 0.138916
vt 0.774170 0.124512
vt 0.767334 0.118408
vt 0.754639 0.110352
vt 0.760010 0.104492
vt 0.765381 0.107666
vt 0.661377 0.009521
vt 0.665283 0.019043
vt 0.649414 0.011719
vt 0.657471 0.035645
vt 0.301758 0.976318
vt 0.311279 0.993408
vt 0.301514 0.995850
vt 0.317139 0.965576
vt 0.301758 0.942871
vt 0.285889 0.981445
vt 0.271973 0.993408
vt 0.263916 0.968994
vt 0.284668 0.974854
vt 0.285889 0.961426
vt 0.282471 0.949219
vt 0.959229 0.997559
vt 0.966553 0.981445
vt 0.984619 0.996582
vt 0.948242 0.981201
vt 0.724609 0.018555
vt 0.750488 0.026855
vt 0.731201 0.036621
vt 0.741211 0.051758
vt 0.744629 0.003418
vt 0.022705 0.868164
vt 0.001465 0.886475
vt 0.001221 0.868164
vt 0.016113 0.881348
vt 0.976807 0.319824
vt 0.977539 0.343994
vt 0.970215 0.323975
vt 0.970947 0.354492
vt 0.974854 0.375488
vt 0.578369 0.016602
vt 0.575195 0.019287
vt 0.573730 0.013672
vt 0.574219 0.005371
vt 0.582764 0.001953
vt 0.605469 0.000977
vt 0.608887 0.006836
vt 0.611328 0.000244
vt 0.599609 0.021973
vt 0.603516 0.022461
vt 0.601562 0.024170
vt 0.612793 0.036865
vt 0.436035 0.973877
vt 0.431885 0.972656
vt 0.422852 0.960205
vt 0.434082 0.979736
vt 0.439941 0.973877
vt 0.466797 0.975342
vt 0.422119 0.994873
vt 0.841064 0.014893
vt 0.844238 0.010986
vt 0.858154 0.027832
vt 0.855713 0.032471
vt 0.872559 0.055664
vt 0.864990 0.027588
vt 0.875488 0.003418
vt 0.088379 0.049561
vt 0.077393 0.032959
vt 0.104004 0.043213
vt 0.099854 0.027588
vt 0.089600 0.018555
vt 0.086670 0.015137
vt 0.070557 0.048340
vt 0.068848 0.035645
vt 0.078125 0.006348
vt 0.070068 0.041260
vt 0.062012 0.012451
vt 0.051514 0.010986
vt 0.052490 0.033203
vt 0.058838 0.059082
vt 0.071533 0.067627
vt 0.059082 0.072754
vt 0.034180 0.038818
vt 0.038574 0.024902
vt 0.042480 0.012207
vt 0.876465 0.191162
vt 0.870605 0.174805
vt 0.884033 0.180420
vt 0.874512 0.169189
vt 0.891357 0.196045
vt 0.886719 0.200928
vt 0.869629 0.201660
vt 0.884521 0.207031
vt 0.913818 0.180176
vt 0.918945 0.191650
vt 0.886719 0.178467
vt 0.879150 0.163330
vt 0.871338 0.161621
vt 0.908203 0.175781
vt 0.899902 0.158203
vt 0.892090 0.160400
vt 0.876465 0.152344
vt 0.897705 0.145508
vt 0.915039 0.137451
vt 0.908447 0.132568
vt 0.898193 0.135010
vt 0.895996 0.145752
vt 0.881104 0.144043
vt 0.048828 0.475098
vt 0.038086 0.472412
vt 0.027344 0.463867
vt 0.052734 0.468750
vt 0.055664 0.456299
vt 0.046631 0.445312
vt 0.075928 0.471191
vt 0.084473 0.477539
vt 0.073242 0.457764
vt 0.069092 0.436768
vt 0.041260 0.434326
vt 0.089355 0.443359
vt 0.090576 0.459717
vt 0.092529 0.485596
vt 0.101562 0.468018
vt 0.065430 0.420166
vt 0.029785 0.417725
vt 0.094238 0.431152
vt 0.089600 0.414307
vt 0.037842 0.394043
vt 0.099609 0.459473
vt 0.105957 0.468994
vt 0.105957 0.463135
vt 0.101807 0.434570
vt 0.107666 0.456543
vt 0.112549 0.453613
vt 0.110352 0.435059
vt 0.109131 0.424316
vt 0.126465 0.417480
vt 0.116699 0.407471
vt 0.117676 0.423096
vt 0.114990 0.429199
vt 0.123779 0.421143
vt 0.128906 0.433594
vt 0.083008 0.395264
vt 0.078369 0.381348
vt 0.086670 0.389160
vt 0.075928 0.392578
vt 0.072510 0.394531
vt 0.075439 0.385254
vt 0.068115 0.356201
vt 0.728760 0.977295
vt 0.715576 0.977051
vt 0.729248 0.971191
vt 0.712402 0.975098
vt 0.695068 0.974609
vt 0.707520 0.956299
vt 0.722168 0.955078
vt 0.676758 0.978271
vt 0.669434 0.979004
vt 0.657471 0.952881
vt 0.677002 0.950439
vt 0.678711 0.942139
vt 0.708496 0.947021
vt 0.694824 0.939209
vt 0.709717 0.940186
vt 0.717529 0.936523
vt 0.700195 0.934082
vt 0.709717 0.933838
vt 0.974121 0.513672
vt 0.957031 0.496338
vt 0.975342 0.499756
vt 0.965820 0.467529
vt 0.986572 0.478271
vt 0.956055 0.465576
vt 0.947021 0.491699
vt 0.947266 0.481445
vt 0.942871 0.489258
vt 0.953857 0.456299
vt 0.937256 0.483643
vt 0.406250 0.005371
vt 0.428467 0.008301
vt 0.440430 0.031738
vt 0.411377 0.022949
vt 0.964600 0.938232
vt 0.973877 0.941895
vt 0.973877 0.976562
vt 0.947754 0.969727
vt 0.949463 0.973877
vt 0.949707 0.950928
vt 0.940674 0.969971
vt 0.936035 0.962891
vt 0.961426 0.934082
vt 0.949219 0.939941
vt 0.931641 0.958008
vt 0.927002 0.954102
vt 0.953125 0.925537
vt 0.945801 0.923340
vt 0.959473 0.925293
vt 0.969238 0.919189
vt 0.543701 0.173096
vt 0.523682 0.122314
vt 0.526855 0.126465
vt 0.527100 0.118408
vt 0.548584 0.153809
vt 0.547119 0.171387
vt 0.573975 0.176514
vt 0.546387 0.179443
vt 0.521240 0.229492
vt 0.338379 0.078369
vt 0.338135 0.108398
vt 0.333740 0.112061
vt 0.350830 0.081299
vt 0.347168 0.108643
vt 0.363770 0.078369
vt 0.365723 0.083740
vt 0.363037 0.067383
vt 0.375977 0.063477
vt 0.383301 0.067139
vt 0.370850 0.060303
vt 0.386475 0.052734
vt 0.350342 0.064209
vt 0.363037 0.055176
vt 0.336670 0.071289
vt 0.310547 0.052979
vt 0.327148 0.075928
vt 0.304932 0.051270
vt 0.317139 0.053711
vt 0.333252 0.062988
vt 0.827637 0.792725
vt 0.822510 0.789307
vt 0.827637 0.783691
vt 0.799561 0.818604
vt 0.794922 0.811279
vt 0.826416 0.798340
vt 0.833496 0.791260
vt 0.827881 0.784180
vt 0.864014 0.817139
vt 0.848145 0.800537
vt 0.875244 0.816895
vt 0.837646 0.783936
vt 0.870361 0.807861
vt 0.851318 0.794434
vt 0.857910 0.787109
vt 0.878418 0.058350
vt 0.896729 0.059814
vt 0.875977 0.066895
vt 0.899414 0.051270
vt 0.908691 0.054199
vt 0.895508 0.068359
vt 0.907959 0.063721
vt 0.898438 0.074707
vt 0.898193 0.084229
vt 0.905518 0.081299
vt 0.879639 0.093506
vt 0.866211 0.076904
vt 0.864746 0.063721
vt 0.848877 0.067383
vt 0.871338 0.085938
vt 0.890137 0.089355
vt 0.900146 0.090332
vt 0.890381 0.095947
vt 0.884521 0.096191
vt 0.879150 0.138184
vt 0.873779 0.135498
vt 0.873047 0.114746
vt 0.867432 0.095215
vt 0.864990 0.093994
vt 0.864258 0.112549
vt 0.087158 0.305664
vt 0.115234 0.317871
vt 0.090576 0.327393
vt 0.081055 0.312744
vt 0.070312 0.309082
vt 0.080322 0.293457
vt 0.114746 0.301270
vt 0.134766 0.306152
vt 0.131104 0.283936
vt 0.088135 0.289062
vt 0.084229 0.283691
vt 0.080322 0.269287
vt 0.104492 0.280762
vt 0.128662 0.276367
vt 0.139160 0.286133
vt 0.114502 0.261230
vt 0.137207 0.256592
vt 0.130127 0.249756
vt 0.107178 0.257568
vt 0.084473 0.262695
vt 0.080322 0.250977
vt 0.076416 0.254150
vt 0.072266 0.226807
vt 0.109375 0.245605
vt 0.121582 0.235107
vt 0.096436 0.230713
vt 0.096191 0.219482
vt 0.122314 0.225830
vt 0.128174 0.207520
vt 0.084717 0.721436
vt 0.096436 0.706055
vt 0.116211 0.724365
vt 0.122803 0.713867
vt 0.148438 0.722412
vt 0.113037 0.691162
vt 0.139648 0.694580
vt 0.101807 0.678955
vt 0.092773 0.684326
vt 0.169922 0.683594
vt 0.164062 0.725830
vt 0.154785 0.748047
vt 0.166016 0.729980
vt 0.185547 0.705811
vt 0.186768 0.686035
vt 0.197266 0.668213
vt 0.183838 0.652832
vt 0.156006 0.679688
vt 0.141602 0.676270
vt 0.156982 0.673096
vt 0.149902 0.666260
vt 0.132324 0.663818
vt 0.099854 0.669678
vt 0.085449 0.671387
vt 0.095215 0.651123
vt 0.135010 0.655029
vt 0.177246 0.651611
vt 0.156006 0.652344
vt 0.145752 0.646240
vt 0.159668 0.632568
vt 0.140625 0.640869
vt 0.147217 0.626221
vt 0.102051 0.642090
vt 0.089111 0.642822
vt 0.134521 0.632568
vt 0.147217 0.606201
vt 0.188232 0.629395
vt 0.110596 0.603516
vt 0.190186 0.643311
vt 0.202148 0.641357
vt 0.201904 0.651611
vt 0.109375 0.625000
vt 0.089600 0.614014
vt 0.083496 0.625732
vt 0.565674 0.853271
vt 0.508545 0.828369
vt 0.554443 0.847168
vt 0.524658 0.826172
vt 0.512207 0.824463
vt 0.512695 0.818359
vt 0.504639 0.798584
vt 0.503906 0.825195
vt 0.454346 0.853760
vt 0.799805 0.016846
vt 0.785156 0.001221
vt 0.802246 0.001221
vt 0.781006 0.013184
vt 0.776855 0.006104
vt 0.783447 0.019531
vt 0.781738 0.023438
vt 0.801758 0.047852
vt 0.777344 0.026367
vt 0.001221 0.086182
vt 0.009033 0.064941
vt 0.008789 0.087646
vt 0.018311 0.066895
vt 0.021729 0.084229
vt 0.030762 0.057617
vt 0.000488 0.057617
vt 0.025879 0.066406
vt 0.030029 0.092285
vt 0.029053 0.065918
vt 0.007812 0.050781
vt 0.016357 0.043701
vt 0.013428 0.029053
vt 0.002930 0.033691
vt 0.011475 0.031494
vt 0.034180 0.962402
vt 0.044678 0.934326
vt 0.055176 0.949219
vt 0.072021 0.962158
vt 0.067139 0.928711
vt 0.028564 0.921387
vt 0.015381 0.924316
vt 0.044434 0.916992
vt 0.007568 0.900146
vt 0.077637 0.910889
vt 0.091797 0.923828
vt 0.045654 0.910400
vt 0.075928 0.888184
vt 0.983154 0.354004
vt 0.989746 0.362793
vt 0.980225 0.372314
vt 0.993652 0.372070
vt 0.535400 0.070312
vt 0.532715 0.065430
vt 0.539307 0.066406
vt 0.521240 0.077148
vt 0.521484 0.068359
vt 0.513916 0.062256
vt 0.537354 0.078125
vt 0.550781 0.078857
vt 0.548584 0.087402
vt 0.530762 0.087158
vt 0.555908 0.098633
vt 0.558838 0.107910
vt 0.501709 0.075439
vt 0.502686 0.064697
vt 0.525146 0.096924
vt 0.490234 0.085693
vt 0.485840 0.072510
vt 0.500732 0.120117
vt 0.513184 0.127930
vt 0.488770 0.106445
vt 0.473877 0.118896
vt 0.471680 0.097412
vt 0.485840 0.093994
vt 0.466553 0.079834
vt 0.479248 0.067627
vt 0.467041 0.065430
vt 0.445312 0.072510
vt 0.159912 0.073486
vt 0.168701 0.066650
vt 0.167480 0.088135
vt 0.161621 0.092041
vt 0.173828 0.095215
vt 0.178467 0.075928
vt 0.170898 0.118896
vt 0.157715 0.102783
vt 0.161377 0.111328
vt 0.153076 0.117188
vt 0.159180 0.122803
vt 0.143799 0.125732
vt 0.180908 0.088623
vt 0.182861 0.084961
vt 0.193115 0.093262
vt 0.180420 0.102539
vt 0.188232 0.114014
vt 0.194580 0.115479
vt 0.191895 0.100342
vt 0.201660 0.101074
vt 0.201660 0.089355
vt 0.207275 0.102783
vt 0.209961 0.094727
vt 0.212646 0.107666
vt 0.206299 0.117432
vt 0.225098 0.107666
vt 0.229248 0.115723
vt 0.243164 0.113281
vt 0.228760 0.124756
vt 0.239746 0.120361
vt 0.015869 0.977051
vt 0.016846 0.969727
vt 0.026611 0.977051
vt 0.006592 0.978027
vt 0.012207 0.958008
vt 0.000977 0.986572
vt 0.017822 0.958496
vt 0.026611 0.995850
vt 0.034912 0.996094
vt 0.032227 0.970215
vt 0.052979 0.967773
vt 0.498779 0.423828
vt 0.512451 0.408691
vt 0.537598 0.420166
vt 0.522217 0.393311
vt 0.490967 0.396484
vt 0.485107 0.407227
vt 0.468506 0.397705
vt 0.504883 0.371582
vt 0.540771 0.380371
vt 0.474365 0.383301
vt 0.528320 0.351074
vt 0.553955 0.347168
vt 0.489990 0.361572
vt 0.452393 0.355225
vt 0.456055 0.397217
vt 0.507080 0.354980
vt 0.494385 0.352783
vt 0.535645 0.339844
vt 0.552979 0.313965
vt 0.513184 0.332520
vt 0.518799 0.310547
vt 0.488770 0.323486
vt 0.468506 0.316895
vt 0.494385 0.286133
vt 0.538086 0.295410
vt 0.557129 0.302734
vt 0.508545 0.288330
vt 0.479736 0.282715
vt 0.523682 0.261230
vt 0.465576 0.290039
vt 0.490967 0.250732
vt 0.497314 0.272949
vt 0.512207 0.271973
vt 0.509521 0.248779
vt 0.533203 0.254639
vt 0.526855 0.232666
vt 0.541260 0.240967
vt 0.537598 0.220215
vt 0.555908 0.279053
vt 0.543945 0.237549
vt 0.566162 0.212402
vt 0.543945 0.258301
vt 0.579590 0.261719
vt 0.582520 0.250977
vt 0.556152 0.253906
vt 0.577881 0.268311
vt 0.558105 0.269043
vt 0.563477 0.283691
vt 0.580322 0.286133
vt 0.586670 0.301025
vt 0.561768 0.294678
vt 0.552246 0.290283
vt 0.564941 0.232422
vt 0.572998 0.229736
vt 0.577393 0.238037
vt 0.591064 0.223389
vt 0.427734 0.400391
vt 0.431885 0.347168
vt 0.424805 0.382812
vt 0.437012 0.310547
vt 0.425049 0.325195
vt 0.429932 0.316406
vt 0.417969 0.308594
vt 0.432861 0.303467
vt 0.427734 0.278076
vt 0.447266 0.272949
vt 0.457764 0.268311
vt 0.434570 0.254883
vt 0.455322 0.255859
vt 0.472168 0.258545
vt 0.478760 0.245605
vt 0.456055 0.229248
vt 0.486084 0.231201
vt 0.465820 0.218994
vt 0.018799 0.726074
vt 0.030273 0.694580
vt 0.029785 0.721191
vt 0.042969 0.683838
vt 0.010254 0.664307
vt 0.002441 0.724609
vt 0.021484 0.673340
vt 0.005859 0.654053
vt 0.034180 0.687012
vt 0.043701 0.675537
vt 0.050781 0.665039
vt 0.038818 0.667236
vt 0.029785 0.670654
vt 0.029541 0.655518
vt 0.038574 0.655762
vt 0.016846 0.655762
vt 0.021973 0.639893
vt 0.011963 0.640625
vt 0.002197 0.649414
vt 0.018799 0.631592
vt 0.466797 0.471191
vt 0.484131 0.444580
vt 0.479004 0.453369
vt 0.487061 0.461182
vt 0.493896 0.441895
vt 0.496338 0.454346
vt 0.505127 0.459473
vt 0.512451 0.480713
vt 0.514160 0.472656
vt 0.528564 0.475098
vt 0.558838 0.495850
vt 0.534668 0.502686
vt 0.496826 0.490723
vt 0.511475 0.509277
vt 0.526855 0.526611
vt 0.542480 0.526611
vt 0.534912 0.528564
vt 0.504395 0.526855
vt 0.531250 0.542969
vt 0.546387 0.540039
vt 0.483887 0.510010
vt 0.507568 0.543457
vt 0.538330 0.555420
vt 0.502441 0.536377
vt 0.492676 0.537842
vt 0.527588 0.574463
vt 0.542969 0.572998
vt 0.485352 0.568604
vt 0.494629 0.578369
vt 0.490479 0.589844
vt 0.477539 0.554443
vt 0.455078 0.578369
vt 0.472168 0.596924
vt 0.463623 0.555176
vt 0.472656 0.530518
vt 0.436523 0.555420
vt 0.443359 0.531250
vt 0.453125 0.515869
vt 0.474609 0.485596
vt 0.429688 0.562500
vt 0.444092 0.586914
vt 0.419922 0.545654
vt 0.416992 0.551025
vt 0.419189 0.575195
vt 0.403809 0.548828
vt 0.403320 0.564209
vt 0.408936 0.543457
vt 0.392334 0.549805
vt 0.389160 0.573486
vt 0.398682 0.527832
vt 0.412354 0.508789
vt 0.401367 0.509033
vt 0.385010 0.570557
vt 0.380615 0.580811
vt 0.358887 0.592529
vt 0.427979 0.504639
vt 0.414795 0.477295
vt 0.444580 0.492920
vt 0.430908 0.491211
vt 0.444092 0.476807
vt 0.427490 0.466309
vt 0.443848 0.458252
vt 0.452393 0.451904
vt 0.442871 0.435059
vt 0.435059 0.451904
vt 0.432129 0.439453
vt 0.415771 0.467041
vt 0.408447 0.442871
vt 0.401855 0.465576
vt 0.369629 0.472900
vt 0.392822 0.491211
vt 0.368164 0.493896
vt 0.380859 0.510742
vt 0.343750 0.502930
vt 0.351562 0.513184
vt 0.383301 0.514160
vt 0.388184 0.516602
vt 0.388184 0.539795
vt 0.382324 0.546387
vt 0.372314 0.542236
vt 0.372314 0.571045
vt 0.357178 0.593262
vt 0.353516 0.577881
vt 0.350342 0.558105
vt 0.351807 0.533203
vt 0.365234 0.525879
vt 0.362793 0.525146
vt 0.872803 0.849121
vt 0.875244 0.836182
vt 0.884277 0.852783
vt 0.882812 0.860107
vt 0.879883 0.836426
vt 0.887695 0.831787
vt 0.888184 0.843262
vt 0.892334 0.849854
vt 0.897705 0.844482
vt 0.897705 0.857910
vt 0.903320 0.843750
vt 0.883789 0.817139
vt 0.870117 0.833496
vt 0.896484 0.825684
vt 0.899902 0.817139
vt 0.889160 0.805908
vt 0.909912 0.837158
vt 0.899902 0.804199
vt 0.917725 0.841553
vt 0.908447 0.846680
vt 0.923340 0.837402
vt 0.905029 0.857666
vt 0.921387 0.848633
vt 0.913574 0.860352
vt 0.928223 0.851562
vt 0.919189 0.865479
vt 0.901367 0.863037
vt 0.894531 0.863037
vt 0.882812 0.869385
vt 0.888672 0.874756
vt 0.892090 0.880371
vt 0.913574 0.824463
vt 0.922607 0.820557
vt 0.929443 0.821777
vt 0.921631 0.814697
vt 0.915039 0.816162
vt 0.913086 0.804443
vt 0.905518 0.807861
vt 0.905273 0.788086
vt 0.899414 0.798584
vt 0.145996 0.486328
vt 0.153320 0.489990
vt 0.145508 0.493652
vt 0.152832 0.496582
vt 0.123779 0.474609
vt 0.122559 0.483643
vt 0.114990 0.487305
vt 0.121826 0.500244
vt 0.134277 0.501709
vt 0.111816 0.500732
vt 0.100098 0.489990
vt 0.110596 0.510254
vt 0.100342 0.499268
vt 0.090820 0.490479
vt 0.100830 0.516357
vt 0.084229 0.503418
vt 0.116211 0.511475
vt 0.126709 0.506348
vt 0.124512 0.528320
vt 0.116699 0.525635
vt 0.116455 0.543213
vt 0.133789 0.537354
vt 0.123291 0.550049
vt 0.138184 0.527344
vt 0.144775 0.540527
vt 0.149170 0.527100
vt 0.158447 0.534912
vt 0.142334 0.512939
vt 0.144287 0.503662
vt 0.152344 0.513428
vt 0.165039 0.508789
vt 0.168701 0.526611
vt 0.170654 0.533447
vt 0.162354 0.494629
vt 0.165527 0.478516
vt 0.180176 0.480957
vt 0.175049 0.495117
vt 0.176514 0.514404
vt 0.178955 0.526367
vt 0.188232 0.510986
vt 0.182861 0.504883
vt 0.176758 0.499268
vt 0.189209 0.500977
vt 0.192139 0.498047
vt 0.202148 0.486572
vt 0.191162 0.481201
vt 0.185791 0.472168
vt 0.201660 0.478271
vt 0.200684 0.467041
vt 0.084473 0.822510
vt 0.123535 0.816162
vt 0.125488 0.825195
vt 0.085449 0.831787
vt 0.094971 0.806396
vt 0.071533 0.806396
vt 0.074219 0.787598
vt 0.086426 0.791748
vt 0.091553 0.791748
vt 0.081055 0.771973
vt 0.130859 0.806396
vt 0.155029 0.823975
vt 0.146973 0.830811
vt 0.167969 0.843018
vt 0.147705 0.849609
vt 0.096924 0.844238
vt 0.140137 0.852539
vt 0.078857 0.840576
vt 0.105469 0.860107
vt 0.100830 0.865479
vt 0.800781 0.764648
vt 0.753906 0.815918
vt 0.763916 0.780518
vt 0.807129 0.777832
vt 0.801514 0.785645
vt 0.774902 0.804199
vt 0.785645 0.815918
vt 0.769287 0.833984
vt 0.780273 0.825439
vt 0.789795 0.823730
vt 0.742188 0.785156
vt 0.737061 0.791504
vt 0.741455 0.809082
vt 0.729736 0.822754
vt 0.732666 0.835938
vt 0.724365 0.819092
vt 0.705078 0.817627
vt 0.699707 0.840576
vt 0.708984 0.823730
vt 0.833740 0.342529
vt 0.844482 0.308105
vt 0.862793 0.317627
vt 0.878418 0.358154
vt 0.848633 0.391846
vt 0.829102 0.392334
vt 0.809082 0.360352
vt 0.029053 0.385254
vt 0.000000 0.378662
vt 0.015381 0.360352
vt 0.036133 0.371094
vt 0.046143 0.331299
vt 0.008545 0.294922
vt 0.030273 0.285156
vt 0.066162 0.347412
vt 0.097168 0.335449
vt 0.935547 0.285400
vt 0.889160 0.272461
vt 0.936523 0.263184
vt 0.876953 0.242188
vt 0.920898 0.247070
vt 0.896240 0.218750
vt 0.877441 0.224854
vt 0.918457 0.224854
vt 0.927246 0.234375
vt 0.935059 0.215576
vt 0.140381 0.310059
vt 0.146240 0.287842
vt 0.155273 0.309814
vt 0.134521 0.316650
vt 0.135742 0.324707
vt 0.171875 0.324951
vt 0.177734 0.348389
vt 0.186523 0.347900
vt 0.204834 0.374756
vt 0.216309 0.350586
vt 0.197510 0.385742
vt 0.157959 0.361084
vt 0.116455 0.337402
vt 0.185547 0.408203
vt 0.146973 0.385010
vt 0.118408 0.394043
vt 0.145264 0.433105
vt 0.183350 0.428223
vt 0.187988 0.445557
vt 0.756592 0.909424
vt 0.748779 0.943359
vt 0.751709 0.903076
vt 0.758301 0.948486
vt 0.757324 0.959473
vt 0.733643 0.954834
vt 0.074463 0.590332
vt 0.095947 0.599121
vt 0.076660 0.615967
vt 0.070557 0.600586
vt 0.065918 0.600586
vt 0.061279 0.590820
vt 0.081543 0.574707
vt 0.102783 0.573242
vt 0.171143 0.586670
vt 0.140381 0.569092
vt 0.112793 0.550781
vt 0.101562 0.551514
vt 0.097900 0.527588
vt 0.080566 0.539062
vt 0.081299 0.533203
vt 0.063477 0.524170
vt 0.067383 0.552002
vt 0.084229 0.556641
vt 0.073486 0.570801
vt 0.069336 0.571045
vt 0.215088 0.752686
vt 0.180420 0.779297
vt 0.194336 0.765625
vt 0.176025 0.762451
vt 0.143555 0.759033
vt 0.149658 0.754150
vt 0.155273 0.776123
vt 0.135742 0.765625
vt 0.113037 0.753174
vt 0.177979 0.797363
vt 0.194580 0.797852
vt 0.139160 0.787354
vt 0.118896 0.772217
vt 0.093506 0.761719
vt 0.119873 0.779785
vt 0.099609 0.777344
vt 0.101074 0.771973
vt 0.162598 0.800537
vt 0.177734 0.814453
vt 0.182861 0.828369
vt 0.166260 0.824463
vt 0.157227 0.809082
vt 0.134277 0.800537
vt 0.935059 0.657471
vt 0.961426 0.652344
vt 0.960938 0.712402
vt 0.930420 0.698975
vt 0.922119 0.674316
vt 0.884277 0.931152
vt 0.898438 0.948242
vt 0.871826 0.945312
vt 0.890381 0.964355
vt 0.874512 0.917236
vt 0.854004 0.926514
vt 0.866943 0.956299
vt 0.843506 0.932129
vt 0.837891 0.955566
vt 0.824951 0.964355
vt 0.994385 0.651367
vt 0.964111 0.641357
vt 0.996826 0.617188
vt 0.506348 0.696777
vt 0.521484 0.699707
vt 0.513672 0.700684
vt 0.527832 0.715820
vt 0.509521 0.705322
vt 0.491455 0.706055
vt 0.513672 0.716553
vt 0.502930 0.688965
vt 0.486328 0.728516
vt 0.466797 0.714600
vt 0.475098 0.701416
vt 0.488770 0.677979
vt 0.501221 0.669678
vt 0.442139 0.710205
vt 0.477051 0.663086
vt 0.485596 0.654785
vt 0.433838 0.718994
vt 0.465576 0.643799
vt 0.473633 0.680664
vt 0.470947 0.688965
vt 0.467773 0.672852
vt 0.452393 0.656738
vt 0.458496 0.679443
vt 0.458496 0.687988
vt 0.451172 0.695557
vt 0.447266 0.686279
vt 0.438232 0.673828
vt 0.434814 0.690918
vt 0.418701 0.701416
vt 0.420166 0.676025
vt 0.434570 0.665039
vt 0.441162 0.650146
vt 0.447754 0.634766
vt 0.456787 0.622070
vt 0.440918 0.624268
vt 0.430176 0.642578
vt 0.422119 0.655762
vt 0.435303 0.625244
vt 0.419922 0.611572
vt 0.438232 0.598389
vt 0.414307 0.602539
vt 0.413086 0.636719
vt 0.406494 0.597168
vt 0.399170 0.604492
vt 0.405762 0.614746
vt 0.393066 0.620605
vt 0.399170 0.629150
vt 0.419922 0.624512
vt 0.421387 0.619873
vt 0.413818 0.621826
vt 0.407959 0.615967
vt 0.409668 0.628418
vt 0.394043 0.642578
vt 0.384277 0.633057
vt 0.411621 0.644531
vt 0.405029 0.658936
vt 0.389648 0.656250
vt 0.399658 0.667480
vt 0.384521 0.664307
vt 0.390381 0.672607
vt 0.399902 0.683105
vt 0.381836 0.688965
vt 0.408936 0.687256
vt 0.392090 0.694824
vt 0.381592 0.704102
vt 0.401123 0.702148
vt 0.400635 0.717529
vt 0.379883 0.719238
vt 0.407227 0.724365
vt 0.381104 0.727295
vt 0.420654 0.714600
vt 0.178711 0.989014
vt 0.157471 0.982666
vt 0.165039 0.975342
vt 0.175781 0.977051
vt 0.173340 0.969238
vt 0.180420 0.973633
vt 0.164307 0.972412
vt 0.176758 0.945801
vt 0.974121 0.848633
vt 0.972900 0.839600
vt 0.985107 0.842529
vt 0.987549 0.858398
vt 0.961914 0.840576
vt 0.967285 0.861572
vt 0.959717 0.844727
vt 0.955322 0.871582
vt 0.951416 0.853271
vt 0.938232 0.849365
vt 0.943604 0.863770
vt 0.940674 0.871826
vt 0.092773 0.876709
vt 0.075195 0.866211
vt 0.131104 0.877197
vt 0.114502 0.881104
vt 0.104980 0.882568
vt 0.094971 0.891602
vt 0.084717 0.908447
vt 0.104980 0.891113
vt 0.102051 0.899658
vt 0.111328 0.902588
vt 0.115234 0.891602
vt 0.128174 0.903076
vt 0.146484 0.887695
vt 0.147461 0.876221
vt 0.154297 0.885742
vt 0.163574 0.890381
vt 0.160400 0.878418
vt 0.168213 0.872070
vt 0.930176 0.025879
vt 0.956787 0.001221
vt 0.943848 0.024170
vt 0.956299 0.014404
vt 0.956299 0.025879
vt 0.369873 0.386963
vt 0.388916 0.415527
vt 0.354492 0.399658
vt 0.347412 0.384277
vt 0.367676 0.416016
vt 0.334717 0.418701
vt 0.315918 0.438477
vt 0.344238 0.348389
vt 0.319336 0.344971
vt 0.320557 0.446289
vt 0.343994 0.437988
vt 0.338379 0.461670
vt 0.364990 0.433105
vt 0.390381 0.434814
vt 0.365234 0.465576
vt 0.351562 0.456055
vt 0.357422 0.466553
vt 0.343506 0.481934
vt 0.331299 0.483154
vt 0.322754 0.468994
vt 0.336182 0.510742
vt 0.315918 0.492676
vt 0.017090 0.742188
vt 0.001465 0.730713
vt 0.024658 0.730713
vt 0.403564 0.302979
vt 0.348877 0.343506
vt 0.370605 0.277344
vt 0.418213 0.262939
vt 0.361816 0.247314
vt 0.387695 0.239746
vt 0.414307 0.228516
vt 0.440186 0.239014
vt 0.431396 0.223389
vt 0.437988 0.210449
vt 0.467773 0.211914
vt 0.411621 0.200195
vt 0.392578 0.227051
vt 0.395264 0.210693
vt 0.395752 0.190430
vt 0.396240 0.177979
vt 0.378418 0.220215
vt 0.349121 0.241455
vt 0.383545 0.189697
vt 0.387451 0.177490
vt 0.379639 0.204102
vt 0.358887 0.209717
vt 0.351318 0.231201
vt 0.343750 0.222656
vt 0.473145 0.018066
vt 0.471924 0.038086
vt 0.446289 0.030518
vt 0.498535 0.027100
vt 0.447754 0.013916
vt 0.482666 0.000000
vt 0.450195 0.000977
vt 0.969238 0.078857
vt 0.983643 0.061035
vt 0.981201 0.079346
vt 0.983398 0.095947
vt 0.969727 0.061523
vt 0.982910 0.047363
vt 0.985596 0.864014
vt 0.985596 0.910645
vt 0.978271 0.867676
vt 0.858643 0.532227
vt 0.825684 0.565186
vt 0.815430 0.565918
vt 0.809082 0.575195
vt 0.851562 0.567871
vt 0.811035 0.582764
vt 0.824707 0.579590
vt 0.838135 0.576660
vt 0.851074 0.581055
vt 0.807617 0.592041
vt 0.798584 0.588379
vt 0.803467 0.599121
vt 0.812012 0.596436
vt 0.826172 0.587891
vt 0.833984 0.583496
vt 0.846924 0.583252
vt 0.857422 0.590088
vt 0.845459 0.591309
vt 0.487061 0.220947
vt 0.494873 0.214600
vt 0.505615 0.242188
vt 0.484619 0.191650
vt 0.512207 0.187744
vt 0.470459 0.188965
vt 0.490967 0.166016
vt 0.456055 0.179443
vt 0.460693 0.198242
vt 0.469727 0.152100
vt 0.515869 0.136719
vt 0.450928 0.170410
vt 0.443604 0.181885
vt 0.443604 0.150146
vt 0.453613 0.138184
vt 0.420166 0.143555
vt 0.409668 0.158203
vt 0.436768 0.178711
vt 0.391602 0.141113
vt 0.395752 0.150879
vt 0.399658 0.164551
vt 0.380371 0.147949
vt 0.351807 0.139648
vt 0.327393 0.676270
vt 0.319824 0.666748
vt 0.334473 0.669678
vt 0.322510 0.650879
vt 0.295898 0.689209
vt 0.345703 0.650391
vt 0.310303 0.705811
vt 0.353516 0.660156
vt 0.374756 0.650391
vt 0.343018 0.678223
vt 0.362061 0.683838
vt 0.331543 0.691162
vt 0.349365 0.704102
vt 0.375488 0.688477
vt 0.361084 0.723877
vt 0.341064 0.718750
vt 0.311035 0.723145
vt 0.315186 0.731445
vt 0.341553 0.739502
vt 0.327637 0.749023
vt 0.366943 0.742676
vt 0.347412 0.757568
vt 0.357910 0.762695
vt 0.351318 0.788330
vt 0.370361 0.758545
vt 0.370605 0.783203
vt 0.720703 0.363037
vt 0.739502 0.370850
vt 0.725830 0.368164
vt 0.729980 0.390625
vt 0.693359 0.405029
vt 0.697510 0.405762
vt 0.703857 0.408203
vt 0.690186 0.433350
vt 0.680664 0.433105
vt 0.682617 0.419678
vt 0.669678 0.461426
vt 0.685791 0.455078
vt 0.663574 0.463379
vt 0.664062 0.446777
vt 0.646973 0.476562
vt 0.658203 0.483154
vt 0.619385 0.477051
vt 0.666992 0.517822
vt 0.660400 0.523438
vt 0.664795 0.542725
vt 0.654541 0.499268
vt 0.660400 0.558350
vt 0.654541 0.530029
vt 0.650391 0.507324
vt 0.656494 0.558350
vt 0.659912 0.573486
vt 0.652588 0.583252
vt 0.661865 0.587646
vt 0.651123 0.591797
vt 0.206543 0.478271
vt 0.222412 0.508789
vt 0.208008 0.494141
vt 0.216064 0.508057
vt 0.207031 0.537109
vt 0.202148 0.530029
vt 0.195801 0.531738
vt 0.203125 0.536377
vt 0.191650 0.546143
vt 0.230225 0.489746
vt 0.270020 0.509277
vt 0.270264 0.483398
vt 0.216309 0.475342
vt 0.209473 0.443604
vt 0.254395 0.463135
vt 0.296875 0.458740
vt 0.312256 0.481445
vt 0.218018 0.444824
vt 0.236084 0.426270
vt 0.207520 0.415039
vt 0.195312 0.401855
vt 0.312744 0.070557
vt 0.325439 0.084717
vt 0.300537 0.092285
vt 0.302246 0.085938
vt 0.296875 0.083252
vt 0.298096 0.075928
vt 0.293213 0.080078
vt 0.290527 0.090576
vt 0.278320 0.082275
vt 0.295654 0.101562
vt 0.317383 0.113525
vt 0.281250 0.100342
vt 0.289307 0.114258
vt 0.302734 0.116699
vt 0.279541 0.120850
vt 0.273438 0.110840
vt 0.271973 0.126953
vt 0.268311 0.117432
vt 0.261230 0.105957
vt 0.270264 0.094971
vt 0.227783 0.070557
vt 0.255615 0.101074
vt 0.242676 0.106934
vt 0.375000 0.035889
vt 0.366211 0.050537
vt 0.363525 0.031006
vt 0.359131 0.044922
vt 0.362549 0.013672
vt 0.385254 0.000488
vt 0.342041 0.027100
vt 0.345215 0.010498
vt 0.337891 0.000732
vt 0.333984 0.005615
vt 0.366943 0.001465
vt 0.008545 0.614502
vt 0.025635 0.626953
vt 0.005371 0.625000
vt 0.832520 0.258789
vt 0.832764 0.289307
vt 0.823730 0.293701
vt 0.817871 0.306396
vt 0.804932 0.275879
vt 0.811523 0.263184
vt 0.818848 0.258301
vt 0.809814 0.241699
vt 0.824219 0.231201
vt 0.814453 0.216797
vt 0.831055 0.237061
vt 0.847168 0.235352
vt 0.842041 0.229248
vt 0.845215 0.248535
vt 0.851562 0.236084
vt 0.252930 0.902832
vt 0.246582 0.879639
vt 0.254150 0.873291
vt 0.231445 0.871094
vt 0.240479 0.864990
vt 0.241699 0.895996
vt 0.234863 0.906982
vt 0.220947 0.853516
vt 0.225586 0.887695
vt 0.206299 0.886230
vt 0.216553 0.869629
vt 0.203857 0.867676
vt 0.184570 0.890869
vt 0.193115 0.850586
vt 0.219727 0.824951
vt 0.189697 0.832031
vt 0.187744 0.876221
vt 0.181152 0.862061
vt 0.173584 0.842041
vt 0.169434 0.859375
vt 0.180420 0.887207
vt 0.168457 0.884277
vt 0.159668 0.908447
vt 0.164062 0.897705
vt 0.881104 0.039551
vt 0.884277 0.023438
vt 0.894043 0.036865
vt 0.922607 0.011230
vt 0.889648 0.053955
vt 0.880127 0.046631
vt 0.997070 0.404053
vt 0.993896 0.406982
vt 0.981934 0.401123
vt 0.981934 0.413818
vt 0.990479 0.423584
vt 0.972900 0.419434
vt 0.187988 0.074463
vt 0.177246 0.064209
vt 0.188477 0.055664
vt 0.206055 0.074707
vt 0.196533 0.084961
vt 0.173584 0.044678
vt 0.194580 0.054688
vt 0.209961 0.072266
vt 0.195557 0.047607
vt 0.182373 0.038330
vt 0.163086 0.052979
vt 0.172119 0.032227
vt 0.158691 0.040771
vt 0.160400 0.031250
vt 0.149170 0.045898
vt 0.146729 0.051025
vt 0.683350 0.787354
vt 0.667969 0.764648
vt 0.672607 0.762207
vt 0.669678 0.754883
vt 0.689453 0.790283
vt 0.656738 0.747314
vt 0.666016 0.741455
vt 0.686768 0.739502
vt 0.686768 0.724121
vt 0.695801 0.745850
vt 0.712402 0.722412
vt 0.684814 0.711914
vt 0.710938 0.705322
vt 0.715088 0.680664
vt 0.705078 0.687012
vt 0.753418 0.688477
vt 0.731689 0.674072
vt 0.748291 0.675049
vt 0.735596 0.660889
vt 0.756348 0.654541
vt 0.736572 0.723389
vt 0.758545 0.699463
vt 0.774170 0.671631
vt 0.764893 0.703857
vt 0.718994 0.733887
vt 0.734131 0.742432
vt 0.715576 0.765381
vt 0.735107 0.756836
vt 0.739746 0.729736
vt 0.744141 0.736572
vt 0.752930 0.727783
vt 0.750000 0.744385
vt 0.779053 0.734619
vt 0.781494 0.732666
vt 0.807129 0.719971
vt 0.785156 0.747314
vt 0.737305 0.761475
vt 0.740723 0.769531
vt 0.706299 0.777344
vt 0.710205 0.787109
vt 0.695312 0.794434
vt 0.683838 0.774658
vt 0.700928 0.762939
vt 0.696045 0.774902
vt 0.691162 0.768311
vt 0.685303 0.759766
vt 0.001221 0.788574
vt 0.004883 0.774902
vt 0.022949 0.788086
vt 0.007324 0.757568
vt 0.961914 0.440674
vt 0.975586 0.438232
vt 0.976562 0.440430
vt 0.980469 0.435547
vt 0.995850 0.440186
vt 0.977051 0.426025
vt 0.955078 0.629395
vt 0.972656 0.625732
vt 0.959473 0.636230
vt 0.961670 0.615967
vt 0.977539 0.601074
vt 0.983887 0.603516
vt 0.963623 0.597168
vt 0.586182 0.638672
vt 0.546631 0.644287
vt 0.570068 0.638672
vt 0.555420 0.637451
vt 0.566895 0.634277
vt 0.547852 0.626953
vt 0.572754 0.626221
vt 0.584961 0.631348
vt 0.589844 0.626709
vt 0.629883 0.633545
vt 0.622559 0.622070
vt 0.637207 0.623779
vt 0.642334 0.628418
vt 0.645020 0.646973
vt 0.647461 0.631836
vt 0.658936 0.641602
vt 0.669189 0.597900
vt 0.660645 0.603027
vt 0.653809 0.604004
vt 0.679199 0.584961
vt 0.687012 0.580566
vt 0.671143 0.587891
vt 0.989746 0.656738
vt 0.996582 0.661621
vt 0.988525 0.662354
vt 0.982666 0.660889
vt 0.980469 0.655273
vt 0.984619 0.668213
vt 0.007324 0.946045
vt 0.000244 0.951416
vt 0.008057 0.938965
vt 0.013184 0.950928
vt 0.017334 0.944336
vt 0.020752 0.951660
vt 0.014160 0.936279
vt 0.685791 0.067871
vt 0.718018 0.055664
vt 0.692383 0.083252
vt 0.687988 0.075195
vt 0.678955 0.080811
vt 0.675537 0.113770
vt 0.802734 0.621338
vt 0.797607 0.653076
vt 0.789062 0.647949
vt 0.824707 0.645020
vt 0.794434 0.676270
vt 0.804688 0.663574
vt 0.822998 0.664795
vt 0.814453 0.681396
vt 0.784424 0.686279
vt 0.797363 0.689941
vt 0.815674 0.693848
vt 0.780518 0.692139
vt 0.775635 0.692871
vt 0.792236 0.705322
vt 0.806885 0.697510
vt 0.793213 0.708008
vt 0.802002 0.704590
vt 0.816406 0.697021
vt 0.828369 0.710205
vt 0.011719 0.582520
vt 0.007812 0.600830
vt 0.002197 0.583008
vt 0.019775 0.586426
vt 0.483398 0.911621
vt 0.479492 0.921387
vt 0.471680 0.921143
vt 0.474609 0.911377
vt 0.466309 0.917725
vt 0.468262 0.906982
vt 0.493652 0.905029
vt 0.478516 0.895508
vt 0.493652 0.900635
vt 0.468262 0.893066
vt 0.506592 0.846191
vt 0.474365 0.888184
vt 0.961670 0.455566
vt 0.973877 0.459717
vt 0.963379 0.461182
vt 0.977539 0.457275
vt 0.994141 0.460205
vt 0.979004 0.465820
vt 0.996582 0.463867
vt 0.995361 0.455566
vt 0.978271 0.453613
vt 0.958496 0.447998
vt 0.979980 0.448730
vt 0.906250 0.103760
vt 0.897949 0.106445
vt 0.903076 0.096924
vt 0.905273 0.114502
vt 0.914307 0.088623
vt 0.913574 0.115479
vt 0.888184 0.128174
vt 0.914307 0.126465
vt 0.920166 0.128662
vt 0.921875 0.118652
vt 0.935303 0.141113
vt 0.918701 0.095703
vt 0.913574 0.066406
vt 0.916504 0.072754
vt 0.923096 0.076416
vt 0.989746 0.767578
vt 0.986572 0.777344
vt 0.976074 0.770020
vt 0.491211 0.962402
vt 0.492676 0.955322
vt 0.504150 0.967041
vt 0.481445 0.962891
vt 0.467773 0.956543
vt 0.461426 0.967773
vt 0.496094 0.952881
vt 0.502197 0.949707
vt 0.517822 0.962158
vt 0.501465 0.939453
vt 0.496826 0.931641
vt 0.474609 0.934814
vt 0.498291 0.916016
vt 0.442139 0.959229
vt 0.985840 0.700684
vt 0.966309 0.706299
vt 0.971680 0.688721
vt 0.991699 0.682373
vt 0.996582 0.687744
vt 0.597168 0.969971
vt 0.608643 0.958008
vt 0.599854 0.973877
vt 0.610596 0.965820
vt 0.603271 0.975830
vt 0.601807 0.957764
vt 0.593506 0.967041
vt 0.613281 0.965820
vt 0.611328 0.970703
vt 0.598389 0.945312
vt 0.594727 0.945068
vt 0.609131 0.949707
vt 0.605713 0.942139
vt 0.621094 0.961182
vt 0.621338 0.965332
vt 0.621338 0.954834
vt 0.648926 0.961426
vt 0.630615 0.958252
vt 0.247070 0.141846
vt 0.259277 0.132812
vt 0.253906 0.145508
vt 0.238770 0.155518
vt 0.238525 0.141357
vt 0.229736 0.152344
vt 0.238037 0.171143
vt 0.232178 0.170410
vt 0.227295 0.154785
vt 0.221191 0.142822
vt 0.243408 0.131592
vt 0.265137 0.125488
vt 0.226807 0.136963
vt 0.244385 0.125488
vt 0.180176 0.137451
vt 0.210449 0.126953
vt 0.180908 0.138916
vt 0.148438 0.130859
vt 0.174316 0.131836
vt 0.139893 0.133057
vt 0.143555 0.136230
vt 0.175293 0.142334
vt 0.132568 0.134766
vt 0.139648 0.138916
vt 0.940186 0.389648
vt 0.936523 0.388184
vt 0.932861 0.375977
vt 0.930664 0.378906
vt 0.929688 0.373047
vt 0.927734 0.375488
vt 0.933105 0.369873
vt 0.907227 0.364258
vt 0.904785 0.368408
vt 0.882324 0.369385
vt 0.906494 0.360840
vt 0.896240 0.363281
vt 0.905029 0.355713
vt 0.928955 0.359131
vt 0.958496 0.332764
vt 0.828613 0.528320
vt 0.809082 0.557861
vt 0.808105 0.508789
vt 0.821533 0.552246
vt 0.790527 0.528564
vt 0.798584 0.553955
vt 0.794189 0.551270
vt 0.802246 0.507568
vt 0.787598 0.527832
vt 0.806396 0.505859
vt 0.805420 0.503174
vt 0.808594 0.486084
vt 0.814209 0.492676
vt 0.811279 0.465088
vt 0.806885 0.484863
vt 0.802734 0.496582
vt 0.256348 0.528809
vt 0.267578 0.523438
vt 0.267578 0.541260
vt 0.281738 0.549072
vt 0.281738 0.589355
vt 0.258545 0.561523
vt 0.251709 0.592773
vt 0.274902 0.521973
vt 0.261230 0.514648
vt 0.297119 0.512939
vt 0.289307 0.519531
vt 0.281250 0.610352
vt 0.251709 0.615723
vt 0.256592 0.630615
vt 0.269287 0.639404
vt 0.283447 0.644775
vt 0.255615 0.662354
vt 0.296387 0.630127
vt 0.296631 0.621338
vt 0.298584 0.603516
vt 0.315186 0.624023
vt 0.303711 0.633301
vt 0.298340 0.666992
vt 0.334473 0.625000
vt 0.312500 0.652344
vt 0.327881 0.601074
vt 0.291016 0.572266
vt 0.337402 0.621582
vt 0.354736 0.642334
vt 0.349609 0.615967
vt 0.379639 0.642578
vt 0.327148 0.567383
vt 0.339111 0.574951
vt 0.332275 0.536133
vt 0.311523 0.511719
vt 0.319336 0.511230
vt 0.315918 0.501221
vt 0.323975 0.567627
vt 0.314209 0.502197
vt 0.311768 0.541504
vt 0.304932 0.522705
vt 0.293945 0.528809
vt 0.298096 0.538574
vt 0.282959 0.532227
vt 0.311035 0.576172
vt 0.322998 0.586426
vt 0.302002 0.589355
vt 0.312988 0.587646
vt 0.314697 0.598145
vt 0.527832 0.795166
vt 0.544189 0.786377
vt 0.540527 0.799316
vt 0.536865 0.779541
vt 0.518311 0.785400
vt 0.505127 0.787598
vt 0.510742 0.763672
vt 0.487549 0.766602
vt 0.556152 0.782959
vt 0.555908 0.792480
vt 0.562988 0.788574
vt 0.552490 0.765625
vt 0.540283 0.763672
vt 0.533447 0.747803
vt 0.551514 0.743408
vt 0.531494 0.732422
vt 0.532959 0.760986
vt 0.530029 0.768066
vt 0.528320 0.760498
vt 0.522705 0.735352
vt 0.499023 0.750977
vt 0.510254 0.740234
vt 0.505615 0.719727
vt 0.490234 0.735352
vt 0.468994 0.749268
vt 0.465332 0.727783
vt 0.445068 0.744873
vt 0.440186 0.727051
vt 0.427002 0.760742
vt 0.447266 0.755371
vt 0.463135 0.764404
vt 0.444092 0.770752
vt 0.431396 0.784180
vt 0.451416 0.785400
vt 0.460693 0.773438
vt 0.472656 0.780029
vt 0.466064 0.799316
vt 0.477539 0.791748
vt 0.481201 0.783936
vt 0.487793 0.790283
vt 0.483643 0.777832
vt 0.943359 0.910889
vt 0.939941 0.921631
vt 0.929443 0.911377
vt 0.932373 0.893799
vt 0.948486 0.892090
vt 0.936035 0.879395
vt 0.942383 0.875977
vt 0.925781 0.876221
vt 0.933594 0.859131
vt 0.918213 0.894287
vt 0.913574 0.875977
vt 0.908936 0.883301
vt 0.919189 0.912598
vt 0.925537 0.927490
vt 0.901855 0.919922
vt 0.888916 0.909912
vt 0.898682 0.883301
vt 0.883057 0.895752
vt 0.053223 0.986084
vt 0.063965 0.978027
vt 0.062256 0.991943
vt 0.073486 0.983887
vt 0.059082 0.969971
vt 0.072754 0.973389
vt 0.074951 0.967041
vt 0.087158 0.155762
vt 0.084961 0.168701
vt 0.077881 0.174561
vt 0.068359 0.156738
vt 0.056396 0.168945
vt 0.063232 0.184082
vt 0.045166 0.180664
vt 0.041748 0.171143
vt 0.048828 0.152344
vt 0.033447 0.157471
vt 0.040771 0.139404
vt 0.057129 0.141846
vt 0.051270 0.115479
vt 0.078125 0.142090
vt 0.060791 0.120605
vt 0.095459 0.149902
vt 0.108643 0.157959
vt 0.110840 0.145264
vt 0.068604 0.115479
vt 0.062256 0.092529
vt 0.068359 0.126709
vt 0.065918 0.138672
vt 0.079590 0.126953
vt 0.095459 0.122070
vt 0.080811 0.105225
vt 0.089600 0.097900
vt 0.117920 0.116699
vt 0.102783 0.104004
vt 0.138916 0.099365
vt 0.071533 0.089600
vt 0.038330 0.066650
vt 0.993652 0.165527
vt 0.996094 0.185303
vt 0.986328 0.182129
vt 0.979004 0.176514
vt 0.971191 0.197266
vt 0.969971 0.158203
vt 0.994385 0.148438
vt 0.824951 0.046875
vt 0.832031 0.034912
vt 0.842529 0.043457
vt 0.863281 0.058105
vt 0.838623 0.061523
vt 0.839111 0.036621
vt 0.844482 0.032471
vt 0.829590 0.010498
vt 0.009521 0.488770
vt 0.015381 0.507812
vt 0.000000 0.498535
vt 0.022705 0.499023
vt 0.035645 0.490479
vt 0.036133 0.479248
vt 0.000977 0.457031
vt 0.045166 0.487061
vt 0.055664 0.484619
vt 0.079102 0.484863
vt 0.611816 0.887695
vt 0.613770 0.902100
vt 0.602539 0.899658
vt 0.612793 0.852051
vt 0.623779 0.874023
vt 0.637207 0.895996
vt 0.642578 0.884277
vt 0.648193 0.869385
vt 0.667725 0.894287
vt 0.593750 0.889648
vt 0.636963 0.905273
vt 0.685059 0.898193
vt 0.609619 0.910156
vt 0.603271 0.916260
vt 0.603516 0.908203
vt 0.596436 0.921387
vt 0.592529 0.899902
vt 0.585693 0.893799
vt 0.586670 0.910400
vt 0.583496 0.907959
vt 0.982666 0.730469
vt 0.970459 0.737793
vt 0.961670 0.733154
vt 0.940674 0.720215
vt 0.988037 0.714844
vt 0.987793 0.736572
vt 0.979736 0.745850
vt 0.987793 0.761230
vt 0.968262 0.747070
vt 0.973877 0.762207
vt 0.934814 0.759277
vt 0.015137 0.889893
vt 0.027344 0.900635
vt 0.017090 0.897217
vt 0.026367 0.885986
vt 0.035156 0.890137
vt 0.027100 0.872070
vt 0.034912 0.898682
vt 0.039795 0.905762
vt 0.042236 0.893555
vt 0.050049 0.885010
vt 0.043213 0.877441
vt 0.030273 0.868896
vt 0.050537 0.877686
vt 0.071045 0.827637
vt 0.061768 0.872070
vt 0.239502 0.972412
vt 0.218262 0.955078
vt 0.221924 0.953369
vt 0.225098 0.931152
vt 0.239502 0.976562
vt 0.216797 0.956543
vt 0.207764 0.935547
vt 0.202637 0.945557
vt 0.197998 0.959473
vt 0.194092 0.956299
vt 0.181396 0.953857
vt 0.181396 0.958496
s 1
usemtl tripo_mat_4c976670-8671-459a-9b73-a93ee5429266
f 1191/1 144/2 1186/3
f 144/2 1191/1 1121/4
f 1121/4 1191/1 1151/5
f 1151/5 1191/1 1186/3
f 1186/3 144/2 66/6
f 1186/3 66/6 1151/5
f 1151/5 66/6 1135/7
f 1151/5 1135/7 1106/8
f 1135/7 66/6 1144/9
f 1144/9 66/6 141/10
f 1144/9 141/10 129/11
f 129/11 141/10 1020/12
f 129/11 1020/12 1144/9
f 1144/9 1020/12 1135/7
f 1106/8 1135/7 1079/13
f 1079/13 1135/7 1020/12
f 1106/8 1079/13 1137/14
f 1137/14 1079/13 1240/15
f 1137/14 1240/15 1154/16
f 1154/16 1240/15 1179/17
f 1154/16 1179/17 1153/18
f 1179/17 1240/15 1143/19
f 1179/17 1143/19 1171/20
f 1143/19 1240/15 1149/21
f 1149/21 1240/15 1079/13
f 1149/21 1079/13 1020/12
f 1149/21 1020/12 1202/22
f 1149/21 1202/22 24/23
f 1202/22 1020/12 1023/24
f 1202/22 1023/24 24/23
f 24/23 1023/24 177/25
f 24/23 177/25 106/26
f 106/26 177/25 161/27
f 177/25 1023/24 191/28
f 177/25 191/28 161/27
f 191/28 1023/24 1014/29
f 191/28 1014/29 161/27
f 171/30 1178/31 1104/32
f 1104/32 1178/31 1264/33
f 1104/32 1264/33 1203/34
f 1178/31 171/30 1055/35
f 1178/31 1055/35 1264/33
f 1264/33 1055/35 1203/34
f 1055/35 171/30 216/36
f 1055/35 216/36 1203/34
f 77/37 1105/38 1029/39
f 77/37 1029/39 1022/40
f 1022/40 1029/39 1105/38
f 1105/38 77/37 1196/41
f 1196/41 77/37 1008/42
f 1008/42 77/37 178/43
f 1196/41 1008/42 1102/44
f 1102/44 1008/42 178/43
f 1196/41 1102/44 1105/38
f 1102/44 178/43 87/45
f 1105/38 1102/44 1136/46
f 1105/38 1136/46 1022/40
f 1022/40 1136/46 1141/47
f 1022/40 1141/47 1128/48
f 1022/40 1128/48 124/49
f 124/49 1128/48 1057/50
f 1057/50 1128/48 1141/47
f 1057/50 1141/47 36/51
f 1057/50 36/51 122/52
f 122/52 36/51 1142/53
f 122/52 1142/53 1082/54
f 1124/55 1141/47 1136/46
f 1141/47 1124/55 1217/56
f 1217/56 1124/55 1069/57
f 1069/57 1124/55 1005/58
f 1124/55 1136/46 1073/59
f 1073/59 1136/46 1083/60
f 1124/55 1073/59 1094/61
f 1094/61 1073/59 1083/60
f 1124/55 1094/61 1005/58
f 1094/61 1083/60 1127/62
f 1127/62 1083/60 1084/63
f 1005/58 1094/61 1254/64
f 1005/58 1254/64 1084/63
f 1094/61 1127/62 1231/65
f 1094/61 1231/65 1254/64
f 1231/65 1127/62 1084/63
f 1231/65 1084/63 1254/64
f 1109/66 116/67 1086/68
f 1086/68 116/67 109/69
f 1086/68 109/69 107/70
f 1086/68 107/70 1100/71
f 1100/71 107/70 114/72
f 1100/71 114/72 1126/73
f 1086/68 1100/71 1074/74
f 1074/74 1100/71 1126/73
f 1086/68 1074/74 1070/75
f 1070/75 1074/74 1087/76
f 1087/76 1074/74 1126/73
f 1087/76 1126/73 102/77
f 102/77 1126/73 63/78
f 1111/79 1109/80 1086/81
f 1111/79 1086/81 1072/82
f 1072/82 1086/81 1070/83
f 1111/79 1072/82 119/84
f 1111/79 119/84 116/85
f 116/86 1109/87 1111/88
f 1129/89 1102/90 87/91
f 1129/89 87/91 1072/92
f 1102/90 1129/89 1091/93
f 1102/90 1091/93 1136/94
f 1136/94 1091/93 1083/95
f 1158/96 1123/97 139/98
f 1158/96 139/98 1187/99
f 1187/99 139/98 154/100
f 1158/96 1187/99 1215/101
f 1158/96 1215/101 1123/97
f 1123/97 1215/101 1011/102
f 1011/102 1215/101 1053/103
f 1011/102 1053/103 1017/104
f 1129/105 1072/106 1091/107
f 1091/107 1072/106 1070/108
f 1091/107 1070/108 1167/109
f 1167/109 1070/108 1056/110
f 1167/109 1056/110 1033/111
f 1056/110 1070/108 1087/112
f 1033/111 1056/110 1092/113
f 1033/111 1092/113 136/114
f 1092/113 1056/110 1290/115
f 1290/115 1056/110 1087/112
f 1290/115 1087/112 1289/116
f 1290/115 1289/116 1323/117
f 1323/117 1289/116 1352/118
f 1289/116 1087/112 1247/119
f 1352/118 1289/116 1278/120
f 1278/120 1289/116 1247/119
f 1352/118 1278/120 258/121
f 1247/119 1087/112 258/121
f 1247/119 258/121 1278/120
f 1083/122 1091/123 1067/124
f 1067/124 1091/123 1167/125
f 1067/124 1167/125 1033/126
f 1083/122 1067/124 1071/127
f 1071/127 1067/124 1033/126
f 1083/122 1071/127 1081/128
f 1071/127 1033/126 1031/129
f 1071/127 1031/129 1075/130
f 1071/127 1075/130 1296/131
f 1075/130 1031/129 979/132
f 1075/130 979/132 1284/133
f 1284/133 979/132 1237/134
f 1215/135 1205/136 1053/137
f 1053/137 1205/136 1051/138
f 1205/136 1215/135 1187/139
f 1051/138 1205/136 1219/140
f 1051/138 1219/140 1212/141
f 1051/138 1212/141 1006/142
f 1006/142 1212/141 1140/143
f 1219/140 1205/136 1234/144
f 1234/144 1205/136 1187/139
f 1234/144 1187/139 1157/145
f 1157/145 1187/139 154/146
f 1234/144 1157/145 97/147
f 1234/144 97/147 1172/148
f 1157/149 154/150 168/151
f 1157/149 168/151 97/152
f 168/151 154/150 210/153
f 97/152 168/151 256/154
f 256/154 168/151 209/155
f 256/154 209/155 206/156
f 168/151 210/153 183/157
f 168/151 183/157 209/155
f 183/157 210/153 71/158
f 209/155 183/157 58/159
f 58/159 183/157 71/158
f 1053/160 1051/161 1017/162
f 1017/162 1051/161 1006/163
f 1037/164 983/165 1140/166
f 983/165 1037/164 25/167
f 1037/164 1140/166 1189/168
f 1189/168 1140/166 1212/169
f 25/167 1037/164 1001/170
f 25/167 1001/170 45/171
f 1001/170 1037/164 1046/172
f 1001/170 1046/172 45/171
f 1140/173 983/174 134/175
f 134/175 983/174 67/176
f 134/175 67/176 167/177
f 167/177 67/176 200/178
f 67/176 983/174 25/179
f 200/178 67/176 969/180
f 969/180 67/176 25/179
f 969/180 25/179 45/181
f 1173/182 85/183 1159/184
f 1159/184 85/183 104/185
f 85/183 1173/182 114/186
f 114/186 1173/182 1126/187
f 1126/187 1173/182 63/188
f 63/188 1173/182 1068/189
f 1068/189 1173/182 1159/184
f 63/188 1068/189 104/185
f 1068/189 1159/184 1054/190
f 1068/189 1054/190 104/185
f 104/185 1054/190 1159/184
f 974/191 1367/192 1030/193
f 299/194 1362/195 974/191
f 974/191 1362/195 1367/192
f 1367/192 1362/195 1368/196
f 1367/192 1368/196 1372/197
f 1367/192 1372/197 1302/198
f 1367/192 1302/198 1237/199
f 1367/192 1237/199 1030/193
f 1030/193 1237/199 979/200
f 13/201 974/191 1030/193
f 974/191 13/201 51/202
f 1031/203 1033/204 1030/193
f 1030/193 1033/204 5/205
f 1030/193 5/205 13/201
f 13/201 5/205 31/206
f 31/206 5/205 46/207
f 46/207 5/205 60/208
f 1208/209 1219/210 1234/211
f 1212/212 1219/210 1189/213
f 1189/213 1219/210 1208/209
f 1268/214 1199/215 1234/211
f 1234/211 1199/215 1208/209
f 1208/209 1199/215 1200/216
f 1200/216 1199/215 1028/217
f 1200/216 1028/217 1038/218
f 1208/209 1200/216 1218/219
f 1189/213 1208/209 997/220
f 1189/213 997/220 1037/221
f 1208/209 1218/219 1046/222
f 1037/221 997/220 1046/222
f 1046/222 997/220 1208/209
f 1046/222 1218/219 45/223
f 1312/224 978/225 1324/226
f 1324/226 978/225 314/227
f 978/225 1312/224 1274/228
f 978/225 1274/228 1016/229
f 1016/229 1274/228 970/230
f 970/230 1274/228 1312/224
f 970/230 1312/224 258/231
f 258/231 1312/224 1352/232
f 1312/224 1324/226 1346/233
f 1352/232 1312/224 1356/234
f 1356/234 1312/224 1346/233
f 1352/232 1356/234 1382/235
f 1352/232 1382/235 1374/236
f 1374/236 1382/235 1395/237
f 1395/237 1382/235 1433/238
f 1395/237 1433/238 1439/239
f 1382/235 1356/234 1375/240
f 1382/235 1375/240 1433/238
f 1375/240 1356/234 1346/233
f 1433/238 1375/240 1442/241
f 1442/241 1375/240 1346/233
f 1442/241 1346/233 1377/242
f 1442/241 1377/242 1424/243
f 1479/244 1428/245 1439/246
f 1439/246 1428/245 1395/247
f 1395/247 1428/245 1408/248
f 1395/247 1408/248 1374/249
f 1408/248 1428/245 1437/250
f 1437/250 1428/245 1479/244
f 1374/249 1408/248 1376/251
f 1374/249 1376/251 1352/252
f 1352/252 1376/251 1323/253
f 1323/253 1376/251 1364/254
f 1376/251 1408/248 1394/255
f 1376/251 1394/255 1364/254
f 1394/255 1408/248 1437/250
f 1364/254 1394/255 1456/256
f 1456/256 1394/255 1437/250
f 1364/254 1456/256 1419/257
f 1456/256 1437/250 1479/244
f 1419/257 1456/256 1535/258
f 1535/258 1456/256 1486/259
f 1486/259 1456/256 1479/244
f 1535/258 1486/259 1560/260
f 1560/260 1486/259 1519/261
f 1519/261 1486/259 1479/244
f 1560/260 1519/261 1534/262
f 1534/262 1519/261 1503/263
f 1534/262 1503/263 1442/264
f 1519/261 1479/244 1449/265
f 1519/261 1449/265 1503/263
f 1503/263 1449/265 1442/264
f 1449/265 1479/244 1439/246
f 1442/264 1449/265 1433/266
f 1433/266 1449/265 1439/246
f 1562/267 1506/268 1418/269
f 1418/269 1506/268 1471/270
f 1509/271 1489/272 1471/270
f 1509/271 1471/270 1496/273
f 1496/273 1471/270 1506/268
f 1509/271 1496/273 1510/274
f 1510/274 1496/273 1506/268
f 1510/274 1506/268 1550/275
f 1550/275 1506/268 1555/276
f 1555/276 1506/268 1576/277
f 1576/277 1506/268 1562/267
f 1555/276 1576/277 1571/278
f 1571/278 1576/277 1596/279
f 1596/279 1576/277 1609/280
f 1576/277 1562/267 1599/281
f 1576/277 1599/281 1609/280
f 1609/280 1599/281 1596/279
f 1599/281 1562/267 1641/282
f 1596/279 1599/281 1619/283
f 1418/284 1419/285 1535/286
f 1418/284 1535/286 1562/287
f 1562/287 1535/286 1638/288
f 1419/285 1418/284 1368/289
f 1368/289 1418/284 1373/290
f 1419/285 1368/289 1366/291
f 1419/285 1366/291 1364/292
f 1366/291 1368/289 1362/293
f 1366/291 1362/293 1364/292
f 1364/292 1362/293 1323/294
f 1323/294 1362/293 1294/295
f 1323/294 1294/295 1290/296
f 1294/295 1362/293 292/297
f 1290/296 1294/295 1092/298
f 1092/298 1294/295 292/297
f 1268/299 1234/300 1172/301
f 1177/302 1172/301 155/303
f 1172/301 1177/302 1268/299
f 1268/299 1177/302 18/304
f 18/304 1177/302 40/305
f 1268/299 18/304 1182/306
f 1268/299 1182/306 1238/307
f 1268/299 1238/307 1199/308
f 1199/308 1238/307 1009/309
f 1238/307 1182/306 1265/310
f 1238/307 1265/310 32/311
f 1265/310 1182/306 1184/312
f 1184/312 1182/306 198/313
f 1265/310 1184/312 1252/314
f 1252/314 1184/312 235/315
f 1199/316 206/317 1028/318
f 206/317 1199/316 1009/319
f 1028/318 206/317 186/320
f 1028/318 186/320 54/321
f 54/321 186/320 231/322
f 186/320 206/317 203/323
f 186/320 203/323 231/322
f 203/323 206/317 200/324
f 231/322 203/323 270/325
f 203/323 200/324 969/326
f 270/325 203/323 42/327
f 203/323 969/326 45/328
f 203/323 45/328 42/327
f 1182/329 18/330 198/331
f 198/331 18/330 256/332
f 256/332 18/330 40/333
f 256/332 40/333 155/334
f 155/334 40/333 1177/335
f 256/332 155/334 97/336
f 97/336 155/334 1172/337
f 198/331 256/332 206/338
f 198/331 206/338 228/339
f 228/339 206/338 1009/340
f 228/339 1009/340 1238/341
f 228/339 1238/341 32/342
f 228/339 32/342 266/343
f 266/343 32/342 1265/344
f 228/339 266/343 241/345
f 228/339 241/345 198/331
f 241/345 266/343 235/346
f 198/331 241/345 151/347
f 151/347 241/345 235/346
f 198/331 151/347 1184/348
f 1184/348 151/347 235/346
f 1004/349 1028/350 33/351
f 33/351 1028/350 54/352
f 33/351 54/352 1004/349
f 1028/350 1004/349 1038/353
f 1004/349 54/352 231/354
f 1004/349 231/354 242/355
f 1004/349 242/355 266/356
f 266/356 242/355 312/357
f 242/355 231/354 270/358
f 312/357 242/355 334/359
f 334/359 242/355 270/358
f 334/359 270/358 42/360
f 1424/361 1387/362 1412/363
f 1412/363 1387/362 1322/364
f 1322/364 1387/362 1346/365
f 1387/362 1424/361 1384/366
f 1387/362 1384/366 1377/367
f 1377/367 1384/366 1424/361
f 1360/368 1306/369 1359/370
f 1360/368 1359/370 1322/371
f 1360/368 1322/371 1346/372
f 1322/371 1359/370 1422/373
f 1322/371 1422/373 1412/374
f 1359/370 1306/369 1318/375
f 1359/370 1318/375 1342/376
f 1342/376 1318/375 1337/377
f 1318/375 1306/369 1265/378
f 1265/378 1306/369 266/379
f 266/379 1306/369 1004/380
f 1256/381 1306/369 1360/368
f 1306/369 1256/381 1004/380
f 1256/381 1360/368 1272/382
f 1256/381 1272/382 1218/383
f 1256/381 1218/383 1200/384
f 1256/381 1200/384 1004/380
f 1004/380 1200/384 1038/385
f 1324/386 1272/387 1360/388
f 1272/387 1324/386 1253/389
f 1324/386 1360/388 1346/390
f 972/391 1000/392 1253/393
f 1000/392 972/391 249/394
f 1000/395 42/396 1253/397
f 42/396 1000/395 249/398
f 1253/397 42/396 1272/399
f 1272/399 42/396 45/400
f 1272/399 45/400 1218/401
f 1549/402 1534/403 1482/404
f 1482/404 1534/403 1442/405
f 1534/403 1549/402 1589/406
f 1589/406 1549/402 1588/407
f 1589/406 1588/407 1622/408
f 1534/403 1589/406 1560/409
f 1589/406 1622/408 1653/410
f 1560/409 1589/406 1606/411
f 1606/411 1589/406 1653/410
f 1560/409 1606/411 1612/412
f 1612/412 1606/411 1653/410
f 1560/409 1612/412 1638/413
f 1638/413 1612/412 1653/410
f 1560/409 1638/413 1535/414
f 1697/415 1653/410 1622/408
f 1638/413 1653/410 1702/416
f 1702/416 1653/410 1697/415
f 1702/416 1697/415 1740/417
f 1412/418 1484/419 1424/420
f 1424/420 1484/419 1482/421
f 1424/420 1482/421 1442/422
f 1482/421 1484/419 1543/423
f 1543/423 1484/419 1476/424
f 1476/424 1484/419 1412/418
f 1543/423 1476/424 1570/425
f 1476/424 1412/418 1499/426
f 1476/424 1499/426 1570/425
f 1499/426 1412/418 1422/427
f 1570/425 1499/426 1585/428
f 1499/426 1422/427 1404/429
f 1404/429 1422/427 1359/430
f 1404/429 1359/430 1342/431
f 1499/426 1404/429 1473/432
f 1473/432 1404/429 1342/431
f 1499/426 1473/432 1585/428
f 1473/432 1342/431 1413/433
f 1413/433 1342/431 1337/434
f 1585/428 1473/432 1582/435
f 1585/428 1582/435 1591/436
f 1585/428 1591/436 1611/437
f 1582/435 1473/432 1497/438
f 1497/438 1473/432 1413/433
f 1591/436 1582/435 1561/439
f 1561/439 1582/435 1497/438
f 1591/436 1561/439 1557/440
f 1591/436 1557/440 1578/441
f 1561/439 1497/438 1512/442
f 1561/439 1512/442 1557/440
f 1578/441 1557/440 1564/443
f 1564/443 1557/440 1512/442
f 1470/444 1497/438 1413/433
f 1497/438 1470/444 1512/442
f 1401/445 1413/433 1337/434
f 1413/433 1401/445 1470/444
f 1401/445 1337/434 1332/446
f 1512/442 1470/444 1491/447
f 1512/442 1491/447 1504/448
f 1504/448 1491/447 1470/444
f 1512/442 1504/448 1564/443
f 1401/445 1332/446 1388/449
f 1470/444 1401/445 1444/450
f 1470/444 1444/450 1504/448
f 1444/450 1401/445 1388/449
f 1388/449 1332/446 1385/451
f 1388/449 1385/451 1444/450
f 1385/451 1332/446 1355/452
f 1504/448 1444/450 1454/453
f 1454/453 1444/450 1385/451
f 1498/454 1564/443 1504/448
f 1498/454 1504/448 1454/453
f 1579/455 1621/456 1564/443
f 1579/455 1564/443 1498/454
f 1454/453 1385/451 1397/457
f 1397/457 1385/451 1355/452
f 1454/453 1397/457 1498/454
f 1397/457 1355/452 1410/458
f 1397/457 1410/458 1498/454
f 1579/455 1498/454 1580/459
f 1579/455 1580/459 1647/460
f 1580/459 1498/454 1516/461
f 1516/461 1498/454 1410/458
f 1580/459 1516/461 1574/462
f 1410/458 1355/452 1315/463
f 1574/462 1516/461 1554/464
f 1574/462 1554/464 1597/465
f 1554/464 1516/461 1521/466
f 1516/461 1410/458 1462/467
f 1516/461 1462/467 1487/468
f 1516/461 1487/468 1521/466
f 1487/468 1462/467 1480/469
f 1462/467 1410/458 1435/470
f 1462/467 1435/470 1480/469
f 1487/468 1480/469 1463/471
f 1463/471 1480/469 1435/470
f 1487/468 1463/471 1521/466
f 1435/470 1410/458 1398/472
f 1435/470 1398/472 1463/471
f 1463/471 1398/472 1521/466
f 1398/472 1410/458 1315/463
f 1502/473 1521/466 1434/474
f 1434/474 1521/466 1398/472
f 1339/475 1393/476 1434/474
f 1339/475 1434/474 1398/472
f 1339/475 1398/472 1334/477
f 1398/472 1315/463 1370/478
f 1370/478 1315/463 1299/479
f 1370/478 1299/479 1300/480
f 1300/480 1299/479 294/481
f 1300/480 294/481 1295/482
f 1300/480 1295/482 1370/478
f 1370/478 1295/482 1398/472
f 1398/472 1295/482 1334/477
f 1334/477 1295/482 108/483
f 1334/477 108/483 1263/484
f 1334/477 1263/484 1305/485
f 1263/484 108/483 1002/486
f 1377/487 1346/488 1387/489
f 1324/490 972/491 1253/492
f 972/491 1324/490 314/493
f 1940/494 1854/495 1879/496
f 1879/496 1854/495 1770/497
f 1940/494 1879/496 1977/498
f 1879/496 1770/497 1818/499
f 1818/499 1770/497 1827/500
f 1818/499 1827/500 1858/501
f 1879/496 1818/499 1906/502
f 1818/499 1858/501 1899/503
f 1818/499 1899/503 1906/502
f 1899/503 1858/501 1855/504
f 1879/496 1906/502 1953/505
f 1879/496 1953/505 1977/498
f 1953/505 1906/502 1899/503
f 1977/498 1953/505 1956/506
f 1956/506 1953/505 1899/503
f 1956/506 1899/503 1855/504
f 1977/498 1956/506 1965/507
f 1956/506 1855/504 1920/508
f 1956/506 1920/508 1965/507
f 1977/509 1952/510 1940/511
f 1940/511 1952/510 1911/512
f 1952/510 1977/509 1965/513
f 1952/510 1965/513 1941/514
f 1941/514 1965/513 1945/515
f 1941/514 1945/515 1892/516
f 1952/510 1941/514 1914/517
f 1952/510 1914/517 1922/518
f 1922/518 1914/517 1866/519
f 1866/519 1914/517 1842/520
f 1914/517 1941/514 1878/521
f 1914/517 1878/521 1842/520
f 1878/521 1941/514 1892/516
f 1878/521 1892/516 1827/522
f 1878/521 1827/522 1842/520
f 1827/522 1892/516 1858/523
f 1842/520 1827/522 1764/524
f 1842/520 1764/524 1793/525
f 1764/524 1827/522 1770/526
f 1764/524 1770/526 1786/527
f 1911/528 1854/529 1940/530
f 1854/529 1911/528 1913/531
f 1913/531 1911/528 1952/532
f 1913/531 1952/532 1922/533
f 1913/531 1922/533 1933/534
f 1913/531 1933/534 1896/535
f 1913/531 1896/535 1852/536
f 1913/531 1852/536 1854/529
f 1852/536 1896/535 1851/537
f 1852/536 1851/537 1793/538
f 1854/529 1852/536 1786/539
f 1786/539 1852/536 1793/538
f 1854/529 1786/539 1770/540
f 1786/539 1793/538 1764/541
f 1842/542 1793/543 1866/544
f 1866/544 1793/543 1861/545
f 1866/546 1946/547 1922/548
f 1946/547 1866/546 1861/549
f 1946/547 1861/549 1876/550
f 1946/547 1876/550 1944/551
f 1944/551 1876/550 1872/552
f 1944/551 1872/552 1867/553
f 1944/551 1867/553 1883/554
f 1883/554 1867/553 1872/552
f 1933/555 1922/556 1946/557
f 1933/555 1946/557 1955/558
f 1955/558 1946/557 1944/559
f 1933/555 1955/558 1891/560
f 1891/560 1955/558 1944/559
f 1933/555 1891/560 1896/561
f 1891/560 1944/559 1883/562
f 1891/560 1883/562 1872/563
f 1896/561 1891/560 1851/564
f 1891/560 1872/563 1876/565
f 1891/560 1876/565 1851/564
f 1851/564 1876/565 1861/566
f 1851/564 1861/566 1793/567
f 1562/568 1638/569 1641/570
f 1619/571 1599/572 1641/570
f 1619/571 1641/570 1650/573
f 1641/570 1638/569 1817/574
f 1817/574 1638/569 1702/575
f 1817/574 1702/575 1740/576
f 1817/574 1740/576 1797/577
f 1817/574 1797/577 1805/578
f 1817/574 1805/578 1641/570
f 1805/578 1797/577 1826/579
f 1767/580 1826/579 1650/573
f 1826/579 1767/580 1805/578
f 1805/578 1767/580 1703/581
f 1805/578 1703/581 1641/570
f 1767/580 1650/573 1714/582
f 1767/580 1714/582 1703/581
f 1679/583 1650/573 1641/570
f 1650/573 1679/583 1714/582
f 1679/583 1641/570 1703/581
f 1703/581 1714/582 1716/584
f 1716/584 1714/582 1679/583
f 1716/584 1679/583 1703/581
f 150/585 66/586 144/587
f 150/585 144/587 1121/588
f 150/585 1121/588 158/589
f 66/586 150/585 95/590
f 95/590 150/585 158/589
f 95/590 158/589 1151/591
f 95/590 1151/591 1106/592
f 66/586 95/590 141/593
f 95/590 1106/592 103/594
f 95/590 103/594 141/593
f 141/593 103/594 1020/595
f 1022/596 117/597 77/598
f 87/599 178/600 77/598
f 87/599 77/598 117/597
f 87/599 117/597 60/601
f 60/601 117/597 46/602
f 46/602 117/597 41/603
f 41/603 117/597 122/604
f 122/604 117/597 1022/596
f 122/604 1022/596 124/605
f 119/606 109/607 116/608
f 109/607 119/606 76/609
f 76/609 119/606 60/610
f 109/607 76/609 81/611
f 109/607 81/611 107/612
f 107/612 81/611 114/613
f 81/611 76/609 102/614
f 102/614 76/609 34/615
f 81/611 102/614 63/616
f 81/611 63/616 114/613
f 114/613 63/616 104/617
f 114/613 104/617 85/618
f 34/615 76/609 148/619
f 148/619 76/609 60/610
f 148/619 60/610 5/620
f 148/619 5/620 1033/621
f 148/619 1033/621 136/622
f 87/623 60/624 1072/625
f 1072/625 60/624 119/626
f 71/627 210/628 1011/629
f 71/627 1011/629 1017/630
f 1011/629 210/628 1123/631
f 1123/631 210/628 149/632
f 1123/631 149/632 139/633
f 139/633 149/632 210/628
f 139/633 210/628 154/634
f 1017/635 58/636 71/637
f 58/636 1017/635 30/638
f 58/636 30/638 209/639
f 30/638 1017/635 1006/640
f 209/639 30/638 223/641
f 223/641 30/638 1006/640
f 223/641 1006/640 134/642
f 134/642 1006/640 1140/643
f 978/644 1016/645 271/646
f 271/646 1016/645 970/647
f 978/644 271/646 314/648
f 271/646 970/647 331/649
f 271/646 331/649 314/648
f 331/649 970/647 258/650
f 331/649 258/650 287/651
f 314/648 331/649 337/652
f 337/652 331/649 348/653
f 337/652 348/653 363/654
f 348/653 331/649 366/655
f 348/653 366/655 363/654
f 337/652 363/654 381/656
f 337/652 381/656 364/657
f 364/657 381/656 398/658
f 398/658 381/656 460/659
f 460/659 381/656 434/660
f 434/660 381/656 363/654
f 460/659 434/660 493/661
f 419/662 363/654 366/655
f 363/654 419/662 434/660
f 493/661 434/660 499/663
f 493/661 499/663 552/664
f 552/664 499/663 556/665
f 434/660 419/662 430/666
f 419/662 366/655 383/667
f 419/662 383/667 430/666
f 383/667 366/655 380/668
f 380/668 366/655 331/649
f 434/660 430/666 443/669
f 434/660 443/669 499/663
f 430/666 383/667 422/670
f 430/666 422/670 443/669
f 383/667 380/668 386/671
f 383/667 386/671 422/670
f 380/668 331/649 352/672
f 380/668 352/672 386/671
f 352/672 331/649 292/673
f 464/674 499/663 443/669
f 464/674 443/669 422/670
f 299/675 292/673 1362/676
f 292/673 299/675 352/672
f 464/674 422/670 424/677
f 424/677 422/670 386/671
f 499/663 464/674 441/678
f 441/678 464/674 424/677
f 424/677 386/671 384/679
f 424/677 384/679 441/678
f 384/679 386/671 352/672
f 499/663 441/678 484/680
f 384/679 352/672 351/681
f 441/678 384/679 373/682
f 373/682 384/679 351/681
f 441/678 373/682 484/680
f 499/663 484/680 556/665
f 351/681 352/672 354/683
f 351/681 354/683 373/682
f 354/683 352/672 299/675
f 354/683 299/675 357/684
f 354/683 357/684 405/685
f 354/683 405/685 373/682
f 373/682 405/685 484/680
f 484/680 405/685 512/686
f 484/680 512/686 556/665
f 556/665 512/686 631/687
f 631/687 512/686 576/688
f 631/687 576/688 605/689
f 576/688 512/686 538/690
f 605/689 576/688 581/691
f 576/688 538/690 564/692
f 564/692 538/690 555/693
f 564/692 555/693 581/691
f 581/691 576/688 599/694
f 581/691 599/694 564/692
f 564/692 599/694 576/688
f 272/695 1087/696 102/697
f 1087/696 272/695 258/698
f 258/698 272/695 287/699
f 287/699 272/695 102/697
f 287/699 102/697 34/700
f 287/699 34/700 285/701
f 287/699 285/701 292/702
f 287/699 292/702 331/703
f 285/701 34/700 115/704
f 285/701 115/704 292/702
f 115/704 34/700 148/705
f 292/702 115/704 1092/706
f 115/704 148/705 136/707
f 115/704 136/707 1092/706
f 974/708 283/709 299/710
f 283/709 974/708 1031/711
f 283/709 1031/711 979/712
f 283/709 979/712 1030/713
f 299/710 283/709 357/714
f 357/714 283/709 1030/713
f 357/714 1030/713 284/715
f 284/715 1030/713 51/716
f 357/714 284/715 359/717
f 357/714 359/717 405/718
f 167/719 200/720 209/721
f 209/721 200/720 206/722
f 167/719 209/721 223/723
f 167/719 223/723 134/724
f 512/725 405/726 456/727
f 512/725 456/727 487/728
f 512/725 487/728 538/729
f 538/729 487/728 494/730
f 494/730 487/728 495/731
f 495/731 487/728 456/727
f 495/731 456/727 478/732
f 249/733 334/734 42/735
f 334/734 249/733 314/736
f 314/736 249/733 972/737
f 334/738 318/739 312/740
f 318/739 334/738 314/741
f 337/742 364/743 318/739
f 318/739 364/743 367/744
f 367/744 364/743 379/745
f 367/744 379/745 406/746
f 406/746 379/745 398/747
f 318/739 367/744 451/748
f 451/748 367/744 406/746
f 451/748 406/746 468/749
f 318/739 451/748 312/740
f 312/740 451/748 477/750
f 477/750 451/748 547/751
f 312/740 477/750 394/752
f 477/750 547/751 444/753
f 477/750 444/753 394/752
f 444/753 547/751 570/754
f 444/753 570/754 504/755
f 312/740 394/752 339/756
f 339/756 394/752 444/753
f 444/753 504/755 486/757
f 486/757 504/755 545/758
f 486/757 545/758 542/759
f 444/753 486/757 401/760
f 444/753 401/760 346/761
f 444/753 346/761 339/756
f 401/760 486/757 415/762
f 401/760 415/762 346/761
f 486/757 542/759 461/763
f 486/757 461/763 415/762
f 461/763 542/759 496/764
f 496/764 542/759 546/765
f 415/762 461/763 436/766
f 436/766 461/763 496/764
f 346/761 415/762 326/767
f 346/761 326/767 339/756
f 415/762 436/766 407/768
f 415/762 407/768 326/767
f 436/766 496/764 492/769
f 492/769 496/764 546/765
f 492/769 546/765 566/770
f 566/770 546/765 593/771
f 492/769 566/770 524/772
f 492/769 524/772 403/773
f 492/769 403/773 436/766
f 403/773 524/772 327/774
f 371/775 407/768 436/766
f 371/775 436/766 403/773
f 407/768 371/775 326/767
f 371/775 403/773 344/776
f 371/775 344/776 326/767
f 344/776 403/773 327/774
f 344/776 327/774 326/767
f 326/767 327/774 311/777
f 326/767 311/777 339/756
f 311/777 327/774 280/778
f 280/778 327/774 294/779
f 280/778 294/779 1032/780
f 1032/780 294/779 1299/781
f 311/777 280/778 29/782
f 311/777 29/782 1303/783
f 311/777 1303/783 999/784
f 301/785 339/756 311/777
f 339/756 301/785 312/740
f 312/740 301/785 266/786
f 266/786 301/785 235/787
f 235/787 301/785 1019/788
f 235/787 1019/788 1252/789
f 301/785 311/777 257/790
f 301/785 257/790 1019/788
f 257/790 311/777 999/784
f 1019/788 257/790 2/791
f 2/791 257/790 999/784
f 314/792 337/793 318/794
f 364/795 398/796 379/797
f 451/798 468/799 473/800
f 451/798 473/800 528/801
f 451/798 528/801 547/802
f 528/801 473/800 543/803
f 543/803 473/800 468/799
f 547/802 528/801 588/804
f 547/802 588/804 570/805
f 588/804 528/801 565/806
f 565/806 528/801 543/803
f 570/805 588/804 626/807
f 588/804 565/806 634/808
f 588/804 634/808 626/807
f 634/808 565/806 586/809
f 586/809 565/806 543/803
f 626/807 634/808 579/810
f 570/805 626/807 597/811
f 597/811 626/807 579/810
f 570/805 597/811 573/812
f 570/805 573/812 504/813
f 504/813 573/812 545/814
f 545/814 573/812 542/815
f 542/815 573/812 597/811
f 542/815 597/811 579/810
f 635/816 579/810 634/808
f 579/810 635/816 542/815
f 635/816 634/808 586/809
f 542/815 635/816 594/817
f 542/815 594/817 546/818
f 546/818 594/817 593/819
f 593/819 594/817 646/820
f 646/820 594/817 635/816
f 593/819 646/820 662/821
f 646/820 635/816 641/822
f 593/819 662/821 636/823
f 593/819 636/823 566/824
f 662/821 646/820 675/825
f 636/823 662/821 664/826
f 646/820 641/822 672/827
f 646/820 672/827 675/825
f 672/827 641/822 635/816
f 675/825 672/827 694/828
f 636/823 664/826 669/829
f 669/829 664/826 697/830
f 636/823 669/829 617/831
f 617/831 669/829 697/830
f 617/831 697/830 592/832
f 694/828 672/827 685/833
f 672/827 635/816 611/834
f 672/827 611/834 685/833
f 611/834 635/816 586/809
f 694/828 685/833 726/835
f 611/834 586/809 563/836
f 563/836 586/809 543/803
f 611/834 563/836 582/837
f 582/837 563/836 587/838
f 582/837 587/838 611/834
f 587/838 563/836 543/803
f 642/839 685/833 611/834
f 642/839 611/834 587/838
f 587/838 543/803 561/840
f 561/840 543/803 468/799
f 587/838 561/840 600/841
f 587/838 600/841 642/839
f 561/840 468/799 493/842
f 493/842 468/799 460/843
f 460/843 468/799 398/844
f 398/844 468/799 406/845
f 561/840 493/842 552/846
f 561/840 552/846 600/841
f 600/841 552/846 603/847
f 603/847 552/846 556/848
f 600/841 603/847 607/849
f 600/841 607/849 642/839
f 642/839 607/849 603/847
f 603/847 556/848 639/850
f 603/847 639/850 642/839
f 639/850 556/848 631/851
f 642/839 639/850 691/852
f 642/839 691/852 685/833
f 685/833 691/852 726/835
f 691/852 639/850 721/853
f 721/853 639/850 631/851
f 726/835 691/852 773/854
f 773/854 691/852 721/853
f 776/855 753/856 726/835
f 776/855 726/835 784/857
f 784/857 726/835 773/854
f 784/857 773/854 813/858
f 773/854 721/853 787/859
f 773/854 787/859 813/858
f 787/859 721/853 631/851
f 813/858 787/859 730/860
f 787/859 631/851 684/861
f 787/859 684/861 730/860
f 684/861 631/851 668/862
f 684/861 668/862 696/863
f 684/861 696/863 704/864
f 704/864 696/863 668/862
f 684/861 704/864 730/860
f 668/862 631/851 633/865
f 668/862 633/865 704/864
f 704/864 633/865 730/860
f 730/860 633/865 813/858
f 633/865 631/851 605/866
f 633/865 605/866 580/867
f 813/858 633/865 692/868
f 692/868 633/865 580/867
f 813/858 692/868 727/869
f 727/869 692/868 679/870
f 679/870 692/868 651/871
f 651/871 692/868 580/867
f 651/871 580/867 584/872
f 584/872 580/867 574/873
f 574/873 580/867 530/874
f 758/875 794/876 751/877
f 794/876 758/875 839/878
f 758/875 751/877 786/879
f 758/875 786/879 835/880
f 835/880 786/879 862/881
f 835/880 862/881 833/882
f 835/880 833/882 871/883
f 839/878 758/875 816/884
f 839/878 816/884 897/885
f 897/885 816/884 901/886
f 816/884 758/875 828/887
f 828/887 758/875 835/880
f 901/886 816/884 865/888
f 865/888 816/884 828/887
f 901/886 865/888 926/889
f 828/887 835/880 875/890
f 828/887 875/890 865/888
f 865/888 875/890 926/889
f 875/890 835/880 871/883
f 926/889 875/890 933/891
f 933/891 875/890 871/883
f 933/891 871/883 863/892
f 751/893 794/894 790/895
f 790/895 794/894 840/896
f 751/893 790/895 845/897
f 751/893 845/897 846/898
f 846/898 845/897 917/899
f 790/895 840/896 857/900
f 790/895 857/900 845/897
f 857/900 840/896 886/901
f 857/900 886/901 907/902
f 857/900 907/902 845/897
f 845/897 907/902 917/899
f 917/899 907/902 944/903
f 751/904 846/905 786/906
f 786/906 846/905 866/907
f 866/907 846/905 917/908
f 786/906 866/907 888/909
f 786/906 888/909 862/910
f 862/910 888/909 935/911
f 888/909 866/907 948/912
f 888/909 948/912 935/911
f 866/907 917/908 961/913
f 866/907 961/913 948/912
f 948/912 961/913 935/911
f 961/913 917/908 944/914
f 935/911 961/913 949/915
f 949/915 961/913 944/914
f 935/911 949/915 910/916
f 907/917 901/918 944/914
f 944/914 901/918 926/919
f 944/914 926/919 949/915
f 949/915 926/919 933/920
f 949/915 933/920 927/921
f 897/922 901/923 907/924
f 897/922 907/924 915/925
f 915/925 907/924 941/926
f 897/922 915/925 839/927
f 839/927 915/925 794/928
f 915/929 860/930 794/931
f 860/930 915/929 941/932
f 868/933 860/930 855/934
f 855/934 860/930 896/935
f 896/935 860/930 941/932
f 896/935 941/932 940/936
f 940/936 941/932 931/937
f 940/936 931/937 882/938
f 931/937 941/932 886/939
f 886/939 941/932 907/940
f 931/937 886/939 868/941
f 931/937 868/941 882/938
f 882/938 868/941 855/942
f 860/943 840/944 794/945
f 840/944 860/943 868/946
f 840/944 868/946 886/947
f 1285/948 990/949 1025/950
f 1285/948 1025/950 994/951
f 1285/948 994/951 995/952
f 990/949 1285/948 16/953
f 1285/948 995/952 1013/954
f 16/953 1285/948 1232/955
f 1232/955 1285/948 1013/954
f 16/953 1232/955 998/956
f 1232/955 1013/954 1287/957
f 1232/955 1287/957 998/956
f 998/956 1287/957 29/958
f 29/958 1287/957 1303/959
f 1287/957 1013/954 1032/960
f 1303/959 1287/957 1315/961
f 1315/961 1287/957 1032/960
f 1315/961 1032/960 1299/962
f 999/963 1261/964 2/965
f 1261/964 999/963 1303/966
f 2/965 1261/964 1019/967
f 1261/964 1303/966 1350/968
f 1261/964 1350/968 1019/967
f 1350/968 1303/966 1315/969
f 1019/967 1350/968 1318/970
f 1019/967 1318/970 1252/971
f 1252/971 1318/970 1265/972
f 1318/970 1350/968 1337/973
f 1337/973 1350/968 1332/974
f 1332/974 1350/968 1315/969
f 1332/974 1315/969 1355/975
f 1585/976 1637/977 1603/978
f 1637/977 1585/976 1611/979
f 1585/976 1603/978 1570/980
f 1570/980 1603/978 1543/981
f 1603/978 1637/977 1626/982
f 1626/982 1637/977 1648/983
f 1626/982 1648/983 1645/984
f 1603/978 1626/982 1566/985
f 1603/978 1566/985 1543/981
f 1543/981 1566/985 1549/986
f 1543/981 1549/986 1482/987
f 1549/986 1566/985 1588/988
f 1566/985 1626/982 1587/989
f 1566/985 1587/989 1588/988
f 1587/989 1626/982 1645/984
f 1588/988 1587/989 1594/990
f 1588/988 1594/990 1622/991
f 1622/991 1594/990 1587/989
f 1622/991 1587/989 1645/984
f 1622/991 1645/984 1676/992
f 1622/991 1676/992 1697/993
f 1676/992 1645/984 1684/994
f 1697/993 1676/992 1717/995
f 1717/995 1676/992 1684/994
f 1697/993 1717/995 1740/996
f 1740/996 1717/995 1785/997
f 1717/995 1684/994 1769/998
f 1717/995 1769/998 1785/997
f 1785/997 1769/998 1801/999
f 1785/997 1801/999 1795/1000
f 1795/1000 1801/999 1920/1001
f 1920/1001 1801/999 1868/1002
f 1920/1001 1868/1002 1958/1003
f 1801/999 1769/998 1821/1004
f 1801/999 1821/1004 1868/1002
f 1772/1005 1769/998 1684/994
f 1769/998 1772/1005 1821/1004
f 1935/1006 1937/1007 1958/1003
f 1935/1006 1958/1003 1929/1008
f 1929/1008 1958/1003 1868/1002
f 1772/1005 1684/994 1699/1009
f 1699/1009 1684/994 1688/1010
f 1699/1009 1688/1010 1712/1011
f 1699/1009 1712/1011 1761/1012
f 1699/1009 1761/1012 1772/1005
f 1772/1005 1761/1012 1810/1013
f 1772/1005 1810/1013 1821/1004
f 1815/1014 1868/1002 1821/1004
f 1815/1014 1821/1004 1810/1013
f 1868/1002 1815/1014 1929/1008
f 1815/1014 1810/1013 1799/1015
f 1929/1008 1815/1014 1904/1016
f 1904/1016 1815/1014 1799/1015
f 1929/1008 1904/1016 1932/1017
f 1904/1016 1799/1015 1806/1018
f 1637/1019 1611/1020 1591/1021
f 1637/1019 1591/1021 1648/1022
f 1648/1022 1591/1021 1578/1023
f 1648/1022 1578/1023 1645/1024
f 1645/1024 1578/1023 1621/1025
f 1621/1025 1578/1023 1564/1026
f 1645/1024 1621/1025 1684/1027
f 1684/1027 1621/1025 1688/1028
f 1688/1028 1621/1025 1579/1029
f 1748/1030 1754/1031 1683/1032
f 1748/1030 1683/1032 1689/1033
f 1748/1030 1689/1033 1754/1031
f 1754/1031 1689/1033 1756/1034
f 1756/1034 1689/1033 1680/1035
f 1810/1036 1761/1037 1754/1031
f 1756/1034 1680/1035 1752/1038
f 1752/1038 1680/1035 1711/1039
f 1752/1038 1711/1039 1725/1040
f 1756/1034 1752/1038 1777/1041
f 1756/1034 1777/1041 1754/1031
f 1777/1041 1752/1038 1725/1040
f 1754/1031 1777/1041 1810/1036
f 1777/1041 1725/1040 1790/1042
f 1790/1042 1725/1040 1780/1043
f 1777/1041 1790/1042 1816/1044
f 1810/1036 1777/1041 1836/1045
f 1836/1045 1777/1041 1816/1044
f 1810/1036 1836/1045 1799/1046
f 1799/1046 1836/1045 1816/1044
f 1683/1047 1754/1048 1682/1049
f 1682/1049 1754/1048 1761/1050
f 1683/1047 1682/1049 1689/1051
f 1682/1049 1761/1050 1712/1052
f 1682/1049 1712/1052 1689/1051
f 1689/1051 1712/1052 1680/1053
f 1680/1053 1712/1052 1688/1054
f 1680/1053 1688/1054 1647/1055
f 1647/1055 1688/1054 1579/1056
f 1680/1053 1647/1055 1687/1057
f 1687/1057 1647/1055 1643/1058
f 1680/1053 1687/1057 1711/1059
f 1711/1059 1687/1057 1643/1058
f 1936/1060 1945/1061 1965/1062
f 1945/1061 1936/1060 1875/1063
f 1945/1061 1875/1063 1892/1064
f 1892/1064 1875/1063 1858/1065
f 1858/1065 1875/1063 1855/1066
f 1855/1066 1875/1063 1795/1067
f 1855/1066 1795/1067 1920/1068
f 1795/1067 1875/1063 1824/1069
f 1824/1069 1875/1063 1936/1060
f 1795/1067 1824/1069 1847/1070
f 1795/1067 1847/1070 1785/1071
f 1797/1072 1740/1073 1785/1071
f 1797/1072 1785/1071 1847/1070
f 1829/1074 1847/1070 1885/1075
f 1885/1075 1847/1070 1890/1076
f 1890/1076 1847/1070 1943/1077
f 1890/1076 1943/1077 1885/1075
f 1943/1077 1847/1070 1824/1069
f 1885/1075 1943/1077 1950/1078
f 1950/1078 1943/1077 1971/1079
f 1950/1078 1971/1079 1961/1080
f 1943/1077 1824/1069 1963/1081
f 1943/1077 1963/1081 1971/1079
f 1963/1081 1824/1069 1979/1082
f 1963/1081 1979/1082 1947/1083
f 1979/1082 1824/1069 1936/1060
f 1979/1082 1936/1060 1984/1084
f 1984/1084 1936/1060 1972/1085
f 1971/1079 1963/1081 1902/1086
f 1972/1085 1936/1060 1937/1087
f 1910/1088 1961/1080 1971/1079
f 1910/1088 1971/1079 1902/1086
f 1910/1088 1902/1086 1856/1089
f 1937/1087 1936/1060 1965/1062
f 1972/1085 1937/1087 1978/1090
f 1978/1090 1937/1087 1935/1091
f 1937/1087 1965/1062 1920/1092
f 1937/1087 1920/1092 1958/1093
f 1910/1088 1856/1089 1837/1094
f 1910/1088 1837/1094 1894/1095
f 1894/1095 1837/1094 1841/1096
f 1837/1094 1856/1089 1857/1097
f 1837/1094 1857/1097 1750/1098
f 1829/1099 1826/1100 1797/1101
f 1829/1099 1797/1101 1847/1102
f 1826/1100 1829/1099 1743/1103
f 1743/1103 1829/1099 1746/1104
f 1743/1103 1746/1104 1720/1105
f 1720/1105 1746/1104 1750/1106
f 1720/1105 1750/1106 1727/1107
f 1743/1103 1720/1105 1696/1108
f 1826/1100 1743/1103 1709/1109
f 1709/1109 1743/1103 1696/1108
f 1709/1109 1696/1108 1659/1110
f 1659/1110 1696/1108 1664/1111
f 1826/1100 1709/1109 1640/1112
f 1640/1112 1709/1109 1659/1110
f 1826/1100 1640/1112 1650/1113
f 1640/1112 1659/1110 1600/1114
f 1650/1113 1640/1112 1575/1115
f 1575/1115 1640/1112 1600/1114
f 1650/1113 1575/1115 1619/1116
f 1575/1115 1600/1114 1590/1117
f 1575/1115 1590/1117 1529/1118
f 1820/1119 1829/1120 1885/1121
f 1829/1120 1820/1119 1837/1122
f 1829/1120 1837/1122 1746/1123
f 1746/1123 1837/1122 1750/1124
f 1837/1122 1820/1119 1841/1125
f 1820/1119 1885/1121 1887/1126
f 1820/1119 1887/1126 1841/1125
f 1887/1126 1885/1121 1950/1127
f 1841/1125 1887/1126 1882/1128
f 1882/1128 1887/1126 1950/1127
f 1841/1125 1882/1128 1894/1129
f 1894/1129 1882/1128 1950/1127
f 1894/1129 1950/1127 1961/1130
f 1894/1129 1961/1130 1910/1131
f 1025/1132 990/1133 187/1134
f 1025/1132 187/1134 994/1135
f 187/1134 990/1133 275/1136
f 187/1134 275/1136 994/1135
f 994/1135 275/1136 995/1137
f 275/1136 990/1133 16/1138
f 995/1137 275/1136 1013/1139
f 275/1136 16/1138 219/1140
f 275/1136 219/1140 1013/1139
f 219/1140 16/1138 998/1141
f 219/1140 998/1141 29/1142
f 219/1140 29/1142 280/1143
f 219/1140 280/1143 1013/1139
f 1013/1139 280/1143 1032/1144
f 671/1145 736/1146 733/1147
f 736/1146 671/1145 700/1148
f 671/1145 733/1147 670/1149
f 677/1150 700/1151 671/1152
f 677/1150 671/1152 670/1153
f 677/1150 670/1153 723/1154
f 723/1154 670/1153 733/1155
f 723/1154 733/1155 677/1150
f 677/1150 733/1155 746/1156
f 736/1157 792/1158 733/1159
f 733/1159 792/1158 746/1160
f 792/1158 736/1157 763/1161
f 763/1161 736/1157 700/1162
f 763/1161 700/1162 686/1163
f 746/1160 792/1158 745/1164
f 746/1160 745/1164 664/1165
f 664/1165 745/1164 697/1166
f 697/1166 745/1164 708/1167
f 745/1164 792/1158 762/1168
f 745/1164 762/1168 708/1167
f 762/1168 792/1158 817/1169
f 793/1170 792/1158 763/1161
f 792/1158 793/1170 817/1169
f 793/1170 763/1161 800/1171
f 800/1171 763/1161 760/1172
f 793/1170 800/1171 853/1173
f 853/1173 800/1171 753/1174
f 753/1174 800/1171 760/1172
f 753/1174 760/1172 675/1175
f 753/1174 675/1175 694/1176
f 795/1177 817/1169 793/1170
f 817/1169 795/1177 762/1168
f 762/1168 795/1177 775/1178
f 762/1168 775/1178 708/1167
f 775/1178 795/1177 805/1179
f 805/1179 795/1177 797/1180
f 708/1167 775/1178 771/1181
f 708/1167 771/1181 718/1182
f 775/1178 805/1179 814/1183
f 814/1183 805/1179 797/1180
f 775/1178 814/1183 771/1181
f 814/1183 797/1180 801/1184
f 718/1182 771/1181 764/1185
f 764/1185 771/1181 814/1183
f 718/1182 764/1185 707/1186
f 707/1186 764/1185 702/1187
f 702/1187 764/1185 754/1188
f 764/1185 814/1183 777/1189
f 764/1185 777/1189 754/1188
f 777/1189 814/1183 809/1190
f 754/1188 777/1189 744/1191
f 744/1191 777/1189 809/1190
f 744/1191 809/1190 742/1192
f 686/1193 700/1194 675/1195
f 686/1193 675/1195 760/1196
f 686/1193 760/1196 763/1197
f 726/1198 753/1199 694/1200
f 734/1201 813/1202 727/1203
f 813/1202 734/1201 806/1204
f 806/1204 734/1201 811/1205
f 734/1201 727/1203 716/1206
f 716/1206 727/1203 679/1207
f 716/1206 679/1207 693/1208
f 811/1205 734/1201 737/1209
f 737/1209 734/1201 716/1206
f 811/1205 737/1209 825/1210
f 716/1206 693/1208 743/1211
f 716/1206 743/1211 737/1209
f 737/1209 743/1211 825/1210
f 825/1210 743/1211 844/1212
f 844/1212 743/1211 798/1213
f 825/1210 844/1212 836/1214
f 753/1215 779/1216 780/1217
f 779/1216 753/1215 776/1218
f 779/1216 776/1218 832/1219
f 753/1215 780/1217 853/1220
f 779/1216 832/1219 807/1221
f 779/1216 807/1221 863/1222
f 779/1216 863/1222 833/1223
f 833/1223 863/1222 871/1224
f 779/1216 833/1223 862/1225
f 779/1216 862/1225 780/1217
f 780/1217 862/1225 910/1226
f 910/1226 862/1225 935/1227
f 780/1217 910/1226 847/1228
f 780/1217 847/1228 853/1220
f 853/1220 847/1228 793/1229
f 847/1228 910/1226 928/1230
f 847/1228 928/1230 879/1231
f 949/1232 927/1233 910/1234
f 910/1234 927/1233 928/1235
f 863/1236 927/1233 933/1237
f 807/1238 909/1239 863/1236
f 863/1236 909/1239 965/1240
f 863/1236 965/1240 927/1233
f 965/1240 909/1239 939/1241
f 928/1235 927/1233 924/1242
f 928/1235 924/1242 955/1243
f 928/1235 955/1243 922/1244
f 924/1242 927/1233 960/1245
f 922/1244 955/1243 952/1246
f 924/1242 960/1245 934/1247
f 924/1242 934/1247 955/1243
f 960/1245 927/1233 959/1248
f 960/1245 959/1248 934/1247
f 959/1248 927/1233 968/1249
f 968/1249 927/1233 965/1240
f 934/1247 959/1248 967/1250
f 967/1250 959/1248 968/1249
f 955/1243 934/1247 963/1251
f 963/1251 934/1247 967/1250
f 893/1252 952/1246 955/1243
f 893/1252 955/1243 963/1251
f 952/1246 893/1252 938/1253
f 951/1254 938/1253 963/1251
f 893/1252 963/1251 908/1255
f 893/1252 908/1255 938/1253
f 938/1253 908/1255 963/1251
f 962/1256 967/1250 968/1249
f 962/1256 968/1249 965/1240
f 967/1250 962/1256 964/1257
f 967/1250 964/1257 947/1258
f 947/1258 964/1257 894/1259
f 947/1258 894/1259 822/1260
f 964/1257 962/1256 932/1261
f 964/1257 932/1261 894/1259
f 962/1256 965/1240 953/1262
f 962/1256 953/1262 932/1261
f 796/1263 842/1264 822/1260
f 796/1263 822/1260 824/1265
f 822/1260 894/1259 852/1266
f 822/1260 852/1266 824/1265
f 852/1266 894/1259 932/1261
f 824/1265 852/1266 861/1267
f 824/1265 861/1267 854/1268
f 852/1266 932/1261 895/1269
f 895/1269 932/1261 953/1262
f 852/1266 895/1269 861/1267
f 854/1268 861/1267 844/1270
f 844/1270 861/1267 836/1271
f 836/1271 861/1267 843/1272
f 895/1269 953/1262 937/1273
f 895/1269 937/1273 861/1267
f 861/1267 937/1273 843/1272
f 937/1273 953/1262 965/1240
f 843/1272 937/1273 939/1241
f 939/1241 937/1273 965/1240
f 848/1274 855/1275 896/1276
f 855/1275 848/1274 882/1277
f 848/1274 896/1276 940/1278
f 848/1274 940/1278 882/1277
f 784/1279 832/1280 776/1281
f 813/1282 806/1283 784/1279
f 784/1279 806/1283 811/1284
f 784/1279 811/1284 832/1280
f 825/1285 804/1286 811/1284
f 811/1284 804/1286 830/1287
f 811/1284 830/1287 832/1280
f 830/1287 804/1286 821/1288
f 830/1287 821/1288 898/1289
f 832/1280 830/1287 873/1290
f 832/1280 873/1290 807/1291
f 807/1291 873/1290 909/1292
f 830/1287 898/1289 920/1293
f 830/1287 920/1293 873/1290
f 920/1293 898/1289 929/1294
f 920/1293 929/1294 954/1295
f 873/1290 920/1293 921/1296
f 921/1296 920/1293 954/1295
f 873/1290 921/1296 909/1292
f 921/1296 954/1295 957/1297
f 921/1296 957/1297 909/1292
f 909/1292 957/1297 939/1298
f 939/1299 911/1300 843/1301
f 911/1300 939/1299 957/1302
f 911/1300 957/1302 954/1303
f 843/1301 911/1300 836/1304
f 911/1300 954/1303 929/1305
f 911/1300 929/1305 836/1304
f 836/1304 929/1305 825/1306
f 825/1306 929/1305 841/1307
f 825/1306 841/1307 804/1308
f 804/1308 841/1307 821/1309
f 841/1307 929/1305 870/1310
f 841/1307 870/1310 821/1309
f 870/1310 929/1305 898/1311
f 870/1310 898/1311 821/1309
f 1156/1312 158/1313 1121/1314
f 158/1313 1156/1312 1151/1315
f 1151/1315 1156/1312 1121/1314
f 1106/1316 1137/1317 103/1318
f 103/1318 1137/1317 120/1319
f 120/1319 1137/1317 1154/1320
f 120/1319 1154/1320 157/1321
f 120/1319 157/1321 103/1318
f 157/1321 1154/1320 1153/1322
f 103/1318 157/1321 106/1323
f 103/1318 106/1323 1020/1324
f 157/1321 1153/1322 145/1325
f 145/1325 1153/1322 1179/1326
f 106/1323 157/1321 169/1327
f 169/1327 157/1321 145/1325
f 106/1323 169/1327 217/1328
f 106/1323 217/1328 24/1329
f 169/1327 145/1325 110/1330
f 169/1327 110/1330 217/1328
f 110/1330 145/1325 1179/1326
f 217/1328 110/1330 222/1331
f 110/1330 1179/1326 1171/1332
f 110/1330 1171/1332 222/1331
f 1020/1333 1014/1334 1023/1335
f 1014/1334 1020/1333 161/1336
f 161/1336 1020/1333 106/1337
f 1203/1338 130/1339 1104/1340
f 130/1339 1203/1338 216/1341
f 1104/1340 130/1339 262/1342
f 262/1342 130/1339 216/1341
f 1104/1340 262/1342 171/1343
f 171/1343 262/1342 216/1341
f 1088/1344 1143/1345 1149/1346
f 1088/1344 1149/1346 24/1347
f 1088/1344 24/1347 1026/1348
f 1143/1345 1088/1344 1221/1349
f 1143/1345 1221/1349 1171/1350
f 1088/1344 1026/1348 1152/1351
f 1152/1351 1026/1348 1119/1352
f 1152/1351 1119/1352 1039/1353
f 1088/1344 1152/1351 1166/1354
f 1166/1354 1152/1351 1039/1353
f 1088/1344 1166/1354 1221/1349
f 1171/1350 1221/1349 1210/1355
f 1210/1355 1221/1349 1166/1354
f 1171/1350 1210/1355 222/1356
f 222/1356 1210/1355 218/1357
f 218/1357 1210/1355 1166/1354
f 1166/1354 1039/1353 1115/1358
f 218/1357 1166/1354 127/1359
f 127/1359 1166/1354 1115/1358
f 127/1359 1115/1358 88/1360
f 88/1360 1115/1358 1134/1361
f 88/1360 1134/1361 48/1362
f 1012/1363 1119/1364 1040/1365
f 1040/1365 1119/1364 112/1366
f 1040/1365 112/1366 1012/1363
f 112/1366 1119/1364 121/1367
f 1012/1363 112/1366 28/1368
f 121/1367 1119/1364 1026/1369
f 121/1367 1026/1369 24/1370
f 1119/1364 1012/1363 1082/1371
f 1119/1364 1082/1371 1039/1372
f 1082/1371 1012/1363 1057/1373
f 1057/1373 1012/1363 28/1368
f 1057/1373 28/1368 122/1374
f 122/1374 28/1368 1093/1375
f 122/1374 1093/1375 211/1376
f 211/1376 1093/1375 36/1377
f 1122/1378 1150/1379 1085/1380
f 1085/1380 1150/1379 7/1381
f 1122/1378 1085/1380 1134/1382
f 1085/1380 7/1381 48/1383
f 1085/1380 48/1383 1134/1382
f 1150/1384 1122/1385 7/1386
f 7/1386 1122/1385 48/1387
f 48/1387 1122/1385 1116/1388
f 1116/1388 1122/1385 1134/1389
f 48/1387 1116/1388 64/1390
f 48/1387 64/1390 88/1391
f 88/1391 64/1390 36/1392
f 36/1392 64/1390 981/1393
f 36/1392 981/1393 90/1394
f 981/1393 64/1390 75/1395
f 981/1393 75/1395 55/1396
f 1134/1397 1133/1398 1116/1399
f 1116/1399 1133/1398 1118/1400
f 1116/1399 1118/1400 64/1401
f 64/1401 1118/1400 75/1402
f 1118/1400 1133/1398 1005/1403
f 1118/1400 1005/1403 1084/1404
f 1005/1403 1133/1398 1069/1405
f 1069/1405 1133/1398 1134/1397
f 1069/1405 1134/1397 1115/1406
f 1118/1400 1084/1404 1139/1407
f 1139/1407 1084/1404 1083/1408
f 1118/1400 1139/1407 1062/1409
f 1139/1407 1083/1408 1081/1410
f 1062/1409 1139/1407 1161/1411
f 1139/1407 1081/1410 1096/1412
f 1139/1407 1096/1412 1161/1411
f 1161/1411 1096/1412 1160/1413
f 1093/1414 1069/1405 1115/1406
f 1069/1405 1093/1414 1217/1415
f 1093/1414 1115/1406 1039/1416
f 1093/1414 1039/1416 28/1417
f 1217/1415 1093/1414 1141/1418
f 1141/1418 1093/1414 36/1419
f 1082/1420 28/1421 1039/1422
f 28/1421 1082/1420 1142/1423
f 28/1421 1142/1423 36/1424
f 1062/1425 75/1426 1118/1427
f 75/1426 1062/1425 96/1428
f 75/1426 96/1428 31/1429
f 96/1428 1062/1425 1161/1430
f 31/1429 96/1428 99/1431
f 96/1428 1161/1430 1160/1432
f 96/1428 1160/1432 99/1431
f 99/1431 1160/1432 92/1433
f 92/1433 1160/1432 1148/1434
f 1160/1435 1096/1436 1099/1437
f 1160/1435 1099/1437 1148/1438
f 1099/1439 92/1440 1148/1441
f 92/1440 1099/1439 27/1442
f 92/1440 27/1442 99/1443
f 99/1443 27/1442 86/1444
f 99/1443 86/1444 82/1445
f 1096/1446 1081/1447 1131/1448
f 1096/1446 1131/1448 1146/1449
f 1096/1446 1146/1449 1099/1450
f 1146/1449 1131/1448 113/1451
f 1146/1449 113/1451 1099/1450
f 1099/1450 113/1451 27/1452
f 27/1452 113/1451 86/1453
f 1081/1454 1071/1455 1255/1456
f 1255/1456 1071/1455 1309/1457
f 1081/1454 1255/1456 1076/1458
f 1076/1458 1255/1456 1309/1457
f 1081/1454 1076/1458 1131/1459
f 1309/1457 1071/1455 1296/1460
f 1131/1459 1076/1458 22/1461
f 22/1461 1076/1458 1117/1462
f 1117/1462 1076/1458 1309/1457
f 22/1461 1117/1462 82/1463
f 82/1463 1117/1462 185/1464
f 1117/1462 1309/1457 1222/1465
f 1117/1462 1222/1465 185/1464
f 1222/1465 1309/1457 1296/1460
f 185/1464 1222/1465 1169/1466
f 185/1464 1169/1466 233/1467
f 1222/1465 1296/1460 1280/1468
f 1222/1465 1280/1468 1169/1466
f 1280/1468 1296/1460 1075/1469
f 233/1467 1169/1466 243/1470
f 1280/1468 1075/1469 1284/1471
f 1280/1468 1284/1471 1169/1466
f 243/1470 1169/1466 1194/1472
f 1194/1472 1169/1466 1284/1471
f 243/1470 1194/1472 1098/1473
f 243/1470 1098/1473 274/1474
f 274/1474 1098/1473 1080/1475
f 1098/1473 1194/1472 1297/1476
f 1098/1473 1297/1476 1080/1475
f 1297/1476 1194/1472 1284/1471
f 1080/1475 1297/1476 1302/1477
f 1297/1476 1284/1471 1237/1478
f 1297/1476 1237/1478 1302/1477
f 1112/1479 22/1480 1089/1481
f 1112/1479 1089/1481 1095/1482
f 22/1480 1112/1479 1131/1483
f 1112/1479 1095/1482 98/1484
f 1131/1483 1112/1479 89/1485
f 89/1485 1112/1479 98/1484
f 1131/1483 89/1485 86/1486
f 89/1485 98/1484 91/1487
f 86/1486 89/1485 82/1488
f 89/1485 91/1487 22/1489
f 89/1485 22/1489 82/1488
f 1132/1490 22/1491 1103/1492
f 1132/1490 1103/1492 1080/1493
f 22/1491 1132/1490 1089/1494
f 1089/1494 1132/1490 1059/1495
f 1059/1495 1132/1490 1125/1496
f 1059/1495 1125/1496 1090/1497
f 1059/1495 1090/1497 1120/1498
f 1059/1495 1120/1498 1108/1499
f 1108/1499 1120/1498 1078/1500
f 1078/1500 1120/1498 1090/1497
f 1108/1499 1078/1500 125/1501
f 125/1501 1078/1500 94/1502
f 1078/1500 1090/1497 123/1503
f 1078/1500 123/1503 94/1502
f 123/1503 1090/1497 93/1504
f 125/1501 94/1502 47/1505
f 47/1505 94/1502 123/1503
f 47/1505 123/1503 93/1504
f 47/1505 93/1504 128/1506
f 47/1505 128/1506 91/1507
f 128/1506 93/1504 126/1508
f 1095/1509 1107/1510 1101/1511
f 1095/1509 1101/1511 98/1512
f 98/1512 1101/1511 101/1513
f 101/1513 1101/1511 44/1514
f 44/1514 1101/1511 1107/1510
f 1107/1510 1095/1509 1089/1515
f 1107/1510 1089/1515 1059/1516
f 1107/1510 1059/1516 1110/1517
f 1110/1517 1059/1516 1108/1518
f 1107/1510 1110/1517 100/1519
f 100/1519 1110/1517 1108/1518
f 1107/1520 100/1521 118/1522
f 1107/1520 118/1522 44/1523
f 44/1523 118/1522 101/1524
f 101/1524 118/1522 98/1525
f 98/1525 118/1522 91/1526
f 91/1526 118/1522 47/1527
f 47/1527 118/1522 100/1521
f 47/1527 100/1521 125/1528
f 125/1528 100/1521 1108/1529
f 1206/1530 1113/1531 52/1532
f 1206/1530 52/1532 1042/1533
f 1113/1531 1206/1530 1229/1534
f 52/1532 1113/1531 142/1535
f 1113/1531 1229/1534 1138/1536
f 142/1535 1113/1531 146/1537
f 146/1537 1113/1531 1138/1536
f 142/1535 146/1537 230/1538
f 146/1537 1138/1536 131/1539
f 146/1537 131/1539 230/1538
f 230/1538 131/1539 264/1540
f 52/1541 1018/1542 1042/1543
f 1042/1543 1018/1542 38/1544
f 38/1544 1018/1542 52/1541
f 38/1544 52/1541 57/1545
f 57/1545 52/1541 188/1546
f 188/1546 52/1541 142/1547
f 188/1546 142/1547 230/1548
f 1206/1549 1042/1550 1228/1551
f 1228/1551 1042/1550 1043/1552
f 1043/1552 1042/1550 996/1553
f 1206/1549 1228/1551 1260/1554
f 1206/1549 1260/1554 1229/1555
f 1229/1555 1260/1554 1164/1556
f 1229/1555 1164/1556 1138/1557
f 1138/1557 1164/1556 131/1558
f 131/1558 1164/1556 181/1559
f 131/1558 181/1559 264/1560
f 1596/1561 1619/1562 1571/1563
f 1571/1563 1619/1562 1575/1564
f 1571/1563 1575/1564 1542/1565
f 1571/1563 1542/1565 1555/1566
f 1555/1566 1542/1565 1550/1567
f 1550/1567 1542/1565 1438/1568
f 1438/1568 1542/1565 1414/1569
f 1438/1568 1414/1569 1369/1570
f 1438/1568 1369/1570 1373/1571
f 1438/1568 1373/1571 1418/1572
f 1438/1568 1418/1572 1471/1573
f 1550/1567 1438/1568 1510/1574
f 1438/1568 1471/1573 1489/1575
f 1438/1568 1489/1575 1510/1574
f 1510/1574 1489/1575 1509/1576
f 1583/1577 1590/1578 1600/1579
f 1583/1577 1600/1579 1573/1580
f 1573/1580 1600/1579 1604/1581
f 1604/1581 1600/1579 1659/1582
f 1604/1581 1659/1582 1664/1583
f 1604/1581 1664/1583 1632/1584
f 1573/1580 1604/1581 1536/1585
f 1573/1580 1536/1585 1505/1586
f 1505/1586 1536/1585 1452/1587
f 1452/1587 1536/1585 1467/1588
f 1467/1588 1536/1585 1488/1589
f 1488/1589 1536/1585 1517/1590
f 1536/1585 1604/1581 1565/1591
f 1536/1585 1565/1591 1517/1590
f 1565/1591 1604/1581 1592/1592
f 1592/1592 1604/1581 1632/1584
f 1565/1591 1592/1592 1517/1590
f 1501/1593 1490/1594 1517/1590
f 1501/1593 1517/1590 1524/1595
f 1524/1595 1517/1590 1533/1596
f 1533/1596 1517/1590 1592/1592
f 1524/1595 1533/1596 1493/1597
f 1592/1592 1632/1584 1625/1598
f 1592/1592 1625/1598 1533/1596
f 1649/1599 1672/1600 1632/1584
f 1632/1584 1672/1600 1625/1598
f 1625/1598 1672/1600 1715/1601
f 1625/1598 1715/1601 1690/1602
f 1625/1598 1690/1602 1618/1603
f 1625/1598 1618/1603 1533/1596
f 1618/1603 1690/1602 1657/1604
f 1533/1596 1618/1603 1552/1605
f 1533/1596 1552/1605 1493/1597
f 1552/1605 1618/1603 1657/1604
f 1493/1597 1552/1605 1522/1606
f 1552/1605 1657/1604 1607/1607
f 1552/1605 1607/1607 1522/1606
f 1607/1607 1657/1604 1627/1608
f 1607/1607 1627/1608 1656/1609
f 1607/1607 1656/1609 1541/1610
f 1522/1606 1607/1607 1545/1611
f 1545/1611 1607/1607 1541/1610
f 1522/1606 1545/1611 1478/1612
f 1545/1611 1541/1610 1507/1613
f 1545/1611 1507/1613 1478/1612
f 1573/1614 1505/1615 1583/1616
f 1583/1616 1505/1615 1529/1617
f 1583/1616 1529/1617 1590/1618
f 1529/1617 1505/1615 1469/1619
f 1469/1619 1505/1615 1452/1620
f 1575/1621 1529/1622 1542/1623
f 1542/1623 1529/1622 1469/1624
f 1542/1623 1469/1624 1414/1625
f 1469/1626 1399/1627 1409/1628
f 1469/1626 1409/1628 1414/1629
f 1399/1627 1469/1626 1452/1630
f 1414/1629 1409/1628 1365/1631
f 1365/1631 1409/1628 1399/1627
f 1414/1629 1365/1631 1369/1632
f 1399/1627 1452/1630 1357/1633
f 1399/1627 1357/1633 1365/1631
f 1357/1633 1452/1630 1417/1634
f 1369/1632 1365/1631 1371/1635
f 1369/1632 1371/1635 1373/1636
f 1368/1637 1373/1636 1372/1638
f 1372/1638 1373/1636 1371/1635
f 1372/1638 1371/1635 1302/1639
f 1302/1639 1371/1635 1080/1640
f 1080/1640 1371/1635 1132/1641
f 1132/1641 1371/1635 1291/1642
f 1132/1641 1291/1642 1125/1643
f 1291/1642 1371/1635 1321/1644
f 1291/1642 1321/1644 1125/1643
f 1321/1644 1371/1635 1365/1631
f 1125/1643 1321/1644 1313/1645
f 1313/1645 1321/1644 1365/1631
f 1313/1645 1365/1631 1357/1633
f 1125/1643 1313/1645 1090/1646
f 1313/1645 1357/1633 1319/1647
f 1313/1645 1319/1647 1090/1646
f 1319/1647 1357/1633 1310/1648
f 1090/1646 1319/1647 93/1649
f 128/1650 1080/1651 70/1652
f 70/1652 1080/1651 1103/1653
f 70/1652 1103/1653 22/1654
f 70/1652 22/1654 128/1650
f 128/1650 22/1654 91/1655
f 1319/1656 1292/1657 15/1658
f 15/1658 1292/1657 1/1659
f 15/1658 1/1659 290/1660
f 15/1658 290/1660 310/1661
f 310/1661 290/1660 305/1662
f 1292/1663 1319/1664 1310/1665
f 1292/1663 1310/1665 23/1666
f 23/1666 1310/1665 1114/1667
f 1292/1663 23/1666 1/1668
f 23/1666 1114/1667 143/1669
f 1/1668 23/1666 290/1670
f 290/1670 23/1666 143/1669
f 290/1670 143/1669 305/1671
f 1349/1672 1310/1673 1357/1674
f 1310/1673 1349/1672 1275/1675
f 1310/1673 1275/1675 1114/1676
f 1349/1672 1357/1674 1417/1677
f 1114/1676 1275/1675 1316/1678
f 1316/1678 1275/1675 1349/1672
f 1114/1676 1316/1678 1064/1679
f 1064/1679 1316/1678 1281/1680
f 1281/1680 1316/1678 1283/1681
f 1452/1682 1467/1683 1417/1677
f 1417/1677 1467/1683 1488/1684
f 1417/1677 1488/1684 1450/1685
f 1417/1677 1450/1685 1349/1672
f 1450/1685 1488/1684 1517/1686
f 1450/1685 1517/1686 1490/1687
f 1349/1672 1450/1685 1333/1688
f 1349/1672 1333/1688 1316/1678
f 1333/1688 1450/1685 1490/1687
f 1316/1678 1333/1688 1354/1689
f 1320/1690 1283/1681 1316/1678
f 1320/1690 1316/1678 1354/1689
f 1283/1681 1320/1690 1063/1691
f 1354/1689 1333/1688 1402/1692
f 1354/1689 1402/1692 1320/1690
f 1402/1692 1333/1688 1490/1687
f 1320/1690 1402/1692 1447/1693
f 1447/1693 1402/1692 1492/1694
f 1492/1694 1402/1692 1490/1687
f 1447/1693 1492/1694 1493/1695
f 1493/1695 1492/1694 1490/1687
f 1493/1695 1490/1687 1501/1696
f 1493/1695 1501/1696 1524/1697
f 1058/1698 176/1699 1195/1700
f 176/1699 1058/1698 1024/1701
f 1024/1701 1058/1698 1195/1700
f 1201/1702 1024/1703 1195/1704
f 1024/1703 1201/1702 1048/1705
f 1048/1705 1201/1702 1246/1706
f 1246/1706 1201/1702 1195/1704
f 1048/1705 1246/1706 1213/1707
f 1246/1706 1195/1704 1227/1708
f 1227/1708 1195/1704 10/1709
f 1227/1708 10/1709 1044/1710
f 1044/1710 10/1709 1047/1711
f 1047/1711 10/1709 1034/1712
f 1047/1711 1034/1712 62/1713
f 62/1713 1034/1712 10/1709
f 1042/1714 38/1715 996/1716
f 996/1717 1024/1718 1048/1719
f 1024/1718 996/1717 50/1720
f 1024/1718 50/1720 213/1721
f 1043/1722 996/1723 1048/1724
f 1043/1722 1048/1724 1060/1725
f 1043/1722 1060/1725 1242/1726
f 1043/1722 1242/1726 1228/1727
f 1228/1727 1242/1726 1260/1728
f 1260/1728 1242/1726 1164/1729
f 1164/1729 1242/1726 1188/1730
f 1164/1729 1188/1730 181/1731
f 181/1731 1188/1730 153/1732
f 181/1731 153/1732 264/1733
f 264/1733 153/1732 240/1734
f 264/1733 240/1734 190/1735
f 264/1733 190/1735 212/1736
f 212/1736 190/1735 83/1737
f 212/1736 83/1737 57/1738
f 57/1738 83/1737 53/1739
f 132/1740 24/1741 217/1742
f 24/1741 132/1740 121/1743
f 132/1740 217/1742 127/1744
f 132/1740 127/1744 121/1743
f 127/1744 217/1742 218/1745
f 218/1745 217/1742 222/1746
f 121/1743 127/1744 88/1747
f 121/1743 88/1747 973/1748
f 973/1748 88/1747 36/1749
f 121/1743 973/1748 112/1750
f 28/1751 112/1752 973/1753
f 28/1751 973/1753 36/1754
f 1082/1755 122/1756 124/1757
f 1082/1755 124/1757 1057/1758
f 36/1759 90/1760 211/1761
f 211/1761 90/1760 122/1762
f 122/1762 90/1760 41/1763
f 41/1763 90/1760 68/1764
f 68/1764 90/1760 981/1765
f 68/1764 981/1765 197/1766
f 197/1766 981/1765 207/1767
f 68/1764 197/1766 234/1768
f 234/1768 197/1766 207/1767
f 207/1767 981/1765 55/1769
f 68/1764 234/1768 55/1769
f 55/1769 234/1768 207/1767
f 68/1770 46/1771 41/1772
f 46/1771 68/1770 55/1773
f 46/1771 55/1773 31/1774
f 31/1775 55/1776 75/1777
f 31/1778 300/1779 13/1780
f 300/1779 31/1778 56/1781
f 56/1781 31/1778 82/1782
f 56/1781 82/1782 293/1783
f 56/1781 293/1783 300/1779
f 293/1783 82/1782 185/1784
f 300/1779 293/1783 286/1785
f 286/1785 293/1783 185/1784
f 300/1779 286/1785 164/1786
f 286/1785 185/1784 233/1787
f 286/1785 233/1787 263/1788
f 263/1788 233/1787 277/1789
f 263/1788 277/1789 51/1790
f 277/1789 233/1787 243/1791
f 51/1790 277/1789 284/1792
f 277/1789 243/1791 274/1793
f 277/1789 274/1793 284/1792
f 82/1794 31/1795 99/1796
f 1131/1797 86/1798 113/1799
f 13/1800 164/1801 51/1802
f 164/1801 13/1800 300/1803
f 51/1802 164/1801 263/1804
f 263/1804 164/1801 286/1805
f 230/1806 212/1807 188/1808
f 188/1808 212/1807 57/1809
f 212/1807 230/1806 264/1810
f 359/1811 284/1812 274/1813
f 1080/1814 128/1815 274/1813
f 359/1811 274/1813 360/1816
f 274/1813 128/1815 282/1817
f 274/1813 282/1817 360/1816
f 282/1817 128/1815 126/1818
f 282/1817 126/1818 306/1819
f 282/1817 306/1819 360/1816
f 360/1816 306/1819 322/1820
f 360/1816 322/1820 356/1821
f 359/1811 360/1816 361/1822
f 361/1822 360/1816 356/1821
f 359/1811 361/1822 405/1823
f 361/1822 356/1821 418/1824
f 361/1822 418/1824 405/1823
f 405/1823 418/1824 456/1825
f 418/1824 356/1821 452/1826
f 456/1825 418/1824 478/1827
f 418/1824 452/1826 533/1828
f 418/1824 533/1828 478/1827
f 533/1828 452/1826 530/1829
f 478/1827 533/1828 494/1830
f 478/1827 494/1830 495/1831
f 494/1830 533/1828 538/1832
f 538/1832 533/1828 530/1829
f 538/1832 530/1829 555/1833
f 555/1833 530/1829 580/1834
f 555/1833 580/1834 605/1835
f 555/1833 605/1835 581/1836
f 126/1837 93/1838 306/1839
f 306/1839 93/1838 310/1840
f 399/1841 356/1842 322/1843
f 356/1842 399/1841 452/1844
f 452/1844 399/1841 510/1845
f 399/1841 322/1843 375/1846
f 375/1846 322/1843 342/1847
f 375/1846 342/1847 412/1848
f 399/1841 375/1846 395/1849
f 395/1849 375/1846 412/1848
f 510/1845 399/1841 448/1850
f 448/1850 399/1841 395/1849
f 448/1850 395/1849 412/1848
f 510/1845 448/1850 490/1851
f 490/1851 448/1850 412/1848
f 510/1852 530/1853 452/1854
f 530/1853 510/1852 574/1855
f 490/1856 572/1857 510/1858
f 510/1858 572/1857 574/1859
f 572/1857 490/1856 557/1860
f 1319/1861 310/1862 93/1863
f 310/1862 1319/1861 15/1864
f 306/1865 310/1866 322/1867
f 322/1867 310/1866 342/1868
f 342/1868 310/1866 305/1869
f 10/1870 1195/1871 176/1872
f 1024/1873 213/1874 176/1872
f 176/1872 213/1874 244/1875
f 176/1872 244/1875 10/1870
f 10/1870 244/1875 59/1876
f 59/1876 244/1875 202/1877
f 10/1870 59/1876 62/1878
f 62/1878 59/1876 61/1879
f 62/1878 61/1879 1047/1880
f 1047/1880 61/1879 1065/1881
f 238/1882 226/1883 38/1884
f 38/1884 226/1883 996/1885
f 996/1885 226/1883 238/1882
f 238/1882 38/1884 49/1886
f 238/1882 49/1886 996/1885
f 49/1886 38/1884 57/1887
f 996/1885 49/1886 50/1888
f 50/1888 49/1886 57/1887
f 213/1889 50/1890 192/1891
f 213/1889 192/1891 244/1892
f 244/1892 192/1891 224/1893
f 224/1893 192/1891 53/1894
f 53/1894 192/1891 50/1890
f 53/1894 50/1890 57/1895
f 1720/1896 1681/1897 1696/1898
f 1696/1898 1681/1897 1664/1899
f 1664/1899 1681/1897 1632/1900
f 1632/1900 1681/1897 1649/1901
f 1681/1897 1720/1896 1727/1902
f 1649/1901 1681/1897 1729/1903
f 1649/1901 1729/1903 1672/1904
f 1681/1897 1727/1902 1701/1905
f 1681/1897 1701/1905 1729/1903
f 1672/1904 1729/1903 1715/1906
f 1715/1906 1729/1903 1690/1907
f 1729/1903 1701/1905 1669/1908
f 1669/1908 1701/1905 1727/1902
f 1729/1903 1669/1908 1690/1907
f 1669/1908 1727/1902 1733/1909
f 1733/1909 1727/1902 1750/1910
f 1733/1909 1750/1910 1751/1911
f 1669/1908 1733/1909 1656/1912
f 1669/1908 1656/1912 1627/1913
f 1669/1908 1627/1913 1690/1907
f 1690/1907 1627/1913 1657/1914
f 1857/1915 1856/1916 1871/1917
f 1871/1917 1856/1916 1902/1918
f 1857/1915 1871/1917 1870/1919
f 1857/1915 1870/1919 1808/1920
f 1857/1915 1808/1920 1750/1921
f 1750/1921 1808/1920 1751/1922
f 1870/1919 1871/1917 1869/1923
f 1870/1919 1869/1923 1853/1924
f 1871/1917 1902/1918 1884/1925
f 1871/1917 1884/1925 1869/1923
f 1884/1925 1902/1918 1947/1926
f 1947/1926 1902/1918 1963/1927
f 1869/1923 1884/1925 1903/1928
f 1869/1923 1903/1928 1968/1929
f 1884/1925 1947/1926 1969/1930
f 1884/1925 1969/1930 1903/1928
f 1903/1928 1969/1930 1968/1929
f 1969/1930 1947/1926 1979/1931
f 1968/1929 1969/1930 1980/1932
f 1968/1929 1980/1932 1973/1933
f 1973/1933 1980/1932 1983/1934
f 1983/1934 1980/1932 1982/1935
f 1980/1932 1969/1930 1981/1936
f 1980/1932 1981/1936 1982/1935
f 1981/1936 1969/1930 1979/1931
f 1982/1935 1981/1936 1984/1937
f 1984/1937 1981/1936 1979/1931
f 1447/1938 1493/1939 1522/1940
f 1447/1938 1522/1940 1436/1941
f 1436/1941 1522/1940 1431/1942
f 1431/1942 1522/1940 1478/1943
f 1447/1938 1436/1941 1347/1944
f 1447/1938 1347/1944 1320/1945
f 1436/1941 1431/1942 1378/1946
f 1436/1941 1378/1946 1347/1944
f 1431/1942 1478/1943 1415/1947
f 1431/1942 1415/1947 1378/1946
f 1415/1947 1478/1943 1507/1948
f 1347/1944 1378/1946 1335/1949
f 1347/1944 1335/1949 1320/1945
f 1335/1949 1378/1946 1415/1947
f 1320/1945 1335/1949 1314/1950
f 1320/1945 1314/1950 1063/1951
f 1063/1951 1314/1950 1050/1952
f 1415/1947 1507/1948 1443/1953
f 1443/1953 1507/1948 1541/1954
f 1335/1949 1415/1947 1308/1955
f 1308/1955 1415/1947 1443/1953
f 1335/1949 1308/1955 1314/1950
f 1443/1953 1541/1954 1381/1956
f 1443/1953 1381/1956 1308/1955
f 1381/1956 1541/1954 1563/1957
f 1266/1958 1050/1952 1314/1950
f 1050/1952 1266/1958 189/1959
f 189/1959 1266/1958 1027/1960
f 1266/1958 1314/1950 1267/1961
f 1267/1961 1314/1950 1308/1955
f 1266/1958 1267/1961 1273/1962
f 1273/1962 1267/1961 1162/1963
f 1162/1963 1267/1961 39/1964
f 39/1964 1267/1961 1308/1955
f 39/1964 1308/1955 1282/1965
f 1282/1965 1308/1955 1381/1956
f 1282/1965 1381/1956 111/1966
f 111/1966 1381/1956 1279/1967
f 1282/1965 111/1966 1236/1968
f 1282/1965 1236/1968 991/1969
f 1236/1968 111/1966 1021/1970
f 991/1969 1236/1968 985/1971
f 985/1971 1236/1968 1021/1970
f 1279/1967 1381/1956 1429/1972
f 1481/1973 1458/1974 1429/1972
f 1481/1973 1429/1972 1459/1975
f 1429/1972 1381/1956 1466/1976
f 1429/1972 1466/1976 1459/1975
f 1466/1976 1381/1956 1563/1957
f 1459/1975 1466/1976 1485/1977
f 1485/1977 1466/1976 1572/1978
f 1114/1979 1065/1980 143/1981
f 143/1981 1065/1980 84/1982
f 84/1982 1065/1980 61/1983
f 143/1981 84/1982 73/1984
f 73/1984 84/1982 61/1983
f 143/1981 73/1984 313/1985
f 73/1984 61/1983 59/1986
f 202/1987 79/1988 59/1986
f 59/1986 79/1988 69/1989
f 59/1986 69/1989 73/1984
f 73/1984 69/1989 199/1990
f 73/1984 199/1990 259/1991
f 73/1984 259/1991 313/1985
f 259/1991 199/1990 250/1992
f 313/1985 259/1991 268/1993
f 268/1993 259/1991 250/1992
f 313/1985 268/1993 341/1994
f 268/1993 250/1992 74/1995
f 341/1994 268/1993 78/1996
f 78/1996 268/1993 74/1995
f 1114/1997 1064/1998 1065/1999
f 1065/1999 1064/1998 1045/2000
f 1065/1999 1045/2000 1047/2001
f 1045/2000 1064/1998 1241/2002
f 1241/2002 1064/1998 1281/2003
f 1241/2002 1281/2003 1244/2004
f 1244/2004 1281/2003 1283/2005
f 1241/2002 1244/2004 1066/2006
f 1244/2004 1283/2005 1063/2007
f 1244/2004 1063/2007 1066/2006
f 1047/2008 1045/2009 1052/2010
f 1047/2008 1052/2010 1044/2011
f 1049/2012 1066/2013 1063/2014
f 1049/2012 1063/2014 1027/2015
f 1027/2015 1063/2014 1050/2016
f 1049/2012 1027/2015 1226/2017
f 1226/2017 1027/2015 1266/2018
f 1226/2017 1266/2018 1273/2019
f 1049/2012 1226/2017 1245/2020
f 1226/2017 1273/2019 1220/2021
f 1226/2017 1220/2021 1245/2020
f 1220/2021 1273/2019 1162/2022
f 1220/2021 1162/2022 172/2023
f 1245/2020 1220/2021 1233/2024
f 1233/2024 1220/2021 193/2025
f 1245/2020 1233/2024 1181/2026
f 1245/2020 1181/2026 246/2027
f 1213/2028 1246/2029 1227/2030
f 1044/2031 1052/2032 1227/2030
f 1227/2030 1052/2032 1248/2033
f 1227/2030 1248/2033 1213/2028
f 1213/2028 1248/2033 1242/2034
f 1213/2028 1242/2034 1060/2035
f 1213/2028 1060/2035 1048/2036
f 1248/2037 1188/2038 1242/2039
f 1224/2040 153/2041 1188/2038
f 1224/2040 1188/2038 1248/2037
f 1163/2042 205/2043 1224/2040
f 1163/2042 1224/2040 1276/2044
f 1276/2044 1224/2040 1248/2037
f 1163/2042 1276/2044 1185/2045
f 1163/2042 1185/2045 160/2046
f 1185/2045 1276/2044 1214/2047
f 1185/2045 1214/2047 8/2048
f 1214/2047 1276/2044 1233/2049
f 1233/2049 1276/2044 1248/2037
f 1214/2047 1233/2049 214/2050
f 1233/2049 1248/2037 1181/2051
f 1181/2051 1248/2037 1241/2052
f 1241/2052 1248/2037 1052/2053
f 1241/2052 1052/2053 1045/2054
f 1181/2051 1241/2052 1066/2055
f 1181/2051 1066/2055 72/2056
f 1049/2057 72/2058 1066/2059
f 78/2060 74/2061 72/2058
f 78/2060 72/2058 80/2062
f 80/2062 72/2058 1049/2057
f 80/2062 1049/2057 246/2063
f 246/2063 1049/2057 1245/2064
f 80/2062 246/2063 189/2065
f 189/2065 246/2063 239/2066
f 189/2065 239/2066 276/2067
f 239/2066 246/2063 193/2068
f 276/2067 239/2066 172/2069
f 239/2066 193/2068 137/2070
f 239/2066 137/2070 172/2069
f 137/2070 193/2068 1220/2071
f 137/2070 1220/2071 172/2069
f 1163/2072 160/2073 205/2074
f 1185/2075 8/2076 160/2073
f 160/2073 8/2076 251/2077
f 160/2073 251/2077 205/2074
f 251/2077 8/2076 1214/2078
f 251/2077 1214/2078 214/2079
f 251/2077 214/2079 193/2080
f 193/2080 214/2079 1233/2081
f 205/2074 251/2077 245/2082
f 245/2082 251/2077 193/2080
f 205/2074 245/2082 240/2083
f 205/2074 240/2083 1224/2084
f 1224/2084 240/2083 153/2085
f 240/2083 245/2082 227/2086
f 245/2082 193/2080 220/2087
f 220/2087 193/2080 246/2088
f 220/2087 246/2088 1181/2089
f 220/2087 1181/2089 72/2090
f 220/2087 72/2090 245/2082
f 245/2082 72/2090 74/2091
f 245/2082 74/2091 250/2092
f 245/2082 250/2092 199/2093
f 245/2082 199/2093 227/2086
f 227/2086 199/2093 1036/2094
f 227/2086 1036/2094 79/2095
f 1036/2094 199/2093 69/2096
f 1036/2094 69/2096 79/2095
f 307/2097 412/2098 342/2099
f 307/2097 342/2099 305/2100
f 307/2097 305/2100 143/2101
f 307/2097 143/2101 313/2102
f 412/2098 307/2097 414/2103
f 412/2098 414/2103 467/2104
f 467/2104 414/2103 483/2105
f 414/2103 307/2097 332/2106
f 414/2103 332/2106 483/2105
f 332/2106 307/2097 313/2102
f 332/2106 313/2102 353/2107
f 353/2107 313/2102 341/2108
f 332/2106 353/2107 391/2109
f 332/2106 391/2109 483/2105
f 391/2109 353/2107 341/2108
f 483/2105 391/2109 479/2110
f 483/2105 479/2110 502/2111
f 479/2110 391/2109 341/2108
f 479/2110 341/2108 433/2112
f 479/2110 433/2112 508/2113
f 508/2113 433/2112 488/2114
f 433/2112 341/2108 404/2115
f 433/2112 404/2115 488/2114
f 404/2115 341/2108 343/2116
f 343/2116 341/2108 350/2117
f 343/2116 350/2117 404/2115
f 350/2117 341/2108 308/2118
f 350/2117 308/2118 321/2119
f 488/2114 404/2115 420/2120
f 420/2120 404/2115 350/2117
f 488/2114 420/2120 463/2121
f 350/2117 321/2119 392/2122
f 350/2117 392/2122 420/2120
f 420/2120 392/2122 463/2121
f 392/2122 321/2119 409/2123
f 463/2121 392/2122 480/2124
f 480/2124 392/2122 409/2123
f 480/2124 409/2123 525/2125
f 412/2126 467/2127 490/2128
f 490/2128 467/2127 511/2129
f 490/2128 511/2129 557/2130
f 511/2129 467/2127 521/2131
f 557/2130 511/2129 575/2132
f 575/2132 511/2129 521/2131
f 521/2131 467/2127 502/2133
f 521/2131 502/2133 575/2132
f 502/2133 467/2127 483/2134
f 557/2130 575/2132 652/2135
f 557/2130 652/2135 584/2136
f 557/2130 584/2136 572/2137
f 572/2137 584/2136 574/2138
f 584/2136 652/2135 651/2139
f 651/2139 652/2135 679/2140
f 679/2140 652/2135 693/2141
f 693/2141 652/2135 689/2142
f 623/2143 652/2135 575/2132
f 652/2135 623/2143 689/2142
f 623/2143 575/2132 598/2144
f 598/2144 575/2132 502/2133
f 689/2142 623/2143 638/2145
f 623/2143 598/2144 658/2146
f 623/2143 658/2146 638/2145
f 598/2144 502/2133 610/2147
f 598/2144 610/2147 658/2146
f 610/2147 502/2133 509/2148
f 509/2148 502/2133 479/2149
f 509/2148 479/2149 508/2150
f 610/2147 509/2148 632/2151
f 632/2151 509/2148 508/2150
f 610/2147 632/2151 658/2146
f 713/2152 638/2145 658/2146
f 638/2145 713/2152 689/2142
f 713/2152 658/2146 706/2153
f 706/2153 658/2146 674/2154
f 706/2153 674/2154 713/2152
f 674/2154 658/2146 632/2151
f 689/2142 713/2152 645/2155
f 645/2155 713/2152 674/2154
f 674/2154 632/2151 648/2156
f 648/2156 632/2151 508/2150
f 674/2154 648/2156 619/2157
f 674/2154 619/2157 645/2155
f 648/2156 508/2150 517/2158
f 517/2158 508/2150 488/2159
f 619/2157 648/2156 595/2160
f 595/2160 648/2156 517/2158
f 645/2155 619/2157 608/2161
f 608/2161 619/2157 595/2160
f 645/2155 608/2161 703/2162
f 608/2161 595/2160 525/2163
f 645/2155 703/2162 719/2164
f 645/2155 719/2164 689/2142
f 719/2164 703/2162 739/2165
f 689/2142 719/2164 693/2141
f 719/2164 739/2165 743/2166
f 719/2164 743/2166 693/2141
f 525/2163 595/2160 532/2167
f 532/2167 595/2160 517/2158
f 532/2167 517/2158 488/2159
f 525/2163 532/2167 480/2168
f 532/2167 488/2159 463/2169
f 532/2167 463/2169 480/2168
f 244/2170 224/2171 202/2172
f 79/2173 202/2172 227/2174
f 227/2174 202/2172 224/2171
f 227/2174 224/2171 240/2175
f 240/2175 224/2171 190/2176
f 190/2176 224/2171 83/2177
f 83/2177 224/2171 53/2178
f 78/2179 308/2180 341/2181
f 308/2180 78/2179 189/2182
f 308/2180 189/2182 276/2183
f 189/2182 78/2179 1050/2184
f 1050/2184 78/2179 1027/2185
f 1027/2185 78/2179 80/2186
f 1027/2185 80/2186 189/2187
f 1162/2188 39/2189 172/2190
f 172/2190 39/2189 254/2191
f 172/2190 254/2191 276/2192
f 254/2191 39/2189 362/2193
f 362/2193 39/2189 1282/2194
f 276/2192 254/2191 298/2195
f 298/2195 254/2191 362/2193
f 276/2192 298/2195 308/2196
f 308/2196 298/2195 321/2197
f 321/2197 298/2195 362/2193
f 362/2193 1282/2194 991/2198
f 362/2193 991/2198 237/2199
f 362/2193 237/2199 111/2200
f 237/2199 991/2198 985/2201
f 111/2200 237/2199 1021/2202
f 1021/2202 237/2199 985/2201
f 1850/2203 1782/2204 1862/2205
f 1850/2203 1862/2205 1774/2206
f 1774/2206 1862/2205 1742/2207
f 1742/2207 1862/2205 1782/2204
f 1782/2204 1850/2203 1732/2208
f 1732/2208 1850/2203 1718/2209
f 1782/2204 1732/2208 1725/2210
f 1782/2204 1725/2210 1742/2207
f 1725/2210 1732/2208 1780/2211
f 1742/2207 1725/2210 1671/2212
f 1742/2207 1671/2212 1718/2213
f 1671/2212 1725/2210 1711/2214
f 1671/2212 1711/2214 1643/2215
f 1850/2216 1774/2217 1718/2218
f 1718/2218 1774/2217 1742/2219
f 1686/2220 1718/2221 1671/2222
f 1718/2221 1686/2220 1674/2223
f 1718/2221 1674/2223 1730/2224
f 1730/2224 1674/2223 1759/2225
f 1674/2223 1686/2220 1644/2226
f 1644/2226 1686/2220 1624/2227
f 1644/2226 1624/2227 1597/2228
f 1644/2226 1597/2228 1674/2223
f 1674/2223 1597/2228 1639/2229
f 1639/2229 1597/2228 1554/2230
f 1639/2229 1554/2230 1521/2231
f 1677/2232 1759/2225 1674/2223
f 1677/2232 1674/2223 1639/2229
f 1759/2225 1677/2232 1734/2233
f 1639/2229 1521/2231 1601/2234
f 1639/2229 1601/2234 1677/2232
f 1677/2232 1601/2234 1665/2235
f 1677/2232 1665/2235 1695/2236
f 1567/2237 1601/2234 1526/2238
f 1601/2234 1567/2237 1605/2239
f 1601/2234 1605/2239 1665/2235
f 1605/2239 1567/2237 1581/2240
f 1605/2239 1581/2240 1651/2241
f 1665/2235 1605/2239 1642/2242
f 1642/2242 1605/2239 1651/2241
f 1665/2235 1642/2242 1695/2236
f 1642/2242 1651/2241 1685/2243
f 1642/2242 1685/2243 1695/2236
f 1695/2236 1685/2243 1719/2244
f 1719/2244 1685/2243 1724/2245
f 1724/2245 1685/2243 1633/2246
f 1732/2247 1718/2248 1807/2249
f 1732/2247 1807/2249 1780/2250
f 1807/2249 1718/2248 1811/2251
f 1807/2249 1811/2251 1780/2250
f 1811/2251 1718/2248 1730/2252
f 1780/2250 1811/2251 1814/2253
f 1780/2250 1814/2253 1790/2254
f 1790/2254 1814/2253 1813/2255
f 1790/2254 1813/2255 1816/2256
f 1816/2256 1813/2255 1806/2257
f 1806/2257 1813/2255 1814/2253
f 1816/2256 1806/2257 1799/2258
f 1811/2251 1730/2252 1768/2259
f 1768/2259 1730/2252 1731/2260
f 1731/2260 1730/2252 1759/2261
f 1731/2260 1759/2261 1768/2259
f 1768/2259 1759/2261 1811/2251
f 1839/2262 1814/2253 1811/2251
f 1839/2262 1811/2251 1759/2261
f 1814/2253 1839/2262 1830/2263
f 1830/2263 1839/2262 1778/2264
f 1839/2262 1759/2261 1749/2265
f 1839/2262 1749/2265 1778/2264
f 1749/2265 1759/2261 1728/2266
f 1749/2265 1728/2266 1778/2264
f 1728/2266 1759/2261 1734/2267
f 1778/2264 1728/2266 1700/2268
f 1700/2268 1728/2266 1734/2267
f 1700/2268 1734/2267 1677/2269
f 1700/2268 1677/2269 1695/2270
f 1778/2264 1700/2268 1763/2271
f 1763/2271 1700/2268 1695/2270
f 1763/2271 1695/2270 1719/2272
f 1763/2271 1719/2272 1755/2273
f 1755/2273 1719/2272 1724/2274
f 1763/2271 1755/2273 1840/2275
f 1840/2275 1755/2273 1804/2276
f 1652/2277 1634/2278 1617/2279
f 1634/2278 1652/2277 1624/2280
f 1634/2278 1624/2280 1686/2281
f 1624/2280 1652/2277 1597/2282
f 1634/2278 1686/2281 1671/2283
f 1634/2278 1671/2283 1617/2279
f 1597/2282 1652/2277 1574/2284
f 1574/2284 1652/2277 1617/2279
f 1574/2284 1617/2279 1580/2285
f 1617/2279 1671/2283 1643/2286
f 1617/2279 1643/2286 1580/2285
f 1580/2285 1643/2286 1647/2287
f 1521/2288 1502/2289 1601/2290
f 1601/2290 1502/2289 1526/2291
f 1526/2291 1502/2289 1453/2292
f 1453/2292 1502/2289 1434/2293
f 1453/2292 1434/2293 1393/2294
f 1526/2291 1453/2292 1472/2295
f 1526/2291 1472/2295 1567/2296
f 1453/2292 1393/2294 1407/2297
f 1567/2296 1472/2295 1520/2298
f 1567/2296 1520/2298 1581/2299
f 1472/2295 1453/2292 1430/2300
f 1430/2300 1453/2292 1407/2297
f 1407/2297 1393/2294 1344/2301
f 1407/2297 1344/2301 1430/2300
f 1344/2301 1393/2294 1339/2302
f 1472/2295 1430/2300 1465/2303
f 1472/2295 1465/2303 1520/2298
f 1465/2303 1430/2300 1441/2304
f 1441/2304 1430/2300 1344/2301
f 1520/2298 1465/2303 1531/2305
f 1520/2298 1531/2305 1581/2299
f 1581/2299 1531/2305 1547/2306
f 1531/2305 1465/2303 1468/2307
f 1468/2307 1465/2303 1441/2304
f 1547/2306 1531/2305 1460/2308
f 1460/2308 1531/2305 1468/2307
f 1468/2307 1441/2304 1396/2309
f 1468/2307 1396/2309 1460/2308
f 1396/2309 1441/2304 1338/2310
f 1338/2310 1441/2304 1344/2301
f 1460/2308 1396/2309 1380/2311
f 1380/2311 1396/2309 1338/2310
f 1547/2306 1460/2308 1500/2312
f 1547/2306 1500/2312 1551/2313
f 1500/2312 1460/2308 1421/2314
f 1421/2314 1460/2308 1380/2311
f 1380/2311 1338/2310 1325/2315
f 1500/2312 1421/2314 1427/2316
f 1325/2315 1338/2310 1331/2317
f 1331/2317 1338/2310 1344/2301
f 1380/2311 1325/2315 1343/2318
f 1343/2318 1325/2315 1331/2317
f 1421/2314 1380/2311 1379/2319
f 1379/2319 1380/2311 1343/2318
f 1421/2314 1379/2319 1416/2320
f 1421/2314 1416/2320 1427/2316
f 1416/2320 1379/2319 1383/2321
f 1383/2321 1379/2319 1343/2318
f 1416/2320 1383/2321 1427/2316
f 1427/2316 1383/2321 1440/2322
f 1440/2322 1383/2321 1392/2323
f 1440/2322 1392/2323 1448/2324
f 1448/2324 1392/2323 1406/2325
f 1427/2316 1440/2322 1525/2326
f 1448/2324 1406/2325 1451/2327
f 1451/2327 1406/2325 1483/2328
f 1440/2322 1448/2324 1464/2329
f 1440/2322 1464/2329 1525/2326
f 1448/2324 1451/2327 1539/2330
f 1539/2330 1451/2327 1528/2331
f 1448/2324 1539/2330 1495/2332
f 1448/2324 1495/2332 1464/2329
f 1495/2332 1539/2330 1553/2333
f 1464/2329 1495/2332 1508/2334
f 1508/2334 1495/2332 1553/2333
f 1464/2329 1508/2334 1525/2326
f 1508/2334 1553/2333 1537/2335
f 1508/2334 1537/2335 1525/2326
f 1537/2335 1553/2333 1586/2336
f 1537/2335 1586/2336 1628/2337
f 1537/2335 1628/2337 1548/2338
f 1548/2338 1628/2337 1551/2313
f 1525/2326 1537/2335 1523/2339
f 1523/2339 1537/2335 1548/2338
f 1523/2339 1548/2338 1551/2313
f 1525/2326 1523/2339 1427/2316
f 1523/2339 1551/2313 1500/2312
f 1523/2339 1500/2312 1427/2316
f 1511/2340 1451/2327 1483/2328
f 1451/2327 1511/2340 1528/2331
f 1511/2340 1483/2328 1540/2341
f 1528/2331 1511/2340 1538/2342
f 1538/2342 1511/2340 1540/2341
f 1528/2331 1538/2342 1515/2343
f 1540/2341 1483/2328 1515/2343
f 1540/2341 1515/2343 1538/2342
f 1334/2344 1328/2345 1339/2302
f 1328/2345 1334/2344 1305/2346
f 1339/2302 1328/2345 1344/2301
f 1344/2301 1328/2345 1331/2317
f 1331/2317 1328/2345 1257/2347
f 1257/2347 1328/2345 135/2348
f 1257/2347 135/2348 977/2349
f 1257/2347 977/2349 1015/2350
f 1257/2347 1015/2350 43/2351
f 1331/2317 1257/2347 320/2352
f 1331/2317 320/2352 982/2353
f 1331/2317 982/2353 1262/2354
f 1262/2354 982/2353 976/2355
f 1262/2354 976/2355 987/2356
f 1262/2354 987/2356 1304/2357
f 1262/2354 1304/2357 1331/2317
f 1331/2317 1304/2357 1311/2358
f 1311/2358 1304/2357 304/2359
f 1331/2317 1311/2358 1343/2318
f 1343/2318 1311/2358 1329/2360
f 1329/2360 1311/2358 323/2361
f 1263/2362 1259/2363 1305/2364
f 1305/2364 1259/2363 1328/2365
f 1259/2363 1263/2362 1061/2366
f 1061/2366 1263/2362 1002/2367
f 1259/2363 1061/2366 1230/2368
f 1230/2368 1061/2366 1035/2369
f 1328/2365 1259/2363 1286/2370
f 1286/2370 1259/2363 1230/2368
f 1328/2365 1286/2370 1277/2371
f 1328/2365 1277/2371 135/2372
f 135/2372 1277/2371 1183/2373
f 1277/2371 1286/2370 1271/2374
f 1277/2371 1271/2374 1183/2373
f 1271/2374 1286/2370 1230/2368
f 1183/2373 1271/2374 1041/2375
f 1183/2373 1041/2375 173/2376
f 1271/2374 1230/2368 1250/2377
f 1271/2374 1250/2377 1041/2375
f 1250/2377 1230/2368 1035/2369
f 1041/2375 1250/2377 1097/2378
f 1250/2377 1035/2369 1180/2379
f 1250/2377 1180/2379 1097/2378
f 1180/2379 1035/2369 175/2380
f 1097/2378 1180/2379 975/2381
f 320/2382 1257/2383 43/2384
f 320/2382 43/2384 255/2385
f 255/2385 43/2384 1015/2386
f 255/2385 1015/2386 977/2387
f 255/2385 977/2387 135/2388
f 255/2385 135/2388 315/2389
f 255/2385 315/2389 320/2382
f 315/2389 135/2388 273/2390
f 315/2389 273/2390 269/2391
f 315/2389 269/2391 317/2392
f 315/2389 317/2392 329/2393
f 315/2389 329/2393 325/2394
f 315/2389 325/2394 320/2382
f 325/2394 329/2393 365/2395
f 365/2395 329/2393 410/2396
f 410/2396 329/2393 376/2397
f 410/2396 376/2397 390/2398
f 365/2395 410/2396 426/2399
f 410/2396 390/2398 439/2400
f 439/2400 390/2398 416/2401
f 410/2396 439/2400 426/2399
f 325/2394 365/2395 385/2402
f 385/2402 365/2395 426/2399
f 426/2399 439/2400 459/2403
f 459/2403 439/2400 475/2404
f 426/2399 459/2403 440/2405
f 426/2399 440/2405 454/2406
f 454/2406 440/2405 459/2403
f 426/2399 454/2406 385/2402
f 459/2403 475/2404 520/2407
f 520/2407 475/2404 514/2408
f 459/2403 520/2407 531/2409
f 459/2403 531/2409 454/2406
f 531/2409 520/2407 550/2410
f 550/2410 520/2407 583/2411
f 550/2410 583/2411 531/2409
f 454/2406 531/2409 503/2412
f 531/2409 583/2411 591/2413
f 591/2413 583/2411 629/2414
f 503/2412 531/2409 519/2415
f 503/2412 519/2415 454/2406
f 519/2415 531/2409 591/2413
f 454/2406 519/2415 453/2416
f 454/2406 453/2416 385/2402
f 519/2415 591/2413 535/2417
f 453/2416 519/2415 472/2418
f 472/2418 519/2415 535/2417
f 385/2402 453/2416 431/2419
f 431/2419 453/2416 472/2418
f 385/2402 431/2419 338/2420
f 385/2402 338/2420 325/2394
f 325/2394 338/2420 320/2382
f 549/2421 535/2417 591/2413
f 549/2421 591/2413 643/2422
f 506/2423 472/2418 535/2417
f 506/2423 535/2417 549/2421
f 506/2423 549/2421 523/2424
f 523/2424 549/2421 596/2425
f 523/2424 596/2425 529/2426
f 529/2426 596/2425 571/2427
f 506/2423 523/2424 507/2428
f 507/2428 523/2424 529/2426
f 529/2426 571/2427 537/2429
f 537/2429 571/2427 609/2430
f 507/2428 529/2426 474/2431
f 474/2431 529/2426 537/2429
f 506/2423 507/2428 423/2432
f 506/2423 423/2432 472/2418
f 507/2428 474/2431 428/2433
f 507/2428 428/2433 423/2432
f 537/2429 609/2430 620/2434
f 620/2434 609/2430 647/2435
f 620/2434 647/2435 738/2436
f 472/2418 423/2432 408/2437
f 472/2418 408/2437 431/2419
f 408/2437 423/2432 345/2438
f 345/2438 423/2432 428/2433
f 431/2419 408/2437 370/2439
f 431/2419 370/2439 338/2420
f 370/2439 408/2437 369/2440
f 369/2440 408/2437 345/2438
f 338/2420 370/2439 328/2441
f 328/2441 370/2439 369/2440
f 328/2441 369/2440 345/2438
f 338/2420 328/2441 320/2382
f 320/2382 328/2441 304/2442
f 304/2442 328/2441 345/2438
f 320/2382 304/2442 265/2443
f 320/2382 265/2443 982/2444
f 982/2444 265/2443 976/2445
f 976/2445 265/2443 987/2446
f 987/2446 265/2443 304/2442
f 987/2446 304/2442 1304/2447
f 304/2442 345/2438 295/2448
f 304/2442 295/2448 1311/2449
f 1311/2449 295/2448 323/2450
f 323/2450 295/2448 345/2438
f 323/2450 345/2438 336/2451
f 336/2451 345/2438 374/2452
f 336/2451 374/2452 389/2453
f 374/2452 345/2438 428/2433
f 389/2453 374/2452 438/2454
f 389/2453 438/2454 432/2455
f 432/2455 438/2454 469/2456
f 374/2452 428/2433 435/2457
f 374/2452 435/2457 438/2454
f 435/2457 428/2433 446/2458
f 446/2458 428/2433 474/2431
f 446/2458 474/2431 516/2459
f 446/2458 516/2459 435/2457
f 516/2459 474/2431 537/2429
f 516/2459 537/2429 515/2460
f 516/2459 515/2460 435/2457
f 515/2460 537/2429 620/2434
f 505/2461 438/2454 435/2457
f 505/2461 435/2457 515/2460
f 515/2460 620/2434 589/2462
f 589/2462 620/2434 728/2463
f 515/2460 589/2462 505/2461
f 625/2464 553/2465 589/2462
f 589/2462 553/2465 505/2461
f 505/2461 553/2465 497/2466
f 522/2467 438/2454 505/2461
f 505/2461 497/2466 518/2468
f 505/2461 518/2468 522/2467
f 522/2467 518/2468 438/2454
f 518/2468 497/2466 469/2456
f 518/2468 469/2456 438/2454
f 1929/2469 1932/2470 1970/2471
f 1929/2469 1970/2471 1935/2472
f 1970/2471 1932/2470 1960/2473
f 1960/2473 1932/2470 1959/2474
f 1970/2471 1960/2473 1954/2475
f 1954/2475 1960/2473 1959/2474
f 1970/2471 1954/2475 1893/2476
f 1893/2476 1954/2475 1948/2477
f 1948/2477 1954/2475 1959/2474
f 1970/2471 1893/2476 1975/2478
f 1970/2471 1975/2478 1935/2472
f 1975/2478 1893/2476 1948/2477
f 1948/2477 1959/2474 1967/2479
f 1948/2477 1967/2479 1975/2478
f 1806/2480 1959/2474 1932/2470
f 1806/2480 1932/2470 1904/2481
f 1959/2474 1806/2480 1915/2482
f 1959/2474 1915/2482 1967/2479
f 1915/2482 1806/2480 1843/2483
f 1843/2483 1806/2480 1814/2484
f 1967/2479 1915/2482 1942/2485
f 1942/2485 1915/2482 1843/2483
f 1843/2483 1814/2484 1830/2486
f 1967/2479 1942/2485 1949/2487
f 1967/2479 1949/2487 1931/2488
f 1967/2479 1931/2488 1975/2478
f 1949/2487 1942/2485 1919/2489
f 1975/2478 1931/2488 1957/2490
f 1931/2488 1949/2487 1921/2491
f 1921/2491 1949/2487 1919/2489
f 1957/2490 1931/2488 1974/2492
f 1974/2492 1931/2488 1921/2491
f 1974/2492 1921/2491 1930/2493
f 1930/2493 1921/2491 1919/2489
f 1974/2492 1930/2493 1983/2494
f 1974/2492 1983/2494 1982/2495
f 1974/2492 1982/2495 1957/2490
f 1957/2490 1982/2495 1975/2478
f 1975/2478 1982/2495 1951/2496
f 1975/2478 1951/2496 1935/2472
f 1935/2472 1951/2496 1978/2497
f 1978/2497 1951/2496 1972/2498
f 1972/2498 1951/2496 1982/2495
f 1972/2498 1982/2495 1984/2499
f 1819/2500 1919/2489 1942/2485
f 1819/2500 1942/2485 1843/2483
f 1919/2489 1819/2500 1765/2501
f 1919/2489 1765/2501 1789/2502
f 1789/2502 1765/2501 1804/2503
f 1804/2503 1765/2501 1859/2504
f 1859/2504 1765/2501 1819/2500
f 1804/2503 1859/2504 1840/2505
f 1819/2500 1843/2483 1860/2506
f 1819/2500 1860/2506 1859/2504
f 1859/2504 1860/2506 1840/2505
f 1860/2506 1843/2483 1830/2486
f 1840/2505 1860/2506 1763/2507
f 1763/2507 1860/2506 1830/2486
f 1763/2507 1830/2486 1778/2508
f 1983/2509 1930/2510 1973/2511
f 1973/2511 1930/2510 1908/2512
f 1968/2513 1973/2511 1939/2514
f 1968/2513 1939/2514 1869/2515
f 1939/2514 1973/2511 1848/2516
f 1939/2514 1848/2516 1869/2515
f 1848/2516 1973/2511 1900/2517
f 1900/2517 1973/2511 1908/2512
f 1869/2515 1848/2516 1833/2518
f 1869/2515 1833/2518 1853/2519
f 1833/2518 1848/2516 1791/2520
f 1853/2519 1833/2518 1753/2521
f 1753/2521 1833/2518 1791/2520
f 1853/2519 1753/2521 1757/2522
f 1753/2521 1791/2520 1744/2523
f 1753/2521 1744/2523 1726/2524
f 1791/2520 1848/2516 1798/2525
f 1798/2525 1848/2516 1845/2526
f 1845/2526 1848/2516 1900/2517
f 1798/2525 1845/2526 1886/2527
f 1886/2527 1845/2526 1900/2517
f 1798/2525 1886/2527 1849/2528
f 1849/2528 1886/2527 1873/2529
f 1964/2530 1898/2531 1886/2527
f 1964/2530 1886/2527 1976/2532
f 1976/2532 1886/2527 1900/2517
f 1964/2530 1976/2532 1907/2533
f 1907/2533 1976/2532 1934/2534
f 1907/2533 1934/2534 1849/2535
f 1976/2532 1900/2517 1962/2536
f 1976/2532 1962/2536 1934/2534
f 1962/2536 1900/2517 1938/2537
f 1938/2537 1900/2517 1908/2512
f 1962/2536 1938/2537 1917/2538
f 1962/2536 1917/2538 1934/2534
f 1917/2538 1938/2537 1908/2512
f 1809/2539 1849/2535 1934/2534
f 1809/2539 1934/2534 1917/2538
f 1809/2539 1917/2538 1908/2512
f 1849/2535 1809/2539 1798/2540
f 1798/2540 1809/2539 1791/2541
f 1809/2539 1908/2512 1825/2542
f 1825/2542 1908/2512 1930/2510
f 1825/2542 1930/2510 1919/2543
f 1825/2542 1919/2543 1789/2544
f 1809/2539 1825/2542 1787/2545
f 1787/2545 1825/2542 1789/2544
f 1791/2541 1809/2539 1775/2546
f 1791/2541 1775/2546 1744/2547
f 1744/2547 1775/2546 1736/2548
f 1736/2548 1775/2546 1794/2549
f 1775/2546 1809/2539 1796/2550
f 1775/2546 1796/2550 1794/2549
f 1796/2550 1809/2539 1787/2545
f 1796/2550 1787/2545 1789/2544
f 1794/2549 1796/2550 1784/2551
f 1784/2551 1796/2550 1771/2552
f 1771/2552 1796/2550 1760/2553
f 1796/2550 1789/2544 1766/2554
f 1796/2550 1766/2554 1760/2553
f 1766/2554 1789/2544 1804/2555
f 1760/2553 1766/2554 1724/2556
f 1766/2554 1804/2555 1755/2557
f 1766/2554 1755/2557 1724/2556
f 1771/2558 1901/2559 1926/2560
f 1771/2558 1926/2560 1784/2561
f 1901/2559 1771/2558 1758/2562
f 1758/2562 1771/2558 1760/2563
f 1758/2562 1760/2563 1735/2564
f 1758/2562 1735/2564 1741/2565
f 1758/2562 1741/2565 1738/2566
f 1738/2566 1741/2565 1831/2567
f 1901/2559 1758/2562 1877/2568
f 1901/2559 1877/2568 1928/2569
f 1901/2559 1928/2569 1926/2560
f 1926/2560 1928/2569 1927/2570
f 1927/2570 1928/2569 1924/2571
f 1927/2570 1924/2571 1874/2572
f 1927/2570 1874/2572 1926/2560
f 1926/2560 1874/2572 1776/2573
f 1926/2560 1776/2573 1784/2561
f 1776/2573 1874/2572 1844/2574
f 1784/2561 1776/2573 1794/2575
f 1776/2573 1844/2574 1745/2576
f 1794/2575 1776/2573 1737/2577
f 1737/2577 1776/2573 1745/2576
f 1758/2578 1864/2579 1877/2580
f 1738/2581 1745/2582 1758/2578
f 1758/2578 1745/2582 1788/2583
f 1758/2578 1788/2583 1864/2579
f 1788/2583 1745/2582 1844/2584
f 1864/2579 1788/2583 1832/2585
f 1832/2585 1788/2583 1828/2586
f 1828/2586 1788/2583 1844/2584
f 1828/2586 1844/2584 1874/2587
f 1928/2588 1877/2580 1925/2589
f 1888/2590 1877/2580 1864/2579
f 1877/2580 1888/2590 1925/2589
f 1888/2590 1864/2579 1865/2591
f 1865/2591 1864/2579 1889/2592
f 1925/2589 1888/2590 1909/2593
f 1909/2593 1888/2590 1865/2591
f 1925/2589 1909/2593 1912/2594
f 1909/2593 1865/2591 1838/2595
f 1918/2596 1838/2595 1912/2594
f 1838/2595 1918/2596 1909/2593
f 1909/2593 1918/2596 1912/2594
f 1633/2597 1685/2598 1651/2599
f 1633/2597 1651/2599 1581/2600
f 1633/2597 1581/2600 1547/2601
f 1633/2597 1547/2601 1551/2602
f 1633/2597 1551/2602 1628/2603
f 1794/2604 1737/2605 1694/2606
f 1794/2604 1694/2606 1736/2607
f 1736/2607 1694/2606 1704/2608
f 1704/2608 1694/2606 1620/2609
f 1704/2608 1620/2609 1646/2610
f 1736/2607 1704/2608 1744/2611
f 1744/2611 1704/2608 1726/2612
f 1724/2613 1633/2614 1760/2615
f 1760/2615 1633/2614 1628/2616
f 1760/2615 1628/2616 1735/2617
f 1735/2617 1628/2616 1663/2618
f 1663/2618 1628/2616 1667/2619
f 1735/2617 1663/2618 1707/2620
f 1735/2617 1707/2620 1741/2621
f 1741/2621 1707/2620 1831/2622
f 1738/2623 1831/2624 1707/2625
f 1738/2623 1707/2625 1745/2626
f 1745/2626 1707/2625 1737/2627
f 1737/2627 1707/2625 1663/2628
f 1737/2627 1663/2628 1629/2629
f 1629/2629 1663/2628 1613/2630
f 1629/2629 1613/2630 1553/2631
f 1553/2631 1613/2630 1586/2632
f 1629/2629 1553/2631 1539/2633
f 1737/2627 1629/2629 1608/2634
f 1608/2634 1629/2629 1539/2633
f 1737/2627 1608/2634 1694/2635
f 1608/2634 1539/2633 1528/2636
f 1694/2635 1608/2634 1602/2637
f 1602/2637 1608/2634 1528/2636
f 1694/2635 1602/2637 1620/2638
f 1620/2638 1602/2637 1546/2639
f 1546/2639 1602/2637 1528/2636
f 1546/2639 1528/2636 1515/2640
f 1546/2639 1515/2640 1483/2641
f 1925/2642 1889/2643 1928/2644
f 1889/2643 1925/2642 1912/2645
f 1889/2643 1912/2645 1838/2646
f 1889/2643 1838/2646 1865/2647
f 1630/2648 1670/2649 1713/2650
f 1630/2648 1713/2650 1668/2651
f 1630/2648 1668/2651 1667/2652
f 1630/2648 1667/2652 1628/2653
f 1670/2649 1630/2648 1614/2654
f 1614/2654 1630/2648 1628/2653
f 1670/2649 1614/2654 1623/2655
f 1670/2649 1623/2655 1773/2656
f 1773/2656 1623/2655 1710/2657
f 1710/2657 1623/2655 1673/2658
f 1673/2658 1623/2655 1666/2659
f 1666/2659 1623/2655 1614/2654
f 1673/2658 1666/2659 1713/2660
f 1713/2660 1666/2659 1668/2661
f 1667/2662 1668/2661 1663/2663
f 1663/2663 1668/2661 1613/2664
f 1668/2661 1666/2659 1631/2665
f 1668/2661 1631/2665 1613/2664
f 1631/2665 1666/2659 1614/2654
f 1613/2664 1631/2665 1595/2666
f 1595/2666 1631/2665 1614/2654
f 1595/2666 1614/2654 1628/2653
f 1613/2664 1595/2666 1586/2667
f 1586/2667 1595/2666 1628/2653
f 1928/2668 1889/2669 1924/2670
f 1924/2670 1889/2669 1923/2671
f 1923/2671 1889/2669 1905/2672
f 1923/2671 1905/2672 1916/2673
f 1905/2672 1889/2669 1880/2674
f 1905/2672 1880/2674 1881/2675
f 1905/2672 1881/2675 1897/2676
f 1880/2674 1889/2669 1832/2677
f 1832/2677 1889/2669 1864/2678
f 1881/2675 1880/2674 1822/2679
f 1822/2679 1880/2674 1832/2677
f 1897/2676 1881/2675 1812/2680
f 1812/2680 1881/2675 1822/2679
f 1897/2676 1812/2680 1863/2681
f 1812/2680 1822/2679 1835/2682
f 1812/2680 1835/2682 1846/2683
f 1781/2684 1846/2683 1863/2681
f 1781/2684 1863/2681 1812/2680
f 1781/2684 1812/2680 1846/2683
f 1834/2685 1822/2679 1832/2677
f 1834/2685 1832/2677 1828/2686
f 1834/2685 1828/2686 1874/2687
f 1834/2685 1874/2687 1924/2688
f 1834/2685 1924/2688 1923/2689
f 1834/2685 1923/2689 1822/2679
f 1822/2679 1923/2689 1916/2690
f 1713/2691 1670/2692 1773/2693
f 1713/2691 1773/2693 1710/2694
f 1713/2691 1710/2694 1673/2695
f 1392/2696 1383/2697 1358/2698
f 1358/2698 1383/2697 1343/2699
f 1392/2696 1358/2698 1406/2700
f 1406/2700 1358/2698 1351/2701
f 1358/2698 1343/2699 1329/2702
f 1351/2701 1358/2698 1327/2703
f 1327/2703 1358/2698 1329/2702
f 1327/2703 1329/2702 4/2704
f 4/2704 1329/2702 297/2705
f 323/2706 297/2707 1329/2708
f 1327/2709 4/2710 1251/2711
f 1251/2711 4/2710 989/2712
f 1251/2711 989/2712 993/2713
f 1251/2711 993/2713 1327/2709
f 1327/2709 993/2713 1326/2714
f 1326/2714 993/2713 309/2715
f 1327/2709 1326/2714 1351/2716
f 296/2717 1330/2718 1326/2714
f 1351/2716 1326/2714 1348/2719
f 1348/2719 1326/2714 1330/2718
f 1351/2716 1348/2719 1405/2720
f 1351/2716 1405/2720 1406/2721
f 1348/2719 1330/2718 1345/2722
f 1406/2721 1405/2720 1475/2723
f 1406/2721 1475/2723 1483/2724
f 1345/2722 1330/2718 1340/2725
f 1483/2724 1475/2723 1546/2726
f 1475/2723 1405/2720 1420/2727
f 1389/2728 1405/2720 1348/2719
f 1405/2720 1389/2728 1420/2727
f 1475/2723 1420/2727 1457/2729
f 1457/2729 1420/2727 1389/2728
f 1546/2726 1475/2723 1530/2730
f 1530/2730 1475/2723 1457/2729
f 1457/2729 1389/2728 1446/2731
f 1457/2729 1446/2731 1530/2730
f 1446/2731 1389/2728 1411/2732
f 1386/2733 1389/2728 1348/2719
f 1389/2728 1386/2733 1411/2732
f 1386/2733 1348/2719 1345/2722
f 1446/2731 1411/2732 1426/2734
f 1426/2734 1411/2732 1386/2733
f 1446/2731 1426/2734 1477/2735
f 1446/2731 1477/2735 1530/2730
f 1426/2734 1386/2733 1423/2736
f 1423/2736 1386/2733 1345/2722
f 1426/2734 1423/2736 1477/2735
f 1423/2736 1345/2722 1391/2737
f 1477/2735 1423/2736 1494/2738
f 1494/2738 1423/2736 1391/2737
f 1530/2730 1477/2735 1513/2739
f 1513/2739 1477/2735 1494/2738
f 1530/2730 1513/2739 1584/2740
f 1530/2730 1584/2740 1593/2741
f 1530/2730 1593/2741 1546/2726
f 1546/2726 1593/2741 1620/2742
f 1620/2742 1593/2741 1646/2743
f 1593/2741 1584/2740 1577/2744
f 1593/2741 1577/2744 1646/2743
f 1577/2744 1584/2740 1513/2739
f 1577/2744 1513/2739 1556/2745
f 1556/2745 1513/2739 1494/2738
f 1646/2743 1577/2744 1635/2746
f 1646/2743 1635/2746 1675/2747
f 1646/2743 1675/2747 1704/2748
f 1704/2748 1675/2747 1726/2749
f 1635/2746 1577/2744 1616/2750
f 1753/2751 1726/2749 1747/2752
f 1747/2752 1726/2749 1708/2753
f 1708/2753 1726/2749 1675/2747
f 1747/2752 1708/2753 1692/2754
f 1692/2754 1708/2753 1661/2755
f 1635/2746 1616/2750 1693/2756
f 1698/2757 1675/2747 1635/2746
f 1698/2757 1635/2746 1693/2756
f 1698/2757 1693/2756 1721/2758
f 1721/2758 1693/2756 1616/2750
f 1675/2747 1698/2757 1722/2759
f 1722/2759 1698/2757 1721/2758
f 1675/2747 1722/2759 1708/2753
f 1722/2759 1721/2758 1616/2750
f 1708/2753 1722/2759 1658/2760
f 1708/2753 1658/2760 1661/2755
f 1658/2760 1722/2759 1616/2750
f 1661/2755 1658/2760 1610/2761
f 1661/2755 1610/2761 1615/2762
f 1658/2760 1616/2750 1598/2763
f 1658/2760 1598/2763 1610/2761
f 1598/2763 1616/2750 1577/2744
f 1598/2763 1577/2744 1556/2745
f 1610/2761 1598/2763 1558/2764
f 1558/2764 1598/2763 1556/2745
f 1610/2761 1558/2764 1569/2765
f 1558/2764 1556/2745 1494/2738
f 1569/2765 1558/2764 1532/2766
f 1532/2766 1558/2764 1494/2738
f 1569/2765 1532/2766 1544/2767
f 1544/2767 1532/2766 1518/2768
f 1518/2768 1532/2766 1474/2769
f 1474/2769 1532/2766 1494/2738
f 1518/2768 1474/2769 1461/2770
f 1474/2769 1494/2738 1455/2771
f 1461/2770 1474/2769 1432/2772
f 1432/2772 1474/2769 1455/2771
f 1461/2770 1432/2772 1400/2773
f 1455/2771 1494/2738 1391/2737
f 1432/2772 1455/2771 1403/2774
f 1403/2774 1455/2771 1391/2737
f 1432/2772 1403/2774 1353/2775
f 1432/2772 1353/2775 1400/2773
f 1353/2775 1403/2774 1391/2737
f 1400/2773 1353/2775 1363/2776
f 1363/2776 1353/2775 1317/2777
f 1363/2776 1317/2777 1361/2778
f 1353/2775 1391/2737 1341/2779
f 1353/2775 1341/2779 1317/2777
f 1341/2779 1391/2737 1345/2722
f 1317/2777 1341/2779 1340/2725
f 1340/2725 1341/2779 1345/2722
f 1295/2780 294/2781 291/2782
f 1295/2780 291/2782 108/2783
f 108/2783 291/2782 260/2784
f 108/2783 260/2784 1002/2785
f 260/2784 291/2782 317/2786
f 260/2784 317/2786 269/2787
f 358/2788 294/2789 327/2790
f 358/2788 327/2790 393/2791
f 294/2789 358/2788 291/2792
f 358/2788 393/2791 382/2793
f 358/2788 382/2793 291/2792
f 291/2792 382/2793 317/2794
f 317/2794 382/2793 416/2795
f 317/2794 416/2795 349/2796
f 317/2794 349/2796 329/2797
f 329/2797 349/2796 376/2798
f 376/2798 349/2796 416/2795
f 376/2798 416/2795 390/2799
f 393/2800 327/2801 524/2802
f 393/2800 524/2802 476/2803
f 393/2800 476/2803 450/2804
f 393/2800 450/2804 429/2805
f 393/2800 429/2805 382/2806
f 429/2805 450/2804 465/2807
f 382/2806 429/2805 449/2808
f 449/2808 429/2805 465/2807
f 382/2806 449/2808 481/2809
f 465/2807 450/2804 470/2810
f 465/2807 470/2810 449/2808
f 470/2810 450/2804 476/2803
f 449/2808 470/2810 481/2809
f 382/2806 481/2809 514/2811
f 514/2811 481/2809 470/2810
f 514/2811 470/2810 476/2803
f 514/2811 476/2803 524/2802
f 514/2811 524/2802 562/2812
f 562/2812 524/2802 566/2813
f 562/2812 566/2813 592/2814
f 562/2812 592/2814 637/2815
f 592/2814 566/2813 617/2816
f 617/2816 566/2813 636/2817
f 382/2818 514/2819 416/2820
f 416/2820 514/2819 475/2821
f 416/2820 475/2821 439/2822
f 562/2823 637/2824 578/2825
f 562/2823 578/2825 567/2826
f 578/2825 637/2824 614/2827
f 567/2826 578/2825 628/2828
f 628/2828 578/2825 614/2827
f 567/2826 628/2828 665/2829
f 567/2826 665/2829 514/2830
f 514/2830 665/2829 520/2831
f 665/2829 628/2828 702/2832
f 702/2832 628/2828 663/2833
f 663/2833 628/2828 614/2827
f 702/2832 663/2833 707/2834
f 630/2835 614/2827 637/2824
f 614/2827 630/2835 663/2833
f 630/2835 637/2824 592/2836
f 630/2835 592/2836 697/2837
f 663/2833 630/2835 673/2838
f 673/2838 630/2835 697/2837
f 663/2833 673/2838 707/2834
f 673/2838 697/2837 708/2839
f 707/2834 673/2838 731/2840
f 707/2834 731/2840 759/2841
f 707/2834 759/2841 718/2842
f 759/2841 731/2840 851/2843
f 718/2842 759/2841 834/2844
f 834/2844 759/2841 851/2843
f 567/2845 514/2846 562/2847
f 583/2848 520/2849 615/2850
f 583/2848 615/2850 640/2851
f 615/2850 520/2849 665/2852
f 640/2851 615/2850 667/2853
f 667/2853 615/2850 665/2852
f 640/2851 667/2853 683/2854
f 640/2851 683/2854 682/2855
f 682/2855 683/2854 699/2856
f 748/2857 710/2858 699/2856
f 748/2857 699/2856 683/2854
f 748/2857 683/2854 750/2859
f 667/2853 665/2852 712/2860
f 667/2853 712/2860 683/2854
f 750/2859 683/2854 709/2861
f 709/2861 683/2854 712/2860
f 801/2862 838/2863 750/2859
f 801/2862 750/2859 709/2861
f 712/2860 665/2852 744/2864
f 712/2860 744/2864 709/2861
f 744/2864 665/2852 702/2865
f 801/2862 709/2861 809/2866
f 801/2862 809/2866 814/2867
f 809/2866 709/2861 715/2868
f 809/2866 715/2868 742/2869
f 742/2869 715/2868 709/2861
f 742/2869 709/2861 744/2864
f 744/2864 702/2865 714/2870
f 744/2864 714/2870 754/2871
f 754/2871 714/2870 702/2865
f 770/2872 731/2873 673/2874
f 731/2873 770/2872 851/2875
f 770/2872 673/2874 708/2876
f 851/2875 770/2872 834/2877
f 770/2872 708/2876 718/2878
f 770/2872 718/2878 834/2877
f 664/2879 700/2880 677/2881
f 664/2879 677/2881 746/2882
f 700/2880 664/2879 662/2883
f 700/2880 662/2883 675/2884
f 260/2885 1061/2886 1002/2887
f 260/2888 147/2889 1061/2890
f 1061/2890 147/2889 1035/2891
f 147/2889 260/2888 269/2892
f 1035/2891 147/2889 175/2893
f 147/2889 269/2892 247/2894
f 147/2889 247/2894 175/2893
f 247/2894 269/2892 267/2895
f 267/2895 269/2892 273/2896
f 175/2893 247/2894 165/2897
f 175/2893 165/2897 1180/2898
f 1180/2898 165/2897 975/2899
f 975/2899 165/2897 1097/2900
f 1097/2900 165/2897 1041/2901
f 1041/2901 165/2897 247/2894
f 1041/2901 247/2894 173/2902
f 173/2902 247/2894 267/2895
f 221/2903 267/2895 273/2896
f 267/2895 221/2903 173/2902
f 221/2903 273/2896 135/2904
f 173/2902 221/2903 1183/2905
f 1183/2905 221/2903 135/2904
f 640/2906 629/2907 583/2908
f 629/2907 640/2906 656/2909
f 629/2907 656/2909 591/2910
f 656/2909 640/2906 682/2911
f 591/2910 656/2909 643/2912
f 643/2912 656/2909 682/2911
f 643/2912 682/2911 710/2913
f 710/2913 682/2911 699/2914
f 643/2912 710/2913 735/2915
f 643/2912 735/2915 621/2916
f 735/2915 710/2913 752/2917
f 752/2917 710/2913 748/2918
f 735/2915 752/2917 755/2919
f 735/2915 755/2919 741/2920
f 755/2919 752/2917 769/2921
f 769/2921 752/2917 782/2922
f 782/2922 752/2917 772/2923
f 769/2921 782/2922 767/2924
f 767/2924 782/2922 788/2925
f 788/2925 782/2922 815/2926
f 767/2924 788/2925 796/2927
f 767/2924 796/2927 824/2928
f 747/2929 772/2930 783/2931
f 783/2931 772/2930 752/2932
f 772/2930 747/2929 902/2933
f 783/2931 752/2932 748/2934
f 902/2933 747/2929 930/2935
f 783/2931 748/2934 791/2936
f 791/2936 748/2934 750/2937
f 783/2931 791/2936 850/2938
f 850/2938 791/2936 750/2937
f 783/2931 850/2938 747/2929
f 850/2938 750/2937 838/2939
f 747/2929 850/2938 799/2940
f 799/2940 850/2938 838/2939
f 747/2929 799/2940 930/2935
f 799/2940 838/2939 837/2941
f 799/2940 837/2941 930/2935
f 837/2941 838/2939 801/2942
f 837/2941 801/2942 797/2943
f 930/2935 837/2941 906/2944
f 906/2944 837/2941 797/2943
f 930/2935 906/2944 951/2945
f 951/2945 906/2944 938/2946
f 906/2944 797/2943 943/2947
f 906/2944 943/2947 938/2946
f 938/2946 943/2947 952/2948
f 943/2947 797/2943 795/2949
f 952/2948 943/2947 922/2950
f 922/2950 943/2947 795/2949
f 922/2950 795/2949 879/2951
f 922/2950 879/2951 928/2952
f 879/2951 795/2949 793/2953
f 879/2951 793/2953 847/2954
f 755/2955 769/2956 765/2957
f 765/2957 769/2956 756/2958
f 755/2955 765/2957 884/2959
f 884/2959 765/2957 919/2960
f 765/2957 756/2958 881/2961
f 765/2957 881/2961 919/2960
f 881/2961 756/2958 864/2962
f 884/2959 919/2960 925/2963
f 925/2963 919/2960 881/2961
f 925/2963 881/2961 864/2962
f 884/2959 925/2963 887/2964
f 925/2963 864/2962 912/2965
f 912/2965 864/2962 829/2966
f 925/2963 912/2965 891/2967
f 925/2963 891/2967 887/2964
f 887/2964 891/2967 918/2968
f 918/2968 891/2967 905/2969
f 905/2969 891/2967 872/2970
f 905/2969 872/2970 903/2971
f 872/2970 891/2967 877/2972
f 872/2970 877/2972 818/2973
f 818/2973 877/2972 874/2974
f 872/2970 818/2973 810/2975
f 818/2973 874/2974 823/2976
f 810/2975 818/2973 812/2977
f 812/2977 818/2973 823/2976
f 810/2975 812/2977 827/2978
f 812/2977 823/2976 820/2979
f 820/2979 823/2976 803/2980
f 820/2979 803/2980 768/2981
f 768/2981 803/2980 876/2982
f 768/2981 876/2982 831/2983
f 769/2984 728/2985 756/2986
f 756/2986 728/2985 738/2987
f 738/2987 728/2985 620/2988
f 756/2986 738/2987 802/2989
f 756/2986 802/2989 864/2990
f 802/2989 738/2987 778/2991
f 864/2990 802/2989 829/2992
f 829/2992 802/2989 778/2991
f 681/2993 728/2985 769/2984
f 728/2985 681/2993 589/2994
f 589/2994 681/2993 625/2995
f 681/2993 769/2984 717/2996
f 717/2996 769/2984 767/2997
f 625/2995 681/2993 660/2998
f 625/2995 660/2998 590/2999
f 625/2995 590/2999 553/3000
f 660/2998 681/2993 732/3001
f 732/3001 681/2993 717/2996
f 732/3001 717/2996 767/2997
f 660/2998 732/3001 701/3002
f 701/3002 732/3001 740/3003
f 740/3003 732/3001 767/2997
f 740/3003 767/2997 824/3004
f 549/3005 643/3006 621/3007
f 549/3005 621/3007 596/3008
f 596/3008 621/3007 585/3009
f 596/3008 585/3009 571/3010
f 571/3010 585/3009 601/3011
f 601/3011 585/3009 616/3012
f 616/3012 585/3009 621/3007
f 601/3011 616/3012 655/3013
f 616/3012 621/3007 644/3014
f 644/3014 621/3007 735/3015
f 655/3013 616/3012 657/3016
f 657/3016 616/3012 644/3014
f 647/3017 644/3014 688/3018
f 644/3014 647/3017 657/3016
f 657/3016 647/3017 609/3019
f 657/3016 609/3019 622/3020
f 622/3020 609/3019 571/3021
f 622/3020 571/3021 601/3022
f 657/3016 622/3020 654/3023
f 698/3024 655/3013 657/3016
f 698/3024 657/3016 654/3023
f 655/3013 698/3024 761/3025
f 698/3024 654/3023 659/3026
f 698/3024 659/3026 761/3025
f 659/3026 654/3023 612/3027
f 659/3026 612/3027 761/3025
f 735/3028 741/3029 720/3030
f 720/3030 741/3029 729/3031
f 735/3028 720/3030 688/3032
f 735/3028 688/3032 644/3033
f 688/3032 720/3030 826/3034
f 688/3032 826/3034 729/3035
f 688/3032 729/3035 738/3036
f 738/3036 729/3035 741/3037
f 688/3032 738/3036 647/3038
f 729/3039 826/3040 720/3041
f 778/3042 738/3043 741/3044
f 755/3045 884/3046 741/3044
f 741/3044 884/3046 887/3047
f 741/3044 887/3047 859/3048
f 741/3044 859/3048 778/3042
f 859/3048 887/3047 918/3049
f 859/3048 918/3049 858/3050
f 858/3050 918/3049 905/3051
f 859/3048 858/3050 856/3052
f 859/3048 856/3052 778/3042
f 778/3042 856/3052 810/3053
f 810/3053 856/3052 872/3054
f 778/3042 810/3053 829/3055
f 829/3055 810/3053 827/3056
f 963/3057 914/3058 951/3059
f 951/3059 914/3058 923/3060
f 951/3059 923/3060 930/3061
f 914/3058 963/3057 946/3062
f 914/3058 946/3062 923/3060
f 946/3062 963/3057 967/3063
f 930/3061 923/3060 902/3064
f 946/3062 967/3063 956/3065
f 946/3062 956/3065 923/3060
f 956/3065 967/3063 966/3066
f 902/3064 923/3060 892/3067
f 892/3067 923/3060 956/3065
f 892/3067 956/3065 916/3068
f 892/3067 916/3068 902/3064
f 916/3068 956/3065 966/3066
f 966/3066 967/3063 947/3069
f 966/3066 947/3069 916/3068
f 902/3064 916/3068 815/3070
f 902/3064 815/3070 772/3071
f 772/3071 815/3070 782/3072
f 815/3070 916/3068 913/3073
f 913/3073 916/3068 947/3069
f 815/3070 913/3073 885/3074
f 815/3070 885/3074 788/3075
f 885/3074 913/3073 889/3076
f 913/3073 947/3069 904/3077
f 913/3073 904/3077 945/3078
f 904/3077 947/3069 822/3079
f 904/3077 822/3079 842/3080
f 601/3081 655/3082 612/3083
f 612/3083 655/3082 761/3084
f 601/3081 612/3083 654/3085
f 601/3081 654/3085 622/3086
f 856/3087 858/3088 872/3089
f 872/3089 858/3088 819/3090
f 819/3090 858/3088 905/3091
f 872/3089 819/3090 903/3092
f 903/3092 819/3090 905/3091
f 827/3093 812/3094 900/3095
f 827/3093 900/3095 912/3096
f 827/3093 912/3096 829/3097
f 900/3095 812/3094 899/3098
f 912/3096 900/3095 890/3099
f 890/3099 900/3095 899/3098
f 912/3096 890/3099 891/3100
f 891/3100 890/3099 877/3101
f 877/3101 890/3099 874/3102
f 874/3102 890/3099 899/3098
f 899/3098 812/3094 820/3103
f 874/3102 899/3098 823/3104
f 823/3104 899/3098 876/3105
f 876/3105 899/3098 820/3103
f 823/3104 876/3105 803/3106
f 876/3105 820/3103 831/3107
f 831/3107 820/3103 768/3108
f 1870/3109 1853/3110 1823/3111
f 1823/3111 1853/3110 1757/3112
f 1870/3109 1823/3111 1808/3113
f 1753/3114 1747/3115 1757/3112
f 1757/3112 1747/3115 1723/3116
f 1723/3116 1747/3115 1692/3117
f 1823/3111 1757/3112 1779/3118
f 1779/3118 1757/3112 1723/3116
f 1723/3116 1692/3117 1655/3119
f 1723/3116 1655/3119 1779/3118
f 1661/3120 1615/3121 1692/3117
f 1692/3117 1615/3121 1655/3119
f 1569/3122 1615/3121 1610/3123
f 1615/3121 1569/3122 1527/3124
f 1615/3121 1527/3124 1655/3119
f 1527/3124 1569/3122 1544/3125
f 1527/3124 1544/3125 1514/3126
f 1514/3126 1544/3125 1518/3127
f 1514/3126 1518/3127 1461/3128
f 1514/3126 1461/3128 1527/3124
f 1655/3119 1527/3124 1654/3129
f 1654/3129 1527/3124 1559/3130
f 1559/3130 1527/3124 1445/3131
f 1559/3130 1445/3131 1572/3132
f 1559/3130 1572/3132 1654/3129
f 1655/3119 1654/3129 1705/3133
f 1655/3119 1705/3133 1779/3118
f 1705/3133 1654/3129 1678/3134
f 1779/3118 1705/3133 1762/3135
f 1762/3135 1705/3133 1706/3136
f 1706/3136 1705/3133 1678/3134
f 1678/3134 1654/3129 1660/3137
f 1678/3134 1660/3137 1739/3138
f 1660/3137 1654/3129 1636/3139
f 1660/3137 1636/3139 1739/3138
f 1636/3139 1654/3129 1572/3132
f 1678/3134 1739/3138 1662/3140
f 1662/3140 1739/3138 1636/3139
f 1678/3134 1662/3140 1706/3136
f 1662/3140 1636/3139 1572/3132
f 1706/3136 1662/3140 1568/3141
f 1568/3141 1662/3140 1572/3132
f 1568/3141 1572/3132 1563/3142
f 1563/3142 1572/3132 1466/3143
f 1568/3141 1563/3142 1541/3144
f 1568/3141 1541/3144 1691/3145
f 1568/3141 1691/3145 1706/3136
f 1691/3145 1541/3144 1656/3146
f 1706/3136 1691/3145 1783/3147
f 1783/3147 1691/3145 1656/3146
f 1706/3136 1783/3147 1762/3135
f 1783/3147 1656/3146 1733/3148
f 1751/3149 1808/3113 1733/3148
f 1733/3148 1808/3113 1783/3147
f 1783/3147 1808/3113 1803/3150
f 1803/3150 1808/3113 1823/3111
f 1762/3135 1783/3147 1792/3151
f 1783/3147 1803/3150 1802/3152
f 1783/3147 1802/3152 1792/3151
f 1762/3135 1792/3151 1779/3118
f 1802/3152 1803/3150 1966/3153
f 1802/3152 1966/3153 1792/3151
f 1803/3150 1823/3111 1800/3154
f 1800/3154 1823/3111 1779/3118
f 1803/3150 1800/3154 1966/3153
f 1800/3154 1779/3118 1792/3151
f 1800/3154 1792/3151 1966/3153
f 1964/3155 1907/3156 1895/3157
f 1895/3157 1907/3156 1849/3158
f 1886/3159 1898/3160 1873/3161
f 1873/3161 1898/3160 1895/3162
f 1873/3161 1895/3162 1849/3163
f 1895/3162 1898/3160 1964/3164
f 1846/3165 1897/3166 1863/3167
f 1897/3166 1846/3165 1835/3168
f 1897/3166 1835/3168 1916/3169
f 1897/3166 1916/3169 1905/3170
f 1916/3169 1835/3168 1822/3171
f 1340/3172 1330/3173 1301/3174
f 1301/3174 1330/3173 6/3175
f 1301/3174 6/3175 1269/3176
f 1269/3176 6/3175 17/3177
f 1269/3176 17/3177 1010/3178
f 1269/3176 1010/3178 1301/3174
f 1301/3174 1010/3178 1243/3179
f 1301/3174 1243/3179 1340/3172
f 1340/3172 1243/3179 138/3180
f 1340/3172 138/3180 1317/3181
f 1317/3181 138/3180 12/3182
f 1317/3181 12/3182 1204/3183
f 1317/3181 1204/3183 1258/3184
f 1317/3181 1258/3184 1361/3185
f 1361/3185 1258/3184 1007/3186
f 1361/3185 1007/3186 208/3187
f 1007/3186 1258/3184 1168/3188
f 1258/3184 1204/3183 1190/3189
f 1258/3184 1190/3189 1168/3188
f 1190/3189 1204/3183 971/3190
f 1168/3188 1190/3189 1209/3191
f 1209/3191 1190/3189 971/3190
f 1168/3188 1209/3191 20/3192
f 1209/3191 971/3190 984/3193
f 1193/3194 140/3195 1207/3196
f 1193/3194 1207/3196 1077/3197
f 1193/3194 1077/3197 196/3198
f 1077/3197 1207/3196 156/3199
f 170/3200 1193/3201 196/3202
f 1193/3201 170/3200 140/3203
f 140/3203 170/3200 196/3202
f 140/3203 196/3202 156/3204
f 140/3203 156/3204 1207/3205
f 156/3204 196/3202 1077/3206
f 1485/3207 1572/3208 1445/3209
f 1485/3207 1445/3209 1458/3210
f 1458/3210 1445/3209 1429/3211
f 1429/3211 1445/3209 1279/3212
f 1527/3213 1425/3214 1445/3215
f 1425/3214 1527/3213 1461/3216
f 1445/3215 1425/3214 1307/3217
f 1425/3214 1461/3216 1390/3218
f 1425/3214 1390/3218 1307/3217
f 1390/3218 1461/3216 1400/3219
f 1390/3218 1400/3219 1363/3220
f 1390/3218 1363/3220 1307/3217
f 1445/3215 1307/3217 1279/3221
f 1307/3217 1363/3220 1336/3222
f 1307/3217 1336/3222 1279/3221
f 1336/3222 1363/3220 1361/3223
f 1279/3221 1336/3222 1130/3224
f 1279/3221 1130/3224 111/3225
f 1130/3224 1336/3222 37/3226
f 37/3226 1336/3222 1298/3227
f 1298/3227 1336/3222 1361/3223
f 37/3226 1298/3227 65/3228
f 65/3228 1298/3227 1249/3229
f 1298/3227 1361/3223 1293/3230
f 1293/3230 1361/3223 208/3231
f 1485/3232 1481/3233 1459/3234
f 1481/3233 1485/3232 1458/3235
f 26/3236 1249/3237 1298/3238
f 26/3236 1298/3238 1211/3239
f 1211/3239 1298/3238 1293/3240
f 1211/3239 1293/3240 988/3241
f 26/3236 1211/3239 35/3242
f 35/3242 1211/3239 1288/3243
f 35/3242 1288/3243 9/3244
f 1288/3243 1211/3239 1216/3245
f 9/3244 1288/3243 980/3246
f 1288/3243 1216/3245 1239/3247
f 1288/3243 1239/3247 980/3246
f 1243/3248 1170/3249 138/3250
f 1170/3249 1243/3248 1223/3251
f 1170/3249 1223/3251 1198/3252
f 1170/3249 1198/3252 14/3253
f 14/3253 1198/3252 19/3254
f 1198/3252 1223/3251 1176/3255
f 1223/3251 1243/3248 1145/3256
f 1223/3251 1145/3256 1176/3255
f 1145/3256 1243/3248 1010/3257
f 1176/3255 1145/3256 133/3258
f 133/3258 1145/3256 1010/3257
f 162/3259 1170/3260 14/3261
f 1170/3260 162/3259 138/3262
f 162/3259 14/3261 184/3263
f 138/3262 162/3259 236/3264
f 236/3264 162/3259 184/3263
f 138/3262 236/3264 303/3265
f 303/3265 236/3264 324/3266
f 324/3266 236/3264 252/3267
f 252/3267 236/3264 1010/3268
f 252/3267 1010/3268 17/3269
f 1010/3268 236/3264 133/3270
f 133/3270 236/3264 184/3263
f 133/3270 184/3263 204/3271
f 133/3270 204/3271 174/3272
f 133/3270 174/3272 1176/3273
f 208/3274 988/3275 1293/3276
f 1204/3277 225/3278 971/3279
f 225/3278 1204/3277 12/3280
f 225/3278 12/3280 303/3281
f 303/3281 12/3280 138/3282
f 225/3278 303/3281 248/3283
f 1007/3284 179/3285 248/3283
f 1007/3284 248/3283 208/3286
f 208/3286 248/3283 347/3287
f 347/3287 248/3283 303/3281
f 347/3287 303/3281 335/3288
f 347/3287 335/3288 355/3289
f 335/3288 303/3281 324/3290
f 971/3291 3/3292 14/3293
f 971/3291 14/3293 19/3294
f 971/3291 19/3294 984/3295
f 1176/3296 1270/3297 1198/3298
f 1192/3299 19/3300 1198/3298
f 1192/3299 1198/3298 1270/3297
f 1147/3301 1176/3296 174/3302
f 1176/3296 1147/3301 1270/3297
f 1209/3303 204/3304 1192/3299
f 1209/3303 1192/3299 1270/3297
f 1270/3297 1147/3301 1155/3305
f 1155/3305 1147/3301 152/3306
f 1270/3297 1155/3305 1197/3307
f 1197/3307 1155/3305 180/3308
f 1209/3303 1270/3297 1225/3309
f 1225/3309 1270/3297 1197/3307
f 1209/3303 1225/3309 20/3310
f 1225/3309 1197/3307 105/3311
f 20/3310 1225/3309 1235/3312
f 1225/3309 105/3311 1174/3313
f 1225/3309 1174/3313 1235/3312
f 163/3314 152/3315 1147/3316
f 163/3314 1147/3316 174/3317
f 163/3314 174/3317 261/3318
f 163/3314 261/3318 152/3315
f 261/3318 174/3317 204/3319
f 1209/3320 984/3321 204/3319
f 204/3319 984/3321 194/3322
f 204/3319 194/3322 201/3323
f 204/3319 201/3323 261/3318
f 152/3315 261/3318 180/3324
f 180/3324 261/3318 201/3323
f 152/3315 180/3324 1155/3325
f 180/3324 201/3323 105/3326
f 180/3324 105/3326 1197/3327
f 105/3326 201/3323 166/3328
f 105/3326 166/3328 1174/3329
f 166/3328 201/3323 232/3330
f 1003/3331 1165/3332 166/3328
f 1003/3331 166/3328 229/3333
f 229/3333 166/3328 232/3330
f 229/3333 232/3330 11/3334
f 11/3334 232/3330 21/3335
f 229/3333 11/3334 215/3336
f 215/3336 11/3334 992/3337
f 1211/3338 988/3339 1216/3340
f 1216/3340 988/3339 992/3341
f 1216/3340 992/3341 1175/3342
f 1175/3342 992/3341 11/3343
f 1216/3340 1175/3342 1239/3344
f 1175/3342 11/3343 1235/3345
f 1175/3342 1235/3345 1239/3344
f 1235/3345 11/3343 986/3346
f 1235/3345 986/3346 20/3347
f 1239/3344 1235/3345 1165/3348
f 1165/3348 1235/3345 1174/3349
f 1165/3348 1174/3349 166/3350
f 1239/3344 1165/3348 1003/3351
f 1239/3344 1003/3351 980/3352
f 986/3353 988/3354 20/3355
f 988/3354 986/3353 11/3356
f 20/3355 988/3354 21/3357
f 21/3357 988/3354 215/3358
f 21/3357 215/3358 992/3359
f 20/3355 21/3357 201/3360
f 201/3360 21/3357 232/3361
f 20/3355 201/3360 159/3362
f 159/3362 201/3360 194/3363
f 20/3355 159/3362 179/3364
f 179/3364 159/3362 194/3363
f 20/3355 179/3364 1168/3365
f 1168/3365 179/3364 1007/3366
f 179/3364 194/3363 182/3367
f 182/3367 194/3363 984/3368
f 724/3369 749/3370 722/3371
f 722/3371 749/3370 757/3372
f 722/3371 757/3372 618/3373
f 722/3371 618/3373 678/3374
f 678/3374 618/3373 602/3375
f 757/3372 749/3370 808/3376
f 808/3376 749/3370 824/3377
f 808/3376 824/3377 854/3378
f 808/3376 854/3378 781/3379
f 602/3375 618/3373 569/3380
f 602/3375 569/3380 554/3381
f 554/3381 569/3380 526/3382
f 526/3382 569/3380 500/3383
f 500/3383 569/3380 491/3384
f 500/3383 491/3384 437/3385
f 491/3384 569/3380 541/3386
f 569/3380 618/3373 558/3387
f 569/3380 558/3387 541/3386
f 558/3387 618/3373 613/3388
f 541/3386 558/3387 559/3389
f 559/3389 558/3387 613/3388
f 541/3386 559/3389 540/3390
f 541/3386 540/3390 413/3391
f 540/3390 559/3389 548/3392
f 540/3390 548/3392 485/3393
f 548/3392 559/3389 604/3394
f 604/3394 559/3389 613/3388
f 705/3395 613/3388 618/3373
f 705/3395 618/3373 757/3372
f 544/3396 462/3397 548/3392
f 544/3396 548/3392 604/3394
f 525/3398 409/3399 544/3396
f 525/3398 544/3396 680/3400
f 680/3400 544/3396 604/3394
f 525/3398 680/3400 608/3401
f 608/3401 680/3400 703/3402
f 703/3402 680/3400 798/3403
f 703/3402 798/3403 739/3404
f 739/3404 798/3403 743/3405
f 680/3400 604/3394 690/3406
f 844/3407 798/3403 854/3378
f 854/3378 798/3403 781/3379
f 798/3403 680/3400 766/3408
f 766/3408 680/3400 690/3406
f 781/3379 798/3403 785/3409
f 785/3409 798/3403 766/3408
f 781/3379 785/3409 950/3410
f 785/3409 766/3408 774/3411
f 785/3409 774/3411 950/3410
f 781/3379 950/3410 789/3412
f 789/3412 950/3410 774/3411
f 781/3379 789/3412 808/3376
f 808/3376 789/3412 757/3372
f 757/3372 789/3412 774/3411
f 757/3372 774/3411 766/3408
f 757/3372 766/3408 705/3395
f 705/3395 766/3408 690/3406
f 705/3395 690/3406 666/3413
f 666/3413 690/3406 650/3414
f 650/3414 690/3406 604/3394
f 705/3395 666/3413 653/3415
f 705/3395 653/3415 613/3388
f 666/3413 650/3414 725/3416
f 666/3413 725/3416 653/3415
f 650/3414 604/3394 624/3417
f 624/3417 604/3394 613/3388
f 650/3414 624/3417 725/3416
f 624/3417 613/3388 653/3415
f 624/3417 653/3415 725/3416
f 678/3418 724/3419 722/3420
f 724/3419 678/3418 695/3421
f 695/3421 678/3418 649/3422
f 649/3422 678/3418 602/3423
f 649/3422 602/3423 606/3424
f 649/3422 606/3424 695/3421
f 606/3424 602/3423 536/3425
f 740/3426 749/3427 724/3419
f 749/3427 740/3426 824/3428
f 740/3426 724/3419 701/3429
f 701/3429 724/3419 695/3421
f 701/3429 695/3421 661/3430
f 701/3429 661/3430 627/3431
f 701/3429 627/3431 660/3432
f 660/3432 627/3431 590/3433
f 661/3430 695/3421 687/3434
f 661/3430 687/3434 627/3431
f 687/3434 695/3421 711/3435
f 711/3435 695/3421 606/3424
f 687/3434 711/3435 676/3436
f 687/3434 676/3436 627/3431
f 676/3436 711/3435 606/3424
f 676/3436 606/3424 627/3431
f 577/3437 590/3433 627/3431
f 577/3437 627/3431 606/3424
f 577/3437 606/3424 551/3438
f 551/3438 606/3424 536/3425
f 577/3437 551/3438 560/3439
f 577/3437 560/3439 568/3440
f 568/3440 560/3439 498/3441
f 498/3441 560/3439 551/3438
f 498/3441 551/3438 457/3442
f 457/3442 551/3438 536/3425
f 498/3441 457/3442 417/3443
f 417/3443 457/3442 372/3444
f 417/3443 372/3444 316/3445
f 316/3445 372/3444 335/3446
f 372/3444 457/3442 388/3447
f 372/3444 388/3447 335/3446
f 457/3442 536/3425 458/3448
f 457/3442 458/3448 388/3447
f 335/3446 388/3447 397/3449
f 397/3449 388/3447 458/3448
f 335/3446 397/3449 368/3450
f 368/3450 397/3449 437/3451
f 397/3449 458/3448 455/3452
f 397/3449 455/3452 437/3451
f 455/3452 458/3448 501/3453
f 455/3452 501/3453 437/3451
f 501/3453 458/3448 536/3425
f 437/3451 501/3453 500/3454
f 500/3454 501/3453 526/3455
f 526/3455 501/3453 527/3456
f 526/3455 527/3456 554/3457
f 501/3453 536/3425 534/3458
f 501/3453 534/3458 527/3456
f 527/3456 534/3458 554/3457
f 534/3458 536/3425 602/3423
f 534/3458 602/3423 554/3457
f 788/3459 885/3460 889/3461
f 788/3459 889/3461 878/3462
f 788/3459 878/3462 796/3463
f 796/3463 878/3462 849/3464
f 796/3463 849/3464 880/3465
f 849/3464 878/3462 883/3466
f 849/3464 883/3466 869/3467
f 883/3466 878/3462 958/3468
f 958/3468 878/3462 889/3461
f 883/3466 958/3468 936/3469
f 936/3469 958/3468 942/3470
f 958/3468 889/3461 945/3471
f 945/3471 889/3461 913/3472
f 958/3468 945/3471 904/3473
f 958/3468 904/3473 942/3470
f 942/3470 904/3473 842/3474
f 942/3470 842/3474 880/3475
f 880/3475 842/3474 796/3476
f 849/3477 867/3478 880/3479
f 880/3479 867/3478 942/3480
f 867/3478 849/3477 869/3481
f 942/3480 867/3478 936/3482
f 936/3482 867/3478 869/3481
f 936/3482 869/3481 883/3483
f 432/3484 469/3485 497/3486
f 432/3484 497/3486 489/3487
f 489/3487 497/3486 539/3488
f 539/3488 497/3486 553/3489
f 539/3488 553/3489 590/3490
f 539/3488 590/3490 577/3491
f 539/3488 577/3491 513/3492
f 539/3488 513/3492 489/3487
f 513/3492 577/3491 568/3493
f 513/3492 568/3493 498/3494
f 513/3492 498/3494 482/3495
f 513/3492 482/3495 489/3487
f 482/3495 498/3494 417/3496
f 427/3497 432/3484 489/3487
f 427/3497 489/3487 482/3495
f 482/3495 417/3496 411/3498
f 432/3484 427/3497 387/3499
f 432/3484 387/3499 389/3500
f 389/3500 387/3499 336/3501
f 411/3498 417/3496 378/3502
f 378/3502 417/3496 316/3503
f 482/3495 411/3498 402/3504
f 402/3504 411/3498 378/3502
f 482/3495 402/3504 442/3505
f 482/3495 442/3505 427/3497
f 427/3497 442/3505 402/3504
f 427/3497 402/3504 377/3506
f 377/3506 402/3504 378/3502
f 340/3507 387/3499 427/3497
f 340/3507 427/3497 377/3506
f 387/3499 340/3507 336/3501
f 377/3506 378/3502 333/3508
f 377/3506 333/3508 340/3507
f 333/3508 378/3502 316/3503
f 336/3501 340/3507 319/3509
f 319/3509 340/3507 333/3508
f 336/3501 319/3509 309/3510
f 309/3510 319/3509 296/3511
f 309/3510 296/3511 1326/3512
f 319/3509 333/3508 324/3513
f 324/3513 333/3508 316/3503
f 324/3513 316/3503 335/3514
f 319/3515 324/3516 252/3517
f 319/3515 252/3517 6/3518
f 6/3518 252/3517 17/3519
f 319/3515 6/3518 1330/3520
f 319/3515 1330/3520 296/3521
f 309/3522 993/3523 297/3524
f 309/3522 297/3524 323/3525
f 309/3522 323/3525 336/3526
f 297/3524 993/3523 253/3527
f 297/3524 253/3527 4/3528
f 253/3527 993/3523 989/3529
f 253/3527 989/3529 4/3528
f 362/3530 409/3531 321/3532
f 409/3531 362/3530 396/3533
f 396/3533 362/3530 425/3534
f 425/3534 362/3530 413/3535
f 413/3535 362/3530 111/3536
f 425/3534 413/3535 447/3537
f 447/3537 413/3535 485/3538
f 485/3538 413/3535 540/3539
f 355/3540 302/3541 330/3542
f 335/3543 368/3544 355/3540
f 302/3541 355/3540 400/3545
f 400/3545 355/3540 368/3544
f 400/3545 368/3544 421/3546
f 421/3546 368/3544 437/3547
f 421/3546 437/3547 491/3548
f 421/3546 491/3548 400/3545
f 347/3549 355/3540 330/3542
f 400/3545 491/3548 413/3550
f 400/3545 413/3550 302/3541
f 413/3550 491/3548 541/3551
f 302/3541 413/3550 281/3552
f 302/3541 281/3552 330/3542
f 281/3552 413/3550 111/3553
f 281/3552 111/3553 278/3554
f 281/3552 278/3554 330/3542
f 278/3554 111/3553 1130/3555
f 289/3556 347/3549 330/3542
f 289/3556 330/3542 278/3554
f 289/3556 278/3554 1130/3555
f 347/3549 289/3556 208/3557
f 289/3556 1130/3555 37/3558
f 289/3556 37/3558 65/3559
f 396/3560 445/3561 462/3562
f 396/3560 462/3562 544/3563
f 396/3560 544/3563 409/3564
f 445/3561 396/3560 425/3565
f 445/3561 425/3565 466/3566
f 466/3566 425/3565 447/3567
f 445/3561 466/3566 471/3568
f 471/3568 466/3566 447/3567
f 445/3561 471/3568 462/3562
f 471/3568 447/3567 485/3569
f 471/3568 485/3569 462/3562
f 462/3562 485/3569 548/3570
f 1249/3571 289/3572 65/3573
f 289/3572 1249/3571 26/3574
f 289/3572 26/3574 195/3575
f 195/3575 26/3574 35/3576
f 289/3572 195/3575 288/3577
f 289/3572 288/3577 208/3578
f 208/3578 288/3577 988/3579
f 988/3579 288/3577 195/3575
f 988/3579 195/3575 215/3580
f 195/3575 35/3576 279/3581
f 195/3575 279/3581 215/3580
f 279/3581 35/3576 9/3582
f 215/3580 279/3581 229/3583
f 279/3581 9/3582 980/3584
f 279/3581 980/3584 229/3583
f 229/3583 980/3584 1003/3585
f 225/3586 182/3587 971/3588
f 971/3588 182/3587 3/3589
f 182/3587 225/3586 248/3590
f 182/3587 248/3590 179/3591
f 3/3589 182/3587 14/3592
f 14/3592 182/3587 184/3593
f 184/3593 182/3587 984/3594
f 184/3593 984/3594 19/3595
f 184/3593 19/3595 204/3596
f 204/3596 19/3595 1192/3597
