# Blender 4.5.0
# www.blender.org
mtllib tripo_convert_4a8fb1d8-0e96-4372-9fe4-cbba042930df.mtl
o tripo_node_4a8fb1d8-0e96-4372-9fe4-cbba042930df
v 0.000047 0.333740 0.224228
v 0.000092 0.315674 -0.083076
v 0.000103 -0.291504 -0.084839
v 0.000119 0.236877 0.373108
v 0.000120 0.124878 0.347717
v 0.000128 0.289001 0.293701
v 0.000156 0.054310 -0.165314
v 0.000166 0.315765 0.216858
v 0.000168 0.267670 0.369415
v 0.000191 -0.072319 0.480621
v 0.000197 -0.206100 -0.256866
v 0.000203 -0.052853 -0.138016
v 0.000212 0.276276 0.330933
v 0.000215 0.034920 -0.206451
v 0.000217 -0.008004 0.373322
v 0.000222 0.261536 0.116554
v 0.000226 0.121346 0.383545
v 0.000232 -0.150574 -0.181717
v 0.000239 -0.219696 0.288940
v 0.000259 0.189209 0.304596
v 0.000267 -0.323914 0.057213
v 0.000272 -0.273346 0.053738
v 0.000273 -0.317535 0.279694
v 0.000288 0.312439 0.234589
v 0.000323 0.224777 0.306885
v 0.000329 0.254974 0.316193
v 0.000351 0.153564 -0.070389
v 0.000379 -0.273102 -0.089157
v 0.000443 -0.264221 -0.124123
v 0.000470 0.349426 0.241486
v 0.000481 0.045948 -0.245438
v 0.000481 0.330597 0.032551
v 0.000500 0.032482 0.374023
v 0.000503 0.323700 0.039337
v 0.000514 0.175629 -0.192902
v 0.000533 0.202972 0.246201
v 0.000535 0.189651 -0.203705
v 0.000544 -0.320770 -0.145355
v 0.000592 -0.077248 0.402405
v 0.000605 0.269653 0.186325
v 0.000613 -0.071304 -0.135345
v 0.000636 0.327026 0.003328
v 0.000640 0.137436 -0.088791
v 0.000658 0.020096 -0.168686
v 0.000684 -0.237610 0.288574
v 0.000692 -0.238770 0.030481
v 0.000726 0.275726 0.229889
v 0.000727 -0.169907 -0.156921
v 0.000760 0.239807 -0.203094
v 0.000761 0.065750 -0.123985
v 0.000781 -0.258057 -0.062859
v 0.000842 -0.216721 -0.173782
v 0.000916 -0.121475 0.353729
v 0.000918 -0.022837 -0.152557
v 0.000924 0.225403 -0.135101
v 0.000937 -0.088005 0.466278
v 0.000948 -0.246994 -0.095924
v 0.000972 -0.041119 -0.160141
v 0.001018 0.255463 0.223480
v 0.001034 -0.155884 -0.128204
v 0.001111 -0.270874 -0.153458
v 0.001117 -0.248886 0.114716
v 0.001148 0.209244 -0.225479
v 0.001189 0.164398 0.328064
v 0.001228 0.202438 0.245728
v 0.001270 -0.064621 0.460815
v 0.001271 -0.090698 0.440430
v 0.001346 0.272461 -0.060421
v 0.001436 -0.101784 -0.133377
v 0.001474 -0.249634 0.272858
v 0.001528 -0.247726 -0.095802
v 0.001602 0.225647 -0.050026
v 0.001605 -0.233337 -0.139175
v 0.001630 0.288971 -0.032043
v 0.001659 -0.271973 -0.079330
v 0.001678 -0.240875 -0.120003
v 0.001697 -0.208710 0.266541
v 0.001700 0.227097 0.249283
v 0.001705 0.239151 -0.127060
v 0.001715 0.226929 0.264862
v 0.001737 0.229691 0.218887
v 0.001742 0.193008 -0.014485
v 0.001745 0.211533 -0.014077
v 0.001764 0.128784 -0.093002
v 0.001815 0.105400 -0.101540
v 0.001821 -0.194229 -0.151550
v 0.001856 -0.184174 -0.124077
v 0.001895 0.236221 0.335571
v 0.001897 0.249420 0.325897
v 0.001917 -0.023729 -0.139847
v 0.001973 0.245605 0.210861
v 0.001977 0.091583 0.356995
v 0.002011 0.206024 -0.104401
v 0.002013 -0.221756 -0.089348
v 0.002025 -0.048122 0.391113
v 0.002072 0.200027 -0.096031
v 0.002087 0.245132 0.360199
v 0.002098 -0.236801 -0.172836
v 0.002208 0.272095 0.283264
v 0.002245 -0.221130 -0.218353
v 0.002249 0.183578 0.276215
v 0.002315 -0.184662 -0.060822
v 0.002414 0.190430 0.286591
v 0.002465 0.310699 0.070992
v 0.002493 0.259918 0.307709
v 0.002547 0.280579 -0.129776
v 0.002549 0.289948 -0.010011
v 0.002551 0.273865 0.260529
v 0.002591 0.293274 -0.097839
v 0.002606 0.288818 0.259033
v 0.002707 -0.170807 -0.076767
v 0.002882 0.297577 -0.036274
v 0.002971 0.251862 -0.169006
v 0.003119 -0.263855 -0.143219
v 0.003135 -0.102936 -0.123749
v 0.003310 0.298645 -0.071480
v 0.003366 0.297577 -0.037510
v 0.003532 -0.275665 0.272186
v 0.003568 -0.246841 0.161087
v 0.003614 -0.231033 -0.208054
v 0.003947 -0.035019 0.372986
v 0.004004 0.228577 -0.197876
v 0.004171 0.306915 0.036865
v 0.004234 0.267883 0.245041
v 0.004260 0.077072 -0.120697
v 0.004338 0.269440 -0.147705
v 0.004415 0.243561 0.031307
v 0.004514 -0.266205 -0.063316
v 0.004545 0.253021 0.370972
v 0.004735 -0.337585 0.060135
v 0.004753 0.225555 -0.207748
v 0.004789 0.067406 -0.137665
v 0.004827 -0.227814 -0.075119
v 0.004955 -0.123322 -0.133499
v 0.004981 -0.233749 0.020601
v 0.005264 -0.289948 -0.077042
v 0.005454 -0.063789 0.401520
v 0.005682 0.127106 -0.084930
v 0.005789 -0.094749 -0.160065
v 0.005882 0.252045 0.349182
v 0.005958 0.256409 0.336090
v 0.005960 0.142395 0.340057
v 0.006012 0.326965 -0.052666
v 0.006058 -0.150986 0.341949
v 0.006247 -0.149872 0.335846
v 0.006706 0.250336 -0.143402
v 0.006834 -0.159958 -0.161072
v 0.007037 0.252228 -0.135330
v 0.007117 0.224594 -0.216690
v 0.007125 -0.211670 -0.060051
v 0.007172 -0.200958 0.342285
v 0.007176 0.253296 0.188919
v 0.007283 -0.083534 0.497864
v 0.007353 0.226471 0.047688
v 0.007361 0.280792 -0.160660
v 0.007596 -0.232864 -0.225769
v 0.007620 0.058277 0.375854
v 0.007656 -0.195847 0.288422
v 0.007904 0.197464 -0.107697
v 0.007916 0.247665 -0.189835
v 0.007969 0.321045 0.011988
v 0.008025 0.323517 0.229462
v 0.008035 -0.055431 0.427063
v 0.008072 0.323730 -0.034420
v 0.008159 0.283722 0.010311
v 0.008288 0.254639 0.261810
v 0.008411 -0.089035 0.422089
v 0.008440 0.041367 -0.205368
v 0.008595 -0.208405 -0.041264
v 0.008638 0.275269 -0.137375
v 0.008844 0.314484 0.042080
v 0.008956 0.052856 -0.156937
v 0.009000 0.275970 0.262238
v 0.009007 -0.259277 -0.156235
v 0.009120 -0.249649 -0.195633
v 0.009170 0.295105 -0.127594
v 0.009374 0.247101 -0.175354
v 0.009487 -0.079041 0.480896
v 0.009672 -0.165237 -0.173279
v 0.009694 0.223297 0.242523
v 0.009730 0.283203 -0.120850
v 0.009767 0.287567 -0.103813
v 0.009819 -0.270844 0.061989
v 0.009840 -0.251038 0.270081
v 0.009849 -0.085999 -0.145554
v 0.010072 0.079674 0.359558
v 0.010077 0.124290 0.345795
v 0.010239 0.261658 -0.067192
v 0.010242 0.215347 0.301392
v 0.010268 0.245667 -0.011992
v 0.010438 0.313690 -0.073090
v 0.010591 0.236389 0.118507
v 0.010830 0.005167 -0.147110
v 0.011002 0.232697 0.154480
v 0.011011 -0.318573 0.067993
v 0.011274 0.316895 -0.027849
v 0.011361 0.270813 0.280426
v 0.011405 0.300262 -0.067986
v 0.011426 0.253052 0.298126
v 0.011438 -0.251740 -0.081802
v 0.011508 -0.259979 -0.133072
v 0.011569 0.213715 0.239746
v 0.011626 -0.237152 0.251190
v 0.011642 0.255707 -0.060833
v 0.011646 0.258179 0.312531
v 0.011733 0.257111 -0.000859
v 0.011764 -0.062531 0.415466
v 0.011821 -0.223679 0.002733
v 0.011917 0.045219 -0.146927
v 0.011934 0.304291 -0.114349
v 0.011944 0.246735 0.201828
v 0.012039 -0.255280 0.059200
v 0.012155 -0.258270 0.085388
v 0.012197 0.026846 -0.155243
v 0.012210 0.186417 0.295532
v 0.012332 -0.189240 -0.158020
v 0.012453 0.290741 -0.006975
v 0.012502 0.273499 0.310150
v 0.012514 -0.233261 -0.127502
v 0.012547 0.226303 0.011157
v 0.012597 -0.245514 -0.107658
v 0.012625 0.277252 -0.150177
v 0.012628 0.310608 0.051914
v 0.012645 0.265717 0.013417
v 0.012694 0.021872 -0.146378
v 0.012712 0.251465 -0.177383
v 0.012792 0.321442 -0.003689
v 0.012805 0.295258 -0.087021
v 0.012841 -0.230881 -0.216064
v 0.012849 0.228912 -0.005704
v 0.012938 0.255737 0.319672
v 0.013038 0.225220 -0.084145
v 0.013142 -0.243408 -0.153534
v 0.013207 -0.202194 -0.067825
v 0.013389 0.285492 -0.131927
v 0.013556 -0.076614 0.461548
v 0.013642 -0.262634 -0.076584
v 0.013849 -0.247635 -0.123711
v 0.013879 0.296570 -0.030077
v 0.013902 -0.254211 -0.125244
v 0.013905 0.228729 0.261993
v 0.014209 0.222656 0.179520
v 0.014303 -0.219269 -0.086617
v 0.014314 0.295441 -0.101295
v 0.014362 0.237305 0.025801
v 0.014413 0.309052 0.019037
v 0.014521 0.145752 -0.077950
v 0.014573 -0.250153 -0.093140
v 0.014586 -0.206070 -0.031509
v 0.014619 -0.186142 -0.055874
v 0.014668 -0.141724 0.351746
v 0.014721 -0.261749 0.239792
v 0.014757 0.310944 -0.062256
v 0.014848 0.074821 -0.116974
v 0.014881 0.272461 0.291595
v 0.014917 -0.139023 0.343597
v 0.014997 0.152588 0.273010
v 0.015084 -0.101952 0.360474
v 0.015280 0.232346 0.172363
v 0.015542 0.165298 0.314941
v 0.015595 -0.275391 0.080772
v 0.015665 -0.161697 -0.084198
v 0.015821 -0.237518 -0.175552
v 0.015896 -0.256866 0.247345
v 0.015947 -0.258118 0.213181
v 0.015949 0.005801 -0.139679
v 0.016088 0.305328 -0.036716
v 0.016264 -0.248138 -0.179550
v 0.016582 -0.264740 0.269897
v 0.016659 0.106071 0.315765
v 0.016670 -0.092178 0.332153
v 0.016838 -0.250824 0.095627
v 0.017015 0.231949 0.205811
v 0.017134 0.109047 0.352142
v 0.017292 -0.262238 0.292938
v 0.017481 0.155716 0.321472
v 0.017551 -0.243103 0.035721
v 0.017595 -0.222015 0.241089
v 0.017660 0.037403 -0.164703
v 0.017662 0.201675 -0.003559
v 0.017759 -0.249298 0.292419
v 0.017782 -0.260468 -0.099709
v 0.017786 0.174957 0.288208
v 0.017826 -0.161728 0.325714
v 0.017942 -0.236816 0.212128
v 0.017946 0.062057 -0.124046
v 0.017986 -0.185715 0.300568
v 0.018084 0.048737 0.340485
v 0.018105 0.191711 -0.015795
v 0.018122 -0.134949 -0.103630
v 0.018141 0.303467 -0.002956
v 0.018190 0.013543 0.372406
v 0.018192 0.149368 0.331238
v 0.018202 0.209503 0.009317
v 0.018566 0.139069 -0.073715
v 0.018614 -0.284698 0.058147
v 0.018711 -0.084053 0.370209
v 0.018766 -0.253906 -0.150055
v 0.018990 0.220947 0.034443
v 0.019053 0.206253 0.238831
v 0.019316 -0.249359 0.139175
v 0.019651 -0.250885 0.108986
v 0.020010 -0.228973 0.224960
v 0.020260 -0.065727 0.386688
v 0.020309 0.224274 0.097488
v 0.020346 -0.244125 0.184250
v 0.020430 0.261505 0.202271
v 0.020527 0.213852 0.209045
v 0.020756 -0.174500 0.275879
v 0.020802 -0.087524 -0.129776
v 0.020905 -0.240204 0.047001
v 0.021055 -0.039913 -0.137177
v 0.021090 -0.043400 0.371246
v 0.021099 -0.044479 -0.116425
v 0.021154 -0.081924 0.381775
v 0.021276 0.222198 0.077515
v 0.021324 -0.038250 -0.150970
v 0.021435 0.072151 0.361664
v 0.021460 -0.074478 0.431305
v 0.021463 -0.199661 -0.034988
v 0.021650 0.213165 0.096786
v 0.021797 -0.127060 0.316132
v 0.021822 0.189194 0.015654
v 0.021898 0.226074 0.210571
v 0.021929 -0.049046 0.390289
v 0.021973 -0.070930 -0.109932
v 0.022144 0.035038 -0.143188
v 0.022173 -0.248123 0.081009
v 0.022320 0.066978 -0.111244
v 0.022577 -0.067429 0.341522
v 0.022644 0.008080 -0.117950
v 0.022728 -0.026449 -0.117584
v 0.022770 0.095779 -0.101913
v 0.022820 0.153961 -0.057331
v 0.022854 -0.030159 -0.135818
v 0.023020 0.232803 0.136673
v 0.023048 -0.250366 0.232925
v 0.023079 0.136322 0.295013
v 0.023169 -0.112106 -0.092262
v 0.023174 0.012378 -0.133545
v 0.023254 -0.122131 0.348389
v 0.023306 0.045959 0.370209
v 0.023497 -0.099060 0.336243
v 0.023499 0.135895 -0.054119
v 0.023502 -0.095802 -0.119705
v 0.023518 0.107330 0.341034
v 0.023548 -0.251556 0.214645
v 0.023550 0.179626 0.238663
v 0.023567 0.030375 0.344360
v 0.023594 -0.173630 0.283875
v 0.023655 -0.137589 -0.077187
v 0.023693 0.086479 -0.088921
v 0.023727 0.102158 0.322510
v 0.023752 0.198288 0.245575
v 0.023764 -0.237823 0.196091
v 0.023775 0.171326 0.258331
v 0.023783 -0.188477 0.291351
v 0.023821 -0.207626 0.224731
v 0.023842 0.055782 -0.101845
v 0.023884 0.021797 0.367004
v 0.023912 -0.179688 -0.037949
v 0.023964 0.165070 0.293243
v 0.024157 0.131897 0.320953
v 0.024240 -0.070274 0.356750
v 0.024326 0.174850 -0.007866
v 0.024405 -0.020012 0.347260
v 0.024532 0.197220 0.012625
v 0.024538 -0.155838 0.319916
v 0.024563 0.221054 0.161285
v 0.024605 -0.232773 0.145264
v 0.024618 -0.155899 -0.081245
v 0.024626 0.051376 0.344696
v 0.024658 0.185181 -0.013452
v 0.024958 -0.146271 0.338898
v 0.024960 -0.033302 0.365662
v 0.024982 -0.228455 0.085358
v 0.025002 -0.201294 -0.001296
v 0.025127 0.211029 0.169342
v 0.025366 -0.152664 -0.070023
v 0.025553 -0.021360 0.358124
v 0.025635 -0.130127 0.322052
v 0.025942 -0.234894 0.023617
v 0.026068 0.055157 -0.139359
v 0.026237 0.204681 0.001254
v 0.026812 0.203690 0.045143
v 0.026922 -0.224548 0.049400
v 0.026999 -0.065681 0.361023
v 0.027315 -0.223312 0.015070
v 0.027485 0.210175 0.035336
v 0.027998 -0.217911 0.026308
v 0.028227 -0.063324 0.387177
v 0.028515 -0.247330 0.103279
v 0.029104 0.219589 0.063370
v 0.029211 -0.233566 0.102875
v 0.030708 0.152008 0.311035
v 0.031031 0.068825 -0.119545
v 0.031187 0.029520 -0.144302
v 0.031284 0.217453 0.140900
v 0.031933 0.206100 0.062660
v 0.032600 0.227646 0.139633
v 0.033688 0.044895 -0.129669
v 0.034321 0.090858 -0.085640
v 0.035461 -0.180725 -0.063316
v 0.040253 -0.123032 0.312561
v 0.040588 0.014823 -0.132431
v 0.041416 -0.031376 -0.134064
v 0.041618 0.029659 -0.137360
v 0.041660 0.110069 0.304932
v 0.045254 -0.168747 -0.071808
v 0.046490 0.133575 0.285065
v 0.048004 0.053230 -0.121605
v 0.049835 -0.180344 -0.029978
v 0.050568 -0.226685 0.106926
v 0.050797 -0.048424 -0.108994
v 0.051891 0.034943 0.334503
v 0.051903 -0.244202 0.082291
v 0.051933 0.230240 0.099777
v 0.052742 -0.045025 -0.123177
v 0.052750 -0.098228 -0.091919
v 0.052982 -0.057217 -0.112083
v 0.053020 0.184341 0.213760
v 0.053173 0.057598 -0.112610
v 0.054359 0.230774 0.131882
v 0.054897 0.144531 -0.036350
v 0.055058 -0.193848 0.231079
v 0.056633 -0.188797 -0.034668
v 0.057365 0.186264 -0.013395
v 0.057426 -0.100662 0.317627
v 0.057713 0.165924 0.242401
v 0.058750 0.206390 0.099045
v 0.058903 -0.190155 -0.040962
v 0.060020 0.169525 -0.001568
v 0.060791 -0.021809 0.336395
v 0.062237 -0.031612 -0.108215
v 0.062508 -0.208008 0.199249
v 0.063187 -0.068466 0.328827
v 0.063370 0.199829 0.061207
v 0.063866 0.204727 0.137756
v 0.065269 -0.165878 -0.048851
v 0.065712 0.051071 -0.093750
v 0.065727 -0.221222 0.086212
v 0.065781 -0.194748 0.007681
v 0.066635 0.051132 -0.117279
v 0.066704 0.196564 0.005080
v 0.066765 -0.149506 -0.052586
v 0.067856 -0.050137 -0.104774
v 0.067909 -0.034943 -0.123123
v 0.068130 0.197861 0.165833
v 0.068474 -0.231796 0.048286
v 0.069397 0.116631 -0.056103
v 0.069489 -0.215363 0.160568
v 0.070587 -0.171112 -0.055367
v 0.070862 -0.212692 0.052414
v 0.070946 0.068275 0.316101
v 0.072021 -0.179855 -0.050846
v 0.072998 -0.137634 0.288116
v 0.073380 -0.030205 0.353027
v 0.073601 -0.152664 0.276367
v 0.075447 0.180344 0.016434
v 0.076286 -0.072220 0.340332
v 0.076492 -0.038280 -0.113609
v 0.076988 0.000326 -0.102280
v 0.077065 -0.158890 -0.038414
v 0.077644 -0.159988 -0.047558
v 0.078133 -0.055225 -0.097160
v 0.078377 -0.074181 -0.087357
v 0.079697 0.028214 -0.116852
v 0.080437 0.172333 -0.009004
v 0.080505 0.223740 0.114594
v 0.080742 0.221542 0.137665
v 0.081482 0.109055 -0.055450
v 0.082085 0.163330 0.002252
v 0.082207 0.012722 0.326233
v 0.082283 0.091042 -0.067764
v 0.082489 0.148148 0.248611
v 0.082588 0.184006 -0.005717
v 0.082657 -0.230881 0.062363
v 0.083214 0.090630 0.300995
v 0.083420 -0.024321 0.324982
v 0.083542 0.099525 0.303680
v 0.084602 0.102364 0.290924
v 0.084694 -0.041599 0.346436
v 0.084694 -0.045822 -0.095253
v 0.084702 0.168808 0.218491
v 0.085114 0.050121 -0.084534
v 0.085617 -0.170288 -0.053051
v 0.085915 -0.175735 -0.013482
v 0.086945 -0.067162 0.342377
v 0.087059 -0.049450 0.343262
v 0.087379 0.179443 0.025965
v 0.089622 0.014533 -0.113022
v 0.089790 0.071655 0.304260
v 0.089943 -0.171555 -0.046444
v 0.091385 -0.108398 -0.066574
v 0.092422 -0.031517 0.339111
v 0.093300 0.186844 0.011447
v 0.093430 0.218552 0.126907
v 0.093788 -0.211319 0.118599
v 0.093842 0.050987 -0.095856
v 0.093842 0.106712 0.284088
v 0.093941 0.078568 -0.069458
v 0.094025 -0.114799 0.292694
v 0.094116 -0.230743 0.077858
v 0.094330 0.188721 0.103874
v 0.094772 0.049191 0.311218
v 0.095627 -0.190002 0.023012
v 0.096252 0.178589 -0.005593
v 0.096268 -0.166046 0.245071
v 0.096481 0.024706 -0.128632
v 0.096527 0.177536 0.019691
v 0.096588 0.216919 0.111557
v 0.096855 -0.018255 0.362366
v 0.097595 0.137177 -0.017168
v 0.097755 -0.126373 0.282806
v 0.098091 -0.222992 0.057911
v 0.098114 0.027296 -0.107445
v 0.098442 -0.069206 -0.111259
v 0.099350 0.000337 -0.108658
v 0.099457 0.238190 0.117508
v 0.100174 0.191376 0.099586
v 0.100861 0.133408 0.250824
v 0.100952 0.052380 -0.095421
v 0.101654 -0.170395 -0.043762
v 0.102150 0.200470 -0.008039
v 0.102341 -0.204620 0.088043
v 0.102463 -0.063225 0.352631
v 0.102592 0.100189 -0.048229
v 0.102592 -0.029806 0.314697
v 0.103134 0.085808 -0.078255
v 0.103775 -0.187820 0.199463
v 0.105354 -0.222305 0.071396
v 0.105637 -0.156082 -0.025736
v 0.105820 -0.131454 -0.039177
v 0.105865 -0.196091 0.053673
v 0.106087 -0.245087 0.065186
v 0.106728 -0.062553 0.330353
v 0.107651 0.113739 0.313293
v 0.108047 -0.163467 -0.044540
v 0.108788 0.182877 0.138000
v 0.109123 0.087700 0.284088
v 0.110344 -0.214523 0.050842
v 0.110542 0.169586 -0.005519
v 0.110718 0.161850 0.206650
v 0.110893 0.105354 -0.038704
v 0.111374 -0.057102 -0.088676
v 0.111923 0.042923 -0.091408
v 0.112396 -0.048325 -0.079132
v 0.113365 -0.058659 -0.112625
v 0.113564 0.048370 -0.067474
v 0.113976 0.033787 -0.097878
v 0.115547 -0.073296 0.299072
v 0.115723 -0.046700 -0.088928
v 0.116333 -0.190506 0.167801
v 0.116364 0.108154 -0.076721
v 0.116470 -0.154526 -0.026991
v 0.116837 0.158325 -0.001986
v 0.117264 0.103203 -0.056698
v 0.118164 -0.007588 -0.078346
v 0.119431 -0.166428 0.006950
v 0.119614 0.147583 0.007040
v 0.120087 -0.229492 0.185944
v 0.120377 -0.166428 -0.032688
v 0.120590 -0.181610 0.187012
v 0.122299 -0.166336 0.216446
v 0.122765 0.203018 0.100296
v 0.123611 -0.172409 -0.025013
v 0.124153 0.118980 -0.011504
v 0.124153 -0.212387 0.085045
v 0.124901 -0.012333 0.298859
v 0.125122 -0.040798 0.322876
v 0.125366 0.201614 0.136108
v 0.126480 0.085686 -0.042496
v 0.126556 0.162476 0.168549
v 0.126724 0.042072 0.293732
v 0.126984 -0.077141 0.287292
v 0.127243 0.035549 -0.063011
v 0.127350 0.175095 0.017345
v 0.128067 0.170135 0.100090
v 0.128250 -0.007305 -0.086983
v 0.128265 0.170578 0.136749
v 0.128296 -0.191574 0.173279
v 0.129135 0.134796 0.222076
v 0.130035 0.068863 0.279175
v 0.131531 -0.031796 0.293243
v 0.131653 0.008221 0.294159
v 0.131989 -0.155472 -0.028448
v 0.132080 -0.178329 0.182358
v 0.132294 -0.133774 0.240326
v 0.132950 -0.141464 -0.018312
v 0.133484 -0.174118 0.004618
v 0.133682 0.023037 -0.085320
v 0.133865 0.160019 0.076057
v 0.134064 -0.176331 0.055653
v 0.134766 0.054337 -0.052269
v 0.134872 -0.113045 0.255890
v 0.135239 0.150330 0.033474
v 0.135681 -0.072151 0.308502
v 0.136017 -0.116760 -0.022169
v 0.136047 -0.000020 -0.085434
v 0.136139 -0.057198 -0.056515
v 0.136490 -0.084160 0.296173
v 0.136688 -0.075943 0.302551
v 0.136963 0.065002 -0.061268
v 0.136993 -0.180740 0.149094
v 0.139862 -0.130692 -0.018785
v 0.140427 0.138275 0.199600
v 0.140671 -0.081902 -0.044212
v 0.142441 -0.074577 0.270844
v 0.142914 0.037781 -0.065956
v 0.143402 0.134705 0.013219
v 0.144058 0.094803 0.243515
v 0.144272 -0.034397 0.299866
v 0.144379 -0.015991 -0.055847
v 0.144455 -0.069557 0.312195
v 0.144516 -0.172180 0.000377
v 0.145065 -0.157806 0.188950
v 0.145309 0.150681 0.006632
v 0.145721 -0.178314 0.092072
v 0.146240 -0.189377 0.055618
v 0.146820 -0.163864 0.183029
v 0.147934 -0.174622 0.117798
v 0.148499 0.029432 -0.070679
v 0.148743 0.011461 -0.072037
v 0.149750 -0.042435 0.303253
v 0.150467 0.028952 -0.044590
v 0.151108 0.037102 -0.040047
v 0.151398 0.158875 0.026543
v 0.152390 0.121826 0.026989
v 0.152679 0.039330 -0.055504
v 0.152710 0.047726 0.265106
v 0.152924 0.011717 -0.095268
v 0.153183 0.046783 -0.034031
v 0.153412 -0.135040 0.014458
v 0.153473 0.180496 0.103523
v 0.153595 0.143936 0.039562
v 0.153915 -0.187622 0.085716
v 0.153946 -0.183517 0.010239
v 0.154160 0.094963 0.000092
v 0.154404 -0.144196 -0.025545
v 0.154510 -0.131927 0.214432
v 0.155640 0.096535 0.230362
v 0.156128 0.106697 0.017654
v 0.156647 -0.124207 0.000634
v 0.157318 -0.156815 -0.016054
v 0.158417 -0.016777 -0.055878
v 0.159668 -0.189316 0.148590
v 0.159744 -0.075615 0.284973
v 0.160049 -0.053993 0.289948
v 0.160965 0.050152 0.267212
v 0.160995 -0.090233 0.242706
v 0.161041 -0.140335 0.044575
v 0.161057 -0.055431 0.298340
v 0.161255 -0.185486 0.186081
v 0.161316 -0.149841 0.029877
v 0.161499 -0.180450 0.011490
v 0.161774 0.037235 -0.047394
v 0.162277 0.134811 0.131653
v 0.163712 0.137146 0.100052
v 0.164017 -0.130447 0.194916
v 0.164398 0.127274 0.075653
v 0.165054 0.063721 0.240021
v 0.165817 0.130783 0.052910
v 0.165939 0.108208 0.193100
v 0.167084 0.030439 -0.037220
v 0.167145 0.006179 0.257477
v 0.167297 -0.105156 0.003673
v 0.168411 0.019266 -0.017078
v 0.168839 0.020916 -0.050316
v 0.169342 0.132050 0.020803
v 0.169571 0.165665 0.119240
v 0.169998 -0.013945 -0.049156
v 0.170700 -0.185410 0.171783
v 0.171341 0.130554 0.137314
v 0.172012 -0.090042 0.313080
v 0.172714 0.158966 0.098839
v 0.172852 -0.144135 0.140961
v 0.173111 0.073235 0.010385
v 0.173172 0.104225 0.175446
v 0.173828 -0.169632 -0.005976
v 0.174011 -0.031799 0.246353
v 0.174408 0.119598 0.103973
v 0.174835 -0.141739 0.148605
v 0.174957 -0.026606 -0.012935
v 0.175064 0.068359 0.231415
v 0.175705 -0.154709 0.063744
v 0.175766 0.087288 0.035648
v 0.175842 -0.159088 0.083199
v 0.176056 0.159149 0.104637
v 0.176788 0.102966 0.049809
v 0.176788 -0.152771 0.094933
v 0.176834 0.078835 0.200180
v 0.177216 0.135941 0.038357
v 0.177765 -0.151794 -0.013102
v 0.177902 -0.123390 0.059437
v 0.178284 -0.071045 0.004985
v 0.178360 -0.073143 0.228867
v 0.178711 0.019388 -0.002682
v 0.179474 0.130005 0.052326
v 0.179672 0.157455 0.129990
v 0.180328 0.099594 0.025148
v 0.180984 -0.146423 0.029221
v 0.181244 -0.131500 0.151794
v 0.181290 -0.117615 0.172882
v 0.181915 0.111168 0.012092
v 0.182175 -0.064133 0.260193
v 0.182877 0.091789 0.257263
v 0.183380 0.025108 0.005036
v 0.183395 -0.101456 0.041912
v 0.183472 -0.149185 0.003753
v 0.184692 0.069344 0.193573
v 0.184921 0.125320 0.015250
v 0.185257 -0.144516 0.082489
v 0.185303 0.148224 0.112923
v 0.186142 0.083290 0.058327
v 0.186432 0.017328 -0.024746
v 0.186569 0.051418 0.018560
v 0.186630 -0.130295 0.033020
v 0.186859 -0.036079 0.254822
v 0.187744 0.076286 0.180328
v 0.187851 0.009520 -0.027641
v 0.188309 -0.012305 -0.024075
v 0.188431 0.140793 0.138046
v 0.188568 -0.098686 0.061569
v 0.190155 0.092819 0.229752
v 0.190475 0.016935 0.216141
v 0.190567 -0.074394 0.238556
v 0.191177 -0.082657 0.045132
v 0.191513 -0.044426 0.253723
v 0.191833 0.087410 0.136826
v 0.192230 0.079124 0.047096
v 0.192505 0.078781 0.084030
v 0.192551 -0.122147 0.141998
v 0.192596 -0.037117 0.014638
v 0.193146 -0.098228 0.160736
v 0.194305 0.084297 0.100037
v 0.194412 -0.026596 -0.010745
v 0.195068 -0.052513 0.242905
v 0.195312 0.098198 0.057312
v 0.195984 -0.113983 0.099869
v 0.196335 -0.000187 -0.010061
v 0.196426 -0.056305 0.031242
v 0.196457 0.135925 0.035336
v 0.196487 -0.120316 0.065483
v 0.196533 0.061005 0.171768
v 0.196808 0.028921 0.199280
v 0.196960 -0.113113 0.135406
v 0.197174 0.017769 -0.004376
v 0.197281 -0.162979 0.074211
v 0.197586 -0.079346 0.177872
v 0.197678 0.129547 0.107620
v 0.199020 -0.069145 0.183121
v 0.199036 -0.119194 0.081169
v 0.199432 -0.037823 0.026049
v 0.200287 -0.144928 0.080421
v 0.200592 0.113800 0.025789
v 0.200943 0.016186 0.035095
v 0.201187 0.171478 0.116020
v 0.201843 -0.028830 0.191772
v 0.202774 0.036110 0.161499
v 0.202774 0.045200 0.065392
v 0.202805 0.054531 0.099213
v 0.202972 -0.100418 0.063286
v 0.203354 0.122894 0.030596
v 0.203415 -0.032837 -0.001299
v 0.203659 -0.033073 0.010515
v 0.203873 0.000541 0.184875
v 0.204025 0.049820 0.139709
v 0.204132 -0.114059 0.096916
v 0.204498 0.022623 0.022913
v 0.205139 -0.110657 0.082954
v 0.205154 -0.066032 0.260437
v 0.205154 -0.070213 0.219376
v 0.206436 -0.002970 -0.031097
v 0.207779 0.062729 0.066589
v 0.209244 0.106750 0.099350
v 0.209961 0.012123 0.006381
v 0.210861 0.095291 0.050472
v 0.211197 0.106651 0.132782
v 0.211639 -0.039444 0.027102
v 0.212723 -0.016151 0.006879
v 0.213089 -0.065033 -0.057480
v 0.213150 -0.013016 0.014474
v 0.213791 -0.020781 0.058163
v 0.214493 0.023073 0.042606
v 0.214508 0.033527 0.194809
v 0.214813 0.016527 0.021896
v 0.215027 0.098930 0.119942
v 0.215179 0.038708 0.017252
v 0.215256 0.013144 0.035988
v 0.215683 -0.051022 -0.061501
v 0.216278 -0.031528 -0.079239
v 0.216400 0.026400 0.205978
v 0.216537 -0.075233 -0.065437
v 0.217224 -0.046791 -0.086227
v 0.218399 -0.038231 -0.063141
v 0.218796 0.008850 0.180130
v 0.218842 0.022459 0.172348
v 0.219559 -0.030293 0.189911
v 0.219727 0.049393 0.138763
v 0.219879 0.080040 0.133911
v 0.219955 -0.113892 0.105865
v 0.220093 -0.081665 0.043613
v 0.220276 -0.105911 0.076057
v 0.220367 -0.070404 0.184448
v 0.220490 0.080925 0.103905
v 0.221313 -0.003558 -0.082764
v 0.221466 0.007757 0.031548
v 0.221512 -0.031364 0.053837
v 0.221588 0.053429 0.101418
v 0.222122 -0.093956 0.091469
v 0.222198 -0.013202 -0.071167
v 0.222305 0.068466 0.116676
v 0.222702 -0.113014 0.124657
v 0.222778 -0.071281 0.138428
v 0.222931 0.059425 0.198181
v 0.223221 -0.095413 0.137177
v 0.223282 -0.066994 0.079826
v 0.223312 -0.067406 -0.020004
v 0.223648 -0.059132 -0.090126
v 0.223740 -0.077721 0.089523
v 0.223846 0.064285 0.021109
v 0.223846 -0.060909 0.052010
v 0.223938 0.034924 0.009359
v 0.223984 -0.101250 0.157776
v 0.224045 -0.092621 0.079132
v 0.224518 -0.039024 0.190781
v 0.224838 -0.092308 0.123070
v 0.225021 -0.091843 -0.039700
v 0.225128 -0.033485 0.029440
v 0.225174 0.027185 0.111160
v 0.225220 0.009144 -0.060909
v 0.225754 -0.044029 0.057789
v 0.225998 0.036324 0.191360
v 0.226257 0.036362 0.025633
v 0.226547 -0.006142 0.051926
v 0.226624 -0.075882 -0.014080
v 0.226685 0.018627 0.072670
v 0.226791 0.011078 -0.043201
v 0.226852 -0.014618 0.188507
v 0.227203 -0.036743 0.304199
v 0.227417 0.002897 0.037910
v 0.227478 -0.067078 0.165619
v 0.227768 0.044716 0.205078
v 0.227768 0.049854 0.080757
v 0.227982 -0.089279 -0.066132
v 0.228836 -0.003383 -0.037971
v 0.229111 0.044155 0.013575
v 0.229126 -0.023743 -0.096634
v 0.229187 0.004585 -0.086037
v 0.229858 -0.010180 0.160797
v 0.229889 0.020239 0.201218
v 0.229965 -0.052658 -0.029955
v 0.230209 -0.041924 -0.049023
v 0.230255 0.009688 0.281433
v 0.230255 0.048222 0.140198
v 0.230423 -0.059544 0.277832
v 0.230530 0.028175 0.049587
v 0.230637 0.027094 0.168533
v 0.230911 -0.043346 0.187683
v 0.231079 -0.033100 0.177628
v 0.231094 0.000338 0.304657
v 0.231262 0.035973 0.115799
v 0.232040 0.041588 0.077003
v 0.232086 0.001990 0.179306
v 0.232651 0.017937 0.145828
v 0.232971 0.017220 0.285431
v 0.233032 0.014066 0.020258
v 0.233063 -0.095688 0.087036
v 0.233551 -0.020308 0.275085
v 0.233551 -0.034351 0.312469
v 0.234390 0.022282 0.092316
v 0.234451 -0.079735 -0.076309
v 0.234573 0.045696 0.129227
v 0.235199 -0.097801 0.130875
v 0.235367 -0.007154 -0.042240
v 0.235580 -0.068512 0.061779
v 0.235779 -0.091530 0.141296
v 0.236191 -0.008226 0.059700
v 0.236359 0.000527 0.262451
v 0.236496 -0.062160 0.232468
v 0.236694 -0.036354 0.175812
v 0.237213 -0.049656 -0.089569
v 0.237488 -0.056076 0.272186
v 0.237595 -0.002317 0.267822
v 0.237686 0.011928 0.071373
v 0.238113 0.027781 0.023432
v 0.238144 -0.012038 -0.067398
v 0.238235 -0.027842 0.060509
v 0.238266 -0.003587 0.156418
v 0.238297 -0.095726 0.081284
v 0.238312 -0.004355 -0.078056
v 0.238525 0.016384 -0.044533
v 0.238617 -0.035446 0.186142
v 0.238663 -0.083710 0.004039
v 0.238892 0.027964 0.191223
v 0.239120 0.009547 -0.049141
v 0.239212 -0.072113 0.142044
v 0.239380 -0.032196 -0.073311
v 0.239594 -0.032948 0.297424
v 0.239685 -0.092979 -0.040459
v 0.239975 -0.071434 0.079315
v 0.240814 -0.068817 0.287689
v 0.241211 -0.063774 0.167419
v 0.241394 -0.055412 0.237091
v 0.241928 -0.019960 0.268097
v 0.242401 -0.032429 0.054020
v 0.242538 -0.044106 0.157288
v 0.242767 0.012685 0.175247
v 0.242767 -0.046719 -0.045090
v 0.242996 -0.101036 0.114868
v 0.243134 -0.052204 0.053078
v 0.243576 -0.090324 0.136566
v 0.243805 -0.000512 0.064667
v 0.243881 -0.036125 0.154892
v 0.244080 -0.054764 0.031948
v 0.244202 0.013166 0.048977
v 0.244354 -0.059185 0.147430
v 0.244553 -0.007150 -0.035629
v 0.244583 -0.023788 0.310272
v 0.245468 -0.055901 -0.002985
v 0.245743 0.001718 0.306580
v 0.245834 0.084000 0.117813
v 0.246170 0.012544 -0.046215
v 0.246216 -0.042263 0.070107
v 0.246613 0.006171 0.264709
v 0.246750 -0.033092 0.192490
v 0.246750 -0.077545 0.255066
v 0.247467 -0.060143 0.077332
v 0.247940 0.008969 0.280884
v 0.248581 -0.057590 0.301392
v 0.248734 -0.082359 -0.047436
v 0.249420 0.013788 0.287323
v 0.250519 -0.061111 0.269012
v 0.250549 -0.040867 0.063919
v 0.250854 -0.025484 0.161530
v 0.252319 0.015456 0.130356
v 0.252350 -0.062584 0.154602
v 0.252350 -0.109764 0.124466
v 0.253418 -0.069046 -0.040539
v 0.253571 -0.103180 0.108833
v 0.253723 -0.043240 0.130554
v 0.253876 -0.043324 0.188217
v 0.253967 -0.035015 0.091080
v 0.254395 -0.029831 0.067345
v 0.254608 -0.063202 0.235504
v 0.254913 -0.069504 0.030834
v 0.255371 -0.063057 0.000723
v 0.255768 -0.078598 0.013901
v 0.256439 -0.109810 0.095062
v 0.256958 -0.065910 0.110199
v 0.257050 -0.074944 0.212341
v 0.257202 -0.092918 0.130539
v 0.257416 -0.063080 0.204529
v 0.257843 -0.071381 0.282043
v 0.258362 0.013027 0.104637
v 0.258514 -0.050282 0.118782
v 0.258942 -0.002645 0.146057
v 0.259094 0.010245 0.098083
v 0.259674 -0.067963 0.087357
v 0.261078 -0.050385 0.109886
v 0.261444 -0.044006 0.054276
v 0.261566 0.000034 0.077744
v 0.261719 -0.037495 0.040154
v 0.261780 -0.110970 0.103401
v 0.261871 -0.078514 0.102234
v 0.262817 -0.033291 0.150681
v 0.263306 -0.071449 0.130081
v 0.263458 -0.063522 0.024883
v 0.264496 -0.021418 0.065170
v 0.264832 -0.024014 0.156723
v 0.264954 -0.091370 0.119125
v 0.267395 -0.074661 0.109077
v 0.267487 0.003969 0.122078
v 0.269897 -0.064743 0.101364
v 0.272003 -0.007352 0.108246
v 0.273346 -0.030268 0.077423
v 0.274017 -0.056931 0.109520
v 0.274353 -0.019339 0.093842
v 0.275726 -0.016180 0.126343
v 0.276215 -0.037251 0.107895
v 0.276733 -0.034996 0.139954
v 0.278717 -0.050648 0.119797
v 0.279816 -0.048416 0.101562
v -0.000001 0.226379 -0.113205
v -0.000004 0.231995 -0.190628
v -0.000035 -0.099869 -0.145691
v -0.000052 -0.268219 0.246109
v -0.000075 -0.343628 0.063423
v -0.000089 0.162292 -0.105972
v -0.000120 -0.149246 -0.095367
v -0.000136 -0.260529 0.209106
v -0.000141 0.282227 0.315857
v -0.000171 0.011476 0.425293
v -0.000198 -0.156387 0.379333
v -0.000199 0.221909 -0.126328
v -0.000225 -0.091927 -0.174393
v -0.000241 0.101692 -0.117546
v -0.000280 -0.291321 0.083649
v -0.000291 -0.264557 0.019770
v -0.000293 0.189682 -0.080872
v -0.000304 0.255493 0.222427
v -0.000308 0.172913 -0.109848
v -0.000308 -0.288239 0.030352
v -0.000319 0.170990 -0.043022
v -0.000320 -0.243423 -0.010884
v -0.000496 -0.242798 -0.144989
v -0.000545 0.265839 -0.063988
v -0.000583 -0.145462 -0.103317
v -0.000589 -0.102119 0.370789
v -0.000662 0.199295 -0.198746
v -0.000664 -0.089218 0.369019
v -0.000751 0.209305 0.317566
v -0.000799 -0.230682 0.015307
v -0.000900 0.238052 0.125580
v -0.000922 0.074997 -0.112923
v -0.000935 -0.164932 -0.137970
v -0.001094 -0.279053 0.045654
v -0.001103 -0.093918 0.379913
v -0.001130 -0.259644 0.310547
v -0.001131 0.274078 0.278625
v -0.001144 -0.189255 -0.155411
v -0.001164 0.055923 -0.139969
v -0.001169 -0.091133 0.444183
v -0.001328 0.323029 -0.022610
v -0.001367 0.189041 0.287231
v -0.001383 -0.242615 -0.113937
v -0.001408 0.230728 -0.147324
v -0.001450 0.255493 -0.011462
v -0.001469 -0.228119 -0.130386
v -0.001478 0.193283 -0.013847
v -0.001478 0.240570 -0.122818
v -0.001528 0.285889 -0.033363
v -0.001544 -0.183182 -0.124573
v -0.001558 0.279724 -0.131760
v -0.001565 -0.267883 0.279755
v -0.001592 0.226135 0.264801
v -0.001607 -0.052067 0.429749
v -0.001621 0.182785 0.277924
v -0.001685 0.195343 -0.095947
v -0.001701 -0.227325 -0.091576
v -0.001701 -0.041523 0.394196
v -0.001715 0.261505 0.307678
v -0.001741 0.229965 0.216629
v -0.001804 0.231094 -0.078751
v -0.001815 0.229156 0.251984
v -0.001859 0.045155 -0.150742
v -0.001859 -0.237259 0.022604
v -0.001887 0.274475 0.240112
v -0.001923 0.207382 -0.103119
v -0.001938 -0.236984 -0.175583
v -0.001944 -0.225845 -0.144531
v -0.001951 0.225662 -0.051399
v -0.002158 -0.149612 0.341705
v -0.002176 0.294617 -0.092522
v -0.002216 0.300446 -0.045341
v -0.002331 0.228790 0.133759
v -0.002411 -0.185181 -0.061691
v -0.002437 -0.220276 -0.223358
v -0.002463 0.291656 -0.041527
v -0.002526 -0.274567 0.270294
v -0.002533 0.237091 0.107956
v -0.002642 -0.230270 -0.208405
v -0.002774 -0.171005 -0.077652
v -0.002803 -0.349731 0.057396
v -0.003173 0.233902 0.169250
v -0.003345 0.251617 0.376892
v -0.003706 0.293030 -0.010831
v -0.003818 0.243561 -0.178101
v -0.003935 0.227905 -0.193665
v -0.004220 0.225815 -0.000552
v -0.004303 0.277466 0.251434
v -0.004357 0.254120 0.351562
v -0.004370 0.090286 0.355957
v -0.004458 0.253387 0.365051
v -0.004469 -0.262634 -0.148651
v -0.004503 -0.250427 0.305878
v -0.004577 0.267181 -0.150452
v -0.004714 -0.270355 -0.077522
v -0.004937 0.224594 -0.205444
v -0.005267 0.329590 0.232437
v -0.005321 0.025475 -0.150726
v -0.005344 -0.094955 -0.154755
v -0.005379 -0.227951 -0.076019
v -0.005387 -0.063454 0.403961
v -0.005410 0.258362 0.337372
v -0.005415 0.102692 -0.100113
v -0.005416 -0.141022 0.356781
v -0.005514 0.222855 -0.218140
v -0.005518 -0.086266 0.498291
v -0.005554 0.306610 0.031395
v -0.005588 -0.201721 0.342377
v -0.005809 -0.287018 0.078247
v -0.005857 0.208847 0.000100
v -0.005983 0.281128 -0.161575
v -0.006023 -0.327881 0.060555
v -0.006042 0.253235 0.189636
v -0.006283 -0.217163 -0.008595
v -0.006333 0.232605 0.155991
v -0.006455 0.126312 -0.085678
v -0.006478 -0.125900 -0.129135
v -0.006493 0.325439 -0.031223
v -0.006706 0.078384 -0.121696
v -0.006797 -0.208298 -0.055511
v -0.007061 0.246078 0.001512
v -0.007325 0.278229 -0.132904
v -0.007586 -0.085274 -0.143356
v -0.007792 0.252441 -0.135559
v -0.007831 -0.232498 -0.227402
v -0.007872 0.269379 0.278900
v -0.007911 0.285858 0.269806
v -0.008018 0.244888 -0.190353
v -0.008053 0.053070 -0.157516
v -0.008286 -0.145782 0.339508
v -0.008327 0.244583 -0.170349
v -0.008480 0.198715 -0.106750
v -0.008537 0.253632 0.326385
v -0.008725 0.264557 -0.143219
v -0.008869 0.287750 -0.104218
v -0.008920 -0.246094 0.290009
v -0.009023 0.324310 -0.050880
v -0.009048 0.060787 0.373749
v -0.009155 -0.079117 0.482483
v -0.009516 -0.251678 -0.081635
v -0.009578 0.311188 0.047077
v -0.009651 -0.100899 0.361084
v -0.009691 0.223984 0.053551
v -0.009749 -0.273407 0.062263
v -0.009789 -0.262970 0.080231
v -0.009838 0.289520 0.009842
v -0.009838 -0.320404 0.068146
v -0.009875 -0.262177 -0.067833
v -0.009962 -0.086967 0.421875
v -0.010055 0.201035 0.292664
v -0.010082 -0.246902 -0.201569
v -0.010290 0.308990 -0.102272
v -0.010326 0.312866 0.056717
v -0.010459 -0.255035 -0.166443
v -0.010470 0.298889 -0.069489
v -0.010535 -0.062698 0.415283
v -0.010624 0.269653 -0.061790
v -0.010664 0.247040 -0.011167
v -0.010724 0.256622 -0.180542
v -0.010766 0.189835 0.298676
v -0.010853 0.137207 0.338776
v -0.010999 -0.243668 -0.148743
v -0.011042 -0.235199 -0.174957
v -0.011153 0.299652 -0.119354
v -0.011185 -0.257660 0.059723
v -0.011279 0.231842 0.019169
v -0.011334 -0.261993 -0.125275
v -0.011421 0.259918 0.312134
v -0.011497 0.211395 0.239182
v -0.011513 -0.196243 -0.158173
v -0.011528 -0.187393 -0.157578
v -0.011598 -0.229248 -0.216736
v -0.011609 0.294128 -0.087547
v -0.011676 0.250275 0.294586
v -0.011682 -0.162369 -0.164703
v -0.011702 -0.269135 -0.084587
v -0.011792 0.269928 -0.166443
v -0.011895 -0.206879 -0.077515
v -0.011980 -0.222321 0.241547
v -0.012002 -0.253204 0.268158
v -0.012018 0.262695 -0.056194
v -0.012033 0.271912 0.311523
v -0.012128 0.223236 0.246536
v -0.012139 0.222855 -0.085518
v -0.012197 0.275299 -0.148773
v -0.012289 -0.076935 0.462738
v -0.012340 0.221298 0.013021
v -0.012429 0.023493 -0.162613
v -0.012486 0.322083 -0.003305
v -0.012515 -0.080841 0.383087
v -0.012595 0.260773 -0.001025
v -0.012626 0.222260 0.181290
v -0.012650 0.260651 0.015477
v -0.012658 0.146774 -0.078300
v -0.012708 -0.249130 -0.094955
v -0.012730 0.315765 0.015136
v -0.012777 0.271057 0.283661
v -0.012878 -0.228485 -0.089897
v -0.012898 0.271362 0.296783
v -0.013234 0.309143 0.022177
v -0.013265 0.232574 0.142929
v -0.013411 0.251312 0.206085
v -0.013555 0.309296 -0.075867
v -0.013605 0.289886 -0.127884
v -0.013691 0.297302 -0.030312
v -0.013741 0.294739 -0.102135
v -0.013742 0.303955 -0.047752
v -0.013906 -0.250641 -0.125839
v -0.014031 0.162140 0.318420
v -0.014160 -0.250580 0.247070
v -0.014350 -0.087624 0.334259
v -0.014351 -0.247574 -0.122856
v -0.014378 0.145004 0.280396
v -0.014403 -0.202133 -0.065125
v -0.014487 0.237473 0.028713
v -0.014800 -0.276855 0.080223
v -0.014931 -0.147324 0.301392
v -0.015069 -0.261230 0.242828
v -0.015298 -0.266937 0.268372
v -0.015348 0.105400 0.316833
v -0.015385 -0.066620 0.426697
v -0.015432 -0.161758 -0.083817
v -0.015470 0.232330 0.173294
v -0.015552 -0.256683 -0.146942
v -0.015611 -0.251709 0.094910
v -0.015722 0.292908 -0.002865
v -0.015766 -0.161865 0.289154
v -0.015772 0.032024 0.374451
v -0.015781 0.154114 0.332123
v -0.015949 -0.241440 -0.163696
v -0.016148 0.233566 0.205246
v -0.016161 -0.247147 -0.177322
v -0.016281 0.310760 -0.025761
v -0.016285 -0.203430 0.276886
v -0.016594 0.109581 0.353027
v -0.016607 -0.263702 0.290283
v -0.016638 0.173080 0.297638
v -0.016651 0.007525 -0.139725
v -0.016668 0.061386 0.369232
v -0.016817 -0.235718 0.210770
v -0.017229 -0.139114 0.347015
v -0.017267 0.046810 -0.143280
v -0.017288 -0.093483 -0.127594
v -0.017311 -0.187775 -0.051670
v -0.017311 -0.245239 0.178726
v -0.017347 -0.082527 0.372681
v -0.017353 -0.260315 -0.096413
v -0.017353 -0.285645 0.058022
v -0.017454 0.037205 -0.165497
v -0.017731 0.070015 -0.114983
v -0.018019 0.179733 0.281799
v -0.018061 0.221603 0.036339
v -0.018103 -0.135605 -0.103508
v -0.018229 0.209488 0.009170
v -0.018499 0.198807 -0.006814
v -0.018549 0.303833 -0.000872
v -0.018639 0.221832 0.019499
v -0.018764 0.013334 0.372711
v -0.018797 0.138519 -0.075195
v -0.018850 0.061707 -0.124603
v -0.019058 -0.032990 -0.138367
v -0.019073 0.145782 0.324524
v -0.019142 0.208176 0.235214
v -0.019291 -0.255432 0.208221
v -0.019669 0.234024 0.100044
v -0.019783 -0.229446 0.224091
v -0.019806 -0.250885 0.289154
v -0.019892 -0.249496 0.117058
v -0.019983 -0.202438 -0.038345
v -0.019991 -0.064720 0.386719
v -0.020180 0.264618 0.203125
v -0.020325 -0.045757 -0.115944
v -0.020418 -0.042652 0.370972
v -0.020620 -0.156326 0.329559
v -0.020712 -0.089752 0.363312
v -0.020813 0.222336 0.077278
v -0.020905 0.189941 0.016050
v -0.020929 -0.241074 0.048553
v -0.020979 -0.085861 -0.128555
v -0.021233 -0.073418 -0.109108
v -0.021406 -0.039104 -0.139160
v -0.021521 -0.066368 0.341614
v -0.021563 0.223022 0.097420
v -0.021614 0.109970 0.342590
v -0.021624 0.028503 0.344971
v -0.021797 0.048283 0.339508
v -0.021915 0.012202 -0.134140
v -0.021917 0.227493 0.209457
v -0.022020 -0.248581 0.081650
v -0.022139 -0.074402 0.431946
v -0.022148 0.007736 -0.118118
v -0.022238 0.153275 -0.058624
v -0.022305 -0.037266 -0.151276
v -0.022394 -0.250824 0.231506
v -0.022409 -0.098373 -0.099709
v -0.022585 -0.241714 0.034325
v -0.022621 0.222336 0.160278
v -0.022657 -0.081543 0.382263
v -0.022730 0.145096 0.289642
v -0.022762 -0.187393 0.256165
v -0.022774 -0.185226 0.299347
v -0.022789 -0.228271 0.085312
v -0.022860 -0.028231 -0.117729
v -0.022873 0.210739 0.212891
v -0.022903 -0.128510 0.315399
v -0.023018 -0.218643 0.239044
v -0.023020 -0.103172 0.354462
v -0.023027 0.176178 0.244965
v -0.023136 0.094048 -0.102074
v -0.023268 -0.238693 0.187729
v -0.023270 0.098564 -0.083466
v -0.023466 -0.206207 0.227463
v -0.023504 0.197021 0.012190
v -0.023525 -0.168732 0.287781
v -0.023542 -0.178497 -0.039486
v -0.023623 -0.148743 -0.071526
v -0.023626 -0.155975 -0.080811
v -0.023634 0.114128 0.314484
v -0.023655 -0.231476 0.150574
v -0.023733 -0.113068 -0.110115
v -0.023748 -0.099945 0.335907
v -0.023859 0.213287 0.097946
v -0.023914 0.170868 0.285156
v -0.023922 -0.249481 0.211014
v -0.023977 -0.020533 0.347778
v -0.024061 0.083702 0.349030
v -0.024065 0.056381 -0.101837
v -0.024071 0.191147 0.219086
v -0.024105 0.175873 -0.008337
v -0.024136 -0.068642 0.361267
v -0.024193 -0.027454 -0.127075
v -0.024229 -0.222107 0.007868
v -0.024307 0.185074 -0.013165
v -0.024401 -0.128601 0.344818
v -0.024479 0.204681 0.001230
v -0.024607 0.080467 0.333649
v -0.024618 0.134583 0.319122
v -0.024675 0.045422 0.367920
v -0.024767 -0.226791 0.047798
v -0.024788 -0.028433 0.364502
v -0.024878 -0.239090 0.131775
v -0.024889 0.217026 0.154816
v -0.024975 -0.250336 0.104958
v -0.025133 0.235184 0.133377
v -0.025335 -0.205658 0.005256
v -0.025372 0.015726 -0.146393
v -0.025478 -0.162186 0.317261
v -0.025515 0.157501 0.315430
v -0.025820 -0.055222 0.362976
v -0.026045 -0.230484 0.019098
v -0.026838 0.056419 -0.139221
v -0.027151 -0.234283 0.046680
v -0.027246 0.219223 0.062737
v -0.027611 0.211121 0.034328
v -0.027788 0.204300 0.047298
v -0.027880 -0.057480 0.388336
v -0.028280 -0.232513 0.102325
v -0.028589 0.206680 0.065178
v -0.029884 0.153214 0.307770
v -0.030472 0.068687 -0.120216
v -0.030542 0.228928 0.139709
v -0.032917 0.032356 -0.133224
v -0.035648 0.090004 -0.085793
v -0.037140 0.015330 -0.132660
v -0.038830 0.059788 -0.113953
v -0.041454 0.213516 0.139389
v -0.041893 0.030981 -0.137802
v -0.042034 0.109779 0.304688
v -0.043152 -0.120888 0.312958
v -0.043610 -0.210480 0.021397
v -0.046295 -0.031555 -0.131973
v -0.047302 -0.093544 -0.096786
v -0.047825 0.133774 0.284058
v -0.047897 -0.227188 0.105766
v -0.047977 0.050289 -0.122902
v -0.048615 -0.046413 -0.109634
v -0.048882 -0.058300 -0.107391
v -0.048965 0.034584 0.335724
v -0.049938 -0.173126 -0.068596
v -0.054688 0.141586 -0.039955
v -0.054783 -0.045330 -0.121559
v -0.055050 0.229279 0.099945
v -0.055336 -0.188599 -0.035305
v -0.055813 -0.068169 0.331085
v -0.055832 0.207458 0.098648
v -0.056206 0.186966 -0.013859
v -0.056774 -0.159866 0.277496
v -0.056992 -0.211884 0.191025
v -0.058193 0.055405 -0.108147
v -0.058685 -0.234375 0.047958
v -0.059402 0.051090 -0.094353
v -0.060196 -0.241806 0.078148
v -0.060928 -0.190613 -0.040443
v -0.060989 -0.031906 -0.108421
v -0.061611 -0.022001 0.335754
v -0.061634 0.189743 0.034897
v -0.061703 0.183640 0.015197
v -0.062859 -0.029724 -0.118942
v -0.062935 -0.169083 -0.059502
v -0.063072 -0.165588 -0.048386
v -0.064163 0.049679 -0.118927
v -0.064262 0.199707 0.061596
v -0.064545 -0.221313 0.130447
v -0.066696 -0.041126 -0.119659
v -0.066734 -0.214188 0.051514
v -0.067039 -0.194000 0.007091
v -0.067680 -0.024395 0.346863
v -0.067719 -0.149826 -0.052166
v -0.067856 -0.178177 -0.021889
v -0.068207 0.117989 -0.055550
v -0.068428 0.060753 0.319916
v -0.068451 0.197800 0.165665
v -0.069168 0.163223 0.240646
v -0.069603 -0.031281 0.354553
v -0.069687 0.196274 0.005999
v -0.069839 0.166992 -0.001284
v -0.069984 -0.212616 0.172806
v -0.071198 0.166885 -0.001228
v -0.071968 -0.178009 -0.051655
v -0.072670 0.221146 0.138107
v -0.073265 0.200302 0.137482
v -0.074028 0.225952 0.132828
v -0.074173 -0.147049 0.281433
v -0.074753 0.001189 -0.103722
v -0.075859 -0.045212 -0.100601
v -0.076393 -0.037731 -0.114960
v -0.076691 -0.174789 -0.054752
v -0.077042 -0.050877 -0.098648
v -0.077919 -0.074898 -0.087181
v -0.078377 0.024607 -0.117805
v -0.078659 0.182892 -0.008211
v -0.078911 -0.188553 0.223541
v -0.079041 -0.048428 0.347748
v -0.079048 -0.215775 0.086266
v -0.079124 0.110344 0.286407
v -0.079514 -0.234055 0.084480
v -0.080643 0.109863 -0.055180
v -0.080750 -0.156906 -0.038502
v -0.080963 0.053768 -0.099625
v -0.082016 -0.072586 0.337402
v -0.082146 0.005117 0.326477
v -0.082420 0.147659 0.249207
v -0.082436 0.092743 0.300140
v -0.082581 0.049572 -0.085602
v -0.083015 -0.025051 0.323883
v -0.083138 0.086723 -0.069626
v -0.083374 0.157608 -0.004611
v -0.083595 0.223053 0.124046
v -0.083878 -0.230850 0.064720
v -0.084404 -0.064095 0.343567
v -0.084526 0.193588 0.100365
v -0.084671 0.099525 0.306091
v -0.084854 0.002878 -0.115105
v -0.085495 0.172852 -0.007056
v -0.086388 0.180374 0.022339
v -0.086456 0.074890 -0.075279
v -0.087303 0.188553 0.009801
v -0.087662 -0.169647 -0.049934
v -0.088310 0.220398 0.104645
v -0.088821 -0.113159 -0.065277
v -0.089012 0.070129 0.304901
v -0.089119 0.168884 0.213669
v -0.090622 -0.182953 -0.020781
v -0.090706 0.045143 -0.106575
v -0.091461 -0.212021 0.117577
v -0.091858 -0.031483 0.338531
v -0.092552 0.031012 -0.110313
v -0.093086 0.107002 0.284943
v -0.093315 0.177353 0.038692
v -0.093483 0.179169 0.018642
v -0.093994 -0.112495 0.293182
v -0.094353 -0.190948 0.024586
v -0.095062 0.157516 0.006176
v -0.095901 -0.018452 0.362671
v -0.096405 -0.166229 0.244614
v -0.096443 0.024273 -0.128387
v -0.096764 0.178299 -0.004710
v -0.097008 -0.194290 0.190628
v -0.097099 -0.172104 -0.042187
v -0.097237 0.018190 -0.108734
v -0.097992 0.043247 0.311798
v -0.098076 0.185410 0.010308
v -0.098480 -0.125793 0.281921
v -0.099007 0.237366 0.117401
v -0.099083 0.216187 0.116165
v -0.099365 -0.069046 0.333344
v -0.099571 0.052708 -0.095695
v -0.099747 -0.221970 0.058426
v -0.100365 0.133865 0.250427
v -0.100601 -0.067116 -0.111298
v -0.101051 -0.226868 0.077896
v -0.101555 0.199982 -0.007891
v -0.102180 -0.156250 -0.026627
v -0.102455 0.101158 -0.048084
v -0.102608 -0.063354 0.352844
v -0.102875 -0.049290 0.334320
v -0.103645 -0.196823 0.053814
v -0.103882 -0.184341 -0.044846
v -0.104156 -0.029959 0.313660
v -0.104805 0.004930 -0.105850
v -0.104828 0.088440 -0.078102
v -0.105820 -0.245117 0.064659
v -0.106567 0.092094 0.282715
v -0.106590 0.183716 0.137726
v -0.106636 -0.216736 0.050747
v -0.107147 -0.202271 0.088165
v -0.107384 0.112061 0.311951
v -0.107643 -0.162384 -0.044804
v -0.109589 0.093079 0.292297
v -0.109688 0.039524 -0.071930
v -0.110596 0.042908 -0.090988
v -0.110657 -0.046146 -0.093445
v -0.110748 -0.053925 -0.077911
v -0.111794 -0.072975 0.301666
v -0.111801 0.163315 0.201233
v -0.112358 -0.058750 -0.113289
v -0.112526 0.133667 -0.010123
v -0.112961 0.033756 -0.098549
v -0.114372 -0.045300 -0.077454
v -0.115074 0.110741 -0.075325
v -0.115875 -0.190445 0.169556
v -0.116737 -0.170441 0.217102
v -0.117012 0.159882 -0.001726
v -0.117035 0.103409 -0.057255
v -0.117249 0.174210 0.021038
v -0.117912 -0.167084 -0.038673
v -0.119202 -0.165695 0.007469
v -0.119339 -0.184296 0.184769
v -0.119667 -0.008709 -0.076416
v -0.119705 -0.150528 -0.020638
v -0.119766 0.204498 0.136337
v -0.119919 0.200287 0.099358
v -0.120583 0.146240 0.217484
v -0.121468 -0.040882 0.324799
v -0.123337 -0.172089 -0.023685
v -0.123970 0.156128 0.030622
v -0.125092 -0.164352 -0.030363
v -0.125488 -0.011144 0.297882
v -0.126022 0.163467 -0.000509
v -0.126160 0.142548 0.007287
v -0.126266 0.172531 0.136414
v -0.126343 0.040470 0.293976
v -0.126389 0.162369 0.168839
v -0.126740 0.083450 -0.044228
v -0.127686 0.170349 0.102364
v -0.127869 -0.190933 0.173370
v -0.128006 0.009882 -0.089874
v -0.129349 0.132507 0.222519
v -0.129379 0.066261 0.280853
v -0.129395 -0.096405 0.273010
v -0.129486 -0.076027 0.282013
v -0.130569 -0.031975 0.293579
v -0.131195 -0.177917 0.183548
v -0.131271 0.056168 -0.056549
v -0.131516 0.073090 -0.066925
v -0.131729 -0.133118 0.240097
v -0.132080 -0.120918 -0.023497
v -0.132217 -0.207092 0.085312
v -0.132858 0.007988 0.292450
v -0.133087 -0.176682 0.055798
v -0.134048 0.056534 -0.052036
v -0.134506 0.159241 0.077049
v -0.134521 -0.182541 0.149612
v -0.135040 -0.042885 -0.060101
v -0.136185 -0.083656 0.296387
v -0.136230 0.063400 -0.055595
v -0.137680 -0.174896 0.005555
v -0.137787 -0.075813 0.304474
v -0.138168 -0.109497 0.255951
v -0.138977 -0.129501 -0.018171
v -0.140320 -0.194641 0.056313
v -0.140488 0.137863 0.199905
v -0.140533 -0.103928 -0.028563
v -0.141052 -0.078743 -0.044727
v -0.141388 0.038818 -0.067513
v -0.141830 0.025171 -0.078255
v -0.141968 0.096214 0.243912
v -0.142319 -0.147827 -0.025494
v -0.142654 -0.011528 -0.075706
v -0.143829 0.189728 0.104034
v -0.144058 0.136002 0.013081
v -0.144302 0.034912 -0.048214
v -0.144852 -0.178268 0.092194
v -0.144867 0.161331 0.099258
v -0.145172 -0.164719 0.182953
v -0.145432 -0.135635 -0.021959
v -0.146454 -0.072838 0.267914
v -0.146561 -0.069801 0.312347
v -0.147141 -0.154510 0.189026
v -0.148224 -0.173248 0.124542
v -0.148239 0.161301 0.024157
v -0.148376 -0.042065 0.303741
v -0.148651 0.011133 -0.071724
v -0.149170 -0.055012 0.300201
v -0.149368 -0.017294 -0.051128
v -0.150177 0.123428 0.027273
v -0.151520 0.040836 -0.057034
v -0.151672 -0.035126 0.294891
v -0.151825 -0.134048 0.215546
v -0.152252 0.046921 -0.034729
v -0.152603 0.011901 -0.095169
v -0.152679 0.181381 0.132782
v -0.152802 -0.159927 -0.014981
v -0.153107 0.097519 0.000395
v -0.153351 0.047668 0.264893
v -0.153992 -0.153198 0.026552
v -0.154053 0.144012 0.039494
v -0.154739 0.149292 0.137405
v -0.154846 0.032227 -0.037693
v -0.156143 -0.130798 0.014677
v -0.156342 0.097069 0.227966
v -0.157196 -0.178268 0.185379
v -0.157242 0.104851 0.017607
v -0.157822 -0.124168 0.003019
v -0.158051 -0.184616 0.011099
v -0.158844 -0.189438 0.148438
v -0.158859 -0.032581 0.265137
v -0.159531 -0.075897 0.284851
v -0.160004 -0.014935 -0.058544
v -0.160400 -0.049660 0.290771
v -0.160416 0.033173 -0.055004
v -0.163437 0.128281 0.076218
v -0.163544 0.110687 0.193542
v -0.163574 -0.056355 0.297791
v -0.163940 0.132690 0.129410
v -0.164902 0.031631 -0.038494
v -0.165253 -0.166489 0.022667
v -0.165649 -0.172882 0.090912
v -0.165771 0.067566 0.235046
v -0.166443 0.006014 0.258087
v -0.166946 0.128311 0.052723
v -0.168488 0.037682 0.248093
v -0.168747 -0.186111 0.178421
v -0.169342 0.165283 0.118484
v -0.169693 0.126480 0.104073
v -0.169724 -0.134232 0.057858
v -0.169876 0.132706 0.020327
v -0.171249 -0.090096 0.312805
v -0.171844 -0.015867 0.250458
v -0.171906 0.020914 -0.046593
v -0.172287 -0.171082 -0.004748
v -0.172958 0.104790 0.176743
v -0.173126 -0.143402 0.141479
v -0.173157 -0.026390 -0.014932
v -0.173172 0.088982 0.034988
v -0.173431 0.066429 0.238129
v -0.173569 -0.142838 0.150330
v -0.173981 -0.092133 0.008106
v -0.174026 -0.081680 0.229095
v -0.174072 0.137085 0.038712
v -0.174255 -0.148773 0.058109
v -0.174988 0.018154 -0.007423
v -0.175751 0.093376 0.255096
v -0.176056 0.158478 0.104721
v -0.176834 -0.154114 0.063660
v -0.177368 -0.032379 0.239883
v -0.177780 0.111130 0.012076
v -0.178055 0.080261 0.261322
v -0.178268 -0.155869 0.086929
v -0.178650 0.157974 0.129669
v -0.178680 0.099709 0.050091
v -0.178696 -0.152313 -0.012641
v -0.178726 -0.020670 -0.036999
v -0.178955 -0.069649 0.005938
v -0.179367 0.130249 0.050907
v -0.180145 -0.075600 0.253845
v -0.180313 -0.119232 0.172043
v -0.181030 0.149628 0.099030
v -0.181061 0.011312 -0.036278
v -0.181580 -0.064728 0.260345
v -0.182281 0.017979 -0.027502
v -0.182541 0.060028 0.015888
v -0.182632 0.111031 0.137558
v -0.182770 -0.103897 0.043301
v -0.183029 -0.148727 0.005231
v -0.183594 0.148743 0.138000
v -0.183685 0.024750 0.006963
v -0.184814 0.147903 0.113663
v -0.184891 -0.131454 0.145676
v -0.185211 -0.100288 0.061386
v -0.185379 0.098694 0.131668
v -0.185684 0.070396 0.193298
v -0.185852 -0.072083 0.213165
v -0.185883 0.083305 0.058853
v -0.186951 -0.132233 0.034260
v -0.187180 0.007812 -0.026716
v -0.188354 -0.014091 -0.020376
v -0.188354 -0.137711 0.065857
v -0.188660 0.093102 0.229446
v -0.188843 0.125443 0.016544
v -0.189850 -0.037060 0.253387
v -0.189926 0.102432 0.054703
v -0.190140 0.080307 0.044617
v -0.190613 -0.083572 0.046013
v -0.190948 0.088203 0.102982
v -0.191574 -0.109474 0.142365
v -0.191635 0.069786 0.177582
v -0.191803 -0.071213 0.243057
v -0.191910 0.097466 0.099113
v -0.192245 0.020426 0.211700
v -0.192337 0.135696 0.129639
v -0.192474 0.125214 0.138290
v -0.193802 -0.093506 0.166229
v -0.194061 -0.081314 0.185303
v -0.194809 -0.049416 0.244659
v -0.195374 0.001752 -0.010491
v -0.195404 0.036739 0.196106
v -0.195511 0.135834 0.036694
v -0.195541 -0.114426 0.099861
v -0.195663 -0.031544 -0.000029
v -0.195831 -0.053375 0.028822
v -0.196976 -0.163101 0.074181
v -0.197556 0.073982 0.139252
v -0.197861 0.017767 -0.001641
v -0.198837 -0.069313 0.183716
v -0.199203 0.016504 0.027958
v -0.199692 -0.111565 0.137039
v -0.201508 -0.028133 0.190536
v -0.201889 0.171814 0.115753
v -0.202179 -0.110260 0.081444
v -0.202271 0.045254 0.066521
v -0.202286 0.018198 0.035751
v -0.202316 0.054527 0.099297
v -0.202606 -0.100739 0.064568
v -0.202820 -0.037773 0.028936
v -0.202927 0.050781 0.140167
v -0.203140 -0.005199 -0.001814
v -0.203522 0.120438 0.106018
v -0.203949 -0.113777 0.097427
v -0.204193 0.013158 0.179138
v -0.204697 0.110245 0.099182
v -0.204803 -0.065956 0.260620
v -0.204819 0.067116 0.065575
v -0.205505 0.113792 0.032818
v -0.206436 0.115242 0.131561
v -0.206543 -0.002942 -0.031528
v -0.208267 -0.037769 -0.003304
v -0.208542 0.021017 0.015862
v -0.208755 -0.055576 0.031364
v -0.211136 -0.040516 0.023787
v -0.212433 0.092621 0.052322
v -0.213593 0.025320 0.044659
v -0.214264 0.026175 0.205780
v -0.214722 0.098961 0.119034
v -0.214890 0.059212 -0.489685
v -0.215149 0.030685 0.189957
v -0.215439 0.079185 -0.484100
v -0.215881 0.062305 -0.337158
v -0.215927 -0.017557 0.060310
v -0.216064 0.028992 0.032143
v -0.216339 0.077347 -0.414886
v -0.216415 0.081535 -0.460358
v -0.216736 0.013378 0.034531
v -0.216751 -0.060646 -0.091888
v -0.216782 0.018694 0.174713
v -0.216797 0.037510 -0.269775
v -0.216797 0.069664 -0.443848
v -0.216858 -0.035137 0.011396
v -0.216980 0.076164 -0.397858
v -0.216980 0.132233 -0.353394
v -0.216995 -0.003153 0.003274
v -0.217010 -0.017017 -0.165100
v -0.217056 -0.026396 -0.131851
v -0.217072 -0.068077 -0.045185
v -0.217102 0.101814 -0.377533
v -0.217117 0.067650 -0.062836
v -0.217117 0.097458 0.048004
v -0.217117 -0.021124 -0.139954
v -0.217148 0.161865 -0.084091
v -0.217178 0.138107 -0.243240
v -0.217194 0.057049 -0.446411
v -0.217194 0.152435 -0.116409
v -0.217209 -0.028858 -0.001766
v -0.217224 0.123482 -0.338837
v -0.217224 0.127045 -0.318787
v -0.217224 0.140427 -0.036182
v -0.217239 0.107666 -0.240753
v -0.217239 0.146530 -0.057934
v -0.217316 0.072105 0.032417
v -0.217316 0.143768 -0.131531
v -0.217331 0.042431 -0.210205
v -0.217331 0.119461 -0.148315
v -0.217346 0.085098 -0.271698
v -0.217377 -0.059731 -0.123619
v -0.217407 0.048851 0.017441
v -0.217407 0.182510 -0.049667
v -0.217407 -0.057461 -0.065742
v -0.217438 0.091194 -0.298309
v -0.217453 0.010130 -0.223557
v -0.217453 0.160889 -0.002168
v -0.217484 0.073555 -0.258301
v -0.217529 0.067223 -0.014340
v -0.217529 0.071701 -0.313507
v -0.217529 0.146393 -0.016047
v -0.217529 -0.007469 -0.129272
v -0.217545 0.118973 -0.199005
v -0.217575 -0.000005 -0.173477
v -0.217636 0.064522 -0.362366
v -0.217636 0.066429 -0.263947
v -0.217636 0.078255 -0.349182
v -0.217667 0.111069 -0.273376
v -0.217697 0.069138 -0.473969
v -0.217850 0.084663 -0.379517
v -0.217941 0.077812 -0.378479
v -0.217957 0.081787 -0.283081
v -0.218033 0.068245 -0.430054
v -0.218201 -0.029861 0.190048
v -0.218262 0.069130 -0.349243
v -0.218552 -0.066635 0.035370
v -0.218567 0.044430 -0.478516
v -0.218567 0.120148 -0.176880
v -0.218674 0.102402 -0.415100
v -0.218719 0.086403 -0.434631
v -0.218826 0.148697 -0.034595
v -0.219025 0.044548 -0.359650
v -0.219070 -0.109619 0.145676
v -0.219177 0.071884 -0.467926
v -0.219223 0.160645 -0.141663
v -0.219513 0.154755 -0.154831
v -0.219620 0.048931 -0.472778
v -0.219620 0.090775 -0.499329
v -0.219711 0.068062 -0.356171
v -0.219788 -0.107483 0.077980
v -0.219925 -0.088387 0.050640
v -0.219971 0.081696 0.133606
v -0.220047 0.116516 -0.316864
v -0.220108 0.062393 -0.454102
v -0.220123 0.048912 0.139694
v -0.220215 0.081100 0.104179
v -0.220245 -0.067146 -0.074898
v -0.220291 0.173111 -0.067986
v -0.220459 -0.070213 0.182953
v -0.220490 0.079491 -0.272461
v -0.220612 0.108315 -0.388855
v -0.220673 -0.038517 -0.125076
v -0.220718 0.070465 -0.438171
v -0.220718 0.135422 -0.270264
v -0.220749 0.057613 -0.248352
v -0.220825 0.062698 0.060379
v -0.220840 0.089912 -0.270599
v -0.220856 0.116638 -0.200638
v -0.220932 0.085365 -0.413025
v -0.220978 0.052826 -0.486725
v -0.221008 0.077942 -0.353210
v -0.221085 -0.022913 -0.137787
v -0.221100 0.069725 -0.245209
v -0.221100 0.071922 -0.391815
v -0.221115 0.085716 -0.372192
v -0.221191 0.041527 -0.211990
v -0.221191 0.082962 -0.391022
v -0.221191 -0.026579 -0.096939
v -0.221237 0.099998 -0.297028
v -0.221283 -0.031250 0.053127
v -0.221298 0.103310 -0.236420
v -0.221298 -0.075768 0.136230
v -0.221313 0.094566 -0.177887
v -0.221313 -0.012982 -0.124878
v -0.221359 0.072685 -0.335510
v -0.221375 0.105354 -0.032158
v -0.221390 0.067451 0.117027
v -0.221405 0.143326 -0.131821
v -0.221405 0.154373 -0.021809
v -0.221451 0.027788 -0.046120
v -0.221451 0.114120 0.038624
v -0.221466 0.164490 -0.084244
v -0.221466 0.183441 -0.048088
v -0.221466 -0.114334 0.116051
v -0.221481 0.119514 -0.147766
v -0.221481 0.149094 -0.059681
v -0.221481 -0.005262 -0.135925
v -0.221497 0.142456 -0.037491
v -0.221512 0.151657 -0.117226
v -0.221512 -0.056816 -0.123016
v -0.221527 -0.059872 -0.064812
v -0.221542 0.133240 -0.346832
v -0.221558 0.027006 -0.256165
v -0.221588 0.111916 -0.266235
v -0.221588 -0.036243 0.012596
v -0.221634 0.066490 0.022839
v -0.221649 0.025841 0.009473
v -0.221649 0.138458 -0.241745
v -0.221664 0.123360 -0.339203
v -0.221695 0.069946 -0.279541
v -0.221710 -0.066849 -0.039406
v -0.221725 0.124916 -0.304108
v -0.221725 0.162964 -0.001877
v -0.221756 0.115776 -0.363831
v -0.221786 0.092461 -0.291107
v -0.221848 0.007369 -0.182831
v -0.221863 -0.070152 0.155228
v -0.221909 0.065567 -0.299744
v -0.222122 -0.054501 0.255005
v -0.222153 0.006495 0.031918
v -0.222290 0.075195 -0.489166
v -0.222305 -0.145630 0.121529
v -0.222321 0.092728 -0.398285
v -0.222397 0.059273 0.199265
v -0.222824 -0.079926 0.088120
v -0.222977 -0.090996 0.079216
v -0.223053 -0.096870 0.138199
v -0.223099 0.054394 0.102921
v -0.223175 -0.066635 0.080711
v -0.223618 0.079956 -0.457703
v -0.223618 -0.060890 0.052876
v -0.223785 -0.041321 0.029213
v -0.223846 -0.038425 0.192001
v -0.223923 0.024145 0.086571
v -0.224106 0.061001 -0.334900
v -0.224152 0.080215 -0.481781
v -0.224258 -0.092552 0.086411
v -0.224747 0.062180 -0.481384
v -0.225235 -0.094444 0.119583
v -0.225311 0.081192 -0.408661
v -0.226120 0.017078 0.071297
v -0.226288 -0.082596 0.175110
v -0.226456 -0.006369 0.051792
v -0.226501 0.044514 0.068932
v -0.226990 0.003230 0.036541
v -0.227142 -0.014681 0.188400
v -0.227676 0.039402 0.024055
v -0.228287 -0.009290 0.158844
v -0.228729 0.035275 0.010630
v -0.229034 -0.055473 0.185516
v -0.229172 -0.055264 0.284882
v -0.229202 0.036724 0.192856
v -0.229416 0.026651 0.168976
v -0.229507 0.020161 0.146744
v -0.229645 -0.052464 0.251251
v -0.229828 -0.059265 0.172272
v -0.229874 -0.038322 0.304993
v -0.229950 0.027981 0.048679
v -0.230408 -0.026373 0.172699
v -0.230652 0.008177 0.281158
v -0.231033 0.036926 0.111404
v -0.231186 0.000999 0.304718
v -0.231384 0.002839 0.181580
v -0.231644 0.026136 0.204361
v -0.231796 -0.046818 0.058449
v -0.231949 -0.047237 0.286469
v -0.232635 -0.010967 0.265625
v -0.232803 0.013526 0.023287
v -0.232864 -0.094627 0.120667
v -0.232895 0.042946 0.146927
v -0.233612 0.049736 0.118965
v -0.234451 -0.096939 0.131577
v -0.235291 -0.032642 0.057751
v -0.235306 -0.002875 0.270203
v -0.236252 0.015747 0.291870
v -0.237076 -0.008565 0.060455
v -0.237320 0.028324 0.184158
v -0.237900 -0.072609 0.141113
v -0.237930 -0.016617 0.271179
v -0.238678 -0.040615 0.168884
v -0.238831 -0.090172 0.138779
v -0.239014 0.023199 0.024353
v -0.239075 -0.068245 0.274719
v -0.239105 -0.067802 0.063866
v -0.239212 0.012680 0.072174
v -0.239838 -0.006801 0.309692
v -0.239883 -0.071831 0.079483
v -0.240509 0.004686 0.151611
v -0.241028 -0.062031 0.265533
v -0.241058 -0.018826 0.311584
v -0.241074 -0.050251 0.155334
v -0.241364 0.017408 0.052048
v -0.241974 0.006220 0.171768
v -0.242599 -0.100853 0.083862
v -0.242920 -0.100990 0.116096
v -0.242935 0.005871 0.265350
v -0.242950 -0.049232 0.305115
v -0.243240 -0.064842 0.165024
v -0.243774 -0.000055 0.064728
v -0.244553 -0.046055 0.066772
v -0.244781 0.018866 0.095512
v -0.244919 -0.051186 0.054237
v -0.244995 -0.035515 0.157074
v -0.245407 0.083328 0.118370
v -0.247437 0.012233 0.285858
v -0.247696 -0.058861 0.077988
v -0.247879 -0.032913 0.142563
v -0.248062 -0.058208 0.143906
v -0.249466 -0.108437 0.127258
v -0.249603 0.015789 0.134064
v -0.250092 0.019070 0.103081
v -0.251099 -0.050552 0.125137
v -0.251251 -0.025946 0.161850
v -0.252289 -0.033707 0.085732
v -0.254028 -0.063309 0.147736
v -0.255432 -0.065643 0.108604
v -0.256378 -0.020870 0.060825
v -0.256683 -0.107376 0.097221
v -0.256897 -0.031157 0.072807
v -0.257111 -0.087837 0.088600
v -0.259338 -0.111687 0.116508
v -0.259521 -0.050438 0.112518
v -0.260437 -0.087860 0.128723
v -0.262299 -0.005397 0.145569
v -0.263733 -0.021975 0.155441
v -0.263763 -0.007420 0.075233
v -0.264191 -0.097771 0.102654
v -0.264832 -0.087280 0.118347
v -0.265381 -0.078728 0.099442
v -0.266022 -0.002810 0.086853
v -0.267090 -0.036190 0.146912
v -0.268616 -0.068558 0.117226
v -0.270325 -0.028208 0.073219
v -0.270355 -0.005648 0.105057
v -0.271301 -0.002126 0.113556
v -0.274902 -0.058472 0.107170
v -0.275421 -0.017794 0.122635
v -0.275604 -0.023720 0.095016
v -0.277161 -0.039738 0.108109
v -0.277222 -0.035492 0.138199
v -0.278473 -0.048222 0.100891
v -0.278870 -0.049168 0.122536
v -0.281677 -0.044479 0.108406
vt 0.582520 0.980957
vt 0.573730 0.971436
vt 0.593506 0.975342
vt 0.590576 0.962158
vt 0.578857 0.998779
vt 0.607178 0.980713
vt 0.615479 0.994873
vt 0.626709 0.951416
vt 0.623291 0.947510
vt 0.655518 0.986084
vt 0.658447 0.994873
vt 0.629395 0.933594
vt 0.615234 0.920654
vt 0.670898 0.986328
vt 0.679932 0.993896
vt 0.674072 0.974121
vt 0.684814 0.968750
vt 0.665283 0.960449
vt 0.632080 0.920898
vt 0.645020 0.933105
vt 0.649658 0.928223
vt 0.622070 0.904541
vt 0.656006 0.929443
vt 0.677246 0.939209
vt 0.641602 0.914551
vt 0.634033 0.906738
vt 0.638428 0.888184
vt 0.643799 0.899170
vt 0.681641 0.907959
vt 0.685059 0.866211
vt 0.903564 0.390869
vt 0.911133 0.379150
vt 0.926758 0.385010
vt 0.905762 0.403320
vt 0.881348 0.390625
vt 0.896240 0.340820
vt 0.910156 0.358643
vt 0.915527 0.356445
vt 0.924561 0.343506
vt 0.919189 0.337646
vt 0.882324 0.322998
vt 0.433105 0.075928
vt 0.439453 0.071045
vt 0.460449 0.080566
vt 0.430664 0.096680
vt 0.453125 0.096191
vt 0.394775 0.085205
vt 0.453857 0.117432
vt 0.406982 0.103516
vt 0.421875 0.120850
vt 0.226074 0.145508
vt 0.237549 0.147705
vt 0.229248 0.154297
vt 0.246582 0.158691
vt 0.237061 0.162598
vt 0.230225 0.123779
vt 0.243164 0.126221
vt 0.217285 0.127197
vt 0.201172 0.127197
vt 0.219238 0.152832
vt 0.199951 0.138428
vt 0.215088 0.158691
vt 0.235596 0.168945
vt 0.188965 0.132568
vt 0.173584 0.112061
vt 0.175781 0.139404
vt 0.223633 0.176758
vt 0.232178 0.176025
vt 0.202881 0.168701
vt 0.186035 0.138672
vt 0.182617 0.150146
vt 0.172119 0.172363
vt 0.189453 0.174561
vt 0.189453 0.192627
vt 0.183350 0.191895
vt 0.352051 0.377197
vt 0.341064 0.393555
vt 0.333496 0.391602
vt 0.348633 0.392334
vt 0.355225 0.375977
vt 0.373779 0.355713
vt 0.363770 0.355957
vt 0.391357 0.344238
vt 0.378418 0.340820
vt 0.343750 0.373535
vt 0.336182 0.368896
vt 0.365723 0.342773
vt 0.321045 0.383301
vt 0.326416 0.390381
vt 0.260010 0.375488
vt 0.311768 0.390625
vt 0.333984 0.412354
vt 0.323242 0.409180
vt 0.326660 0.441406
vt 0.295410 0.085449
vt 0.297852 0.075684
vt 0.303223 0.085205
vt 0.291260 0.083984
vt 0.286377 0.090820
vt 0.272949 0.089355
vt 0.274170 0.084229
vt 0.311523 0.078125
vt 0.301514 0.067627
vt 0.316650 0.062256
vt 0.321777 0.054932
vt 0.322998 0.046387
vt 0.331543 0.075684
vt 0.329834 0.083008
vt 0.329102 0.091553
vt 0.050293 0.864502
vt 0.059570 0.845215
vt 0.058838 0.863281
vt 0.038818 0.889648
vt 0.045166 0.837891
vt 0.039062 0.861084
vt 0.032471 0.855957
vt 0.032471 0.827148
vt 0.040771 0.826416
vt 0.016846 0.829834
vt 0.024902 0.835938
vt 0.014404 0.840088
vt 0.008057 0.833984
vt 0.012451 0.793457
vt 0.008301 0.847900
vt 0.491699 0.158447
vt 0.486816 0.149170
vt 0.519287 0.153076
vt 0.508301 0.173828
vt 0.531006 0.160156
vt 0.531494 0.150635
vt 0.545654 0.154297
vt 0.551514 0.161865
vt 0.554688 0.150146
vt 0.528564 0.167236
vt 0.518555 0.180420
vt 0.508057 0.184814
vt 0.512451 0.191895
vt 0.495117 0.208252
vt 0.528076 0.184814
vt 0.530762 0.171875
vt 0.552734 0.173340
vt 0.543213 0.188721
vt 0.569824 0.161621
vt 0.569336 0.156006
vt 0.572998 0.149658
vt 0.066162 0.714844
vt 0.068848 0.711426
vt 0.088867 0.724609
vt 0.082764 0.701660
vt 0.086914 0.707764
vt 0.146729 0.701416
vt 0.129639 0.710205
vt 0.098145 0.725342
vt 0.131836 0.723877
vt 0.090820 0.734619
vt 0.099365 0.758789
vt 0.085449 0.754150
vt 0.098389 0.769043
vt 0.620605 0.187500
vt 0.630859 0.197510
vt 0.635742 0.210205
vt 0.643066 0.198242
vt 0.651367 0.212158
vt 0.635742 0.233398
vt 0.646484 0.188477
vt 0.627197 0.179443
vt 0.666016 0.198486
vt 0.659424 0.219238
vt 0.628906 0.173584
vt 0.686035 0.218994
vt 0.696289 0.205566
vt 0.690430 0.197021
vt 0.715088 0.186768
vt 0.696045 0.188232
vt 0.688721 0.175781
vt 0.691406 0.163330
vt 0.666504 0.173828
vt 0.706787 0.161865
vt 0.684326 0.154297
vt 0.662842 0.166260
vt 0.660156 0.155273
vt 0.648438 0.156982
vt 0.640137 0.167480
vt 0.658447 0.177979
vt 0.643311 0.177002
vt 0.625977 0.163086
vt 0.611572 0.162354
vt 0.015625 0.959473
vt 0.023926 0.936523
vt 0.024658 0.959229
vt 0.015381 0.975586
vt 0.695068 0.971191
vt 0.695068 0.992920
vt 0.686523 0.991455
vt 0.162354 0.533691
vt 0.165283 0.521973
vt 0.183838 0.546143
vt 0.183838 0.525635
vt 0.210938 0.544678
vt 0.193848 0.521484
vt 0.209961 0.525879
vt 0.232422 0.524658
vt 0.246582 0.556152
vt 0.212646 0.551514
vt 0.236816 0.566406
vt 0.197021 0.560547
vt 0.152100 0.562988
vt 0.131348 0.558350
vt 0.137939 0.537842
vt 0.131592 0.527344
vt 0.104980 0.548584
vt 0.121582 0.566162
vt 0.430420 0.053467
vt 0.421387 0.054199
vt 0.430176 0.048096
vt 0.445312 0.062012
vt 0.410400 0.071533
vt 0.407959 0.060547
vt 0.396484 0.055908
vt 0.394043 0.079590
vt 0.946289 0.926270
vt 0.934570 0.930664
vt 0.941650 0.925049
vt 0.924316 0.921631
vt 0.930176 0.935547
vt 0.945312 0.914551
vt 0.955078 0.906982
vt 0.958984 0.881592
vt 0.936279 0.912842
vt 0.914062 0.932617
vt 0.893066 0.897705
vt 0.925293 0.906982
vt 0.908936 0.856934
vt 0.948730 0.881592
vt 0.927246 0.843750
vt 0.985596 0.110352
vt 0.979736 0.117432
vt 0.974609 0.110352
vt 0.974121 0.120117
vt 0.989502 0.113281
vt 0.995361 0.101807
vt 1.000000 0.103516
vt 0.995850 0.114746
vt 0.986328 0.123291
vt 0.985352 0.131348
vt 0.999756 0.131836
vt 0.989990 0.064453
vt 0.995850 0.065674
vt 0.980469 0.074951
vt 0.979980 0.061279
vt 0.968994 0.073730
vt 0.963135 0.069580
vt 0.973145 0.077393
vt 0.983154 0.097412
vt 0.995361 0.095459
vt 0.975586 0.105469
vt 0.974609 0.456055
vt 0.974365 0.432861
vt 0.984619 0.444092
vt 0.979248 0.407959
vt 0.246826 0.989502
vt 0.262451 0.978027
vt 0.263672 0.995850
vt 0.419922 0.264160
vt 0.433105 0.287109
vt 0.406006 0.287598
vt 0.394043 0.284668
vt 0.394043 0.309570
vt 0.382812 0.271240
vt 0.374268 0.308350
vt 0.360107 0.302490
vt 0.364502 0.253906
vt 0.336914 0.282715
vt 0.344727 0.254883
vt 0.343994 0.312500
vt 0.333008 0.311035
vt 0.905273 0.052979
vt 0.920898 0.051758
vt 0.923096 0.060791
vt 0.905029 0.049316
vt 0.945557 0.047852
vt 0.951660 0.058105
vt 0.922852 0.046143
vt 0.937500 0.032227
vt 0.933594 0.027344
vt 0.947266 0.034424
vt 0.956299 0.031006
vt 0.954346 0.044434
vt 0.957275 0.052002
vt 0.964111 0.042236
vt 0.284912 0.921387
vt 0.280518 0.914551
vt 0.286133 0.909912
vt 0.300293 0.930908
vt 0.283447 0.885986
vt 0.292480 0.909912
vt 0.300537 0.878906
vt 0.322021 0.922607
vt 0.310303 0.934082
vt 0.317383 0.904053
vt 0.339600 0.894775
vt 0.362061 0.939697
vt 0.363525 0.902100
vt 0.336182 0.867188
vt 0.362305 0.857666
vt 0.327148 0.820312
vt 0.315918 0.850342
vt 0.300781 0.847168
vt 0.261963 0.879883
vt 0.271240 0.860107
vt 0.285889 0.850830
vt 0.277100 0.841553
vt 0.337891 0.785889
vt 0.282715 0.816650
vt 0.263184 0.849121
vt 0.309082 0.817871
vt 0.286377 0.772217
vt 0.324219 0.789062
vt 0.340332 0.771973
vt 0.355957 0.750977
vt 0.300293 0.760742
vt 0.314941 0.731689
vt 0.323730 0.775635
vt 0.148438 0.729492
vt 0.165039 0.708740
vt 0.174072 0.745117
vt 0.192627 0.722656
vt 0.141602 0.717285
vt 0.150391 0.707520
vt 0.156494 0.696533
vt 0.210938 0.722656
vt 0.160645 0.687012
vt 0.141357 0.679932
vt 0.153320 0.677734
vt 0.157959 0.665527
vt 0.176514 0.683105
vt 0.178467 0.697510
vt 0.194824 0.683838
vt 0.210449 0.668457
vt 0.231934 0.681641
vt 0.218750 0.707764
vt 0.243408 0.707275
vt 0.280273 0.706299
vt 0.257812 0.720947
vt 0.293701 0.715088
vt 0.344238 0.712402
vt 0.192627 0.992432
vt 0.176514 0.989258
vt 0.174561 0.983154
vt 0.174072 0.993896
vt 0.122314 0.783447
vt 0.110107 0.771973
vt 0.112793 0.765625
vt 0.116211 0.762451
vt 0.117920 0.794189
vt 0.102783 0.779297
vt 0.112061 0.804688
vt 0.126709 0.799561
vt 0.116455 0.755615
vt 0.126953 0.785645
vt 0.134033 0.783203
vt 0.136475 0.768066
vt 0.136963 0.805664
vt 0.120850 0.814209
vt 0.110596 0.837891
vt 0.135742 0.814209
vt 0.122070 0.845459
vt 0.111816 0.868896
vt 0.143311 0.865479
vt 0.124268 0.871826
vt 0.116455 0.895020
vt 0.126465 0.896484
vt 0.101318 0.940674
vt 0.160645 0.885986
vt 0.173340 0.915039
vt 0.086426 0.169922
vt 0.109619 0.172363
vt 0.098145 0.184082
vt 0.114014 0.186768
vt 0.104004 0.197998
vt 0.131836 0.185303
vt 0.112793 0.199219
vt 0.131836 0.197510
vt 0.108154 0.210693
vt 0.098389 0.203125
vt 0.088135 0.236816
vt 0.123779 0.209229
vt 0.096436 0.246338
vt 0.094727 0.259766
vt 0.097900 0.253906
vt 0.106689 0.235596
vt 0.126953 0.226318
vt 0.141113 0.208984
vt 0.150391 0.202148
vt 0.140869 0.190430
vt 0.153564 0.185547
vt 0.147217 0.184326
vt 0.162354 0.190674
vt 0.149414 0.177979
vt 0.138916 0.176025
vt 0.171631 0.179199
vt 0.177246 0.194824
vt 0.050049 0.900391
vt 0.031982 0.904053
vt 0.059326 0.881592
vt 0.059814 0.914062
vt 0.051514 0.943604
vt 0.037842 0.926025
vt 0.787354 0.005371
vt 0.795898 0.022949
vt 0.784424 0.010986
vt 0.788818 0.000000
vt 0.773926 0.288818
vt 0.748291 0.303711
vt 0.754883 0.289795
vt 0.799805 0.302734
vt 0.782227 0.311768
vt 0.783691 0.325439
vt 0.807861 0.318115
vt 0.804688 0.335205
vt 0.761719 0.325195
vt 0.761963 0.347656
vt 0.802734 0.384277
vt 0.742920 0.340820
vt 0.724365 0.322754
vt 0.721680 0.327393
vt 0.714600 0.328857
vt 0.738770 0.380859
vt 0.722412 0.356445
vt 0.762207 0.391357
vt 0.766846 0.402344
vt 0.737793 0.399414
vt 0.497803 0.545410
vt 0.507324 0.539551
vt 0.526367 0.545166
vt 0.499023 0.531494
vt 0.512451 0.534912
vt 0.487793 0.541748
vt 0.490234 0.518799
vt 0.516602 0.517822
vt 0.505859 0.511475
vt 0.483643 0.530518
vt 0.484131 0.522949
vt 0.480713 0.513672
vt 0.475586 0.516113
vt 0.468994 0.519531
vt 0.487549 0.561768
vt 0.473877 0.563232
vt 0.469971 0.538818
vt 0.469238 0.556396
vt 0.461426 0.559814
vt 0.461670 0.551514
vt 0.453369 0.555908
vt 0.458008 0.543457
vt 0.450684 0.545166
vt 0.457031 0.537109
vt 0.446045 0.512451
vt 0.447021 0.507324
vt 0.455566 0.526123
vt 0.449951 0.533691
vt 0.447510 0.521484
vt 0.437744 0.521973
vt 0.436035 0.502197
vt 0.431641 0.520752
vt 0.437256 0.535889
vt 0.425781 0.533936
vt 0.438965 0.544922
vt 0.430420 0.544189
vt 0.439697 0.552734
vt 0.434570 0.570801
vt 0.423340 0.563232
vt 0.420898 0.573242
vt 0.429932 0.578369
vt 0.417725 0.565186
vt 0.407715 0.573242
vt 0.417969 0.549805
vt 0.403564 0.557861
vt 0.416016 0.561768
vt 0.390137 0.558350
vt 0.392090 0.572021
vt 0.375732 0.546143
vt 0.403076 0.544678
vt 0.386475 0.538574
vt 0.376221 0.531006
vt 0.403809 0.528564
vt 0.408936 0.513672
vt 0.408447 0.542236
vt 0.418457 0.535889
vt 0.409912 0.523438
vt 0.422363 0.518066
vt 0.414795 0.510254
vt 0.426025 0.508545
vt 0.419434 0.501709
vt 0.883545 0.482178
vt 0.886475 0.469971
vt 0.895508 0.466064
vt 0.892334 0.459473
vt 0.880127 0.460693
vt 0.897705 0.447754
vt 0.874512 0.452637
vt 0.916992 0.459717
vt 0.905029 0.478760
vt 0.920410 0.479004
vt 0.928223 0.480957
vt 0.899902 0.444092
vt 0.884277 0.430908
vt 0.929199 0.449707
vt 0.936768 0.463867
vt 0.935059 0.449463
vt 0.934326 0.435791
vt 0.921875 0.398926
vt 0.918945 0.190918
vt 0.902832 0.187988
vt 0.931885 0.187256
vt 0.884521 0.188477
vt 0.899414 0.192871
vt 0.916504 0.203857
vt 0.942871 0.208496
vt 0.938965 0.191650
vt 0.943115 0.204346
vt 0.958008 0.199463
vt 0.953369 0.193115
vt 0.965576 0.202637
vt 0.942383 0.175781
vt 0.953125 0.184326
vt 0.937256 0.167969
vt 0.946777 0.173584
vt 0.809814 0.009521
vt 0.820068 0.010742
vt 0.811279 0.021729
vt 0.812012 0.036621
vt 0.808838 0.011719
vt 0.808350 0.030518
vt 0.814453 0.694092
vt 0.810791 0.695801
vt 0.805420 0.680908
vt 0.777832 0.704346
vt 0.803711 0.663818
vt 0.729248 0.668701
vt 0.807129 0.670410
vt 0.808838 0.662598
vt 0.833008 0.683105
vt 0.824707 0.698975
vt 0.829102 0.706055
vt 0.014893 0.928467
vt 0.009521 0.927734
vt 0.017578 0.920654
vt 0.007324 0.916260
vt 0.010010 0.888672
vt 0.023682 0.922119
vt 0.020020 0.923096
vt 0.015381 0.941650
vt 0.938965 0.687500
vt 0.937256 0.682617
vt 0.943115 0.686279
vt 0.938965 0.681641
vt 0.945068 0.666260
vt 0.967773 0.660645
vt 0.965576 0.716797
vt 0.512451 0.104248
vt 0.496338 0.100342
vt 0.512207 0.092041
vt 0.527344 0.106689
vt 0.539062 0.092285
vt 0.531006 0.116943
vt 0.525635 0.118896
vt 0.515625 0.147705
vt 0.537109 0.132568
vt 0.509766 0.124512
vt 0.486572 0.135498
vt 0.465820 0.098633
vt 0.272949 0.662842
vt 0.272949 0.680664
vt 0.266113 0.666504
vt 0.277832 0.672363
vt 0.258789 0.655273
vt 0.239990 0.664062
vt 0.299316 0.672119
vt 0.281006 0.640625
vt 0.258789 0.633789
vt 0.313477 0.645508
vt 0.312744 0.670410
vt 0.305908 0.692139
vt 0.336670 0.666748
vt 0.348145 0.645508
vt 0.357178 0.649902
vt 0.339600 0.671875
vt 0.318604 0.675781
vt 0.315430 0.680420
vt 0.330078 0.678955
vt 0.345947 0.679688
vt 0.344727 0.683350
vt 0.331787 0.696045
vt 0.319336 0.684082
vt 0.316406 0.689209
vt 0.359619 0.659668
vt 0.360107 0.682617
vt 0.377197 0.670410
vt 0.364746 0.648438
vt 0.365479 0.640381
vt 0.375977 0.633789
vt 0.375977 0.665283
vt 0.385742 0.672119
vt 0.383789 0.660156
vt 0.392822 0.650879
vt 0.395020 0.658447
vt 0.395264 0.666504
vt 0.404541 0.676025
vt 0.398926 0.680908
vt 0.392090 0.680908
vt 0.738770 0.272949
vt 0.733398 0.260742
vt 0.755859 0.261475
vt 0.746826 0.255127
vt 0.750977 0.243164
vt 0.768066 0.246826
vt 0.770020 0.267822
vt 0.784180 0.273926
vt 0.748047 0.282959
vt 0.777100 0.261719
vt 0.783691 0.244629
vt 0.784912 0.256348
vt 0.794922 0.262207
vt 0.810059 0.250244
vt 0.783936 0.283203
vt 0.815674 0.280518
vt 0.817871 0.289062
vt 0.812988 0.303223
vt 0.823975 0.286621
vt 0.824707 0.284180
vt 0.835938 0.284180
vt 0.675537 0.095215
vt 0.650391 0.080078
vt 0.661133 0.073486
vt 0.688965 0.089111
vt 0.661377 0.062012
vt 0.673828 0.064941
vt 0.647217 0.072754
vt 0.617920 0.063232
vt 0.631592 0.075928
vt 0.630615 0.109863
vt 0.655762 0.094727
vt 0.902344 0.711914
vt 0.919678 0.711914
vt 0.919189 0.734131
vt 0.934082 0.710449
vt 0.917969 0.698242
vt 0.950928 0.707764
vt 0.918945 0.689697
vt 0.934814 0.763916
vt 0.890381 0.706787
vt 0.896240 0.715820
vt 0.918457 0.751465
vt 0.893311 0.762939
vt 0.876221 0.406738
vt 0.862549 0.412842
vt 0.871094 0.401611
vt 0.864990 0.483154
vt 0.844727 0.452637
vt 0.844482 0.437744
vt 0.830566 0.427979
vt 0.831543 0.439941
vt 0.820312 0.435059
vt 0.819336 0.431152
vt 0.825928 0.424072
vt 0.859619 0.412109
vt 0.799072 0.414551
vt 0.793213 0.415771
vt 0.792969 0.411377
vt 0.785645 0.417480
vt 0.802979 0.396729
vt 0.827881 0.363037
vt 0.879883 0.374268
vt 0.218994 0.181396
vt 0.220947 0.188965
vt 0.216553 0.195068
vt 0.239014 0.189941
vt 0.239014 0.181641
vt 0.229980 0.202637
vt 0.197998 0.190430
vt 0.197021 0.194092
vt 0.218750 0.214844
vt 0.260986 0.180908
vt 0.260986 0.167969
vt 0.254883 0.193604
vt 0.231934 0.221191
vt 0.228760 0.243164
vt 0.245361 0.199951
vt 0.249268 0.217285
vt 0.254395 0.217041
vt 0.241943 0.206543
vt 0.252686 0.222656
vt 0.255615 0.229492
vt 0.236084 0.242188
vt 0.231689 0.269531
vt 0.238281 0.258301
vt 0.253418 0.253418
vt 0.262451 0.239502
vt 0.261719 0.259277
vt 0.931152 0.132568
vt 0.902100 0.100098
vt 0.937500 0.117188
vt 0.960449 0.128906
vt 0.968750 0.123047
vt 0.969971 0.123535
vt 0.958252 0.136719
vt 0.955322 0.143066
vt 0.931152 0.161621
vt 0.957031 0.150635
vt 0.938721 0.160889
vt 0.773193 0.067871
vt 0.756836 0.074463
vt 0.742432 0.057373
vt 0.774414 0.079834
vt 0.758545 0.077393
vt 0.785156 0.068359
vt 0.795654 0.061279
vt 0.769775 0.085449
vt 0.754883 0.084961
vt 0.791992 0.068115
vt 0.804199 0.067383
vt 0.782471 0.081543
vt 0.763672 0.092285
vt 0.751465 0.091797
vt 0.745850 0.100586
vt 0.763184 0.098145
vt 0.773682 0.094238
vt 0.775391 0.099854
vt 0.787598 0.114502
vt 0.762451 0.104004
vt 0.502197 0.088135
vt 0.495117 0.090576
vt 0.495850 0.085205
vt 0.491699 0.088867
vt 0.491699 0.094482
vt 0.487061 0.092529
vt 0.499023 0.084473
vt 0.507568 0.080322
vt 0.509521 0.086670
vt 0.502441 0.068604
vt 0.484863 0.075439
vt 0.519775 0.083252
vt 0.514404 0.079346
vt 0.523438 0.067383
vt 0.526855 0.051758
vt 0.530762 0.061279
vt 0.531738 0.042236
vt 0.529785 0.068359
vt 0.525879 0.076660
vt 0.523438 0.084473
vt 0.528320 0.081055
vt 0.525879 0.072510
vt 0.531738 0.076172
vt 0.533691 0.073486
vt 0.542969 0.078369
vt 0.538086 0.072998
vt 0.957764 0.559082
vt 0.994629 0.569580
vt 0.947510 0.576904
vt 0.993652 0.532715
vt 0.976318 0.531006
vt 0.964355 0.525879
vt 0.949707 0.526123
vt 0.364258 0.980225
vt 0.373291 0.992676
vt 0.344971 0.985107
vt 0.357666 0.998779
vt 0.568848 0.188477
vt 0.601318 0.155029
vt 0.597168 0.206055
vt 0.572510 0.177734
vt 0.532715 0.208496
vt 0.334717 0.331055
vt 0.297119 0.322510
vt 0.357422 0.315918
vt 0.373047 0.332520
vt 0.407227 0.322510
vt 0.772461 0.109619
vt 0.776123 0.114502
vt 0.749756 0.118164
vt 0.757080 0.109375
vt 0.742920 0.113281
vt 0.718018 0.099854
vt 0.727295 0.118896
vt 0.743164 0.136475
vt 0.731689 0.140869
vt 0.705078 0.108643
vt 0.717529 0.127441
vt 0.723877 0.142334
vt 0.690918 0.105957
vt 0.702637 0.117432
vt 0.694824 0.109375
vt 0.716309 0.144531
vt 0.718994 0.154785
vt 0.697266 0.120850
vt 0.691406 0.114502
vt 0.687500 0.116699
vt 0.674316 0.101807
vt 0.686279 0.100830
vt 0.636230 0.324951
vt 0.644043 0.333740
vt 0.615967 0.331543
vt 0.617432 0.326660
vt 0.621338 0.319824
vt 0.639404 0.300781
vt 0.598145 0.313965
vt 0.610840 0.294922
vt 0.637451 0.275879
vt 0.590332 0.289307
vt 0.577148 0.302979
vt 0.568115 0.310303
vt 0.551514 0.311768
vt 0.547363 0.292480
vt 0.547852 0.308594
vt 0.535645 0.307861
vt 0.561279 0.316895
vt 0.552246 0.331055
vt 0.573730 0.334229
vt 0.563232 0.348389
vt 0.588623 0.346924
vt 0.596924 0.347168
vt 0.574219 0.341797
vt 0.581787 0.347656
vt 0.579102 0.354736
vt 0.572266 0.351807
vt 0.561768 0.358154
vt 0.555420 0.365479
vt 0.069092 0.153564
vt 0.062256 0.144287
vt 0.095947 0.139404
vt 0.090576 0.130371
vt 0.102783 0.132568
vt 0.053223 0.114014
vt 0.104248 0.104492
vt 0.115967 0.118408
vt 0.124512 0.093750
vt 0.081299 0.098877
vt 0.054932 0.092285
vt 0.603760 0.000488
vt 0.636963 0.000488
vt 0.616211 0.006592
vt 0.807617 0.503662
vt 0.805176 0.547363
vt 0.794922 0.529053
vt 0.767578 0.496826
vt 0.796387 0.459717
vt 0.822510 0.475586
vt 0.810547 0.459717
vt 0.832764 0.452393
vt 0.805176 0.448975
vt 0.815186 0.439697
vt 0.882080 0.112305
vt 0.901123 0.158936
vt 0.876221 0.142334
vt 0.924072 0.135254
vt 0.924805 0.182373
vt 0.712158 0.382568
vt 0.708496 0.408447
vt 0.692627 0.385498
vt 0.669922 0.417236
vt 0.708740 0.369385
vt 0.695801 0.351562
vt 0.709717 0.356445
vt 0.721191 0.337891
vt 0.683350 0.369385
vt 0.667480 0.343018
vt 0.658936 0.364502
vt 0.625000 0.358643
vt 0.629639 0.339844
vt 0.645752 0.375244
vt 0.604004 0.351562
vt 0.623535 0.369385
vt 0.625977 0.391113
vt 0.602539 0.380859
vt 0.645020 0.399414
vt 0.666504 0.391113
vt 0.653320 0.387695
vt 0.666748 0.404053
vt 0.655518 0.399902
vt 0.660400 0.395020
vt 0.389404 0.251221
vt 0.400391 0.236816
vt 0.406006 0.255371
vt 0.382568 0.243164
vt 0.416992 0.232422
vt 0.370361 0.221924
vt 0.415527 0.217041
vt 0.433350 0.204590
vt 0.444336 0.220215
vt 0.412842 0.205566
vt 0.420898 0.179932
vt 0.392578 0.196045
vt 0.371582 0.194824
vt 0.399902 0.189209
vt 0.393066 0.170166
vt 0.343018 0.187012
vt 0.279541 0.722656
vt 0.268311 0.759033
vt 0.260742 0.754395
vt 0.248779 0.772217
vt 0.249756 0.790039
vt 0.255859 0.818848
vt 0.254395 0.850342
vt 0.234131 0.845703
vt 0.246826 0.858154
vt 0.216797 0.809082
vt 0.234863 0.867920
vt 0.200195 0.793701
vt 0.212158 0.770996
vt 0.239990 0.763184
vt 0.200195 0.737793
vt 0.201660 0.816162
vt 0.190674 0.823975
vt 0.215576 0.827393
vt 0.201904 0.851562
vt 0.175049 0.834717
vt 0.170654 0.822754
vt 0.157959 0.828125
vt 0.140869 0.815674
vt 0.195068 0.872803
vt 0.228027 0.878662
vt 0.164795 0.845215
vt 0.147217 0.836426
vt 0.176758 0.865479
vt 0.166748 0.858154
vt 0.153809 0.845947
vt 0.226807 0.904541
vt 0.207520 0.894287
vt 0.215332 0.904297
vt 0.209229 0.915039
vt 0.228027 0.917236
vt 0.203369 0.914062
vt 0.207275 0.931885
vt 0.200928 0.925049
vt 0.225342 0.940186
vt 0.240234 0.906250
vt 0.232422 0.929932
vt 0.237793 0.941650
vt 0.245361 0.934326
vt 0.255371 0.921875
vt 0.262207 0.932129
vt 0.247314 0.903809
vt 0.260498 0.913330
vt 0.252686 0.885986
vt 0.252441 0.867676
vt 0.257324 0.884766
vt 0.265625 0.905518
vt 0.275879 0.908936
vt 0.863525 0.504883
vt 0.843506 0.488281
vt 0.901855 0.487549
vt 0.877441 0.531738
vt 0.851562 0.542480
vt 0.847168 0.501221
vt 0.835938 0.512207
vt 0.816895 0.524170
vt 0.852295 0.528076
vt 0.834961 0.531006
vt 0.837646 0.538574
vt 0.810303 0.538330
vt 0.975342 0.812988
vt 0.975586 0.802246
vt 0.995850 0.816650
vt 0.975586 0.821533
vt 0.973389 0.841064
vt 0.891602 0.660889
vt 0.867432 0.663818
vt 0.901123 0.645508
vt 0.900635 0.684814
vt 0.912354 0.674805
vt 0.916504 0.656982
vt 0.929932 0.680908
vt 0.928955 0.642334
vt 0.908691 0.635498
vt 0.931641 0.610596
vt 0.921387 0.603760
vt 0.915283 0.601807
vt 0.894775 0.625488
vt 0.307617 0.301514
vt 0.308105 0.266113
vt 0.317139 0.258301
vt 0.303467 0.244629
vt 0.302002 0.264160
vt 0.298584 0.273438
vt 0.285156 0.256836
vt 0.266846 0.231201
vt 0.269043 0.205811
vt 0.319824 0.219971
vt 0.335205 0.252197
vt 0.364990 0.241943
vt 0.365479 0.204834
vt 0.965088 0.086182
vt 0.969482 0.117432
vt 0.944092 0.108887
vt 0.946289 0.093994
vt 0.914551 0.085938
vt 0.957275 0.075928
vt 0.929443 0.065186
vt 0.958740 0.066162
vt 0.067139 0.242188
vt 0.064453 0.299316
vt 0.049072 0.246582
vt 0.050781 0.288818
vt 0.077393 0.252930
vt 0.079590 0.287598
vt 0.097656 0.310303
vt 0.099854 0.272217
vt 0.090820 0.289307
vt 0.945312 0.448730
vt 0.960205 0.461426
vt 0.949951 0.491943
vt 0.937012 0.490234
vt 0.958252 0.497314
vt 0.985352 0.477783
vt 0.986084 0.461426
vt 0.977051 0.498779
vt 0.967529 0.513428
vt 0.629883 0.633057
vt 0.605469 0.612061
vt 0.649902 0.611816
vt 0.608887 0.621094
vt 0.603516 0.617188
vt 0.607666 0.582520
vt 0.628662 0.574219
vt 0.570068 0.604492
vt 0.624756 0.516357
vt 0.651123 0.519531
vt 0.583252 0.534912
vt 0.571533 0.576416
vt 0.559326 0.602783
vt 0.586670 0.508057
vt 0.571045 0.525146
vt 0.562988 0.568115
vt 0.550781 0.599121
vt 0.584473 0.490723
vt 0.588379 0.497803
vt 0.577148 0.503906
vt 0.570801 0.512695
vt 0.563477 0.499023
vt 0.533203 0.513184
vt 0.558594 0.557373
vt 0.538086 0.584961
vt 0.532471 0.602295
vt 0.520752 0.595215
vt 0.529785 0.559814
vt 0.531006 0.542236
vt 0.559326 0.531982
vt 0.545898 0.530273
vt 0.543945 0.519043
vt 0.529541 0.534180
vt 0.716797 0.450684
vt 0.739990 0.458984
vt 0.718750 0.457031
vt 0.743896 0.449707
vt 0.729980 0.467773
vt 0.718506 0.474609
vt 0.708008 0.470947
vt 0.756104 0.468750
vt 0.752441 0.475342
vt 0.748047 0.458252
vt 0.754150 0.461182
vt 0.758301 0.454834
vt 0.758301 0.443848
vt 0.752197 0.431885
vt 0.763184 0.428223
vt 0.764893 0.446777
vt 0.771973 0.424072
vt 0.770264 0.447754
vt 0.778564 0.448242
vt 0.769531 0.471191
vt 0.796143 0.445557
vt 0.756348 0.510742
vt 0.739258 0.509521
vt 0.759277 0.529541
vt 0.735352 0.526123
vt 0.722412 0.502930
vt 0.768555 0.539307
vt 0.764648 0.548828
vt 0.780762 0.541992
vt 0.781982 0.552002
vt 0.715576 0.481934
vt 0.693115 0.495117
vt 0.695312 0.485352
vt 0.687988 0.479736
vt 0.683350 0.490967
vt 0.609863 0.864258
vt 0.610840 0.837891
vt 0.622803 0.848877
vt 0.621582 0.823975
vt 0.599854 0.818604
vt 0.634521 0.853760
vt 0.635986 0.823730
vt 0.618652 0.875244
vt 0.622314 0.889404
vt 0.604004 0.845947
vt 0.584473 0.826660
vt 0.597168 0.868896
vt 0.570801 0.836426
vt 0.605469 0.903564
vt 0.602539 0.886230
vt 0.604492 0.922852
vt 0.593018 0.905273
vt 0.574707 0.877686
vt 0.560791 0.854980
vt 0.576904 0.900879
vt 0.571045 0.893799
vt 0.577148 0.930176
vt 0.586426 0.931885
vt 0.572998 0.946777
vt 0.593994 0.946289
vt 0.596436 0.935303
vt 0.606934 0.937988
vt 0.871582 0.107910
vt 0.878174 0.097900
vt 0.897705 0.095703
vt 0.842285 0.092041
vt 0.848877 0.086182
vt 0.860352 0.077881
vt 0.885498 0.089844
vt 0.905029 0.085449
vt 0.877441 0.077881
vt 0.849365 0.057373
vt 0.903564 0.073486
vt 0.878174 0.064453
vt 0.900635 0.057129
vt 0.841797 0.847168
vt 0.870850 0.826172
vt 0.869629 0.843262
vt 0.837158 0.835449
vt 0.901367 0.817139
vt 0.874512 0.850342
vt 0.885742 0.861084
vt 0.904785 0.841309
vt 0.920898 0.804932
vt 0.909180 0.793457
vt 0.872803 0.810547
vt 0.829590 0.822998
vt 0.887695 0.807861
vt 0.833984 0.808838
vt 0.883789 0.798584
vt 0.863525 0.795654
vt 0.828369 0.792236
vt 0.859863 0.785645
vt 0.896484 0.784180
vt 0.917969 0.781006
vt 0.904785 0.767334
vt 0.076660 0.652588
vt 0.075439 0.608643
vt 0.078369 0.628662
vt 0.091553 0.643555
vt 0.079102 0.670410
vt 0.096924 0.648682
vt 0.088135 0.678223
vt 0.078613 0.686279
vt 0.082031 0.695068
vt 0.073975 0.686768
vt 0.170654 0.928223
vt 0.184326 0.924316
vt 0.182373 0.938721
vt 0.192871 0.908203
vt 0.194580 0.928955
vt 0.193848 0.942627
vt 0.202148 0.936523
vt 0.170410 0.945312
vt 0.155273 0.950195
vt 0.206055 0.946533
vt 0.168701 0.959961
vt 0.181396 0.960693
vt 0.194336 0.950684
vt 0.148193 0.958008
vt 0.149658 0.966309
vt 0.143066 0.966797
vt 0.175781 0.975586
vt 0.150391 0.973877
vt 0.140869 0.992920
vt 0.199463 0.988770
vt 0.204590 0.968018
vt 0.219971 0.989258
vt 0.222900 0.962158
vt 0.221680 0.947266
vt 0.243896 0.948730
vt 0.239990 0.970459
vt 0.232910 0.990967
vt 0.265137 0.958496
vt 0.262695 0.969482
vt 0.286621 0.951172
vt 0.282959 0.970703
vt 0.272705 0.977783
vt 0.012451 0.673340
vt 0.000977 0.663330
vt 0.011230 0.659912
vt 0.020996 0.669434
vt 0.026855 0.684814
vt 0.013916 0.680908
vt 0.202393 0.051025
vt 0.204590 0.040039
vt 0.211426 0.041504
vt 0.218750 0.064941
vt 0.195801 0.059326
vt 0.182617 0.049805
vt 0.176758 0.058838
vt 0.173096 0.046875
vt 0.165771 0.050781
vt 0.167725 0.062500
vt 0.024902 0.264893
vt 0.027832 0.272217
vt 0.015137 0.265869
vt 0.011475 0.279541
vt 0.019531 0.285400
vt 0.005127 0.294189
vt 0.019043 0.294434
vt 0.451172 0.943848
vt 0.449951 0.923828
vt 0.458008 0.922607
vt 0.462646 0.936035
vt 0.467773 0.947510
vt 0.448975 0.907715
vt 0.471191 0.911133
vt 0.438232 0.901611
vt 0.457031 0.890381
vt 0.449219 0.880371
vt 0.430420 0.903564
vt 0.438965 0.885010
vt 0.436523 0.931396
vt 0.422607 0.906494
vt 0.428223 0.933350
vt 0.415771 0.906738
vt 0.431396 0.957764
vt 0.413574 0.935303
vt 0.411133 0.909424
vt 0.403564 0.925781
vt 0.395020 0.931641
vt 0.378174 0.944580
vt 0.380127 0.934570
vt 0.375732 0.931152
vt 0.409668 0.949463
vt 0.393311 0.959717
vt 0.403320 0.969727
vt 0.443604 0.989014
vt 0.455322 0.967285
vt 0.414551 0.980469
vt 0.419678 0.995850
vt 0.409424 0.992432
vt 0.382812 0.994385
vt 0.369141 0.972900
vt 0.356689 0.971924
vt 0.333740 0.979736
vt 0.341797 0.964111
vt 0.327881 0.979004
vt 0.165527 0.002197
vt 0.163818 0.008301
vt 0.162109 0.002930
vt 0.157227 0.000488
vt 0.157471 0.010498
vt 0.168457 0.011719
vt 0.162598 0.014404
vt 0.168213 0.019531
vt 0.348145 0.013184
vt 0.351318 0.016602
vt 0.344727 0.018799
vt 0.350098 0.007568
vt 0.343994 0.010742
vt 0.346924 0.006348
vt 0.351562 0.000244
vt 0.343750 0.004395
vt 0.381104 0.028809
vt 0.373291 0.023682
vt 0.376465 0.023926
vt 0.376221 0.019287
vt 0.373291 0.017822
vt 0.367920 0.022461
vt 0.371582 0.007568
vt 0.369141 0.011963
vt 0.358154 0.020508
vt 0.359619 0.003174
vt 0.365234 0.007324
vt 0.365967 0.004150
vt 0.323730 0.100342
vt 0.317871 0.097656
vt 0.318848 0.092041
vt 0.314453 0.097168
vt 0.304688 0.094482
vt 0.314209 0.099854
vt 0.311523 0.105957
vt 0.296387 0.099121
vt 0.294434 0.100830
vt 0.286133 0.097656
vt 0.290771 0.094971
vt 0.285889 0.104004
vt 0.279785 0.100098
vt 0.280762 0.095947
vt 0.276855 0.094971
vt 0.268066 0.101562
vt 0.270020 0.103516
vt 0.267090 0.095703
vt 0.265137 0.100098
vt 0.258057 0.100098
vt 0.260010 0.097656
vt 0.258301 0.093750
vt 0.250732 0.092773
vt 0.815674 0.156738
vt 0.811279 0.151123
vt 0.816406 0.151367
vt 0.823486 0.151855
vt 0.825684 0.158691
vt 0.831787 0.149170
vt 0.826416 0.147217
vt 0.829346 0.146729
vt 0.840088 0.145020
vt 0.828369 0.166016
vt 0.822510 0.173828
vt 0.835693 0.156982
vt 0.849365 0.148682
vt 0.832031 0.178223
vt 0.838623 0.161133
vt 0.842041 0.161377
vt 0.842285 0.164795
vt 0.849365 0.168945
vt 0.845215 0.162109
vt 0.860107 0.158691
vt 0.857910 0.148926
vt 0.863281 0.157227
vt 0.864014 0.151123
vt 0.852539 0.162842
vt 0.855469 0.167480
vt 0.869141 0.162842
vt 0.870117 0.160156
vt 0.864258 0.174316
vt 0.866943 0.173096
vt 0.854980 0.184570
vt 0.863037 0.183350
vt 0.875732 0.177734
vt 0.877930 0.176514
vt 0.880859 0.162354
vt 0.878418 0.159668
vt 0.882812 0.160889
vt 0.895020 0.162598
vt 0.888428 0.181641
vt 0.850098 0.181396
vt 0.861816 0.190674
vt 0.835449 0.182617
vt 0.843018 0.186768
vt 0.866211 0.010254
vt 0.873535 0.001221
vt 0.874512 0.008789
vt 0.877930 0.015869
vt 0.865967 0.006348
vt 0.860352 0.010986
vt 0.804199 0.015625
vt 0.802979 0.010498
vt 0.804199 0.006348
vt 0.798340 0.011475
vt 0.799561 0.012695
vt 0.437988 0.003662
vt 0.437988 0.014648
vt 0.434082 0.004883
vt 0.433350 0.003418
vt 0.432617 0.010498
vt 0.431152 0.009277
vt 0.431152 0.002441
vt 0.085205 0.019287
vt 0.086914 0.019287
vt 0.086426 0.023926
vt 0.086670 0.017090
vt 0.099365 0.024414
vt 0.105225 0.038818
vt 0.080078 0.043701
vt 0.109863 0.022705
vt 0.106934 0.039307
vt 0.111328 0.024170
vt 0.118896 0.034180
vt 0.118408 0.018555
vt 0.526367 0.005859
vt 0.526367 0.003174
vt 0.535156 0.016602
vt 0.525635 0.016357
vt 0.041016 0.301758
vt 0.060791 0.314941
vt 0.072510 0.338135
vt 0.063721 0.309570
vt 0.081543 0.326416
vt 0.087402 0.313477
vt 0.091309 0.321289
vt 0.080811 0.335205
vt 0.085205 0.342041
vt 0.096680 0.342529
vt 0.755615 0.027344
vt 0.773193 0.034424
vt 0.760498 0.034180
vt 0.790771 0.027588
vt 0.788818 0.056152
vt 0.755127 0.048340
vt 0.747559 0.041260
vt 0.738770 0.052734
vt 0.760986 0.054443
vt 0.770264 0.060547
vt 0.979980 0.255371
vt 0.981445 0.273682
vt 0.951416 0.235107
vt 0.993652 0.234863
vt 0.339600 0.017090
vt 0.314697 0.041016
vt 0.288818 0.017822
vt 0.293701 0.054688
vt 0.309082 0.050781
vt 0.304688 0.053223
vt 0.307373 0.057861
vt 0.310303 0.058838
vt 0.309814 0.050537
vt 0.027588 0.320801
vt 0.024902 0.315674
vt 0.028076 0.305176
vt 0.025391 0.306396
vt 0.022949 0.305908
vt 0.015381 0.309082
vt 0.017822 0.302002
vt 0.018066 0.312988
vt 0.022217 0.317383
vt 0.024902 0.324463
vt 0.022461 0.329346
vt 0.018555 0.317383
vt 0.031738 0.329834
vt 0.037598 0.327881
vt 0.040283 0.319824
vt 0.042480 0.325195
vt 0.048828 0.331543
vt 0.031494 0.335449
vt 0.039551 0.332764
vt 0.045410 0.335205
vt 0.024170 0.343750
vt 0.013428 0.334717
vt 0.043701 0.342529
vt 0.056152 0.345459
vt 0.060547 0.339844
vt 0.056641 0.351074
vt 0.042236 0.353760
vt 0.043945 0.356934
vt 0.020996 0.349121
vt 0.025146 0.356934
vt 0.011475 0.358398
vt 0.029541 0.367676
vt 0.035156 0.358887
vt 0.039062 0.358887
vt 0.037109 0.367676
vt 0.042236 0.372314
vt 0.015625 0.392090
vt 0.020752 0.398682
vt 0.014404 0.395996
vt 0.016846 0.405518
vt 0.012939 0.399902
vt 0.038574 0.376709
vt 0.025146 0.380859
vt 0.011230 0.385010
vt 0.085938 0.008789
vt 0.090820 0.008057
vt 0.097900 0.016602
vt 0.097412 0.000244
vt 0.091309 0.001465
vt 0.987793 0.365479
vt 0.979248 0.352051
vt 0.986572 0.352295
vt 0.992920 0.343262
vt 0.994873 0.353760
vt 0.989258 0.334717
vt 0.979004 0.339844
vt 0.987793 0.328857
vt 0.974609 0.332275
vt 0.971191 0.345947
vt 0.971924 0.356689
vt 0.978027 0.365234
vt 0.964600 0.350586
vt 0.964355 0.358643
vt 0.960205 0.356689
vt 0.954102 0.365234
vt 0.954102 0.358154
vt 0.016357 0.418701
vt 0.021973 0.409912
vt 0.028809 0.419189
vt 0.014404 0.412109
vt 0.002441 0.416504
vt 0.025146 0.422363
vt 0.016846 0.422852
vt 0.031738 0.427246
vt 0.991699 0.845947
vt 0.973633 0.859375
vt 0.965332 0.852051
vt 0.964111 0.859863
vt 0.963867 0.852539
vt 0.964355 0.869629
vt 0.963135 0.869385
vt 0.937256 0.845215
vt 0.963135 0.881104
vt 0.964111 0.880859
vt 0.288330 0.068848
vt 0.254150 0.086670
vt 0.283691 0.055908
vt 0.249512 0.037598
vt 0.275391 0.030029
vt 0.232178 0.059814
vt 0.228271 0.035889
vt 0.102051 0.018799
vt 0.108154 0.010498
vt 0.106201 0.016846
vt 0.113525 0.011230
vt 0.102783 0.001221
vt 0.114258 0.012695
vt 0.125732 0.012451
vt 0.125732 0.013428
vt 0.741211 0.960449
vt 0.726807 0.972900
vt 0.723877 0.963623
vt 0.735840 0.945557
vt 0.730713 0.987549
vt 0.714111 0.988525
vt 0.715332 0.966064
vt 0.715820 0.976807
vt 0.700439 0.998779
vt 0.703369 0.979004
vt 0.704834 0.974365
vt 0.705078 0.941650
vt 0.699707 0.932861
vt 0.741943 0.928223
vt 0.704590 0.923340
vt 0.708740 0.920410
vt 0.697754 0.912109
vt 0.738281 0.873535
vt 0.709961 0.061768
vt 0.696289 0.056396
vt 0.710449 0.052246
vt 0.716553 0.054443
vt 0.723389 0.075684
vt 0.726318 0.048828
vt 0.698975 0.066162
vt 0.726807 0.087891
vt 0.705322 0.096680
vt 0.690186 0.071533
vt 0.667725 0.048096
vt 0.560791 0.872559
vt 0.556885 0.892822
vt 0.547852 0.897949
vt 0.563477 0.879639
vt 0.567139 0.878418
vt 0.560547 0.895264
vt 0.546875 0.913330
vt 0.547852 0.926514
vt 0.568604 0.953369
vt 0.539307 0.915039
vt 0.535400 0.900635
vt 0.526855 0.914307
vt 0.513428 0.900391
vt 0.513916 0.927734
vt 0.501953 0.933350
vt 0.526367 0.936279
vt 0.539307 0.927734
vt 0.536621 0.942871
vt 0.504150 0.953613
vt 0.493164 0.939697
vt 0.531982 0.962158
vt 0.515381 0.958496
vt 0.498535 0.968994
vt 0.540527 0.962891
vt 0.550537 0.968506
vt 0.571045 0.964355
vt 0.544922 0.969971
vt 0.540283 0.985840
vt 0.528809 0.984375
vt 0.511963 0.975098
vt 0.505859 0.981445
vt 0.513672 0.995605
vt 0.492676 0.973633
vt 0.490234 0.993896
vt 0.495361 0.998535
vt 0.483398 0.961182
vt 0.473145 0.953613
vt 0.473145 0.986572
vt 0.473389 0.962646
vt 0.461914 0.980713
vt 0.461914 0.965820
vt 0.332520 0.984375
vt 0.333252 0.991943
vt 0.321045 0.991943
vt 0.339355 0.989990
vt 0.322266 0.984131
vt 0.338867 0.984131
vt 0.674561 0.113281
vt 0.679443 0.120117
vt 0.669434 0.132324
vt 0.679688 0.127686
vt 0.680176 0.137451
vt 0.688232 0.133545
vt 0.681152 0.142822
vt 0.658447 0.130859
vt 0.652588 0.116943
vt 0.664551 0.136230
vt 0.675293 0.147705
vt 0.641113 0.118408
vt 0.653076 0.142090
vt 0.630615 0.123291
vt 0.639893 0.135010
vt 0.641113 0.143311
vt 0.635986 0.159424
vt 0.625732 0.153076
vt 0.616211 0.145996
vt 0.635254 0.133789
vt 0.628906 0.130127
vt 0.610596 0.143066
vt 0.611816 0.112305
vt 0.621094 0.113037
vt 0.529785 0.021729
vt 0.538574 0.034424
vt 0.540771 0.046875
vt 0.541016 0.019043
vt 0.475098 0.039551
vt 0.462402 0.064697
vt 0.454834 0.060059
vt 0.470215 0.070801
vt 0.464355 0.074463
vt 0.476074 0.094482
vt 0.885498 0.015869
vt 0.889160 0.012207
vt 0.930908 0.019531
vt 0.887939 0.022705
vt 0.651855 0.007812
vt 0.648438 0.000244
vt 0.680176 0.000244
vt 0.032227 0.720703
vt 0.047363 0.713379
vt 0.032715 0.729492
vt 0.055664 0.712158
vt 0.072998 0.746094
vt 0.082764 0.743164
vt 0.064209 0.688721
vt 0.042236 0.711670
vt 0.043701 0.685547
vt 0.052246 0.687256
vt 0.068115 0.679199
vt 0.051025 0.670654
vt 0.010010 0.705322
vt 0.002197 0.690186
vt 0.023682 0.722900
vt 0.035645 0.689697
vt 0.457275 0.978027
vt 0.457275 0.998779
vt 0.449707 0.992188
vt 0.772217 0.012207
vt 0.763184 0.014160
vt 0.771484 0.001221
vt 0.761475 0.021729
vt 0.786865 0.022949
vt 0.978271 0.009033
vt 0.990723 0.002197
vt 0.987305 0.012939
vt 0.999268 0.025635
vt 0.999756 0.000488
vt 0.829346 0.016357
vt 0.830078 0.045410
vt 0.822266 0.023438
vt 0.822998 0.039551
vt 0.687012 0.642578
vt 0.687012 0.632568
vt 0.691895 0.640381
vt 0.698242 0.634033
vt 0.702881 0.614502
vt 0.696777 0.605469
vt 0.667969 0.625977
vt 0.709717 0.620850
vt 0.706543 0.637207
vt 0.724609 0.587158
vt 0.720703 0.552979
vt 0.722412 0.597900
vt 0.736084 0.592285
vt 0.722656 0.609619
vt 0.728027 0.613770
vt 0.713623 0.622314
vt 0.717041 0.636475
vt 0.711426 0.643555
vt 0.735107 0.639404
vt 0.729248 0.630615
vt 0.740723 0.646973
vt 0.687012 0.569092
vt 0.686279 0.606934
vt 0.677002 0.547607
vt 0.662598 0.546875
vt 0.673584 0.578125
vt 0.661621 0.589844
vt 0.661133 0.595215
vt 0.664795 0.578857
vt 0.656982 0.567383
vt 0.642822 0.557617
vt 0.645264 0.568359
vt 0.503418 0.030762
vt 0.488037 0.026367
vt 0.480469 0.017334
vt 0.486816 0.028076
vt 0.492188 0.033936
vt 0.489258 0.035156
vt 0.490723 0.036133
vt 0.489746 0.042236
vt 0.494385 0.048584
vt 0.481201 0.053223
vt 0.519043 0.049072
vt 0.528320 0.032471
vt 0.494629 0.050293
vt 0.480957 0.055176
vt 0.491455 0.057617
vt 0.486084 0.062256
vt 0.487305 0.064453
vt 0.205566 0.019043
vt 0.206543 0.035400
vt 0.202148 0.035889
vt 0.214600 0.008057
vt 0.199951 0.008057
vt 0.769531 0.623535
vt 0.789307 0.593262
vt 0.798340 0.597168
vt 0.805664 0.565186
vt 0.792236 0.566162
vt 0.802246 0.551758
vt 0.764404 0.611816
vt 0.759033 0.561035
vt 0.745605 0.597412
vt 0.739746 0.630127
vt 0.749756 0.637939
vt 0.742676 0.659912
vt 0.761719 0.646240
vt 0.777100 0.646240
vt 0.808838 0.605713
vt 0.808594 0.653320
vt 0.786621 0.653320
vt 0.778809 0.660156
vt 0.552734 0.027100
vt 0.559082 0.012695
vt 0.557861 0.026855
vt 0.548584 0.010010
vt 0.570801 0.036865
vt 0.585449 0.010986
vt 0.569580 0.021240
vt 0.878906 0.678955
vt 0.881348 0.686768
vt 0.878662 0.687744
vt 0.869629 0.687988
vt 0.848145 0.676514
vt 0.882080 0.731689
vt 0.889648 0.741455
vt 0.869629 0.711426
vt 0.854980 0.699951
vt 0.876465 0.770996
vt 0.886230 0.767822
vt 0.848877 0.694824
vt 0.873047 0.735596
vt 0.866211 0.768311
vt 0.828857 0.734375
vt 0.836914 0.697266
vt 0.827148 0.732422
vt 0.790771 0.743164
vt 0.063232 0.430176
vt 0.069336 0.415527
vt 0.069336 0.430664
vt 0.063477 0.437012
vt 0.078125 0.415039
vt 0.075928 0.433105
vt 0.077637 0.380371
vt 0.068848 0.375244
vt 0.064941 0.347168
vt 0.071533 0.348877
vt 0.093018 0.367920
vt 0.084229 0.411621
vt 0.102539 0.432129
vt 0.104004 0.390137
vt 0.106934 0.357910
vt 0.112549 0.404541
vt 0.118652 0.411621
vt 0.125732 0.406982
vt 0.143066 0.418213
vt 0.112793 0.392578
vt 0.120361 0.385498
vt 0.130859 0.397949
vt 0.148682 0.410156
vt 0.136475 0.390381
vt 0.126709 0.386963
vt 0.978271 0.218994
vt 0.976074 0.213623
vt 0.989014 0.214844
vt 0.965820 0.216309
vt 0.966309 0.221680
vt 0.958252 0.224854
vt 0.955566 0.211182
vt 0.947021 0.230469
vt 0.940186 0.215088
vt 0.540283 0.863281
vt 0.536377 0.894775
vt 0.531738 0.867676
vt 0.520508 0.834473
vt 0.517334 0.844971
vt 0.535889 0.841064
vt 0.566162 0.824951
vt 0.521729 0.826904
vt 0.512695 0.840332
vt 0.540283 0.811768
vt 0.558838 0.795898
vt 0.520752 0.799072
vt 0.500977 0.816406
vt 0.542725 0.786865
vt 0.562012 0.784180
vt 0.526123 0.777100
vt 0.498779 0.778076
vt 0.510254 0.763672
vt 0.543213 0.763428
vt 0.531982 0.755127
vt 0.545166 0.774658
vt 0.537598 0.756836
vt 0.563965 0.749756
vt 0.549072 0.745605
vt 0.915771 0.236572
vt 0.918701 0.300537
vt 0.902832 0.291504
vt 0.885986 0.286133
vt 0.881348 0.236328
vt 0.865967 0.260010
vt 0.864990 0.249512
vt 0.896484 0.221924
vt 0.920898 0.210938
vt 0.873291 0.238281
vt 0.871826 0.230469
vt 0.854492 0.247559
vt 0.882324 0.224854
vt 0.895264 0.215088
vt 0.895752 0.205078
vt 0.887207 0.208008
vt 0.860352 0.227051
vt 0.852051 0.238037
vt 0.842529 0.228027
vt 0.067139 0.577148
vt 0.083496 0.569824
vt 0.082031 0.579102
vt 0.068115 0.560547
vt 0.089600 0.566162
vt 0.052490 0.545898
vt 0.065186 0.533447
vt 0.038330 0.556152
vt 0.047119 0.572021
vt 0.047852 0.583740
vt 0.045898 0.594727
vt 0.038330 0.598633
vt 0.056396 0.599365
vt 0.039307 0.607910
vt 0.083496 0.594971
vt 0.045410 0.618408
vt 0.072998 0.601807
vt 0.453613 0.035889
vt 0.442627 0.012207
vt 0.476318 0.030518
vt 0.443359 0.021729
vt 0.443359 0.051758
vt 0.027588 0.232178
vt 0.028564 0.221924
vt 0.038086 0.237793
vt 0.018555 0.239502
vt 0.043945 0.225342
vt 0.019531 0.233154
vt 0.012451 0.232178
vt 0.023193 0.226074
vt 0.019287 0.222656
vt 0.031738 0.213135
vt 0.024170 0.213135
vt 0.026611 0.206299
vt 0.040771 0.218262
vt 0.050537 0.224121
vt 0.049072 0.219971
vt 0.045898 0.205078
vt 0.051514 0.218750
vt 0.026855 0.185303
vt 0.013672 0.183105
vt 0.966064 0.011475
vt 0.956055 0.014648
vt 0.962646 0.001221
vt 0.987549 0.162598
vt 0.976074 0.147217
vt 0.993896 0.158691
vt 0.981445 0.144287
vt 0.963623 0.154785
vt 0.973877 0.134033
vt 0.965820 0.188721
vt 0.990967 0.174316
vt 0.948242 0.164307
vt 0.670898 0.014893
vt 0.663330 0.032959
vt 0.653809 0.028564
vt 0.655762 0.042480
vt 0.644531 0.023682
vt 0.642090 0.011475
vt 0.626709 0.020264
vt 0.678955 0.703857
vt 0.699463 0.714111
vt 0.702148 0.736328
vt 0.691162 0.701416
vt 0.678711 0.697021
vt 0.685303 0.684570
vt 0.660645 0.680176
vt 0.676025 0.730957
vt 0.693604 0.752441
vt 0.661377 0.691895
vt 0.648926 0.703857
vt 0.676758 0.748779
vt 0.694336 0.763916
vt 0.684570 0.764893
vt 0.652588 0.720703
vt 0.649170 0.735840
vt 0.640381 0.707031
vt 0.625488 0.708252
vt 0.635254 0.703369
vt 0.636230 0.694336
vt 0.649170 0.690918
vt 0.644043 0.676270
vt 0.671387 0.667480
vt 0.670166 0.675781
vt 0.698975 0.662109
vt 0.654053 0.662842
vt 0.633301 0.659912
vt 0.632080 0.638184
vt 0.675049 0.634766
vt 0.741943 0.850586
vt 0.709717 0.848389
vt 0.736572 0.828613
vt 0.724854 0.799805
vt 0.726074 0.873291
vt 0.716553 0.885010
vt 0.689453 0.853516
vt 0.690918 0.867432
vt 0.712646 0.802002
vt 0.678223 0.820557
vt 0.718750 0.791992
vt 0.702393 0.780762
vt 0.683594 0.788330
vt 0.710938 0.753418
vt 0.658447 0.800781
vt 0.644043 0.805664
vt 0.659668 0.775635
vt 0.664307 0.770996
vt 0.637207 0.789551
vt 0.630859 0.791504
vt 0.623779 0.792236
vt 0.621826 0.783936
vt 0.088379 0.915527
vt 0.075928 0.916748
vt 0.076660 0.898438
vt 0.064209 0.906982
vt 0.090332 0.901855
vt 0.104248 0.912354
vt 0.108643 0.895264
vt 0.083496 0.868896
vt 0.077393 0.868164
vt 0.095947 0.868896
vt 0.104980 0.865234
vt 0.092041 0.861816
vt 0.099854 0.854248
vt 0.100098 0.837402
vt 0.034668 0.561523
vt 0.033691 0.597900
vt 0.024414 0.595947
vt 0.030273 0.617188
vt 0.012695 0.599609
vt 0.011230 0.565918
vt 0.168213 0.205078
vt 0.208008 0.214600
vt 0.192871 0.219727
vt 0.171875 0.249756
vt 0.210205 0.256592
vt 0.207275 0.265869
vt 0.229492 0.280762
vt 0.220215 0.289307
vt 0.025391 0.997559
vt 0.000488 0.979492
vt 0.028564 0.983643
vt 0.968262 0.807129
vt 0.968994 0.836914
vt 0.948242 0.818848
vt 0.965332 0.800781
vt 0.949707 0.807861
vt 0.959717 0.791016
vt 0.941406 0.802490
vt 0.945801 0.790039
vt 0.931641 0.819824
vt 0.936768 0.827148
vt 0.920166 0.824707
vt 0.913330 0.838135
vt 0.927002 0.806885
vt 0.937988 0.789795
vt 0.942871 0.783691
vt 0.950439 0.785400
vt 0.933594 0.770264
vt 0.490479 0.002930
vt 0.490479 0.014893
vt 0.484619 0.011475
vt 0.423584 0.169434
vt 0.391113 0.156982
vt 0.418945 0.156006
vt 0.401611 0.150879
vt 0.401855 0.136963
vt 0.433594 0.167725
vt 0.427734 0.176514
vt 0.435547 0.189453
vt 0.445312 0.179443
vt 0.449707 0.150391
vt 0.460449 0.157227
vt 0.423340 0.141602
vt 0.470215 0.152832
vt 0.436035 0.138428
vt 0.475098 0.140381
vt 0.398438 0.121338
vt 0.412842 0.125000
vt 0.463379 0.136230
vt 0.466797 0.124756
vt 0.919434 0.597168
vt 0.924561 0.562744
vt 0.932861 0.566162
vt 0.913086 0.581787
vt 0.927734 0.549316
vt 0.916504 0.558838
vt 0.949951 0.560791
vt 0.948242 0.548340
vt 0.932617 0.533691
vt 0.915039 0.534180
vt 0.942871 0.524414
vt 0.929688 0.520508
vt 0.911377 0.513428
vt 0.889160 0.527588
vt 0.927734 0.510498
vt 0.905762 0.536621
vt 0.938232 0.508789
vt 0.931396 0.497314
vt 0.944336 0.496826
vt 0.901611 0.541504
vt 0.880371 0.539307
vt 0.887939 0.529785
vt 0.924316 0.958496
vt 0.898438 0.944336
vt 0.907227 0.941650
vt 0.928467 0.944580
vt 0.946289 0.958740
vt 0.951660 0.942383
vt 0.943604 0.935303
vt 0.969727 0.953125
vt 0.969482 0.937500
vt 0.745850 0.983887
vt 0.749756 0.989502
vt 0.734619 0.994629
vt 0.728271 0.997559
vt 0.766113 0.988281
vt 0.756348 0.976807
vt 0.747559 0.962402
vt 0.302734 0.298096
vt 0.273926 0.318604
vt 0.262207 0.322021
vt 0.280273 0.340576
vt 0.278320 0.289307
vt 0.256348 0.348877
vt 0.266846 0.368408
vt 0.251709 0.332275
vt 0.240967 0.345215
vt 0.262695 0.305664
vt 0.256348 0.289062
vt 0.238525 0.333984
vt 0.241455 0.320801
vt 0.236084 0.307861
vt 0.229248 0.323730
vt 0.224121 0.312256
vt 0.218994 0.297852
vt 0.217285 0.323486
vt 0.202637 0.335693
vt 0.212402 0.308838
vt 0.188477 0.301270
vt 0.200684 0.306885
vt 0.212891 0.319092
vt 0.186035 0.325684
vt 0.177979 0.339844
vt 0.036621 0.622803
vt 0.016846 0.636475
vt 0.018066 0.621094
vt 0.026367 0.642090
vt 0.000488 0.651367
vt 0.003418 0.635498
vt 0.004639 0.621826
vt 0.000244 0.611572
vt 0.490234 0.190430
vt 0.460693 0.173828
vt 0.479004 0.154053
vt 0.462646 0.187012
vt 0.484131 0.237061
vt 0.462646 0.241455
vt 0.090820 0.185791
vt 0.087402 0.215088
vt 0.075195 0.214600
vt 0.081299 0.225342
vt 0.073486 0.168945
vt 0.079346 0.231445
vt 0.067871 0.215088
vt 0.054199 0.233643
vt 0.057373 0.214844
vt 0.381348 0.046143
vt 0.387451 0.080811
vt 0.363037 0.071045
vt 0.364990 0.087891
vt 0.349121 0.079590
vt 0.345703 0.073730
vt 0.337891 0.083984
vt 0.835449 0.979248
vt 0.846680 0.994873
vt 0.835938 0.997803
vt 0.266113 0.197510
vt 0.268555 0.188721
vt 0.286133 0.190430
vt 0.282959 0.179443
vt 0.281006 0.197510
vt 0.285645 0.198242
vt 0.294189 0.199219
vt 0.291504 0.168701
vt 0.275146 0.156006
vt 0.303223 0.177490
vt 0.293457 0.159180
vt 0.282471 0.140381
vt 0.297852 0.146484
vt 0.310303 0.165771
vt 0.316406 0.154785
vt 0.305908 0.186279
vt 0.313477 0.189453
vt 0.297363 0.205322
vt 0.325195 0.177734
vt 0.326660 0.186768
vt 0.350830 0.176514
vt 0.335938 0.172363
vt 0.333496 0.145996
vt 0.351318 0.169922
vt 0.347900 0.141846
vt 0.576172 0.227295
vt 0.574219 0.233643
vt 0.540527 0.219482
vt 0.554199 0.209229
vt 0.582031 0.219238
vt 0.566406 0.198242
vt 0.538574 0.255127
vt 0.568604 0.256104
vt 0.560547 0.265625
vt 0.554932 0.288330
vt 0.532715 0.280273
vt 0.530762 0.222900
vt 0.529297 0.213135
vt 0.524414 0.218018
vt 0.507812 0.205078
vt 0.956299 0.019775
vt 0.980957 0.017090
vt 0.969238 0.034912
vt 0.993896 0.045410
vt 0.994629 0.030762
vt 0.976074 0.046875
vt 0.968018 0.059814
vt 0.695557 0.430420
vt 0.692627 0.463867
vt 0.657715 0.460938
vt 0.697021 0.422363
vt 0.651855 0.423340
vt 0.673340 0.484863
vt 0.639404 0.441162
vt 0.633301 0.411865
vt 0.651611 0.462158
vt 0.630859 0.463135
vt 0.611816 0.428223
vt 0.665039 0.502197
vt 0.686768 0.509766
vt 0.639648 0.496826
vt 0.682617 0.516846
vt 0.691162 0.541992
vt 0.696777 0.541260
vt 0.645508 0.512207
vt 0.630127 0.511230
vt 0.629639 0.500977
vt 0.144531 0.012451
vt 0.147705 0.016846
vt 0.124268 0.026367
vt 0.138916 0.032227
vt 0.133301 0.039551
vt 0.152344 0.040527
vt 0.154541 0.031006
vt 0.171387 0.028320
vt 0.831055 0.997803
vt 0.771973 0.985352
vt 0.794922 0.970703
vt 0.790283 0.945312
vt 0.745361 0.943115
vt 0.168457 0.311523
vt 0.165771 0.304199
vt 0.180420 0.323486
vt 0.162598 0.311035
vt 0.173340 0.333252
vt 0.158203 0.334473
vt 0.150635 0.331543
vt 0.142822 0.324463
vt 0.139160 0.318115
vt 0.153320 0.295166
vt 0.171143 0.291260
vt 0.126953 0.305420
vt 0.120117 0.330811
vt 0.101074 0.333008
vt 0.110596 0.309082
vt 0.103760 0.294189
vt 0.123779 0.274414
vt 0.149902 0.272217
vt 0.131104 0.263184
vt 0.160889 0.280273
vt 0.184814 0.274414
vt 0.152588 0.266357
vt 0.165771 0.261719
vt 0.201660 0.270752
vt 0.187744 0.264404
vt 0.156738 0.257080
vt 0.160645 0.250000
vt 0.121582 0.241699
vt 0.129150 0.241455
vt 0.159912 0.240967
vt 0.945312 0.371094
vt 0.931152 0.353027
vt 0.937988 0.339600
vt 0.949951 0.351807
vt 0.942139 0.325195
vt 0.911621 0.325439
vt 0.947510 0.329102
vt 0.962402 0.343506
vt 0.963379 0.335449
vt 0.962402 0.324219
vt 0.954102 0.321533
vt 0.948975 0.318359
vt 0.969727 0.322266
vt 0.962891 0.305420
vt 0.925781 0.304199
vt 0.905273 0.309814
vt 0.943115 0.307861
vt 0.928223 0.292480
vt 0.949707 0.288086
vt 0.968506 0.288330
vt 0.090820 0.461670
vt 0.109131 0.471924
vt 0.081543 0.481934
vt 0.079590 0.458740
vt 0.073730 0.460693
vt 0.096191 0.481445
vt 0.074219 0.501465
vt 0.104248 0.490479
vt 0.078613 0.507324
vt 0.063232 0.510742
vt 0.065430 0.514160
vt 0.104004 0.520996
vt 0.089844 0.517578
vt 0.068115 0.525635
vt 0.073486 0.535645
vt 0.090576 0.535889
vt 0.072021 0.538574
vt 0.089844 0.541992
vt 0.125488 0.523438
vt 0.111816 0.533936
vt 0.074463 0.549316
vt 0.078613 0.543457
vt 0.041016 0.140625
vt 0.038818 0.148193
vt 0.033447 0.151611
vt 0.046631 0.150635
vt 0.027588 0.153320
vt 0.041748 0.119385
vt 0.021240 0.144287
vt 0.042969 0.160400
vt 0.051025 0.151855
vt 0.040039 0.169678
vt 0.027832 0.163818
vt 0.046387 0.169434
vt 0.061279 0.157471
vt 0.037598 0.180908
vt 0.021484 0.178223
vt 0.044189 0.182373
vt 0.053955 0.174805
vt 0.050049 0.187256
vt 0.063721 0.175049
vt 0.069580 0.161377
vt 0.871094 0.969727
vt 0.871826 0.998779
vt 0.852783 0.986572
vt 0.833252 0.968018
vt 0.903564 0.987061
vt 0.907227 0.997559
vt 0.888184 0.967773
vt 0.907715 0.965332
vt 0.916016 0.966309
vt 0.770264 0.899658
vt 0.774658 0.907227
vt 0.757568 0.904053
vt 0.779053 0.901367
vt 0.786865 0.907227
vt 0.777832 0.890137
vt 0.774902 0.915771
vt 0.762939 0.895752
vt 0.753418 0.887695
vt 0.772217 0.886719
vt 0.758545 0.884277
vt 0.743408 0.883789
vt 0.771484 0.925293
vt 0.752686 0.913086
vt 0.777588 0.923096
vt 0.781494 0.926270
vt 0.760742 0.927490
vt 0.797119 0.912354
vt 0.807861 0.902588
vt 0.794189 0.889648
vt 0.796143 0.879395
vt 0.787598 0.899170
vt 0.787598 0.890137
vt 0.786621 0.883057
vt 0.792480 0.871338
vt 0.775146 0.869141
vt 0.763672 0.874756
vt 0.754883 0.876221
vt 0.754639 0.866699
vt 0.767090 0.860352
vt 0.756104 0.855469
vt 0.743652 0.860840
vt 0.755859 0.843262
vt 0.770752 0.839844
vt 0.777100 0.858154
vt 0.779541 0.866699
vt 0.789062 0.857178
vt 0.797119 0.853027
vt 0.808105 0.860596
vt 0.804688 0.853271
vt 0.794434 0.844727
vt 0.773682 0.848877
vt 0.783447 0.851318
vt 0.786133 0.845703
vt 0.789062 0.826660
vt 0.780029 0.832520
vt 0.778809 0.817627
vt 0.772705 0.822754
vt 0.761475 0.826416
vt 0.753174 0.836914
vt 0.750977 0.846191
vt 0.749268 0.832520
vt 0.744629 0.825195
vt 0.305908 0.981934
vt 0.310791 0.986328
vt 0.307129 0.991699
vt 0.323486 0.962402
vt 0.314697 0.988281
vt 0.311279 0.997559
vt 0.131104 0.987549
vt 0.098145 0.962891
vt 0.135742 0.980469
vt 0.137451 0.968506
vt 0.105713 0.955322
vt 0.093750 0.941406
vt 0.076660 0.934814
vt 0.077881 0.922363
vt 0.073486 0.945801
vt 0.069336 0.934814
vt 0.082275 0.968750
vt 0.097656 0.973145
vt 0.091797 0.986328
vt 0.081299 0.982422
vt 0.160889 0.043213
vt 0.181641 0.031738
vt 0.183838 0.034180
vt 0.186035 0.018066
vt 0.186035 0.039795
vt 0.193359 0.015137
vt 0.198730 0.044678
vt 0.194824 0.020020
vt 0.192139 0.033447
vt 0.690430 0.917236
vt 0.695312 0.920410
vt 0.690430 0.942139
vt 0.241211 0.031738
vt 0.249512 0.021973
vt 0.255127 0.029053
vt 0.237305 0.024414
vt 0.257812 0.020264
vt 0.268066 0.025879
vt 0.246582 0.011719
vt 0.237549 0.000244
vt 0.252441 0.000244
vt 0.252686 0.012451
vt 0.260986 0.015869
vt 0.273193 0.014404
vt 0.261963 0.011475
vt 0.945312 0.771729
vt 0.941406 0.760986
vt 0.953613 0.746338
vt 0.952881 0.766113
vt 0.966064 0.738525
vt 0.952393 0.734619
vt 0.952637 0.726807
vt 0.968994 0.760254
vt 0.960449 0.771729
vt 0.975586 0.742920
vt 0.975342 0.731934
vt 0.979980 0.744629
vt 0.987549 0.741211
vt 0.086914 0.075928
vt 0.063477 0.075195
vt 0.057617 0.059326
vt 0.049805 0.067139
vt 0.047363 0.057617
vt 0.031006 0.053223
vt 0.083984 0.047852
vt 0.091797 0.048340
vt 0.091064 0.056152
vt 0.072998 0.062744
vt 0.083496 0.064697
vt 0.970215 0.783203
vt 0.973877 0.793945
vt 0.969727 0.787354
vt 0.959473 0.785156
vt 0.981934 0.780518
vt 0.967285 0.775879
vt 0.956299 0.778076
vt 0.978027 0.770264
vt 0.994629 0.773438
vt 0.985352 0.767334
vt 0.991943 0.760498
vt 0.977783 0.764404
vt 0.989502 0.757324
vt 0.436279 0.277832
vt 0.438965 0.249023
vt 0.463867 0.265381
vt 0.448242 0.289062
vt 0.427002 0.235352
vt 0.464111 0.248291
vt 0.461426 0.291016
vt 0.483643 0.290527
vt 0.472412 0.299316
vt 0.474121 0.268066
vt 0.511719 0.270264
vt 0.491699 0.241455
vt 0.526123 0.255371
vt 0.518311 0.239258
vt 0.499512 0.234131
vt 0.028564 0.488281
vt 0.041992 0.464844
vt 0.061768 0.487793
vt 0.073486 0.485596
vt 0.026123 0.476562
vt 0.027100 0.463379
vt 0.063477 0.456299
vt 0.034424 0.448730
vt 0.063721 0.447510
vt 0.072021 0.451660
vt 0.076660 0.441895
vt 0.042236 0.434082
vt 0.037842 0.434326
vt 0.035889 0.425781
vt 0.025146 0.435059
vt 0.419678 0.317139
vt 0.418457 0.296875
vt 0.435791 0.308594
vt 0.405029 0.304932
vt 0.406006 0.300781
vt 0.441162 0.312256
vt 0.411621 0.317627
vt 0.406006 0.314209
vt 0.414307 0.326172
vt 0.424316 0.322998
vt 0.418701 0.335449
vt 0.446777 0.322510
vt 0.493164 0.300293
vt 0.422363 0.340088
vt 0.481201 0.316650
vt 0.517090 0.289062
vt 0.451904 0.324219
vt 0.477295 0.333984
vt 0.493896 0.334717
vt 0.452148 0.356201
vt 0.471191 0.360352
vt 0.497070 0.361572
vt 0.488037 0.372559
vt 0.478027 0.385498
vt 0.489990 0.396240
vt 0.467773 0.394287
vt 0.449951 0.377930
vt 0.442627 0.360352
vt 0.423340 0.350098
vt 0.420654 0.365967
vt 0.440674 0.378418
vt 0.426758 0.395508
vt 0.408203 0.375488
vt 0.686768 0.003906
vt 0.684814 0.000244
vt 0.715820 0.002441
vt 0.359619 0.041504
vt 0.371094 0.031494
vt 0.390137 0.039795
vt 0.348389 0.030762
vt 0.347168 0.023193
vt 0.326172 0.039795
vt 0.347656 0.046631
vt 0.342529 0.037842
vt 0.362549 0.049072
vt 0.347900 0.061035
vt 0.346436 0.064697
vt 0.360352 0.058838
vt 0.360352 0.061768
vt 0.819092 0.045410
vt 0.808838 0.071045
vt 0.808594 0.041504
vt 0.828857 0.072510
vt 0.816650 0.081055
vt 0.844971 0.079590
vt 0.831787 0.092285
vt 0.824707 0.095947
vt 0.809082 0.096436
vt 0.875488 0.037842
vt 0.882324 0.055664
vt 0.865967 0.051758
vt 0.882568 0.033447
vt 0.880127 0.020752
vt 0.867432 0.019531
vt 0.864014 0.037354
vt 0.861084 0.029053
vt 0.854980 0.035645
vt 0.848633 0.048828
vt 0.849609 0.031250
vt 0.841309 0.035400
vt 0.835938 0.049805
vt 0.838379 0.058350
vt 0.831543 0.061523
vt 0.834473 0.066650
vt 0.848145 0.024170
vt 0.838135 0.023193
vt 0.847656 0.017334
vt 0.834961 0.016846
vt 0.858154 0.021484
vt 0.858887 0.015137
vt 0.989014 0.679932
vt 0.981201 0.688477
vt 0.973145 0.679443
vt 0.971191 0.689209
vt 0.973389 0.677246
vt 0.972412 0.664795
vt 0.984375 0.663330
vt 0.994873 0.679932
vt 0.978027 0.655029
vt 0.983398 0.651611
vt 0.971680 0.648438
vt 0.666748 0.042725
vt 0.676514 0.019287
vt 0.679688 0.026367
vt 0.713623 0.019775
vt 0.674316 0.038818
vt 0.694580 0.046143
vt 0.706055 0.036133
vt 0.715820 0.046631
vt 0.458008 0.842041
vt 0.453613 0.859131
vt 0.445312 0.843506
vt 0.417969 0.866943
vt 0.441650 0.879883
vt 0.430176 0.841309
vt 0.393799 0.859863
vt 0.436279 0.800049
vt 0.468506 0.797607
vt 0.394531 0.839355
vt 0.376953 0.848877
vt 0.412598 0.827637
vt 0.364258 0.822021
vt 0.357666 0.843506
vt 0.339111 0.806396
vt 0.364746 0.800537
vt 0.372559 0.772705
vt 0.375488 0.815186
vt 0.382568 0.818359
vt 0.382324 0.802734
vt 0.397461 0.781250
vt 0.394287 0.813721
vt 0.398926 0.812500
vt 0.405762 0.769775
vt 0.381836 0.763184
vt 0.372803 0.729980
vt 0.356934 0.765625
vt 0.399414 0.737061
vt 0.427734 0.787109
vt 0.393799 0.729248
vt 0.447266 0.781982
vt 0.476074 0.788818
vt 0.465332 0.779785
vt 0.455566 0.776367
vt 0.463379 0.769043
vt 0.416260 0.741943
vt 0.366943 0.718262
vt 0.432617 0.750732
vt 0.448975 0.744629
vt 0.461670 0.750244
vt 0.436523 0.744141
vt 0.449707 0.734863
vt 0.393311 0.716553
vt 0.426514 0.721191
vt 0.380127 0.707031
vt 0.403564 0.710938
vt 0.390381 0.708008
vt 0.377197 0.698975
vt 0.385010 0.696289
vt 0.374756 0.681641
vt 0.403076 0.692139
vt 0.380371 0.687988
vt 0.381592 0.683350
vt 0.984863 0.717041
vt 0.976074 0.708984
vt 0.983398 0.695312
vt 0.971924 0.693604
vt 0.970215 0.726074
vt 0.971436 0.706543
vt 0.891357 0.883789
vt 0.882812 0.880615
vt 0.887695 0.868652
vt 0.876465 0.866455
vt 0.875000 0.885010
vt 0.886719 0.895996
vt 0.870117 0.879150
vt 0.859375 0.872314
vt 0.859863 0.879883
vt 0.879639 0.923340
vt 0.892822 0.931885
vt 0.893066 0.954346
vt 0.879883 0.958252
vt 0.853516 0.882080
vt 0.854492 0.873535
vt 0.853760 0.901123
vt 0.847168 0.875732
vt 0.874023 0.912842
vt 0.871338 0.927734
vt 0.833008 0.910645
vt 0.832275 0.890381
vt 0.845703 0.917725
vt 0.831299 0.922363
vt 0.862793 0.914795
vt 0.869873 0.917725
vt 0.858643 0.925781
vt 0.845215 0.930420
vt 0.831299 0.941406
vt 0.854492 0.937744
vt 0.876221 0.962158
vt 0.858643 0.961914
vt 0.843506 0.942139
vt 0.840332 0.963867
vt 0.170410 0.087158
vt 0.176514 0.064941
vt 0.178223 0.076904
vt 0.195312 0.066650
vt 0.191162 0.107178
vt 0.172607 0.105713
vt 0.206055 0.087402
vt 0.207031 0.070312
vt 0.218750 0.073242
vt 0.240234 0.080811
vt 0.219971 0.108154
vt 0.204834 0.121826
vt 0.235840 0.110107
vt 0.233154 0.117432
vt 0.063965 0.782227
vt 0.056641 0.774414
vt 0.068359 0.772217
vt 0.055908 0.763428
vt 0.070801 0.787842
vt 0.064209 0.793213
vt 0.080322 0.775879
vt 0.067871 0.833008
vt 0.047119 0.796387
vt 0.048340 0.830078
vt 0.075684 0.815918
vt 0.074951 0.828125
vt 0.079834 0.831787
vt 0.105713 0.826904
vt 0.087158 0.803711
vt 0.105469 0.803955
vt 0.084229 0.790771
vt 0.089355 0.781982
vt 0.088867 0.772217
vt 0.042969 0.943848
vt 0.039062 0.955322
vt 0.035156 0.954590
vt 0.029541 0.938232
vt 0.050537 0.958008
vt 0.036377 0.964844
vt 0.029541 0.964111
vt 0.050293 0.968750
vt 0.039062 0.980957
vt 0.034180 0.983154
vt 0.032715 0.993164
vt 0.039062 0.994873
vt 0.050781 0.976318
vt 0.043213 0.990723
vt 0.044678 0.998535
vt 0.054443 0.984619
vt 0.061768 0.977051
vt 0.059326 0.998779
vt 0.068359 0.993164
vt 0.074219 0.983398
vt 0.070801 0.973633
vt 0.074463 0.968262
vt 0.059814 0.965576
vt 0.066650 0.961182
vt 0.070068 0.955078
vt 0.061523 0.948730
vt 0.052002 0.029053
vt 0.037598 0.046143
vt 0.031982 0.036377
vt 0.041992 0.021484
vt 0.029297 0.046875
vt 0.021729 0.033936
vt 0.023926 0.016113
vt 0.009277 0.022705
vt 0.012939 0.010254
vt 0.008057 0.025391
vt 0.011230 0.035156
vt 0.017334 0.042480
vt 0.011475 0.059570
vt 0.018311 0.049805
vt 0.026855 0.741455
vt 0.040527 0.766602
vt 0.013184 0.763672
vt 0.045654 0.742920
vt 0.039062 0.787109
vt 0.019531 0.802979
vt 0.059814 0.788818
vt 0.325684 0.106689
vt 0.343262 0.093018
vt 0.352783 0.119385
vt 0.339844 0.129150
vt 0.335205 0.137695
vt 0.348877 0.131592
vt 0.352783 0.136230
vt 0.372314 0.111572
vt 0.373779 0.092041
vt 0.393555 0.095215
vt 0.390381 0.116699
vt 0.359375 0.124268
vt 0.363037 0.144531
vt 0.360840 0.148926
vt 0.363770 0.165527
vt 0.374756 0.131836
vt 0.393066 0.143311
vt 0.381836 0.129395
vt 0.243408 0.533691
vt 0.242188 0.508301
vt 0.283203 0.541748
vt 0.269531 0.547607
vt 0.286621 0.517334
vt 0.265625 0.503906
vt 0.278320 0.550781
vt 0.290283 0.515137
vt 0.248535 0.487793
vt 0.269531 0.492432
vt 0.290283 0.538330
vt 0.300537 0.518311
vt 0.295166 0.502686
vt 0.271484 0.550781
vt 0.252686 0.552734
vt 0.283936 0.564453
vt 0.255859 0.570557
vt 0.273438 0.576904
vt 0.269775 0.592285
vt 0.297852 0.558350
vt 0.305664 0.572754
vt 0.300537 0.604248
vt 0.310791 0.579834
vt 0.322998 0.572021
vt 0.324219 0.606201
vt 0.328613 0.593506
vt 0.341064 0.580078
vt 0.340820 0.575195
vt 0.313232 0.547852
vt 0.333984 0.557617
vt 0.349121 0.571289
vt 0.305420 0.528809
vt 0.317871 0.535645
vt 0.316895 0.525146
vt 0.311279 0.508789
vt 0.331543 0.540527
vt 0.343750 0.552979
vt 0.353516 0.568848
vt 0.340820 0.535400
vt 0.327637 0.530273
vt 0.325195 0.524658
vt 0.326416 0.514893
vt 0.333008 0.527344
vt 0.335205 0.514160
vt 0.331787 0.507080
vt 0.318115 0.502197
vt 0.336914 0.496582
vt 0.340088 0.500732
vt 0.364502 0.489746
vt 0.340332 0.521729
vt 0.346191 0.516113
vt 0.370117 0.509766
vt 0.357666 0.508301
vt 0.352051 0.510498
vt 0.361572 0.513184
vt 0.369873 0.520020
vt 0.354492 0.525391
vt 0.387207 0.513428
vt 0.372559 0.525146
vt 0.368652 0.527344
vt 0.349854 0.542969
vt 0.356445 0.542236
vt 0.371094 0.536377
vt 0.363037 0.553223
vt 0.357666 0.554688
vt 0.365479 0.571777
vt 0.222900 0.052490
vt 0.214355 0.031494
vt 0.219482 0.027588
vt 0.224365 0.016357
vt 0.002197 0.471191
vt 0.008057 0.455078
vt 0.017334 0.440918
vt 0.018799 0.470459
vt 0.025635 0.447754
vt 0.695801 0.944092
vt 0.695801 0.966797
vt 0.692871 0.957764
vt 0.777100 0.220703
vt 0.779785 0.234375
vt 0.774170 0.232178
vt 0.766357 0.212402
vt 0.798096 0.225098
vt 0.789307 0.235352
vt 0.805176 0.233643
vt 0.790527 0.218750
vt 0.802734 0.219238
vt 0.793213 0.204834
vt 0.776123 0.207520
vt 0.791992 0.193604
vt 0.802979 0.194824
vt 0.808838 0.229492
vt 0.812744 0.240479
vt 0.815918 0.241943
vt 0.821533 0.216553
vt 0.822998 0.224121
vt 0.818115 0.248535
vt 0.837402 0.222900
vt 0.811035 0.207520
vt 0.815918 0.192383
vt 0.804688 0.183594
vt 0.829102 0.195557
vt 0.824219 0.182129
vt 0.837646 0.213623
vt 0.854980 0.222168
vt 0.851562 0.212402
vt 0.845215 0.199463
vt 0.865479 0.212158
vt 0.858398 0.206299
vt 0.862061 0.201416
vt 0.873047 0.209473
vt 0.849365 0.306396
vt 0.814209 0.314453
vt 0.849365 0.281738
vt 0.822754 0.336426
vt 0.845459 0.332031
vt 0.879150 0.334717
vt 0.859375 0.364258
vt 0.887939 0.343506
vt 0.872070 0.317871
vt 0.890137 0.305664
vt 0.857910 0.278809
vt 0.849609 0.251221
vt 0.576904 0.718750
vt 0.585693 0.686035
vt 0.592773 0.703613
vt 0.590820 0.680664
vt 0.588379 0.742676
vt 0.574951 0.637695
vt 0.593018 0.675293
vt 0.598389 0.689209
vt 0.595215 0.670898
vt 0.606445 0.696289
vt 0.604004 0.704346
vt 0.602051 0.728760
vt 0.618896 0.701904
vt 0.615723 0.695312
vt 0.617920 0.707764
vt 0.607910 0.714844
vt 0.617432 0.718018
vt 0.624756 0.738281
vt 0.633057 0.739990
vt 0.635254 0.723145
vt 0.645020 0.742676
vt 0.618164 0.742432
vt 0.608398 0.743652
vt 0.597412 0.768311
vt 0.580566 0.753662
vt 0.572754 0.773926
vt 0.150879 0.151855
vt 0.122559 0.144531
vt 0.131592 0.127930
vt 0.122314 0.117432
vt 0.136230 0.124512
vt 0.128662 0.152100
vt 0.088135 0.163330
vt 0.144043 0.158691
vt 0.155518 0.155762
vt 0.154297 0.146484
vt 0.168457 0.159912
vt 0.143311 0.119629
vt 0.162109 0.143799
vt 0.160889 0.128418
vt 0.883545 0.648193
vt 0.871094 0.644531
vt 0.879639 0.631836
vt 0.867676 0.626465
vt 0.865967 0.643799
vt 0.864502 0.604980
vt 0.876709 0.617676
vt 0.872559 0.607422
vt 0.875977 0.603760
vt 0.875244 0.593262
vt 0.862061 0.625732
vt 0.849365 0.646729
vt 0.835938 0.635254
vt 0.834961 0.613525
vt 0.859131 0.612549
vt 0.829590 0.604248
vt 0.862305 0.600098
vt 0.871826 0.584717
vt 0.878418 0.585693
vt 0.824707 0.597656
vt 0.805420 0.594238
vt 0.868896 0.578613
vt 0.884766 0.555420
vt 0.881104 0.549561
vt 0.837158 0.575439
vt 0.867432 0.570557
vt 0.865967 0.565430
vt 0.840332 0.563232
vt 0.825928 0.579346
vt 0.823486 0.583984
vt 0.818848 0.592285
vt 0.010986 0.107666
vt 0.027588 0.094727
vt 0.043945 0.111816
vt 0.019043 0.119629
vt 0.045654 0.079102
vt 0.007324 0.076660
vt 0.020020 0.078613
vt 0.044189 0.069580
vt 0.009277 0.064209
vt 0.031006 0.663086
vt 0.071533 0.638672
vt 0.045410 0.667480
vt 0.056885 0.628662
vt 0.038330 0.673096
vt 0.027588 0.658691
vt 0.038086 0.636230
vt 0.022461 0.659668
vt 0.029297 0.668945
vt 0.033691 0.685059
vt 0.934082 0.664795
vt 0.938477 0.641602
vt 0.952393 0.651855
vt 0.966064 0.645508
vt 0.964355 0.608887
vt 0.935791 0.598877
vt 0.401123 0.634766
vt 0.345215 0.619385
vt 0.407715 0.623291
vt 0.428711 0.684814
vt 0.441162 0.683105
vt 0.349609 0.613037
vt 0.296875 0.610840
vt 0.415527 0.618408
vt 0.352051 0.606934
vt 0.333496 0.602783
vt 0.369629 0.603271
vt 0.375732 0.588867
vt 0.404297 0.599365
vt 0.427979 0.589600
vt 0.415771 0.603027
vt 0.424805 0.606934
vt 0.443604 0.585449
vt 0.473389 0.582764
vt 0.739746 0.746094
vt 0.769287 0.777344
vt 0.726562 0.780762
vt 0.777100 0.746338
vt 0.724121 0.740723
vt 0.755615 0.709229
vt 0.779053 0.713623
vt 0.719971 0.709229
vt 0.747314 0.702637
vt 0.705566 0.718506
vt 0.739746 0.685059
vt 0.708496 0.708496
vt 0.716064 0.699951
vt 0.699707 0.682617
vt 0.693359 0.689941
vt 0.303955 0.972656
vt 0.306396 0.939209
vt 0.319336 0.957275
vt 0.295654 0.965332
vt 0.298096 0.938965
vt 0.290771 0.933105
vt 0.279785 0.984619
vt 0.285156 0.991211
vt 0.283691 0.999023
vt 0.273193 0.994629
vt 0.559570 0.386230
vt 0.595215 0.397705
vt 0.532227 0.385986
vt 0.539307 0.372314
vt 0.547607 0.365234
vt 0.529541 0.336914
vt 0.529053 0.361572
vt 0.511719 0.337646
vt 0.511963 0.354004
vt 0.519287 0.388672
vt 0.511475 0.383545
vt 0.501465 0.411377
vt 0.482666 0.431396
vt 0.021973 0.900635
vt 0.010010 0.853760
vt 0.018799 0.867432
vt 0.023926 0.847656
vt 0.190186 0.623047
vt 0.193848 0.585449
vt 0.206543 0.607422
vt 0.175293 0.572998
vt 0.150146 0.594238
vt 0.162109 0.613037
vt 0.137451 0.601807
vt 0.153809 0.639893
vt 0.114746 0.644531
vt 0.101318 0.624756
vt 0.174805 0.646240
vt 0.192627 0.668945
vt 0.229248 0.642822
vt 0.218750 0.657227
vt 0.222656 0.615967
vt 0.225098 0.601562
vt 0.239502 0.619873
vt 0.215088 0.591309
vt 0.213135 0.575928
vt 0.226562 0.587891
vt 0.244141 0.583984
vt 0.262207 0.578613
vt 0.239258 0.574707
vt 0.227539 0.580811
vt 0.970215 0.303467
vt 0.980469 0.285156
vt 0.995850 0.307129
vt 0.979248 0.324219
vt 0.602783 0.216553
vt 0.614502 0.225342
vt 0.603516 0.234131
vt 0.614746 0.236084
vt 0.627930 0.234863
vt 0.629150 0.212158
vt 0.613281 0.250000
vt 0.623291 0.262207
vt 0.603516 0.258789
vt 0.595947 0.251465
vt 0.588379 0.219482
vt 0.592773 0.279785
vt 0.582520 0.248291
vt 0.580322 0.241699
vt 0.569580 0.294434
vt 0.569580 0.272949
vt 0.979736 0.889648
vt 0.966797 0.908691
vt 0.965332 0.886475
vt 0.961670 0.900146
vt 0.981201 0.902832
vt 0.960938 0.915283
vt 0.969727 0.919922
vt 0.986816 0.911133
vt 0.953125 0.927246
vt 0.972656 0.930664
vt 0.606689 0.023682
vt 0.588623 0.019043
vt 0.609863 0.010254
vt 0.594971 0.026855
vt 0.579834 0.037842
vt 0.609375 0.033203
vt 0.593994 0.037354
vt 0.568115 0.609863
vt 0.569580 0.639160
vt 0.558350 0.623779
vt 0.561035 0.653564
vt 0.572998 0.668945
vt 0.540283 0.643799
vt 0.535156 0.688721
vt 0.517334 0.610107
vt 0.572510 0.711670
vt 0.514648 0.644043
vt 0.510742 0.621582
vt 0.490723 0.602783
vt 0.516113 0.658447
vt 0.527100 0.721680
vt 0.565674 0.726562
vt 0.528320 0.726807
vt 0.515625 0.686035
vt 0.517334 0.709717
vt 0.511475 0.721924
vt 0.502930 0.693115
vt 0.496094 0.658447
vt 0.498779 0.698242
vt 0.519775 0.737793
vt 0.529541 0.738281
vt 0.525879 0.742920
vt 0.526123 0.752441
vt 0.518066 0.748779
vt 0.512451 0.734619
vt 0.511963 0.758789
vt 0.508545 0.743164
vt 0.505615 0.726562
vt 0.503906 0.744141
vt 0.484619 0.736084
vt 0.478027 0.713379
vt 0.492676 0.692627
vt 0.475098 0.689453
vt 0.482422 0.672119
vt 0.483398 0.684814
vt 0.464844 0.645020
vt 0.461914 0.666260
vt 0.448730 0.692871
vt 0.438965 0.645020
vt 0.450195 0.613770
vt 0.457031 0.618652
vt 0.488525 0.634033
vt 0.483887 0.615723
vt 0.471924 0.621826
vt 0.460693 0.602783
vt 0.448730 0.611572
vt 0.250244 0.428467
vt 0.231689 0.404785
vt 0.256348 0.423340
vt 0.270752 0.442871
vt 0.298584 0.446289
vt 0.300781 0.435303
vt 0.305908 0.434570
vt 0.318604 0.438232
vt 0.297363 0.456299
vt 0.286865 0.477539
vt 0.311279 0.450928
vt 0.324219 0.451904
vt 0.311279 0.456787
vt 0.305176 0.484375
vt 0.307617 0.503418
vt 0.327637 0.465576
vt 0.701172 0.318848
vt 0.717041 0.322266
vt 0.685059 0.329834
vt 0.704102 0.312500
vt 0.681152 0.318604
vt 0.671387 0.337646
vt 0.680176 0.312500
vt 0.689453 0.298096
vt 0.666016 0.315674
vt 0.665527 0.336426
vt 0.675781 0.299561
vt 0.677002 0.289062
vt 0.658936 0.297852
vt 0.644775 0.319580
vt 0.643555 0.291992
vt 0.651611 0.256348
vt 0.654297 0.242920
vt 0.937744 0.272461
vt 0.953613 0.259766
vt 0.967773 0.269043
vt 0.925537 0.212891
vt 0.926270 0.246338
vt 0.939941 0.261475
vt 0.921387 0.259033
vt 0.931885 0.276611
vt 0.035889 0.417236
vt 0.029541 0.399658
vt 0.044678 0.409912
vt 0.044434 0.421631
vt 0.061035 0.416992
vt 0.060547 0.376221
vt 0.061523 0.361572
vt 0.935303 0.022461
vt 0.946045 0.018311
vt 0.950684 0.022461
vt 0.947510 0.013672
vt 0.936768 0.009277
vt 0.934570 0.000488
vt 0.185547 0.003418
vt 0.180908 0.010742
vt 0.173096 0.010498
vt 0.176758 0.027588
vt 0.027588 0.731689
vt 0.018311 0.740479
vt 0.010498 0.739502
vt 0.007812 0.757812
vt 0.002930 0.750488
vt 0.001465 0.735596
vt 0.514160 0.014160
vt 0.508057 0.023438
vt 0.496094 0.008301
vt 0.494873 0.017822
vt 0.519287 0.026611
vt 0.423584 0.040283
vt 0.424561 0.013184
vt 0.438477 0.024414
vt 0.408936 0.034668
vt 0.407959 0.049805
vt 0.395508 0.042480
vt 0.402588 0.013916
vt 0.398193 0.016357
vt 0.385742 0.015869
vt 0.131104 0.336670
vt 0.159668 0.357666
vt 0.112305 0.362305
vt 0.134766 0.382812
vt 0.150146 0.379150
vt 0.179443 0.364746
vt 0.170410 0.348389
vt 0.161621 0.385254
vt 0.156738 0.402588
vt 0.178711 0.377441
vt 0.192139 0.358398
vt 0.175781 0.403809
vt 0.186035 0.376953
vt 0.197998 0.379883
vt 0.203125 0.361816
vt 0.222412 0.364502
vt 0.231445 0.339111
vt 0.189941 0.400391
vt 0.211426 0.384033
vt 0.224365 0.374268
vt 0.178223 0.405273
vt 0.171875 0.414062
vt 0.201416 0.400146
vt 0.219971 0.402100
vt 0.192139 0.425049
vt 0.186279 0.422607
vt 0.174316 0.429688
vt 0.200684 0.435791
vt 0.231201 0.392334
vt 0.253418 0.373779
vt 0.224854 0.404297
vt 0.203857 0.442627
vt 0.708252 0.285156
vt 0.715820 0.304688
vt 0.704346 0.300781
vt 0.717773 0.286865
vt 0.704590 0.260010
vt 0.698242 0.264648
vt 0.700684 0.232666
vt 0.727051 0.257568
vt 0.727539 0.226562
vt 0.696777 0.216064
vt 0.734863 0.207764
vt 0.755859 0.208252
vt 0.751221 0.231445
vt 0.738281 0.232178
vt 0.149658 0.583496
vt 0.143311 0.580322
vt 0.160400 0.576416
vt 0.124512 0.597412
vt 0.122803 0.590820
vt 0.113770 0.596924
vt 0.117676 0.605713
vt 0.102051 0.614258
vt 0.086182 0.627930
vt 0.098389 0.609375
vt 0.101318 0.598877
vt 0.109375 0.585205
vt 0.113281 0.589844
vt 0.123047 0.582764
vt 0.106445 0.572754
vt 0.129150 0.572021
vt 0.730713 0.148682
vt 0.740479 0.159424
vt 0.722656 0.170410
vt 0.738037 0.145264
vt 0.731201 0.201416
vt 0.721436 0.190674
vt 0.749512 0.155518
vt 0.740234 0.193115
vt 0.745117 0.164551
vt 0.757080 0.164307
vt 0.759033 0.156738
vt 0.752930 0.169434
vt 0.752686 0.190918
vt 0.745361 0.195557
vt 0.770020 0.186768
vt 0.764160 0.196777
vt 0.792725 0.186768
vt 0.794678 0.173340
vt 0.765381 0.159912
vt 0.779541 0.150391
vt 0.793213 0.164795
vt 0.795898 0.156982
vt 0.796875 0.148193
vt 0.799805 0.159668
vt 0.802246 0.167969
vt 0.808105 0.160156
vt 0.801270 0.158203
vt 0.802002 0.149902
vt 0.807129 0.152344
vt 0.618652 0.484131
vt 0.604980 0.479736
vt 0.611328 0.470215
vt 0.607422 0.501221
vt 0.621826 0.501953
vt 0.611328 0.459473
vt 0.591553 0.487305
vt 0.602051 0.467041
vt 0.599121 0.477539
vt 0.595215 0.460693
vt 0.601807 0.451416
vt 0.584473 0.484375
vt 0.583984 0.464600
vt 0.574463 0.479736
vt 0.592773 0.453369
vt 0.593018 0.444824
vt 0.571045 0.454834
vt 0.600830 0.432129
vt 0.584229 0.450928
vt 0.569580 0.475830
vt 0.579102 0.437744
vt 0.592285 0.430176
vt 0.604248 0.416260
vt 0.613037 0.414551
vt 0.624268 0.397461
vt 0.587891 0.423584
vt 0.579590 0.429932
vt 0.583740 0.420166
vt 0.559082 0.408936
vt 0.557129 0.414795
vt 0.555664 0.395996
vt 0.559326 0.430664
vt 0.549561 0.423584
vt 0.559570 0.443848
vt 0.528076 0.434082
vt 0.543945 0.460938
vt 0.552979 0.476562
vt 0.522217 0.413818
vt 0.508545 0.427734
vt 0.492676 0.431152
vt 0.513916 0.445068
vt 0.506104 0.453369
vt 0.617432 0.102295
vt 0.622803 0.102295
vt 0.610107 0.105469
vt 0.617188 0.092041
vt 0.600342 0.102783
vt 0.584229 0.129639
vt 0.572021 0.131592
vt 0.570068 0.111816
vt 0.574219 0.088867
vt 0.569092 0.094727
vt 0.561523 0.123047
vt 0.565674 0.134766
vt 0.558105 0.131348
vt 0.566162 0.111328
vt 0.562988 0.114502
vt 0.557861 0.105225
vt 0.560059 0.094727
vt 0.544922 0.113037
vt 0.785156 0.804688
vt 0.785645 0.807129
vt 0.763184 0.805420
vt 0.760986 0.809082
vt 0.734375 0.805664
vt 0.749512 0.810547
vt 0.741699 0.801270
vt 0.760498 0.798584
vt 0.769287 0.782715
vt 0.785645 0.784424
vt 0.808105 0.797852
vt 0.824463 0.856689
vt 0.812744 0.853760
vt 0.822510 0.867920
vt 0.835205 0.848877
vt 0.802734 0.783936
vt 0.812256 0.778809
vt 0.792969 0.789551
vt 0.800537 0.774170
vt 0.799316 0.769287
vt 0.786621 0.764404
vt 0.822510 0.751465
vt 0.819824 0.776123
vt 0.836182 0.752197
vt 0.757324 0.015137
vt 0.729492 0.043701
vt 0.742188 0.019775
vt 0.718262 0.012207
vt 0.731201 0.025635
vt 0.959229 0.397949
vt 0.974609 0.394775
vt 0.971191 0.403564
vt 0.989746 0.402588
vt 0.567871 0.975098
vt 0.563965 0.993896
vt 0.558350 0.987305
vt 0.573486 0.984619
vt 0.546387 0.989990
vt 0.984619 0.962402
vt 0.981445 0.943359
vt 0.986816 0.953613
vt 0.990234 0.967529
vt 0.986084 0.935791
vt 0.991699 0.929688
vt 0.985352 0.927490
vt 0.979492 0.933350
vt 0.974365 0.939209
vt 0.948486 0.974365
vt 0.926025 0.966553
vt 0.969971 0.966553
vt 0.924316 0.997559
vt 0.911133 0.987305
vt 0.938477 0.988770
vt 0.949707 0.989746
vt 0.957275 0.974121
vt 0.962646 0.978271
vt 0.968506 0.982910
vt 0.962158 0.974121
vt 0.856201 0.110840
vt 0.832275 0.137207
vt 0.845215 0.100830
vt 0.863037 0.112061
vt 0.863037 0.144531
vt 0.811035 0.145752
vt 0.820312 0.108398
vt 0.812256 0.124756
vt 0.790283 0.129150
vt 0.814941 0.105225
vt 0.802002 0.117432
vt 0.794434 0.107910
vt 0.034668 0.271729
vt 0.044922 0.258789
vt 0.037109 0.296387
vt 0.027100 0.251221
vt 0.028809 0.286621
vt 0.031982 0.295410
vt 0.035645 0.312256
vt 0.931152 0.407471
vt 0.931641 0.376709
vt 0.954102 0.393555
vt 0.935791 0.417480
vt 0.953369 0.408936
vt 0.949707 0.422119
vt 0.944580 0.436279
vt 0.964844 0.427002
vt 0.134521 0.484131
vt 0.152344 0.524414
vt 0.117188 0.514648
vt 0.169189 0.502686
vt 0.164062 0.468262
vt 0.127197 0.479004
vt 0.120361 0.462891
vt 0.211670 0.482666
vt 0.186035 0.516846
vt 0.231445 0.511719
vt 0.243652 0.481689
vt 0.178711 0.465576
vt 0.166992 0.439453
vt 0.122314 0.448242
vt 0.135742 0.429199
vt 0.126709 0.439941
vt 0.124512 0.427490
vt 0.207031 0.448730
vt 0.213623 0.463379
vt 0.236328 0.463135
vt 0.247803 0.473145
vt 0.238525 0.456299
vt 0.255615 0.461670
vt 0.227051 0.444092
vt 0.245605 0.453613
vt 0.256348 0.443115
vt 0.234375 0.424561
vt 0.366455 0.395996
vt 0.348145 0.411133
vt 0.338867 0.402588
vt 0.379150 0.409668
vt 0.364014 0.434082
vt 0.338135 0.425537
vt 0.333984 0.449219
vt 0.377930 0.440674
vt 0.352783 0.455078
vt 0.344482 0.475830
vt 0.370850 0.476318
vt 0.376709 0.482422
vt 0.355957 0.480713
vt 0.411621 0.449219
vt 0.397949 0.402832
vt 0.401123 0.462646
vt 0.407959 0.480957
vt 0.375000 0.509277
vt 0.403076 0.508545
vt 0.437744 0.484131
vt 0.436035 0.465332
vt 0.451904 0.467773
vt 0.418701 0.425537
vt 0.458984 0.397217
vt 0.466064 0.429932
vt 0.428223 0.441650
vt 0.438477 0.428955
vt 0.442871 0.443604
vt 0.439697 0.443115
vt 0.057373 0.044922
vt 0.062988 0.028076
vt 0.068115 0.042480
vt 0.069580 0.018066
vt 0.075684 0.036621
vt 0.588379 0.042969
vt 0.598389 0.043945
vt 0.549805 0.069336
vt 0.547607 0.040527
vt 0.565430 0.087402
vt 0.586914 0.069580
vt 0.595703 0.074219
vt 0.595947 0.093750
vt 0.602539 0.054443
vt 0.606201 0.040039
vt 0.597412 0.055908
vt 0.809082 0.961670
vt 0.795166 0.932373
vt 0.822998 0.945068
vt 0.806152 0.970703
vt 0.820312 0.960205
vt 0.828613 0.970703
vt 0.824707 0.920410
vt 0.825195 0.889404
vt 0.830078 0.864502
vt 0.994629 0.598877
vt 0.974365 0.604736
vt 0.975342 0.589355
vt 0.981445 0.625977
vt 0.994629 0.574951
vt 0.958008 0.374023
vt 0.958984 0.388184
vt 0.945312 0.378418
vt 0.959473 0.369873
vt 0.971924 0.370117
vt 0.974365 0.376221
vt 0.988525 0.370850
vt 0.991699 0.388184
vt 0.975098 0.386719
vt 0.971191 0.390381
vt 0.054688 0.533203
vt 0.041992 0.544678
vt 0.042725 0.535156
vt 0.031250 0.541748
vt 0.030518 0.528809
vt 0.013428 0.533203
vt 0.013428 0.545166
vt 0.140137 0.084473
vt 0.128906 0.070801
vt 0.143555 0.070068
vt 0.146484 0.083252
vt 0.154297 0.096680
vt 0.152832 0.052002
vt 0.145508 0.045410
vt 0.132568 0.083496
vt 0.138428 0.093994
vt 0.131592 0.062500
vt 0.111328 0.061035
vt 0.125000 0.086670
vt 0.099609 0.052979
vt 0.097656 0.045898
vt 0.093262 0.072998
vt 0.095215 0.087402
vt 0.100586 0.095947
vt 0.452881 0.008057
vt 0.478271 0.009766
vt 0.474609 0.015137
vt 0.474609 0.021729
vt 0.055420 0.500977
vt 0.052246 0.508789
vt 0.049805 0.497559
vt 0.070557 0.494629
vt 0.042480 0.507080
vt 0.039062 0.499268
vt 0.056396 0.520020
vt 0.036377 0.509033
vt 0.022461 0.495361
vt 0.017822 0.501709
vt 0.021729 0.509521
vt 0.013428 0.500977
vt 0.030029 0.524414
vt 0.018066 0.519775
vt 0.041992 0.013184
vt 0.072754 0.003174
vt 0.060303 0.016602
vt 0.057617 0.024658
vt 0.942383 0.997803
vt 0.975098 0.994385
vt 0.977783 0.998535
vt 0.972656 0.989502
vt 0.000732 0.277100
vt 0.002686 0.284668
vt 0.000244 0.286377
vt 0.984375 0.972168
vt 0.994629 0.972168
vt 0.986816 0.998779
vt 0.619385 0.029053
vt 0.621094 0.027100
vt 0.662842 0.055664
vt 0.631836 0.043701
vt 0.613525 0.046143
vt 0.610840 0.057861
vt 0.802734 0.058594
vt 0.795654 0.042969
vt 0.803955 0.020508
vt 0.277832 0.006104
vt 0.285645 0.006104
vt 0.281982 0.031982
s 1
usemtl tripo_mat_4a8fb1d8-0e96-4372-9fe4-cbba042930df
f 1300/1 1236/2 1205/3
f 1205/3 1236/2 990/4
f 1300/1 1205/3 1362/5
f 1362/5 1205/3 1063/6
f 1362/5 1063/6 1057/7
f 1205/3 990/4 1033/8
f 1205/3 1033/8 1063/6
f 1063/6 1033/8 1057/7
f 1033/8 990/4 87/9
f 1057/7 1033/8 1040/10
f 1057/7 1040/10 1181/11
f 1033/8 87/9 1016/12
f 1016/12 87/9 86/13
f 1181/11 1040/10 57/14
f 1181/11 57/14 1178/15
f 1178/15 57/14 1026/16
f 1026/16 57/14 1040/10
f 1178/15 1026/16 1195/17
f 1026/16 1040/10 1029/18
f 1026/16 1029/18 1195/17
f 1029/18 1040/10 1033/8
f 48/19 1016/12 86/13
f 1021/20 1033/8 1016/12
f 1033/8 1021/20 1029/18
f 1021/20 1016/12 48/19
f 1029/18 1021/20 1154/21
f 1029/18 1154/21 1195/17
f 1154/21 1021/20 48/19
f 48/19 86/13 216/22
f 1195/17 1154/21 1153/23
f 1195/17 1153/23 1051/24
f 1154/21 48/19 1158/25
f 1154/21 1158/25 1153/23
f 48/19 216/22 147/26
f 48/19 147/26 1158/25
f 147/26 216/22 179/27
f 1153/23 1158/25 18/28
f 1153/23 18/28 1051/24
f 18/28 1158/25 147/26
f 18/28 147/26 179/27
f 1051/24 18/28 52/29
f 18/28 179/27 73/30
f 18/28 73/30 52/29
f 1303/31 1236/32 1300/33
f 1303/31 1300/33 1278/34
f 1236/32 1303/31 1226/35
f 1236/32 1226/35 290/36
f 1236/32 290/36 1008/37
f 1236/32 1008/37 990/38
f 990/38 1008/37 290/36
f 990/38 290/36 262/39
f 262/39 290/36 371/40
f 371/40 290/36 345/41
f 1262/42 1226/43 1303/44
f 1262/42 1303/44 1263/45
f 1263/45 1303/44 1278/46
f 1262/42 1263/45 1264/47
f 1263/45 1278/46 1355/48
f 1264/47 1263/45 1255/49
f 1263/45 1355/48 1360/50
f 1263/45 1360/50 1255/49
f 1215/51 1137/52 1213/53
f 1213/53 1137/52 1207/54
f 1213/53 1207/54 1145/55
f 1137/52 1215/51 175/56
f 1137/52 175/56 268/57
f 175/56 1215/51 1134/58
f 1134/58 1215/51 1155/59
f 1215/51 1213/53 1146/60
f 1215/51 1146/60 1155/59
f 1146/60 1213/53 1145/55
f 1155/59 1146/60 1062/61
f 1146/60 1145/55 1050/62
f 1146/60 1050/62 1062/61
f 1050/62 1145/55 1006/63
f 1155/59 1062/61 1058/64
f 1058/64 1062/61 1050/62
f 1155/59 1058/64 11/65
f 11/65 1058/64 229/66
f 1050/62 1006/63 1051/67
f 1051/67 1006/63 73/68
f 1050/62 1051/67 52/69
f 1050/62 52/69 1058/64
f 229/66 1058/64 100/70
f 100/70 1058/64 52/69
f 229/66 100/70 120/71
f 229/66 120/71 263/72
f 263/72 120/71 98/73
f 98/73 120/71 100/70
f 98/73 100/70 52/69
f 98/73 52/69 73/74
f 98/73 73/74 1006/75
f 1191/76 1145/77 1207/78
f 1145/77 1191/76 1006/79
f 1195/80 1191/76 1178/81
f 1178/81 1191/76 1230/82
f 1178/81 1230/82 1181/83
f 1181/83 1230/82 1123/84
f 1230/82 1191/76 1150/85
f 1150/85 1191/76 1207/78
f 1230/82 1150/85 29/86
f 29/86 1150/85 1207/78
f 1230/82 29/86 1159/87
f 29/86 1207/78 114/88
f 114/88 1207/78 1075/89
f 114/88 1075/89 38/90
f 38/90 1075/89 61/91
f 1075/89 1207/78 1137/92
f 1075/89 1137/92 174/93
f 174/93 1137/92 268/94
f 1159/95 1131/96 1230/97
f 1131/96 1159/95 1078/98
f 1078/98 1159/95 28/99
f 1078/98 28/99 3/100
f 1078/98 3/100 136/101
f 1230/97 1131/96 1123/102
f 1123/102 1131/96 51/103
f 1123/102 51/103 200/104
f 248/105 200/104 282/106
f 200/104 248/105 133/107
f 200/104 133/107 1123/102
f 1123/102 133/107 1083/108
f 1123/102 1083/108 1181/109
f 1108/110 1134/111 1155/112
f 1108/110 1155/112 11/113
f 1134/111 1108/110 175/114
f 1108/110 11/113 156/115
f 1108/110 156/115 175/114
f 156/115 11/113 229/116
f 156/115 229/116 175/114
f 175/114 229/116 263/117
f 175/114 263/117 268/118
f 61/119 1075/120 174/121
f 61/119 174/121 114/122
f 61/119 114/122 38/123
f 114/122 174/121 298/124
f 28/125 1159/126 29/127
f 28/125 29/127 282/128
f 282/128 29/127 201/129
f 201/129 29/127 114/130
f 201/129 114/130 298/131
f 201/129 298/131 233/132
f 233/132 298/131 174/133
f 282/128 201/129 240/134
f 240/134 201/129 233/132
f 282/128 240/134 221/135
f 282/128 221/135 248/136
f 248/136 221/135 71/137
f 248/136 71/137 243/138
f 71/137 221/135 76/139
f 76/139 221/135 238/140
f 238/140 221/135 240/134
f 238/140 240/134 233/132
f 238/140 233/132 1006/141
f 238/140 1006/141 1191/142
f 1006/141 233/132 98/143
f 98/143 233/132 263/144
f 263/144 233/132 174/133
f 263/144 174/133 268/145
f 1191/146 1195/147 238/148
f 238/148 1195/147 1051/149
f 238/148 1051/149 73/150
f 238/148 73/150 179/151
f 238/148 179/151 216/152
f 238/148 216/152 219/153
f 219/153 216/152 86/154
f 238/148 219/153 76/155
f 76/155 219/153 86/154
f 76/155 86/154 94/156
f 76/155 94/156 71/157
f 71/157 94/156 243/158
f 1181/159 1161/160 1057/161
f 1057/161 1161/160 1197/162
f 1197/162 1161/160 1181/159
f 1057/161 1197/162 1227/163
f 1057/161 1227/163 1362/164
f 1197/162 1181/159 1103/165
f 1103/165 1181/159 1083/166
f 1227/163 1197/162 1252/167
f 1252/167 1197/162 1103/165
f 1227/163 1252/167 1298/168
f 1103/165 1083/166 133/169
f 1298/168 1252/167 1328/170
f 1328/170 1252/167 1315/171
f 1315/171 1252/167 1097/172
f 1315/171 1097/172 1013/173
f 1013/173 1097/172 1005/174
f 1013/173 1005/174 208/175
f 208/175 1005/174 1097/172
f 1013/173 208/175 388/176
f 208/175 1097/172 249/177
f 208/175 249/177 388/176
f 249/177 1097/172 1252/167
f 390/178 388/176 377/179
f 377/179 388/176 320/180
f 320/180 388/176 249/177
f 377/179 320/180 361/181
f 361/181 320/180 250/182
f 250/182 320/180 234/183
f 249/177 1252/167 169/184
f 249/177 169/184 320/180
f 320/180 169/184 234/183
f 169/184 1252/167 1103/165
f 234/183 169/184 150/185
f 150/185 169/184 1103/165
f 234/183 150/185 243/186
f 150/185 1103/165 133/169
f 150/185 133/169 243/186
f 243/186 133/169 248/187
f 134/188 60/189 1100/190
f 134/188 1100/190 69/191
f 1100/192 115/193 69/194
f 1518/195 1509/196 1446/197
f 1446/197 1509/196 1462/198
f 1446/197 1462/198 1376/199
f 1376/199 1462/198 1441/200
f 1376/199 1441/200 1402/201
f 1376/199 1402/201 1362/202
f 1376/199 1362/202 1227/203
f 1376/199 1227/203 1366/204
f 1376/199 1366/204 1446/197
f 1366/204 1227/203 1298/205
f 1366/204 1298/205 1392/206
f 1366/204 1392/206 1446/197
f 1446/197 1392/206 1510/207
f 1446/197 1510/207 1550/208
f 1446/197 1550/208 1518/195
f 1518/195 1550/208 1586/209
f 1518/195 1586/209 1561/210
f 1561/210 1586/209 1550/208
f 1561/210 1550/208 1624/211
f 1624/211 1550/208 1598/212
f 1520/213 1509/214 1518/215
f 1509/214 1520/213 1513/216
f 1509/214 1513/216 1491/217
f 1509/214 1491/217 1481/218
f 1509/214 1481/218 1462/219
f 1462/219 1481/218 1491/217
f 1462/219 1491/217 1476/220
f 1402/221 1441/222 1410/223
f 1410/223 1441/222 1421/224
f 1421/224 1441/222 1462/225
f 1402/221 1410/223 1382/226
f 1382/226 1410/223 1421/224
f 1402/221 1382/226 1362/227
f 1362/227 1382/226 1300/228
f 1382/226 1421/224 1383/229
f 1382/226 1383/229 1300/228
f 1476/230 1443/231 1421/224
f 1421/224 1443/231 1391/232
f 1421/224 1391/232 1383/229
f 1391/232 1443/231 1355/233
f 1300/228 1383/229 1299/234
f 1299/234 1383/229 1391/232
f 1299/234 1391/232 1355/233
f 1300/228 1299/234 1278/235
f 1278/235 1299/234 1355/233
f 1078/236 128/237 1131/238
f 1131/238 128/237 51/239
f 128/237 1078/236 75/240
f 75/240 1078/236 136/241
f 75/240 136/241 3/242
f 75/240 3/242 28/243
f 128/237 75/240 237/244
f 128/237 237/244 51/239
f 237/244 75/240 28/243
f 51/239 237/244 200/245
f 237/244 28/243 282/246
f 237/244 282/246 200/245
f 1520/247 1518/248 1561/249
f 1520/247 1561/249 1513/250
f 1513/250 1561/249 1553/251
f 1513/250 1553/251 1540/252
f 1553/251 1561/249 1569/253
f 1569/253 1561/249 1645/254
f 1645/254 1561/249 1624/255
f 1569/253 1645/254 1658/256
f 1491/257 1513/258 1476/259
f 1476/259 1513/258 1540/260
f 1476/261 1421/262 1462/263
f 1443/264 1476/265 1540/266
f 1443/264 1540/266 1556/267
f 1556/267 1540/266 1597/268
f 1443/264 1556/267 1557/269
f 1556/267 1597/268 1631/270
f 1556/267 1631/270 1557/269
f 1557/269 1631/270 1647/271
f 1557/269 1647/271 1547/272
f 1547/272 1647/271 1627/273
f 1547/272 1627/273 1578/274
f 1627/273 1647/271 1694/275
f 1627/273 1694/275 1708/276
f 1064/277 1095/278 21/279
f 1095/278 1064/277 988/280
f 21/279 1095/278 1231/281
f 21/279 1231/281 1017/282
f 1095/278 988/280 1130/283
f 1130/283 988/280 1092/284
f 1092/284 988/280 998/285
f 1095/278 1130/283 1199/286
f 1199/286 1130/283 1092/284
f 1199/286 1092/284 998/285
f 1095/278 1199/286 1231/281
f 1199/286 998/285 1128/287
f 1127/288 1017/282 1231/281
f 1127/288 1231/281 1199/286
f 1127/288 1199/286 1128/287
f 1017/282 1127/288 22/289
f 1127/288 1128/287 1148/290
f 1127/288 1148/290 22/289
f 1279/291 1261/292 1335/293
f 1279/291 1335/293 1333/294
f 1335/293 1261/292 1373/295
f 1333/294 1335/293 1322/296
f 1335/293 1373/295 1388/297
f 1335/293 1388/297 1322/296
f 1333/294 1322/296 1328/298
f 1333/294 1328/298 1315/299
f 1328/298 1322/296 1353/300
f 1353/300 1322/296 1388/297
f 1328/298 1353/300 1389/301
f 1328/298 1389/301 1298/302
f 1298/302 1389/301 1392/303
f 1389/301 1353/300 1455/304
f 1389/301 1455/304 1392/303
f 1455/304 1353/300 1388/297
f 1392/303 1455/304 1510/305
f 1510/305 1455/304 1543/306
f 1455/304 1388/297 1480/307
f 1455/304 1480/307 1543/306
f 1480/307 1388/297 1488/308
f 1480/307 1488/308 1543/306
f 1488/308 1388/297 1373/295
f 1375/309 1432/310 1373/295
f 1373/295 1432/310 1488/308
f 1488/308 1432/310 1471/311
f 1488/308 1471/311 1474/312
f 1543/306 1488/308 1634/313
f 1488/308 1474/312 1541/314
f 1541/314 1474/312 1419/315
f 1488/308 1541/314 1554/316
f 1488/308 1554/316 1634/313
f 1554/316 1541/314 1611/317
f 1634/313 1554/316 1638/318
f 1638/318 1554/316 1611/317
f 1634/313 1638/318 1671/319
f 1634/313 1671/319 1707/320
f 1638/318 1611/317 1642/321
f 1642/321 1611/317 1712/322
f 1671/319 1638/318 1695/323
f 1671/319 1695/323 1642/321
f 1642/321 1695/323 1638/318
f 1261/324 1272/325 1373/326
f 1373/326 1272/325 1375/327
f 1148/328 1128/329 1261/324
f 1261/324 1128/329 1272/325
f 1272/325 1128/329 1208/330
f 1375/327 1272/325 1419/331
f 1272/325 1208/330 1326/332
f 1326/332 1208/330 62/333
f 1326/332 62/333 1251/334
f 1326/332 1251/334 1324/335
f 1326/332 1324/335 1340/336
f 1326/332 1340/336 1272/325
f 1419/331 1272/325 1285/337
f 1285/337 1272/325 1340/336
f 1285/337 1340/336 1357/338
f 1357/338 1340/336 1386/339
f 1357/338 1386/339 1448/340
f 1285/337 1357/338 1417/341
f 1417/341 1357/338 1448/340
f 1285/337 1417/341 1419/331
f 1417/341 1448/340 1489/342
f 1417/341 1489/342 1419/331
f 1489/342 1448/340 1566/343
f 1419/331 1489/342 1541/344
f 1541/344 1489/342 1566/343
f 1541/344 1566/343 1611/345
f 1611/345 1566/343 1692/346
f 999/347 1047/348 1013/349
f 1047/348 999/347 135/350
f 46/351 1279/352 1333/353
f 46/351 1333/353 1315/354
f 1279/352 46/351 277/355
f 1279/352 277/355 1261/356
f 1261/356 277/355 311/357
f 277/355 46/351 382/358
f 277/355 382/358 311/357
f 1003/359 135/360 46/351
f 46/351 135/360 382/358
f 382/358 135/360 1013/361
f 1013/361 135/360 999/362
f 382/358 1013/361 388/363
f 311/357 382/358 386/364
f 386/364 382/358 388/363
f 311/357 386/364 449/365
f 386/364 388/363 390/366
f 449/365 386/364 453/367
f 453/367 386/364 390/366
f 449/365 453/367 541/368
f 453/367 390/366 506/369
f 541/368 453/367 534/370
f 534/370 453/367 506/369
f 541/368 534/370 619/371
f 534/370 506/369 593/372
f 534/370 593/372 619/371
f 619/371 593/372 694/373
f 593/372 506/369 559/374
f 593/372 559/374 633/375
f 1261/376 311/377 1148/378
f 1148/378 311/377 212/379
f 1148/378 212/379 22/380
f 212/379 311/377 328/381
f 22/380 212/379 183/382
f 183/382 212/379 213/383
f 213/383 212/379 328/381
f 22/380 183/382 296/384
f 22/380 296/384 1017/385
f 1017/385 296/384 21/386
f 296/384 183/382 261/387
f 261/387 183/382 213/383
f 21/386 296/384 130/388
f 130/388 296/384 261/387
f 21/386 130/388 1064/389
f 1064/389 130/388 988/390
f 988/390 130/388 195/391
f 195/391 130/388 261/387
f 988/390 195/391 998/392
f 998/392 195/391 261/387
f 998/392 261/387 1128/393
f 1128/393 261/387 213/383
f 1128/393 213/383 1208/394
f 1208/394 213/383 272/395
f 272/395 213/383 328/381
f 1208/394 272/395 302/396
f 272/395 328/381 392/397
f 272/395 392/397 302/396
f 1208/394 302/396 62/398
f 392/397 328/381 394/399
f 392/397 394/399 302/396
f 394/399 328/381 376/400
f 302/396 394/399 301/401
f 302/396 301/401 62/398
f 62/398 301/401 1251/402
f 1485/403 1474/404 1471/405
f 1485/403 1471/405 1432/406
f 1485/403 1432/406 1474/404
f 1474/404 1432/406 1375/407
f 1474/404 1375/407 1419/408
f 1047/409 1315/410 1013/411
f 1315/410 1047/409 46/412
f 1624/413 1658/414 1645/415
f 1658/414 1624/413 1598/416
f 1658/414 1598/416 1610/417
f 1610/417 1598/416 1589/418
f 1589/418 1598/416 1550/419
f 1589/418 1550/419 1510/420
f 1610/417 1589/418 1668/421
f 1610/417 1668/421 1658/414
f 1589/418 1510/420 1593/422
f 1589/418 1593/422 1668/421
f 1593/422 1510/420 1543/423
f 1658/414 1668/421 1597/424
f 1597/424 1668/421 1593/422
f 1658/414 1597/424 1569/425
f 1569/425 1597/424 1553/426
f 1553/426 1597/424 1540/427
f 1597/424 1593/422 1657/428
f 1597/424 1657/428 1631/429
f 1593/422 1543/423 1619/430
f 1593/422 1619/430 1657/428
f 1619/430 1543/423 1634/431
f 1657/428 1619/430 1663/432
f 1663/432 1619/430 1634/431
f 1707/433 1663/434 1634/435
f 1663/434 1707/433 1677/436
f 1663/434 1677/436 1657/437
f 1677/436 1707/433 1807/438
f 1657/437 1677/436 1694/439
f 1657/437 1694/439 1631/440
f 1631/440 1694/439 1647/441
f 1694/439 1677/436 1792/442
f 1792/442 1677/436 1807/438
f 1694/439 1792/442 1722/443
f 1694/439 1722/443 1708/444
f 1708/444 1722/443 1723/445
f 1723/445 1722/443 1792/442
f 1723/445 1792/442 1888/446
f 1888/446 1792/442 1807/438
f 1806/447 1881/448 1807/438
f 1888/446 1807/438 1887/449
f 1887/449 1807/438 1881/448
f 1887/449 1881/448 1885/450
f 1885/450 1881/448 1943/451
f 1885/450 1943/451 1940/452
f 1885/450 1940/452 1887/449
f 1940/452 1943/451 1962/453
f 1887/449 1940/452 1958/454
f 1940/452 1962/453 1956/455
f 1940/452 1956/455 1958/454
f 1887/449 1958/454 1921/456
f 1921/456 1958/454 1956/455
f 1899/457 1888/446 1887/449
f 1888/446 1899/457 1901/458
f 1887/449 1921/456 1836/459
f 1887/449 1836/459 1899/457
f 1836/459 1921/456 1929/460
f 1929/460 1921/456 1956/455
f 1899/457 1836/459 1732/461
f 1732/461 1836/459 1929/460
f 1899/457 1732/461 1932/462
f 1932/462 1732/461 1929/460
f 1899/457 1932/462 1924/463
f 1924/463 1932/462 1955/464
f 1932/462 1929/460 1973/465
f 1973/465 1929/460 1956/455
f 1955/464 1932/462 1982/466
f 1982/466 1932/462 1973/465
f 1973/465 1956/455 1975/467
f 1973/465 1975/467 1989/468
f 1973/465 1989/468 1982/466
f 1975/467 1956/455 1970/469
f 1975/467 1970/469 1989/468
f 1970/469 1956/455 1962/453
f 1970/469 1962/453 1978/470
f 1989/468 1970/469 1997/471
f 1997/471 1970/469 1978/470
f 1997/471 1978/470 1998/472
f 1998/472 1978/470 1968/473
f 1997/471 1998/472 1999/474
f 1997/471 1999/474 1989/468
f 1999/474 1998/472 1996/475
f 1989/468 1999/474 1994/476
f 1989/468 1994/476 1982/466
f 1999/474 1996/475 1993/477
f 1994/476 1999/474 1995/478
f 1995/478 1999/474 1993/477
f 1995/478 1993/477 1994/476
f 1993/477 1996/475 1980/479
f 1980/479 1996/475 1981/480
f 1980/479 1981/480 1944/481
f 1993/477 1980/479 1991/482
f 1993/477 1991/482 1994/476
f 1980/479 1944/481 1966/483
f 1980/479 1966/483 1991/482
f 1966/483 1944/481 1910/484
f 1966/483 1910/484 1967/485
f 1966/483 1967/485 1991/482
f 1967/485 1910/484 1890/486
f 1994/476 1991/482 1990/487
f 1990/487 1991/482 1967/485
f 1994/476 1990/487 1986/488
f 1994/476 1986/488 1982/466
f 1990/487 1967/485 1957/489
f 1957/489 1967/485 1890/486
f 1990/487 1957/489 1986/488
f 1982/466 1986/488 1941/490
f 1941/490 1986/488 1957/489
f 1941/490 1957/489 1890/486
f 1982/466 1941/490 1955/464
f 1941/490 1890/486 1897/491
f 1955/464 1941/490 1948/492
f 1941/490 1897/491 1914/493
f 1941/490 1914/493 1948/492
f 1807/494 1707/495 1806/496
f 1806/496 1707/495 1703/497
f 1703/497 1707/495 1671/498
f 1703/497 1671/498 1712/499
f 1703/497 1712/499 1806/496
f 1712/499 1671/498 1642/500
f 1806/496 1712/499 1850/501
f 1806/496 1850/501 1893/502
f 1893/502 1850/501 1895/503
f 1895/503 1850/501 1883/504
f 1850/501 1712/499 1692/505
f 1692/505 1712/499 1611/506
f 1850/501 1692/505 1700/507
f 1850/501 1700/507 1799/508
f 1799/508 1700/507 1679/509
f 1679/509 1700/507 1662/510
f 1662/510 1700/507 1692/505
f 1662/510 1692/505 1566/511
f 1772/512 1872/513 1859/514
f 1859/514 1872/513 1853/515
f 1872/513 1772/512 1780/516
f 1780/516 1772/512 1764/517
f 1764/517 1772/512 1774/518
f 1774/518 1772/512 1739/519
f 1739/519 1772/512 1859/514
f 1774/518 1739/519 1782/520
f 1782/520 1739/519 1776/521
f 1776/521 1739/519 1874/522
f 1874/522 1739/519 1859/514
f 1776/521 1874/522 1841/523
f 1874/522 1859/514 1821/524
f 1874/522 1821/524 1866/525
f 1821/524 1859/514 1832/526
f 1821/524 1832/526 1829/527
f 1828/528 1853/529 1745/530
f 1745/530 1853/529 1872/531
f 1828/528 1745/530 1751/532
f 1745/530 1872/531 1780/533
f 1745/530 1780/533 1751/532
f 1856/534 1767/535 1737/536
f 1737/536 1767/535 1778/537
f 1737/536 1778/537 1770/538
f 1770/538 1778/537 1749/539
f 1737/536 1770/538 1813/540
f 1737/536 1813/540 1856/534
f 1813/540 1770/538 1857/541
f 1813/540 1857/541 1856/534
f 1856/534 1857/541 1834/542
f 1856/534 1834/542 1818/543
f 1856/534 1818/543 1767/535
f 1767/535 1818/543 1746/544
f 1746/545 1818/546 1840/547
f 1840/547 1818/546 1834/548
f 1840/547 1834/548 1846/549
f 1840/547 1846/549 1853/550
f 1840/547 1853/550 1778/551
f 1840/547 1778/551 1746/545
f 1746/545 1778/551 1767/552
f 1853/553 1828/554 1778/555
f 1778/555 1828/554 1751/556
f 1778/555 1751/556 1780/557
f 1778/555 1780/557 1764/558
f 1778/555 1764/558 1749/559
f 1473/560 1496/561 1499/562
f 1473/560 1499/562 1409/563
f 1409/563 1499/562 1495/564
f 1409/563 1495/564 1408/565
f 1473/560 1409/563 1411/566
f 1411/566 1409/563 1408/565
f 1411/566 1408/565 1355/567
f 1355/567 1408/565 1360/568
f 1473/560 1411/566 1412/569
f 1412/569 1411/566 1355/567
f 1473/560 1412/569 1496/561
f 1412/569 1355/567 1443/570
f 1412/569 1443/570 1496/561
f 1496/561 1443/570 1557/571
f 1502/572 1499/573 1496/574
f 1499/573 1502/572 1495/575
f 1502/572 1496/574 1547/576
f 1547/576 1496/574 1557/577
f 1495/575 1502/572 1408/578
f 1502/572 1547/576 1512/579
f 1502/572 1512/579 1408/578
f 1512/579 1547/576 1578/580
f 1408/578 1512/579 1407/581
f 1408/578 1407/581 1377/582
f 1408/578 1377/582 1360/583
f 1377/582 1407/581 1286/584
f 1286/584 1407/581 1274/585
f 1286/584 1274/585 1270/586
f 1377/582 1286/584 1314/587
f 1314/587 1286/584 1270/586
f 1377/582 1314/587 1381/588
f 1360/583 1377/582 1387/589
f 1387/589 1377/582 1381/588
f 1381/588 1314/587 1354/590
f 1381/588 1354/590 1387/589
f 1314/587 1270/586 1244/591
f 1314/587 1244/591 1354/590
f 1354/590 1244/591 1264/592
f 1354/590 1264/592 1255/593
f 1387/589 1354/590 1364/594
f 1364/594 1354/590 1255/593
f 1387/589 1364/594 1360/583
f 1364/594 1255/593 1359/595
f 1364/594 1359/595 1360/583
f 1360/583 1359/595 1255/593
f 1221/596 1244/591 1270/586
f 1244/591 1221/596 90/597
f 90/597 1221/596 266/598
f 1221/596 1270/586 1329/599
f 1329/599 1270/586 1345/600
f 1329/599 1345/600 1334/601
f 266/598 1221/596 193/602
f 193/602 1221/596 1329/599
f 266/598 193/602 340/603
f 193/602 1329/599 225/604
f 225/604 1329/599 209/605
f 225/604 209/605 327/606
f 225/604 327/606 397/607
f 225/604 397/607 193/602
f 193/602 397/607 340/603
f 340/603 397/607 401/608
f 340/603 401/608 407/609
f 340/603 407/609 405/610
f 1562/611 1576/612 1530/613
f 1530/613 1576/612 1584/614
f 1584/614 1576/612 1559/615
f 1584/614 1559/615 1530/613
f 1530/613 1559/615 1501/616
f 1562/611 1530/613 1483/617
f 1483/617 1530/613 1501/616
f 1562/611 1483/617 1436/618
f 1562/611 1436/618 1512/619
f 1483/617 1501/616 1463/620
f 1483/617 1463/620 1436/618
f 1463/620 1501/616 1450/621
f 1463/620 1450/621 1459/622
f 1459/622 1450/621 1413/623
f 1459/622 1413/623 1463/620
f 1463/620 1413/623 1436/618
f 1436/618 1413/623 1384/624
f 1407/625 1512/619 1436/618
f 1436/618 1384/624 1347/626
f 1407/625 1436/618 1270/627
f 1270/627 1436/618 1347/626
f 1407/625 1270/627 1274/628
f 1270/627 1347/626 1345/629
f 1345/629 1347/626 1350/630
f 1350/630 1347/626 1358/631
f 1262/632 996/633 1082/634
f 1262/632 1082/634 1226/635
f 1226/635 1082/634 986/636
f 1226/635 986/636 69/637
f 986/636 1082/634 139/638
f 139/638 1082/634 996/633
f 986/636 139/638 310/639
f 310/639 139/638 185/640
f 185/640 139/638 996/633
f 310/639 185/640 41/641
f 41/641 185/640 996/633
f 1106/642 996/633 1262/632
f 1106/642 1262/632 41/641
f 1106/642 41/641 996/633
f 1276/643 58/644 12/645
f 12/645 58/644 317/646
f 58/644 1276/643 54/647
f 58/644 54/647 317/646
f 317/646 54/647 312/648
f 317/646 312/648 12/645
f 312/648 54/647 90/649
f 12/645 312/648 310/650
f 90/649 54/647 1244/651
f 1244/651 54/647 1276/643
f 1244/651 1276/643 1264/652
f 1264/652 1276/643 12/645
f 12/645 310/650 41/653
f 12/645 41/653 1264/652
f 1264/652 41/653 1262/654
f 1770/655 1747/656 1857/657
f 1775/658 1744/659 1770/655
f 1770/655 1744/659 1756/660
f 1770/655 1756/660 1747/656
f 1747/656 1756/660 1741/661
f 1741/661 1756/660 1693/662
f 1741/661 1693/662 1723/663
f 1741/661 1723/663 1888/664
f 1747/656 1741/661 1861/665
f 1861/665 1741/661 1888/664
f 1747/656 1861/665 1867/666
f 1747/656 1867/666 1857/657
f 1857/657 1867/666 1861/665
f 1861/665 1888/664 1876/667
f 1876/667 1888/664 1901/668
f 1876/667 1901/668 1924/669
f 1924/669 1901/668 1899/670
f 1861/665 1876/667 1863/671
s 0
f 1861/665 1863/671 1857/657
s 1
f 1857/657 1863/671 1846/672
f 1857/657 1846/672 1834/673
f 1756/674 1720/675 1693/676
f 1720/675 1756/674 1710/677
f 1710/677 1756/674 1744/678
f 1720/675 1710/677 1670/679
f 1720/675 1670/679 1693/676
f 1723/680 1693/676 1708/681
f 1708/681 1693/676 1627/682
f 1721/683 1744/678 1736/684
f 1744/678 1721/683 1697/685
f 1744/678 1697/685 1710/677
f 1627/682 1693/676 1646/686
f 1646/686 1693/676 1670/679
f 1627/682 1646/686 1578/687
f 1710/677 1697/685 1689/688
f 1710/677 1689/688 1670/679
f 1689/688 1697/685 1669/689
f 1669/689 1697/685 1654/690
f 1670/679 1689/688 1719/691
f 1719/691 1689/688 1669/689
f 1719/691 1669/689 1670/679
f 1670/679 1669/689 1646/686
f 1669/689 1654/690 1652/692
f 1669/689 1652/692 1646/686
f 1646/686 1652/692 1623/693
f 1602/694 1578/687 1646/686
f 1602/694 1646/686 1623/693
f 1578/687 1602/694 1512/695
f 1512/695 1602/694 1562/696
f 1562/696 1602/694 1576/697
f 1576/697 1602/694 1623/693
f 1576/697 1623/693 1604/698
f 1576/697 1604/698 1559/699
f 1775/700 1770/701 1749/702
f 1775/700 1749/702 1761/703
f 1761/703 1749/702 1752/704
f 1761/703 1752/704 1848/705
f 1775/700 1761/703 1759/706
f 1775/700 1759/706 1777/707
f 1775/700 1777/707 1750/708
f 1750/708 1777/707 1773/709
f 1750/708 1773/709 1847/710
f 1775/711 1736/712 1744/713
f 1736/712 1775/711 1768/714
f 1736/712 1768/714 1733/715
f 1768/714 1775/711 1762/716
f 1762/716 1775/711 1750/717
f 1733/715 1768/714 1903/718
f 1733/715 1903/718 1914/719
f 1762/716 1750/717 1822/720
f 1822/720 1750/717 1847/721
f 1768/714 1762/716 1862/722
f 1822/720 1847/721 1862/722
f 1822/720 1862/722 1762/716
f 1768/714 1862/722 1903/718
f 1914/719 1903/718 1938/723
f 1938/723 1903/718 1862/722
f 1914/719 1938/723 1948/724
f 1948/724 1938/723 1955/725
f 1955/725 1938/723 1924/726
f 1938/723 1862/722 1905/727
f 1938/723 1905/727 1924/726
f 1905/727 1862/722 1863/728
f 1905/727 1863/728 1924/726
f 1863/728 1862/722 1846/729
f 1924/726 1863/728 1876/730
f 1721/731 1736/732 1705/733
f 1705/733 1736/732 1725/734
f 1725/734 1736/732 1733/735
f 1725/734 1733/735 1914/736
f 1721/731 1705/733 1699/737
f 1721/731 1699/737 1660/738
f 1721/731 1660/738 1697/739
f 1699/737 1705/733 1655/740
f 1699/737 1655/740 1660/738
f 1655/740 1705/733 1704/741
f 1697/739 1660/738 1654/742
f 1660/738 1655/740 1635/743
f 1660/738 1635/743 1654/742
f 1635/743 1655/740 1583/744
f 1583/744 1655/740 1527/745
f 1583/744 1527/745 1544/746
f 1544/746 1527/745 1477/747
f 1583/744 1544/746 1565/748
f 1654/742 1635/743 1609/749
f 1654/742 1609/749 1652/750
f 1652/750 1609/749 1623/751
f 1635/743 1583/744 1592/752
f 1635/743 1592/752 1609/749
f 1592/752 1583/744 1565/748
f 1623/751 1609/749 1604/753
f 1604/753 1609/749 1592/752
f 1604/753 1592/752 1565/748
f 1604/753 1565/748 1580/754
f 1604/753 1580/754 1559/755
f 1580/754 1565/748 1558/756
f 1580/754 1558/756 1559/755
f 87/757 94/758 86/759
f 94/758 87/757 102/760
f 102/760 87/757 111/761
f 111/761 87/757 262/762
f 262/762 87/757 990/763
f 134/764 115/765 60/766
f 60/766 115/765 1100/767
f 310/768 290/769 1226/770
f 290/769 310/768 345/771
f 345/771 310/768 312/772
f 339/773 371/774 345/775
f 339/773 345/775 326/776
f 326/776 345/775 312/777
f 243/778 94/779 102/780
f 243/778 102/780 234/781
f 234/781 102/780 250/782
f 250/782 102/780 431/783
f 431/783 102/780 403/784
f 403/784 102/780 111/785
f 403/784 111/785 262/786
f 431/783 403/784 455/787
f 403/784 262/786 409/788
f 403/784 409/788 455/787
f 409/788 262/786 371/789
f 431/783 455/787 493/790
f 409/788 371/789 452/791
f 409/788 452/791 455/787
f 493/790 455/787 486/792
f 486/792 455/787 452/791
f 452/791 371/789 379/793
f 379/793 371/789 351/794
f 452/791 379/793 439/795
f 486/792 452/791 464/796
f 464/796 452/791 439/795
f 486/792 464/796 493/790
f 464/796 439/795 463/797
f 464/796 463/797 532/798
f 464/796 532/798 493/790
f 493/790 532/798 523/799
f 361/800 250/801 431/802
f 361/800 431/802 426/803
f 361/800 426/803 412/804
f 361/800 412/804 377/805
f 412/804 426/803 487/806
f 487/806 426/803 431/802
f 377/805 412/804 442/807
f 442/807 412/804 487/806
f 377/805 442/807 390/808
f 390/808 442/807 506/809
f 506/809 442/807 487/806
f 506/809 487/806 559/810
f 559/810 487/806 590/811
f 590/811 487/806 431/802
f 559/810 590/811 637/812
f 559/810 637/812 654/813
f 654/813 637/812 655/814
f 655/814 637/812 679/815
f 637/812 590/811 615/816
f 615/816 590/811 431/802
f 637/812 615/816 644/817
f 644/817 615/816 566/818
f 566/818 615/816 431/802
f 644/817 566/818 586/819
f 566/818 431/802 523/820
f 523/820 431/802 493/821
f 586/819 566/818 562/822
f 562/822 566/818 523/820
f 562/822 523/820 538/823
f 538/823 523/820 532/824
f 586/819 562/822 555/825
f 555/825 562/822 538/823
f 555/825 538/823 532/824
f 586/819 555/825 589/826
f 589/826 555/825 532/824
f 589/826 532/824 605/827
f 379/828 351/829 439/830
f 439/830 351/829 445/831
f 439/830 445/831 463/832
f 445/831 351/829 419/833
f 463/832 445/831 533/834
f 463/832 533/834 532/835
f 532/835 533/834 598/836
f 533/834 445/831 494/837
f 494/837 445/831 419/833
f 494/837 419/833 466/838
f 371/839 339/840 351/841
f 419/842 351/843 339/844
f 419/842 339/844 326/845
f 419/842 326/845 446/846
f 419/842 446/846 466/847
f 466/847 446/846 465/848
f 466/847 465/848 517/849
f 465/848 446/846 483/850
f 517/849 465/848 461/851
f 461/851 465/848 483/850
f 494/852 598/853 533/854
f 598/853 494/852 607/855
f 598/853 607/855 666/856
f 328/857 311/858 416/859
f 416/859 311/858 449/860
f 328/857 416/859 376/861
f 413/862 394/863 376/861
f 394/863 413/862 370/864
f 413/862 376/861 441/865
f 441/865 376/861 416/859
f 413/862 441/865 498/866
f 441/865 416/859 525/867
f 441/865 525/867 498/866
f 498/866 525/867 618/868
f 498/866 618/868 621/869
f 618/868 525/867 568/870
f 568/870 525/867 416/859
f 618/868 568/870 690/871
f 690/871 568/870 636/872
f 619/873 687/874 636/872
f 619/873 636/872 568/870
f 619/873 568/870 541/875
f 568/870 416/859 503/876
f 503/876 416/859 449/860
f 541/875 568/870 531/877
f 531/877 568/870 503/876
f 477/878 449/860 541/875
f 449/860 477/878 503/876
f 477/878 541/875 515/879
f 515/879 541/875 531/877
f 503/876 477/878 535/880
f 535/880 477/878 515/879
f 503/876 535/880 531/877
f 531/877 535/880 515/879
f 589/881 639/882 586/883
f 639/882 589/881 605/884
f 586/883 639/882 644/885
f 639/882 605/884 643/886
f 644/885 639/882 693/887
f 644/885 693/887 679/888
f 644/885 679/888 637/889
f 679/888 693/887 709/890
f 709/890 693/887 639/882
f 679/888 709/890 655/891
f 639/882 643/886 717/892
f 639/882 717/892 709/890
f 717/892 643/886 633/893
f 655/891 709/890 701/894
f 701/894 709/890 717/892
f 655/891 701/894 654/895
f 654/895 701/894 717/892
f 654/895 717/892 633/893
f 654/895 633/893 559/896
f 532/897 598/898 605/899
f 605/899 598/898 643/900
f 643/900 598/898 666/901
f 695/902 733/903 666/901
f 666/901 733/903 741/904
f 741/904 733/903 753/905
f 643/900 666/901 708/906
f 708/906 666/901 741/904
f 741/904 753/905 779/907
f 643/900 708/906 694/908
f 643/900 694/908 651/909
f 643/900 651/909 633/910
f 633/910 651/909 593/911
f 593/911 651/909 694/908
f 694/908 708/906 723/912
f 694/908 723/912 762/913
f 723/912 708/906 727/914
f 723/912 727/914 762/913
f 727/914 708/906 741/904
f 727/914 741/904 802/915
f 727/914 802/915 762/913
f 802/915 741/904 779/907
f 762/913 802/915 803/916
f 762/913 803/916 770/917
f 770/917 803/916 768/918
f 770/917 768/918 754/919
f 803/916 802/915 822/920
f 802/915 779/907 829/921
f 802/915 829/921 822/920
f 803/916 822/920 810/922
f 803/916 810/922 801/923
f 810/922 822/920 817/924
f 810/922 817/924 820/925
f 810/922 820/925 868/926
f 822/920 829/921 835/927
f 822/920 835/927 808/928
f 808/928 835/927 783/929
f 808/928 783/929 888/930
f 783/929 835/927 878/931
f 783/929 878/931 888/930
f 808/928 888/930 906/932
f 906/932 888/930 969/933
f 906/932 969/933 944/934
f 969/933 888/930 962/935
f 962/935 888/930 878/931
f 878/931 835/927 841/936
f 841/936 835/927 829/921
f 962/935 878/931 913/937
f 962/935 913/937 885/938
f 885/938 913/937 916/939
f 913/937 878/931 867/940
f 913/937 867/940 916/939
f 867/940 878/931 841/936
f 916/939 867/940 886/941
f 841/936 829/921 807/942
f 841/936 807/942 867/940
f 807/942 829/921 779/907
f 867/940 807/942 786/943
f 807/942 779/907 782/944
f 807/942 782/944 786/943
f 782/944 779/907 765/945
f 782/944 765/945 780/946
f 786/943 782/944 776/947
f 776/947 782/944 780/946
f 786/943 776/947 747/948
f 747/948 776/947 780/946
f 685/949 687/950 619/951
f 694/952 762/953 619/951
f 619/951 762/953 685/949
f 687/950 685/949 748/954
f 687/950 748/954 712/955
f 712/955 748/954 685/949
f 687/950 712/955 768/956
f 685/949 762/953 743/957
f 685/949 743/957 712/955
f 743/957 762/953 752/958
f 743/957 752/958 712/955
f 712/955 752/958 768/956
f 752/958 762/953 770/959
f 768/956 752/958 754/960
f 754/960 752/958 770/959
f 69/961 986/962 310/963
f 69/961 310/963 115/964
f 115/964 310/963 1226/965
f 314/966 326/967 312/968
f 326/967 314/966 414/969
f 414/969 314/966 418/970
f 418/970 314/966 312/968
f 418/970 312/968 406/971
f 418/970 406/971 447/972
f 447/972 406/971 332/973
f 332/973 406/971 335/974
f 335/974 406/971 312/968
f 332/973 335/974 331/975
f 331/975 335/974 340/976
f 340/976 335/974 266/977
f 266/977 335/974 312/968
f 266/977 312/968 90/978
f 326/979 414/980 446/981
f 446/981 414/980 434/982
f 434/982 414/980 420/983
f 420/983 414/980 418/984
f 420/983 418/984 447/985
f 420/983 447/985 434/982
f 434/982 447/985 332/986
f 434/982 332/986 331/987
f 434/982 331/987 462/988
f 434/982 462/988 446/981
f 446/981 462/988 483/989
f 483/989 462/988 547/990
f 547/990 462/988 558/991
f 545/992 466/993 517/994
f 545/992 517/994 548/995
f 548/995 517/994 461/996
f 545/992 548/995 552/997
f 552/997 548/995 461/996
f 552/997 461/996 483/998
f 552/997 483/998 547/999
f 340/1000 518/1001 331/1002
f 331/1002 518/1001 462/1003
f 518/1001 340/1000 405/1004
f 518/1001 405/1004 491/1005
f 518/1001 491/1005 516/1006
f 491/1005 405/1004 467/1007
f 509/1008 467/1007 516/1006
f 467/1007 509/1008 491/1005
f 491/1005 509/1008 516/1006
f 462/1009 518/1010 579/1011
f 462/1009 579/1011 558/1012
f 579/1011 518/1010 599/1013
f 599/1013 518/1010 550/1014
f 550/1014 518/1010 516/1015
f 599/1013 550/1014 591/1016
f 599/1013 591/1016 631/1017
f 466/1018 547/1019 494/1020
f 547/1019 466/1018 545/1021
f 547/1019 545/1021 552/1022
f 494/1020 547/1019 600/1023
f 494/1020 600/1023 607/1024
f 600/1023 547/1019 558/1025
f 607/1024 600/1023 695/1026
f 607/1024 695/1026 666/1027
f 695/1026 600/1023 683/1028
f 600/1023 558/1025 613/1029
f 600/1023 613/1029 683/1028
f 613/1029 558/1025 579/1030
f 695/1026 683/1028 733/1031
f 683/1028 613/1029 736/1032
f 683/1028 736/1032 733/1031
f 613/1029 579/1030 645/1033
f 613/1029 645/1033 736/1032
f 645/1033 579/1030 599/1034
f 779/1035 753/1036 733/1031
f 779/1035 733/1031 765/1037
f 765/1037 733/1031 764/1038
f 764/1038 733/1031 736/1032
f 765/1037 764/1038 780/1039
f 780/1039 764/1038 747/1040
f 645/1033 599/1034 671/1041
f 645/1033 671/1041 736/1032
f 671/1041 599/1034 623/1042
f 623/1042 599/1034 631/1043
f 623/1042 631/1043 591/1044
f 671/1041 623/1042 668/1045
f 671/1041 668/1045 720/1046
f 736/1032 671/1041 721/1047
f 721/1047 671/1041 720/1046
f 736/1032 721/1047 764/1038
f 721/1047 720/1046 773/1048
f 764/1038 721/1047 740/1049
f 740/1049 721/1047 773/1048
f 740/1049 773/1048 720/1046
f 764/1038 740/1049 747/1040
f 740/1049 720/1046 715/1050
f 740/1049 715/1050 747/1040
f 720/1051 664/1052 715/1053
f 664/1052 720/1051 668/1054
f 715/1053 664/1052 667/1055
f 715/1053 667/1055 697/1056
f 715/1053 697/1056 747/1057
f 667/1055 664/1052 626/1058
f 697/1056 667/1055 632/1059
f 632/1059 667/1055 626/1058
f 664/1052 668/1054 656/1060
f 664/1052 656/1060 626/1058
f 626/1058 656/1060 625/1061
f 625/1061 656/1060 629/1062
f 629/1062 656/1060 668/1054
f 625/1061 629/1062 626/1058
f 629/1062 668/1054 622/1063
f 622/1063 668/1054 623/1064
f 622/1063 623/1064 591/1065
f 629/1062 622/1063 609/1066
f 609/1066 622/1063 546/1067
f 629/1062 609/1066 626/1058
f 626/1058 609/1066 576/1068
f 626/1058 576/1068 549/1069
f 626/1058 549/1069 594/1070
f 594/1070 549/1069 501/1071
f 626/1058 594/1070 632/1059
f 632/1059 594/1070 638/1072
f 632/1059 638/1072 677/1073
f 677/1073 638/1072 642/1074
f 677/1073 642/1074 686/1075
f 677/1073 686/1075 716/1076
f 677/1073 716/1076 632/1059
f 632/1059 716/1076 697/1056
f 642/1074 638/1072 628/1077
f 642/1074 628/1077 669/1078
f 628/1077 638/1072 610/1079
f 669/1078 628/1077 617/1080
f 617/1080 628/1077 610/1079
f 697/1056 716/1076 707/1081
f 697/1056 707/1081 747/1057
f 707/1081 716/1076 756/1082
f 747/1057 707/1081 769/1083
f 769/1083 707/1081 756/1082
f 747/1057 769/1083 786/1084
f 769/1083 756/1082 789/1085
f 769/1083 789/1085 786/1084
f 819/1086 845/1087 793/1088
f 793/1088 845/1087 828/1089
f 828/1089 845/1087 900/1090
f 793/1088 828/1089 781/1091
f 781/1091 828/1089 836/1092
f 793/1088 781/1091 794/1093
f 793/1088 794/1093 819/1086
f 794/1093 781/1091 791/1094
f 900/1090 845/1087 872/1095
f 872/1095 845/1087 819/1086
f 900/1090 872/1095 931/1096
f 931/1096 872/1095 882/1097
f 882/1097 872/1095 819/1086
f 931/1096 882/1097 939/1098
f 794/1093 791/1094 806/1099
f 848/1100 819/1086 794/1093
f 848/1100 794/1093 806/1099
f 819/1086 848/1100 882/1097
f 806/1099 791/1094 831/1101
f 848/1100 806/1099 849/1102
f 848/1100 849/1102 882/1097
f 849/1102 806/1099 831/1101
f 898/1103 939/1098 882/1097
f 939/1098 898/1103 909/1104
f 898/1103 882/1097 891/1105
f 891/1105 882/1097 849/1102
f 898/1103 891/1105 887/1106
f 891/1105 849/1102 923/1107
f 923/1107 849/1102 892/1108
f 892/1108 849/1102 831/1101
f 923/1107 892/1108 918/1109
f 918/1109 892/1108 846/1110
f 892/1108 831/1101 838/1111
f 892/1108 838/1111 846/1110
f 838/1111 831/1101 896/1112
f 838/1111 896/1112 846/1110
f 781/1113 790/1114 791/1115
f 790/1114 781/1113 836/1116
f 790/1114 836/1116 818/1117
f 790/1114 818/1117 852/1118
f 791/1115 790/1114 795/1119
f 795/1119 790/1114 852/1118
f 791/1115 795/1119 811/1120
f 795/1119 852/1118 853/1121
f 795/1119 853/1121 811/1120
f 853/1121 852/1118 920/1122
f 811/1120 853/1121 887/1123
f 853/1121 920/1122 909/1124
f 853/1121 909/1124 887/1123
f 887/1123 909/1124 898/1125
f 828/1126 894/1127 836/1128
f 894/1127 828/1126 900/1129
f 836/1128 894/1127 915/1130
f 836/1128 915/1130 818/1131
f 818/1131 915/1130 852/1132
f 852/1132 915/1130 920/1133
f 920/1133 915/1130 906/1134
f 906/1134 915/1130 961/1135
f 894/1127 900/1129 948/1136
f 948/1136 900/1129 931/1137
f 946/1138 915/1130 894/1127
f 915/1130 946/1138 961/1135
f 946/1138 894/1127 948/1136
f 948/1136 931/1137 939/1139
f 961/1135 946/1138 968/1140
f 968/1140 946/1138 948/1136
f 948/1136 939/1139 947/1141
f 948/1136 947/1141 968/1140
f 947/1141 939/1139 909/1142
f 947/1141 909/1142 920/1143
f 968/1140 947/1141 963/1144
f 968/1140 963/1144 961/1135
f 963/1144 947/1141 920/1143
f 961/1135 963/1144 944/1145
f 963/1144 920/1143 906/1146
f 963/1144 906/1146 944/1145
f 831/1147 791/1148 811/1149
f 831/1147 811/1149 887/1150
f 831/1147 887/1150 896/1151
f 896/1151 887/1150 891/1152
f 896/1151 891/1152 923/1153
f 896/1151 923/1153 875/1154
f 875/1154 923/1153 918/1155
f 896/1151 875/1154 846/1156
f 846/1156 875/1154 918/1155
f 822/1157 832/1158 911/1159
f 832/1158 822/1157 808/1160
f 832/1158 808/1160 906/1161
f 832/1158 906/1161 934/1162
f 832/1158 934/1162 911/1159
f 934/1162 906/1161 961/1163
f 822/1157 911/1159 876/1164
f 822/1157 876/1164 817/1165
f 934/1162 961/1163 944/1166
f 817/1165 876/1164 901/1167
f 876/1164 911/1159 928/1168
f 928/1168 911/1159 934/1162
f 876/1164 928/1168 901/1167
f 934/1162 944/1166 924/1169
f 934/1162 924/1169 928/1168
f 817/1165 901/1167 820/1170
f 820/1170 901/1167 825/1171
f 820/1170 825/1171 868/1172
f 901/1167 928/1168 959/1173
f 868/1172 825/1171 890/1174
f 890/1174 825/1171 901/1167
f 890/1174 901/1167 959/1173
f 868/1172 890/1174 949/1175
f 949/1175 890/1174 959/1173
f 959/1173 928/1168 960/1176
f 960/1176 928/1168 943/1177
f 943/1177 928/1168 924/1169
f 943/1177 924/1169 944/1166
f 960/1176 943/1177 983/1178
f 943/1177 944/1166 976/1179
f 943/1177 976/1179 983/1178
f 976/1179 944/1166 969/1180
f 976/1179 969/1180 962/1181
f 983/1178 976/1179 978/1182
f 978/1182 976/1179 962/1181
f 983/1178 978/1182 980/1183
f 978/1182 962/1181 958/1184
f 980/1183 978/1182 975/1185
f 975/1185 978/1182 958/1184
f 958/1184 962/1181 871/1186
f 958/1184 871/1186 975/1185
f 975/1185 871/1186 955/1187
f 975/1185 955/1187 973/1188
f 823/1189 867/1190 786/1191
f 823/1189 786/1191 788/1192
f 823/1189 788/1192 821/1193
f 823/1189 821/1193 847/1194
f 784/1195 789/1196 756/1197
f 784/1195 756/1197 760/1198
f 784/1195 760/1198 857/1199
f 784/1195 857/1199 834/1200
f 834/1200 857/1199 886/1201
f 834/1200 886/1201 847/1202
f 847/1202 886/1201 823/1203
f 823/1203 886/1201 867/1204
f 789/1205 784/1206 786/1207
f 786/1207 784/1206 788/1208
f 788/1208 784/1206 834/1209
f 788/1208 834/1209 821/1210
f 821/1210 834/1209 847/1211
f 857/1212 837/1213 885/1214
f 857/1212 885/1214 916/1215
f 857/1212 916/1215 886/1216
f 885/1214 837/1213 871/1217
f 885/1214 871/1217 962/1218
f 871/1217 837/1213 830/1219
f 871/1217 830/1219 955/1220
f 955/1220 830/1219 936/1221
f 830/1219 837/1213 862/1222
f 830/1219 862/1222 865/1223
f 862/1222 837/1213 863/1224
f 863/1224 837/1213 857/1212
f 862/1222 863/1224 873/1225
f 863/1224 857/1212 844/1226
f 863/1224 844/1226 873/1225
f 873/1225 844/1226 855/1227
f 844/1226 857/1212 760/1228
f 855/1227 844/1226 809/1229
f 809/1229 844/1226 760/1228
f 855/1227 809/1229 799/1230
f 799/1230 809/1229 812/1231
f 812/1231 809/1229 805/1232
f 805/1232 809/1229 775/1233
f 805/1232 775/1233 787/1234
f 787/1234 775/1233 778/1235
f 775/1233 809/1229 761/1236
f 761/1236 809/1229 760/1228
f 775/1233 761/1236 735/1237
f 761/1236 760/1228 731/1238
f 761/1236 731/1238 735/1237
f 716/1239 760/1228 756/1240
f 760/1228 716/1239 714/1241
f 760/1228 714/1241 731/1238
f 714/1241 716/1239 686/1242
f 714/1241 686/1242 689/1243
f 714/1241 689/1243 731/1238
f 731/1238 689/1243 660/1244
f 731/1238 660/1244 681/1245
f 731/1238 681/1245 735/1237
f 735/1237 681/1245 658/1246
f 735/1237 658/1246 775/1233
f 658/1246 681/1245 592/1247
f 775/1233 658/1246 675/1248
f 675/1248 658/1246 578/1249
f 1826/1250 1728/1251 1793/1252
f 1826/1250 1793/1252 1803/1253
f 1803/1253 1793/1252 1728/1251
f 1803/1253 1728/1251 1785/1254
f 1728/1251 1826/1250 1877/1255
f 1785/1254 1728/1251 1730/1256
f 1730/1256 1728/1251 1877/1255
f 1730/1256 1877/1255 1804/1257
f 1894/1258 1826/1259 1803/1260
f 1826/1259 1894/1258 1877/1261
f 1894/1258 1803/1260 1785/1262
f 1894/1258 1785/1262 1877/1261
f 1877/1261 1785/1262 1892/1263
f 1877/1261 1892/1263 1804/1264
f 1892/1263 1785/1262 1730/1265
f 1892/1263 1730/1265 1804/1264
f 1810/1266 1740/1267 1754/1268
f 1810/1266 1754/1268 1819/1269
f 1819/1269 1754/1268 1740/1267
f 1819/1269 1740/1267 1789/1270
f 1789/1270 1740/1267 1796/1271
f 1819/1269 1789/1270 1896/1272
f 1789/1270 1796/1271 1734/1273
f 1789/1270 1734/1273 1896/1272
f 1734/1273 1796/1271 1795/1274
f 1734/1273 1795/1274 1787/1275
f 1896/1272 1734/1273 1742/1276
f 1742/1276 1734/1273 1787/1275
f 1896/1272 1742/1276 1830/1277
f 1830/1277 1742/1276 1787/1275
f 1810/1278 1800/1279 1740/1280
f 1740/1280 1800/1279 1735/1281
f 1740/1280 1735/1281 1796/1282
f 1800/1279 1810/1278 1886/1283
f 1800/1279 1886/1283 1735/1281
f 1735/1281 1886/1283 1796/1282
f 1886/1283 1810/1278 1819/1284
f 1886/1283 1819/1284 1796/1282
f 1796/1282 1819/1284 1825/1285
f 1825/1285 1819/1284 1896/1286
f 1825/1285 1896/1286 1833/1287
f 1825/1285 1833/1287 1879/1288
f 1833/1287 1896/1286 1830/1289
f 1833/1287 1830/1289 1787/1290
f 1833/1287 1787/1290 1786/1291
f 1786/1291 1787/1290 1831/1292
f 1831/1292 1787/1290 1805/1293
f 1805/1293 1787/1290 1781/1294
f 1831/1292 1805/1293 1827/1295
f 1827/1295 1805/1293 1791/1296
f 1791/1296 1805/1293 1731/1297
f 1827/1295 1791/1296 1891/1298
f 1891/1298 1791/1296 1731/1297
f 1827/1295 1891/1298 1841/1299
f 1841/1299 1891/1298 1731/1297
f 1841/1299 1731/1297 1783/1300
f 1795/1301 1796/1302 1825/1303
f 1795/1301 1825/1303 1879/1304
f 1795/1301 1879/1304 1817/1305
f 1817/1305 1879/1304 1831/1306
f 1831/1306 1879/1304 1833/1307
f 1831/1306 1833/1307 1786/1308
f 1817/1305 1831/1306 1827/1309
f 1795/1301 1817/1305 1748/1310
f 1795/1301 1748/1310 1787/1311
f 1817/1305 1827/1309 1870/1312
f 1817/1305 1870/1312 1748/1310
f 1870/1312 1827/1309 1841/1313
f 1787/1311 1748/1310 1783/1314
f 1748/1310 1870/1312 1743/1315
f 1870/1312 1841/1313 1858/1316
f 1870/1312 1858/1316 1743/1315
f 1748/1310 1743/1315 1757/1317
f 1757/1317 1743/1315 1858/1316
f 1783/1314 1748/1310 1758/1318
f 1758/1318 1748/1310 1757/1317
f 1757/1317 1858/1316 1865/1319
f 1865/1319 1858/1316 1841/1313
f 1757/1317 1865/1319 1758/1318
f 1865/1319 1841/1313 1835/1320
f 1835/1320 1841/1313 1874/1321
f 1871/1322 1874/1321 1866/1323
f 1874/1321 1871/1322 1835/1320
f 1865/1319 1835/1320 1809/1324
f 1865/1319 1809/1324 1868/1325
f 1868/1325 1809/1324 1835/1320
f 1865/1319 1868/1325 1758/1318
f 1835/1320 1871/1322 1823/1326
f 1835/1320 1823/1326 1868/1325
f 1823/1326 1871/1322 1816/1327
f 1758/1318 1868/1325 1784/1328
f 1868/1325 1823/1326 1860/1329
f 1868/1325 1860/1329 1784/1328
f 1758/1318 1784/1328 1788/1330
f 1788/1330 1784/1328 1766/1331
f 1766/1331 1784/1328 1760/1332
f 1760/1332 1784/1328 1860/1329
f 1760/1332 1860/1329 1837/1333
f 1860/1329 1823/1326 1829/1334
f 1860/1329 1829/1334 1837/1333
f 1829/1334 1823/1326 1774/1335
f 1829/1334 1774/1335 1821/1336
f 1837/1333 1829/1334 1832/1337
f 1837/1333 1832/1337 1824/1338
f 1771/1339 1758/1318 1788/1330
f 1758/1318 1771/1339 1783/1314
f 1771/1339 1788/1330 1782/1340
f 1783/1314 1771/1339 1841/1341
f 1771/1339 1782/1340 1776/1342
f 1771/1339 1776/1342 1841/1341
f 1783/1343 1798/1344 1781/1345
f 1783/1343 1781/1345 1787/1346
f 1798/1344 1783/1343 1805/1347
f 1805/1347 1783/1343 1731/1348
f 1866/1349 1788/1350 1871/1351
f 1871/1351 1788/1350 1816/1352
f 1788/1350 1866/1349 1766/1353
f 1866/1354 1821/1355 1816/1356
f 1866/1354 1816/1356 1766/1357
f 1816/1356 1821/1355 1774/1358
f 1816/1356 1774/1358 1782/1359
f 1816/1356 1782/1359 1788/1360
f 1823/1361 1766/1362 1774/1363
f 1766/1362 1823/1361 1816/1364
f 1774/1363 1766/1362 1760/1365
f 1774/1363 1760/1365 1779/1366
f 1774/1363 1779/1366 1764/1367
f 1779/1366 1760/1365 1753/1368
f 1779/1366 1753/1368 1824/1369
f 1824/1369 1753/1368 1864/1370
f 1824/1369 1864/1370 1837/1371
f 1864/1370 1753/1368 1820/1372
f 1864/1370 1820/1372 1837/1371
f 1760/1373 1837/1374 1820/1375
f 1760/1373 1820/1375 1753/1376
f 31/1377 14/1378 1232/1379
f 14/1378 31/1377 168/1380
f 14/1378 168/1380 44/1381
f 14/1378 44/1381 1232/1379
f 44/1381 168/1380 279/1382
f 44/1381 279/1382 214/1383
f 1232/1379 44/1381 1171/1384
f 1232/1379 1171/1384 1081/1385
f 1081/1385 1171/1384 44/1381
f 1081/1385 44/1381 214/1383
f 1081/1385 214/1383 1046/1386
f 1088/1387 149/1388 63/1389
f 149/1388 1088/1387 49/1390
f 149/1388 49/1390 160/1391
f 63/1389 149/1388 131/1392
f 63/1389 131/1392 1088/1387
f 131/1392 149/1388 160/1391
f 1088/1387 131/1392 1079/1393
f 1088/1387 1079/1393 1069/1394
f 131/1392 160/1391 122/1395
f 122/1395 160/1391 985/1396
f 1832/1397 1859/1398 1853/1399
f 1832/1397 1853/1399 1839/1400
f 1764/1401 1765/1402 1749/1403
f 1749/1403 1765/1402 1752/1404
f 1752/1404 1765/1402 1763/1405
f 1752/1404 1763/1405 1755/1406
f 1755/1406 1763/1405 1801/1407
f 1801/1407 1763/1405 1802/1408
f 1802/1408 1763/1405 1844/1409
f 1384/1410 1358/1411 1347/1412
f 1350/1413 1358/1411 1345/1414
f 1243/1415 1334/1416 1345/1414
f 1243/1415 1345/1414 1343/1417
f 1343/1417 1345/1414 1358/1411
f 1343/1417 1358/1411 1348/1418
f 1348/1418 1358/1411 1384/1410
f 1348/1418 1384/1410 1372/1419
f 1348/1418 1372/1419 1374/1420
f 1348/1418 1374/1420 1310/1421
f 1372/1419 1384/1410 1422/1422
f 1372/1419 1422/1422 1374/1420
f 1422/1422 1384/1410 1447/1423
f 1447/1423 1384/1410 1413/1424
f 1447/1423 1413/1424 1450/1425
f 1447/1423 1450/1425 1501/1426
f 1422/1422 1447/1423 1427/1427
f 1422/1422 1427/1427 1374/1420
f 1447/1423 1501/1426 1470/1428
f 1447/1423 1470/1428 1427/1427
f 1470/1428 1501/1426 1494/1429
f 1374/1420 1427/1427 1439/1430
f 1374/1420 1439/1430 1346/1431
f 1427/1427 1470/1428 1493/1432
f 1493/1432 1470/1428 1494/1429
f 1494/1429 1501/1426 1558/1433
f 1558/1433 1501/1426 1559/1434
f 1494/1429 1558/1433 1493/1432
f 1493/1432 1558/1433 1565/1435
f 1537/1436 1439/1430 1427/1427
f 1537/1436 1427/1427 1493/1432
f 1493/1432 1565/1435 1544/1437
f 1493/1432 1544/1437 1537/1436
f 1439/1430 1537/1436 1429/1438
f 1429/1438 1537/1436 1484/1439
f 1429/1438 1484/1439 1420/1440
f 1420/1440 1484/1439 1503/1441
f 1484/1439 1537/1436 1538/1442
f 1484/1439 1538/1442 1503/1441
f 1538/1442 1537/1436 1549/1443
f 1538/1442 1549/1443 1503/1441
f 1549/1443 1537/1436 1544/1437
f 1503/1441 1549/1443 1507/1444
f 1507/1444 1549/1443 1544/1437
f 1503/1441 1507/1444 1477/1445
f 1477/1445 1507/1444 1544/1437
f 7/1446 1232/1447 1112/1448
f 1112/1448 1232/1447 1081/1449
f 1112/1448 1081/1449 1046/1450
f 1232/1447 7/1446 31/1451
f 31/1451 7/1446 168/1452
f 168/1452 7/1446 279/1453
f 1334/1454 1225/1455 1329/1456
f 1329/1456 1225/1455 209/1457
f 1225/1455 1334/1454 1022/1458
f 1334/1459 132/1460 1022/1461
f 209/1462 1225/1463 1022/1461
f 209/1462 1022/1461 327/1464
f 327/1464 1022/1461 383/1465
f 383/1465 1022/1461 132/1460
f 327/1464 383/1465 397/1466
f 397/1466 383/1465 401/1467
f 401/1467 383/1465 286/1468
f 286/1468 383/1465 132/1460
f 50/1469 132/1460 1334/1459
f 132/1460 50/1469 286/1468
f 50/1469 1334/1459 1243/1470
f 286/1468 50/1469 254/1471
f 254/1471 50/1469 125/1472
f 254/1471 125/1472 1015/1473
f 1015/1473 125/1472 997/1474
f 1015/1473 997/1474 1102/1475
f 1102/1476 50/1477 1243/1478
f 50/1477 1102/1476 125/1479
f 125/1479 1102/1476 997/1480
f 1102/1476 1243/1478 1233/1481
f 1102/1476 1233/1481 1015/1482
f 1233/1481 1243/1478 1343/1483
f 1832/1484 1839/1485 1824/1486
f 1824/1486 1839/1485 1794/1487
f 1824/1486 1794/1487 1779/1488
f 1794/1487 1839/1485 1851/1489
f 1779/1488 1794/1487 1765/1490
f 1765/1490 1794/1487 1851/1489
f 1779/1488 1765/1490 1764/1491
f 1765/1490 1851/1489 1763/1492
f 1763/1492 1851/1489 1844/1493
f 1839/1494 1853/1495 1851/1496
f 1851/1496 1853/1495 1842/1497
f 1851/1496 1842/1497 1848/1498
f 1842/1497 1853/1495 1846/1499
f 1842/1497 1846/1499 1862/1500
f 1802/1501 1844/1502 1801/1503
f 1801/1503 1844/1502 1855/1504
f 1855/1504 1844/1502 1851/1505
f 1801/1503 1855/1504 1755/1506
f 1855/1504 1851/1505 1848/1507
f 1855/1504 1848/1507 1755/1506
f 1755/1506 1848/1507 1752/1508
f 1160/1509 1142/1510 1114/1511
f 1160/1509 1114/1511 1077/1512
f 1142/1510 1160/1509 160/1513
f 1142/1510 160/1513 49/1514
f 1114/1511 1142/1510 1068/1515
f 1114/1511 1068/1515 1077/1512
f 1142/1510 49/1514 1111/1516
f 1142/1510 1111/1516 1068/1515
f 1111/1516 49/1514 1088/1517
f 1111/1516 1088/1517 1069/1518
f 1111/1516 1069/1518 985/1519
f 1111/1516 985/1519 1068/1515
f 1077/1512 1068/1515 1027/1520
f 1027/1520 1068/1515 985/1519
f 1027/1520 985/1519 55/1521
f 1077/1512 1027/1520 1034/1522
f 1027/1520 55/1521 79/1523
f 1027/1520 79/1523 1031/1524
f 1027/1520 1031/1524 1034/1522
f 1031/1524 79/1523 984/1525
f 1031/1524 984/1525 1034/1522
f 1034/1522 984/1525 1007/1526
f 1168/1527 1160/1528 1077/1529
f 1168/1527 1077/1529 1117/1530
f 1168/1527 1117/1530 1187/1531
f 1187/1531 1117/1530 1107/1532
f 1168/1527 1187/1531 1094/1533
f 1168/1527 1094/1533 1160/1528
f 1094/1533 1187/1531 1147/1534
f 1094/1533 1147/1534 176/1535
f 1094/1533 176/1535 155/1536
f 1094/1533 155/1536 1160/1528
f 1160/1528 155/1536 160/1537
f 1107/1538 1105/1539 1187/1540
f 1105/1539 1107/1538 1117/1541
f 1105/1539 1117/1541 1077/1542
f 1105/1539 1077/1542 1034/1543
f 1187/1540 1105/1539 1118/1544
f 1105/1539 1034/1543 1054/1545
f 1105/1539 1054/1545 1118/1544
f 1054/1545 1034/1543 1007/1546
f 1187/1540 1118/1544 1189/1547
f 1189/1547 1118/1544 1054/1545
f 1187/1540 1189/1547 1147/1548
f 1147/1548 1189/1547 1135/1549
f 1147/1548 1135/1549 210/1550
f 210/1550 1135/1549 2/1551
f 210/1550 2/1551 191/1552
f 2/1551 1135/1549 1186/1553
f 2/1551 1186/1553 191/1552
f 1186/1553 1135/1549 1189/1547
f 1186/1553 1189/1547 1156/1554
f 1156/1554 1189/1547 1054/1545
f 1156/1554 1054/1545 1138/1555
f 1156/1554 1138/1555 1186/1553
f 191/1552 1186/1553 143/1556
f 191/1552 143/1556 253/1557
f 1186/1553 1138/1555 1190/1558
f 143/1556 1186/1553 1120/1559
f 1120/1559 1186/1553 1190/1558
f 253/1557 143/1556 164/1560
f 164/1560 143/1556 1120/1559
f 1055/1561 1138/1555 1054/1545
f 1138/1555 1055/1561 1190/1558
f 1055/1561 1054/1545 1059/1562
f 1059/1562 1054/1545 1007/1546
f 1059/1562 1007/1546 1140/1563
f 1055/1561 1059/1562 112/1564
f 1059/1562 1140/1563 1188/1565
f 1059/1562 1188/1565 112/1564
f 112/1564 1188/1565 1055/1561
f 1055/1561 1188/1565 1190/1558
f 1190/1558 1188/1565 1216/1566
f 1101/1567 1120/1559 1190/1558
f 1101/1567 1190/1558 1216/1566
f 1120/1559 1101/1567 164/1560
f 1101/1567 1216/1566 1024/1568
f 1101/1567 1024/1568 164/1560
f 1024/1568 1216/1566 1172/1569
f 164/1560 1024/1568 196/1570
f 196/1570 1024/1568 227/1571
f 227/1571 1024/1568 42/1572
f 164/1560 196/1570 267/1573
f 267/1573 196/1570 227/1571
f 164/1560 267/1573 253/1557
f 253/1557 267/1573 117/1574
f 267/1573 227/1571 291/1575
f 117/1574 267/1573 239/1576
f 239/1576 267/1573 291/1575
f 239/1576 291/1575 107/1577
f 239/1576 107/1577 74/1578
f 172/1579 1046/1580 214/1581
f 1046/1580 172/1579 1112/1582
f 172/1579 214/1581 279/1583
f 1112/1582 172/1579 7/1584
f 7/1584 172/1579 279/1583
f 405/1585 407/1586 411/1587
f 411/1587 407/1586 401/1588
f 411/1587 401/1588 396/1589
f 396/1589 401/1588 286/1590
f 396/1589 286/1590 329/1591
f 396/1589 329/1591 411/1587
f 405/1585 411/1587 443/1592
f 405/1585 443/1592 467/1593
f 411/1587 329/1591 422/1594
f 411/1587 422/1594 443/1592
f 422/1594 329/1591 359/1595
f 467/1593 443/1592 516/1596
f 422/1594 359/1595 440/1597
f 422/1594 440/1597 443/1592
f 516/1596 443/1592 550/1598
f 443/1592 440/1597 499/1599
f 443/1592 499/1599 550/1598
f 499/1599 440/1597 485/1600
f 485/1600 440/1597 501/1601
f 485/1600 501/1601 549/1602
f 485/1600 549/1602 576/1603
f 499/1599 485/1600 522/1604
f 499/1599 522/1604 550/1598
f 522/1604 485/1600 576/1603
f 522/1604 576/1603 546/1605
f 522/1604 546/1605 550/1598
f 546/1605 576/1603 609/1606
f 550/1598 546/1605 622/1607
f 550/1598 622/1607 591/1608
f 1069/1609 1010/1610 35/1611
f 35/1611 1010/1610 122/1612
f 37/1613 1079/1614 131/1615
f 1079/1614 37/1613 122/1616
f 1079/1614 122/1616 1069/1617
f 1069/1617 122/1616 1010/1618
f 985/1619 1069/1620 35/1621
f 985/1619 35/1621 122/1622
f 131/1623 122/1624 37/1625
f 160/1626 177/1627 985/1628
f 985/1628 177/1627 113/1629
f 985/1628 113/1629 55/1630
f 55/1630 113/1629 79/1631
f 113/1629 177/1627 126/1632
f 177/1627 160/1626 226/1633
f 226/1633 160/1626 155/1634
f 126/1632 177/1627 222/1635
f 226/1633 155/1634 222/1635
f 226/1633 222/1635 177/1627
f 126/1632 222/1635 146/1636
f 146/1636 222/1635 170/1637
f 126/1638 106/1639 113/1640
f 113/1640 106/1639 79/1641
f 146/1642 170/1643 126/1644
f 170/1645 106/1646 126/1647
f 106/1646 170/1645 181/1648
f 181/1648 170/1645 148/1649
f 222/1650 235/1651 170/1652
f 170/1652 235/1651 148/1653
f 148/1653 235/1651 181/1654
f 155/1655 176/1656 222/1657
f 222/1657 176/1656 235/1658
f 1348/1659 1310/1660 1343/1661
f 1343/1661 1310/1660 1233/1662
f 1233/1662 1310/1660 1292/1663
f 1292/1663 1310/1660 1294/1664
f 1294/1664 1310/1660 1374/1665
f 1233/1662 1292/1663 1086/1666
f 1233/1662 1086/1666 1015/1667
f 1292/1663 1294/1664 1275/1668
f 1275/1668 1294/1664 1312/1669
f 1292/1663 1275/1668 1242/1670
f 1242/1670 1275/1668 27/1671
f 1292/1663 1242/1670 1099/1672
f 1292/1663 1099/1672 1086/1666
f 1099/1672 1242/1670 84/1673
f 1099/1672 84/1673 85/1674
f 1099/1672 85/1674 1086/1666
f 1086/1666 85/1674 1015/1667
f 1015/1667 85/1674 333/1675
f 1015/1667 333/1675 254/1676
f 333/1675 85/1674 295/1677
f 295/1677 85/1674 138/1678
f 333/1675 295/1677 334/1679
f 1363/1680 1312/1669 1294/1664
f 1363/1680 1294/1664 1346/1681
f 1346/1681 1294/1664 1374/1665
f 1430/1682 1363/1680 1500/1683
f 1363/1680 1346/1681 1393/1684
f 1363/1680 1393/1684 1500/1683
f 1393/1684 1346/1681 1429/1685
f 1429/1685 1346/1681 1439/1686
f 1393/1684 1429/1685 1420/1687
f 1500/1683 1393/1684 1477/1688
f 1477/1688 1393/1684 1420/1687
f 1500/1683 1477/1688 1527/1689
f 1477/1688 1420/1687 1503/1690
f 1842/1691 1852/1692 1848/1693
f 1848/1693 1852/1692 1761/1694
f 1761/1694 1852/1692 1854/1695
f 1854/1695 1852/1692 1842/1691
f 1761/1694 1854/1695 1759/1696
f 1759/1696 1854/1695 1797/1697
f 1797/1697 1854/1695 1845/1698
f 1845/1698 1854/1695 1842/1691
f 1845/1698 1842/1691 1869/1699
f 1845/1698 1869/1699 1849/1700
f 1869/1699 1842/1691 1847/1701
f 1847/1701 1842/1691 1862/1702
f 1869/1699 1847/1701 1773/1703
f 1869/1699 1773/1703 1849/1700
f 1849/1700 1773/1703 1769/1704
f 1769/1704 1773/1703 1777/1705
f 1769/1704 1777/1705 1797/1706
f 1797/1706 1777/1705 1759/1707
f 1814/1708 1849/1709 1769/1710
f 1849/1709 1814/1708 1845/1711
f 1814/1708 1769/1710 1797/1712
f 1814/1708 1797/1712 1845/1711
f 1167/1713 1164/1714 1140/1715
f 1140/1715 1164/1714 1188/1716
f 1188/1716 1164/1714 1032/1717
f 1188/1716 1032/1717 1067/1718
f 1032/1717 1164/1714 1044/1719
f 1044/1719 1164/1714 1167/1713
f 1032/1717 1044/1719 1028/1720
f 1028/1720 1044/1719 1052/1721
f 1052/1721 1044/1719 1000/1722
f 1000/1722 1044/1719 1039/1723
f 1039/1723 1044/1719 1167/1713
f 1039/1723 1167/1713 1002/1724
f 1002/1724 1167/1713 1115/1725
f 1115/1725 1167/1713 1140/1715
f 1115/1725 1140/1715 1049/1726
f 1049/1726 1140/1715 1007/1727
f 1049/1726 1007/1727 984/1728
f 1049/1726 984/1728 995/1729
f 995/1729 984/1728 93/1730
f 995/1729 93/1730 1049/1726
f 84/1731 1177/1732 43/1733
f 1177/1732 84/1731 1242/1734
f 84/1731 43/1733 247/1735
f 1177/1732 1242/1734 27/1736
f 989/1737 27/1736 247/1735
f 989/1737 247/1735 43/1733
f 27/1736 989/1737 1177/1732
f 1177/1732 989/1737 43/1733
f 1115/1738 1049/1739 93/1740
f 1115/1738 93/1740 159/1741
f 1115/1738 159/1741 1002/1742
f 159/1741 93/1740 188/1743
f 188/1743 93/1740 68/1744
f 1002/1742 159/1741 232/1745
f 232/1745 159/1741 188/1743
f 1002/1742 232/1745 96/1746
f 188/1743 68/1744 239/1747
f 239/1747 68/1744 117/1748
f 1002/1742 96/1746 1039/1749
f 188/1743 239/1747 204/1750
f 188/1743 204/1750 232/1745
f 232/1745 204/1750 96/1746
f 204/1750 239/1747 74/1751
f 204/1750 74/1751 96/1746
f 96/1746 74/1751 72/1752
f 1039/1749 96/1746 1000/1753
f 1000/1753 96/1746 72/1752
f 1000/1753 72/1752 1052/1754
f 1052/1754 72/1752 1004/1755
f 254/1756 333/1757 329/1758
f 254/1756 329/1758 286/1759
f 329/1758 333/1757 352/1760
f 329/1758 352/1760 359/1761
f 352/1760 333/1757 344/1762
f 344/1762 333/1757 334/1763
f 344/1762 334/1763 373/1764
f 344/1762 373/1764 365/1765
f 344/1762 365/1765 424/1766
f 359/1761 352/1760 402/1767
f 402/1767 352/1760 344/1762
f 359/1761 402/1767 440/1768
f 344/1762 424/1766 450/1769
f 344/1762 450/1769 402/1767
f 450/1769 424/1766 513/1770
f 440/1768 402/1767 474/1771
f 474/1771 402/1767 450/1769
f 440/1768 474/1771 501/1772
f 501/1772 474/1771 529/1773
f 501/1772 529/1773 594/1774
f 474/1771 450/1769 471/1775
f 474/1771 471/1775 529/1773
f 471/1775 450/1769 544/1776
f 529/1773 471/1775 554/1777
f 529/1773 554/1777 603/1778
f 603/1778 554/1777 557/1779
f 557/1779 554/1777 471/1775
f 557/1779 471/1775 527/1780
f 84/1781 138/1782 85/1783
f 138/1782 84/1781 295/1784
f 295/1784 84/1781 247/1785
f 295/1784 247/1785 27/1786
f 295/1784 27/1786 334/1787
f 334/1787 27/1786 1275/1788
f 334/1787 1275/1788 1004/1789
f 594/1790 529/1791 603/1792
f 594/1790 603/1792 527/1793
f 527/1793 603/1792 557/1794
f 594/1790 527/1793 572/1795
f 594/1790 572/1795 638/1796
f 572/1795 527/1793 544/1797
f 544/1797 527/1793 471/1798
f 638/1796 572/1795 567/1799
f 567/1799 572/1795 544/1797
f 638/1796 567/1799 610/1800
f 567/1799 544/1797 513/1801
f 567/1799 513/1801 610/1800
f 513/1801 544/1797 450/1802
f 610/1800 513/1801 560/1803
f 610/1800 560/1803 617/1804
f 560/1803 513/1801 472/1805
f 472/1805 513/1801 424/1806
f 472/1805 424/1806 432/1807
f 560/1803 472/1805 542/1808
f 542/1808 472/1805 476/1809
f 617/1804 560/1803 556/1810
f 556/1810 560/1803 542/1808
f 556/1810 542/1808 617/1804
f 542/1808 476/1809 507/1811
f 617/1804 542/1808 577/1812
f 577/1812 542/1808 507/1811
f 577/1812 507/1811 496/1813
f 68/1814 93/1815 984/1816
f 68/1814 984/1816 79/1817
f 68/1814 79/1817 109/1818
f 109/1818 79/1817 106/1819
f 109/1818 106/1819 181/1820
f 68/1814 109/1818 116/1821
f 68/1814 116/1821 117/1822
f 109/1818 181/1820 182/1823
f 182/1823 181/1820 244/1824
f 182/1823 244/1824 109/1818
f 244/1824 181/1820 235/1825
f 116/1821 109/1818 228/1826
f 228/1826 109/1818 244/1824
f 117/1822 116/1821 198/1827
f 198/1827 116/1821 228/1826
f 117/1822 198/1827 253/1828
f 253/1828 198/1827 191/1829
f 191/1829 198/1827 228/1826
f 191/1829 228/1826 210/1830
f 210/1830 228/1826 244/1824
f 210/1830 244/1824 235/1825
f 210/1830 235/1825 176/1831
f 210/1830 176/1831 1147/1832
f 1900/1833 1725/1834 1914/1835
f 1704/1836 1705/1837 1725/1834
f 1704/1836 1725/1834 1900/1833
f 1667/1838 1655/1839 1704/1836
f 1667/1838 1704/1836 1678/1840
f 1678/1840 1704/1836 1706/1841
f 1706/1841 1704/1836 1900/1833
f 1706/1841 1900/1833 1884/1842
f 1884/1842 1900/1833 1927/1843
f 1927/1843 1900/1833 1914/1835
f 1884/1842 1927/1843 1811/1844
f 1927/1843 1914/1835 1917/1845
f 1927/1843 1917/1845 1926/1846
f 1917/1845 1914/1835 1897/1847
f 1926/1846 1917/1845 1910/1848
f 1917/1845 1897/1847 1890/1849
f 1917/1845 1890/1849 1910/1848
f 1716/1850 1648/1851 1724/1852
f 1648/1851 1716/1850 1675/1853
f 1716/1850 1724/1852 1676/1854
f 1716/1850 1676/1854 1675/1853
f 1717/1855 1640/1856 1724/1857
f 1717/1855 1724/1857 1648/1858
f 1724/1857 1640/1856 1676/1859
f 1717/1855 1648/1858 1691/1860
f 1691/1860 1648/1858 1633/1861
f 1717/1855 1691/1860 1673/1862
f 1673/1862 1691/1860 1633/1861
f 1717/1855 1673/1862 1640/1856
f 1673/1862 1633/1861 1620/1863
f 1673/1862 1620/1863 1640/1856
f 1640/1856 1620/1863 1596/1864
f 1640/1856 1596/1864 1676/1859
f 1596/1864 1620/1863 1579/1865
f 1596/1864 1579/1865 1587/1866
f 1676/1859 1596/1864 1628/1867
f 1676/1859 1628/1867 1675/1868
f 1675/1868 1628/1867 1644/1869
f 1628/1867 1596/1864 1655/1870
f 1655/1870 1596/1864 1587/1866
f 1628/1867 1655/1870 1667/1871
f 1655/1870 1587/1866 1527/1872
f 1527/1872 1587/1866 1500/1873
f 1644/1874 1628/1875 1667/1876
f 1644/1877 1614/1878 1675/1879
f 1675/1879 1614/1878 1648/1880
f 1614/1878 1644/1877 1605/1881
f 1614/1878 1605/1881 1590/1882
f 1605/1881 1644/1877 1678/1883
f 1678/1883 1644/1877 1667/1884
f 1605/1881 1678/1883 1618/1885
f 1587/1886 1579/1887 1564/1888
f 1564/1888 1579/1887 1620/1889
f 1587/1886 1564/1888 1523/1890
f 1587/1886 1523/1890 1500/1891
f 1500/1891 1523/1890 1456/1892
f 1522/1893 1564/1894 1620/1895
f 1564/1894 1522/1893 1523/1896
f 1523/1896 1522/1893 1506/1897
f 1523/1896 1506/1897 1456/1898
f 1456/1898 1506/1897 1437/1899
f 1437/1899 1506/1897 1522/1893
f 1522/1893 1620/1895 1574/1900
f 1574/1900 1620/1895 1633/1901
f 1437/1899 1522/1893 1460/1902
f 1522/1893 1574/1900 1465/1903
f 1522/1893 1465/1903 1460/1902
f 1574/1900 1633/1901 1590/1904
f 1590/1904 1633/1901 1648/1905
f 1590/1904 1648/1905 1614/1906
f 1574/1900 1590/1904 1508/1907
f 1574/1900 1508/1907 1465/1903
f 1508/1907 1590/1904 1519/1908
f 1508/1907 1519/1908 1453/1909
f 1508/1907 1453/1909 1465/1903
f 1452/1910 1438/1911 1453/1909
f 1453/1909 1438/1911 1440/1912
f 1453/1909 1440/1912 1465/1903
f 1465/1903 1440/1912 1475/1913
f 1465/1903 1475/1913 1460/1902
f 1460/1902 1475/1913 1437/1899
f 1475/1913 1440/1912 1414/1914
f 1475/1913 1414/1914 1437/1899
f 1437/1899 1414/1914 1430/1915
f 1437/1899 1430/1915 1401/1916
f 1437/1899 1401/1916 1456/1898
f 1456/1898 1401/1916 1430/1915
f 1456/1898 1430/1915 1500/1917
f 1430/1915 1414/1914 1399/1918
f 1399/1918 1414/1914 1369/1919
f 1399/1918 1369/1919 1312/1920
f 1399/1918 1312/1920 1430/1915
f 1430/1915 1312/1920 1363/1921
f 1590/1922 1545/1923 1519/1924
f 1519/1924 1545/1923 1453/1925
f 1545/1923 1590/1922 1605/1926
f 1545/1923 1605/1926 1618/1927
f 1545/1923 1618/1927 1528/1928
f 1528/1928 1618/1927 1567/1929
f 1453/1925 1545/1923 1452/1930
f 1528/1928 1567/1929 1434/1931
f 1528/1928 1434/1931 1545/1923
f 1545/1923 1434/1931 1452/1930
f 1438/1932 1452/1930 1379/1933
f 1379/1933 1452/1930 1385/1934
f 1385/1934 1452/1930 1434/1931
f 1379/1933 1385/1934 1260/1935
f 1385/1934 1434/1931 1368/1936
f 1368/1936 1434/1931 1365/1937
f 1385/1934 1368/1936 1341/1938
f 1385/1934 1341/1938 1338/1939
f 1341/1938 1368/1936 1305/1940
f 1305/1940 1368/1936 1365/1937
f 1305/1940 1365/1937 1266/1941
f 1266/1941 1365/1937 1248/1942
f 1305/1940 1266/1941 1259/1943
f 1440/1944 1438/1945 1380/1946
f 1380/1946 1438/1945 1379/1947
f 1440/1944 1380/1946 1398/1948
f 1440/1944 1398/1948 1414/1949
f 1414/1949 1398/1948 1369/1950
f 1398/1948 1380/1946 1296/1951
f 1296/1951 1380/1946 1260/1952
f 1369/1950 1398/1948 1318/1953
f 1318/1953 1398/1948 1296/1951
f 1369/1950 1318/1953 1238/1954
f 1318/1953 1296/1951 1237/1955
f 1318/1953 1237/1955 1238/1954
f 1238/1954 1237/1955 1093/1956
f 1093/1956 1237/1955 294/1957
f 1275/1958 1312/1959 1316/1960
f 1316/1960 1312/1959 1369/1961
f 1316/1960 1369/1961 1238/1962
f 1316/1960 1238/1962 1275/1958
f 1275/1958 1238/1962 1004/1963
f 1004/1964 1238/1965 1030/1966
f 1004/1964 1030/1966 1052/1967
f 1030/1966 1238/1965 1141/1968
f 1052/1967 1030/1966 1028/1969
f 1028/1969 1030/1966 1141/1968
f 1028/1969 1141/1968 1067/1970
f 1028/1969 1067/1970 1032/1971
f 1379/1972 1260/1973 1380/1974
f 1260/1975 1385/1976 1338/1977
f 1260/1975 1338/1977 1296/1978
f 1296/1978 1338/1977 1337/1979
f 1296/1978 1337/1979 1237/1980
f 1237/1980 1337/1979 1235/1981
f 1235/1981 1337/1979 1338/1977
f 1237/1980 1235/1981 1240/1982
f 1235/1981 1338/1977 1336/1983
f 1336/1983 1338/1977 1341/1984
f 1336/1983 1341/1984 1259/1985
f 1259/1985 1341/1984 1305/1986
f 1336/1983 1259/1985 1126/1987
f 1336/1983 1126/1987 1235/1981
f 1235/1981 1126/1987 1198/1988
f 1235/1981 1198/1988 1240/1982
f 1240/1982 1198/1988 1149/1989
f 1240/1982 1149/1989 1170/1990
f 1149/1989 1198/1988 1176/1991
f 1237/1992 1240/1993 1170/1994
f 1141/1995 1238/1996 1070/1997
f 1070/1997 1238/1996 1093/1998
f 1070/1997 1093/1998 280/1999
f 1141/1995 1070/1997 1104/2000
f 1141/1995 1104/2000 1174/2001
f 1174/2001 1104/2000 1170/2002
f 1170/2002 1104/2000 220/2003
f 220/2003 1104/2000 206/2004
f 206/2004 1104/2000 1070/1997
f 220/2003 206/2004 224/2005
f 1070/1997 280/1999 230/2006
f 1070/1997 230/2006 206/2004
f 224/2005 206/2004 165/2007
f 230/2006 280/1999 190/2008
f 230/2006 190/2008 206/2004
f 165/2007 206/2004 291/2009
f 291/2009 206/2004 190/2008
f 190/2008 280/1999 82/2010
f 190/2008 82/2010 83/2011
f 291/2009 190/2008 217/2012
f 217/2012 190/2008 83/2011
f 291/2009 217/2012 107/2013
f 107/2013 217/2012 83/2011
f 1141/2014 1209/2015 1067/2016
f 1209/2015 1141/2014 1174/2017
f 1067/2016 1209/2015 1239/2018
f 1209/2015 1174/2017 1129/2019
f 1209/2015 1129/2019 1239/2018
f 1067/2016 1239/2018 1188/2020
f 1188/2020 1239/2018 1216/2021
f 1216/2021 1239/2018 1172/2022
f 1239/2018 1129/2019 1179/2023
f 1239/2018 1179/2023 1172/2022
f 1024/2024 1172/2022 42/2025
f 42/2025 1172/2022 1179/2023
f 42/2025 1179/2023 32/2026
f 32/2026 1179/2023 1124/2027
f 42/2025 32/2026 161/2028
f 1124/2027 1179/2023 1183/2029
f 1183/2029 1179/2023 1129/2019
f 42/2025 161/2028 227/2030
f 161/2028 32/2026 246/2031
f 161/2028 246/2031 227/2030
f 227/2030 246/2031 291/2032
f 1183/2029 1129/2019 1090/2033
f 1090/2033 1129/2019 246/2034
f 1090/2033 246/2034 1183/2029
f 1183/2029 246/2034 123/2035
f 1174/2036 1170/2037 1149/2038
f 1174/2036 1149/2038 1176/2039
f 1174/2036 1176/2039 1129/2040
f 1129/2040 1176/2039 165/2041
f 165/2041 1176/2039 224/2042
f 1129/2040 165/2041 246/2043
f 246/2043 165/2041 291/2044
f 1124/2045 1136/2046 34/2047
f 1124/2045 34/2047 32/2048
f 1136/2046 1124/2045 223/2049
f 223/2049 1124/2045 123/2050
f 123/2050 1124/2045 1183/2051
f 510/2052 596/2053 635/2054
f 596/2053 510/2052 592/2055
f 596/2053 592/2055 635/2054
f 510/2052 635/2054 577/2056
f 660/2057 592/2055 681/2058
f 592/2055 660/2057 662/2059
f 592/2055 662/2059 635/2054
f 662/2059 660/2057 689/2060
f 577/2056 635/2054 627/2061
f 627/2061 635/2054 662/2059
f 577/2056 627/2061 617/2062
f 662/2059 689/2060 698/2063
f 617/2062 627/2061 692/2064
f 692/2064 627/2061 662/2059
f 692/2064 662/2059 698/2063
f 617/2062 692/2064 669/2065
f 692/2064 698/2063 742/2066
f 669/2065 692/2064 711/2067
f 711/2067 692/2064 742/2066
f 669/2065 711/2067 642/2068
f 742/2066 698/2063 763/2069
f 742/2066 763/2069 711/2067
f 763/2069 698/2063 777/2070
f 642/2068 711/2067 704/2071
f 642/2068 704/2071 686/2072
f 686/2072 704/2071 700/2073
f 704/2071 711/2067 755/2074
f 755/2074 711/2067 763/2069
f 704/2071 755/2074 700/2073
f 755/2074 763/2069 777/2070
f 755/2074 777/2070 700/2073
f 700/2073 777/2070 730/2075
f 730/2075 777/2070 774/2076
f 774/2077 738/2078 730/2079
f 738/2078 774/2077 777/2080
f 738/2078 777/2080 698/2081
f 738/2078 698/2081 689/2082
f 738/2078 689/2082 686/2083
f 738/2078 686/2083 730/2079
f 730/2079 686/2083 700/2084
f 72/2085 82/2086 1004/2087
f 82/2086 72/2085 83/2088
f 83/2088 72/2085 74/2089
f 83/2088 74/2089 107/2090
f 1004/2091 82/2092 289/2093
f 289/2093 82/2092 280/2094
f 1004/2091 289/2093 334/2095
f 289/2093 280/2094 384/2096
f 334/2095 289/2093 373/2097
f 289/2093 384/2096 427/2098
f 289/2093 427/2098 373/2097
f 373/2097 427/2098 365/2099
f 424/2100 365/2101 432/2102
f 432/2102 365/2101 427/2103
f 432/2102 427/2103 468/2104
f 432/2102 468/2104 472/2105
f 468/2104 427/2103 476/2106
f 468/2104 476/2106 472/2105
f 1093/2107 294/2108 280/2109
f 1237/2110 1170/2111 294/2112
f 294/2112 1170/2111 220/2113
f 280/2114 294/2112 384/2115
f 384/2115 294/2112 367/2116
f 294/2112 220/2113 245/2117
f 245/2117 220/2113 224/2118
f 367/2116 294/2112 299/2119
f 299/2119 294/2112 245/2117
f 245/2117 224/2118 127/2120
f 127/2120 224/2118 1176/2121
f 127/2120 1176/2121 1198/2122
f 245/2117 127/2120 154/2123
f 154/2123 127/2120 1198/2122
f 245/2117 154/2123 299/2119
f 154/2123 1198/2122 1126/2124
f 389/2125 367/2116 299/2119
f 367/2116 389/2125 385/2126
f 385/2126 389/2125 299/2119
f 367/2116 385/2126 323/2127
f 299/2119 154/2123 393/2128
f 299/2119 393/2128 385/2126
f 393/2128 154/2123 1126/2124
f 385/2126 393/2128 399/2129
f 399/2129 393/2128 321/2130
f 393/2128 1126/2124 316/2131
f 393/2128 316/2131 321/2130
f 316/2131 1126/2124 1259/2132
f 321/2130 316/2131 305/2133
f 305/2133 316/2131 1259/2132
f 305/2133 1259/2132 1266/2134
f 367/2135 323/2136 459/2137
f 367/2135 459/2137 444/2138
f 367/2135 444/2138 384/2139
f 384/2139 444/2138 427/2140
f 459/2137 323/2136 437/2141
f 437/2141 323/2136 385/2142
f 437/2141 385/2142 399/2143
f 437/2141 399/2143 321/2144
f 437/2141 321/2144 430/2145
f 459/2137 437/2141 490/2146
f 459/2137 490/2146 496/2147
f 496/2147 490/2146 510/2148
f 496/2147 510/2148 577/2149
f 427/2150 444/2151 476/2152
f 476/2152 444/2151 496/2153
f 496/2153 444/2151 459/2154
f 476/2152 496/2153 524/2155
f 476/2152 524/2155 507/2156
f 507/2156 524/2155 496/2153
f 490/2157 437/2158 504/2159
f 510/2160 490/2157 592/2161
f 592/2161 490/2157 504/2159
f 504/2159 437/2158 430/2162
f 592/2161 504/2159 578/2163
f 592/2161 578/2163 658/2164
f 504/2159 430/2162 520/2165
f 504/2159 520/2165 578/2163
f 578/2163 520/2165 565/2166
f 565/2166 520/2165 430/2162
f 578/2163 565/2166 675/2167
f 565/2166 430/2162 417/2168
f 417/2168 430/2162 321/2169
f 565/2166 417/2168 469/2170
f 417/2168 321/2169 305/2171
f 417/2168 305/2171 1248/2172
f 1248/2172 305/2171 1266/2173
f 469/2170 417/2168 423/2174
f 469/2170 423/2174 470/2175
f 469/2170 470/2175 497/2176
f 32/2177 34/2178 246/2179
f 246/2179 34/2178 171/2180
f 246/2179 171/2180 123/2181
f 123/2181 171/2180 223/2182
f 171/2180 34/2178 104/2183
f 171/2180 104/2183 223/2182
f 104/2183 34/2178 1136/2184
f 104/2183 1136/2184 223/2182
f 1662/2185 1566/2186 1573/2187
f 1573/2187 1566/2186 1546/2188
f 1546/2188 1566/2186 1448/2189
f 1626/2190 1662/2191 1573/2192
f 1662/2191 1626/2190 1630/2193
f 1630/2193 1626/2190 1599/2194
f 1630/2193 1599/2194 1616/2195
f 1630/2193 1616/2195 1595/2196
f 1630/2193 1595/2196 1568/2197
f 1630/2193 1568/2197 1572/2198
f 1662/2191 1630/2193 1650/2199
f 1650/2199 1630/2193 1572/2198
f 1662/2191 1650/2199 1679/2200
f 1650/2199 1572/2198 1582/2201
f 1582/2201 1572/2198 1505/2202
f 1582/2201 1505/2202 1458/2203
f 1582/2201 1458/2203 1539/2204
f 1582/2201 1539/2204 1552/2205
f 1582/2201 1552/2205 1632/2206
f 1582/2201 1632/2206 1650/2199
f 1650/2199 1632/2206 1687/2207
f 1687/2207 1632/2206 1666/2208
f 1686/2209 1679/2200 1650/2199
f 1679/2200 1686/2209 1799/2210
f 1650/2199 1687/2207 1698/2211
f 1698/2211 1687/2207 1666/2208
f 1650/2199 1698/2211 1686/2209
f 1799/2210 1686/2209 1898/2212
f 1898/2212 1686/2209 1698/2211
f 1799/2210 1898/2212 1850/2213
f 1850/2213 1898/2212 1883/2214
f 1898/2212 1698/2211 1815/2215
f 1815/2215 1698/2211 1666/2208
f 1898/2212 1815/2215 1906/2216
f 1815/2215 1666/2208 1649/2217
f 1815/2215 1649/2217 1681/2218
f 1815/2215 1681/2218 1889/2219
f 1626/2220 1573/2221 1546/2222
f 1626/2220 1546/2222 1599/2223
f 1599/2223 1546/2222 1504/2224
f 1504/2224 1546/2222 1448/2225
f 1599/2223 1504/2224 1529/2226
f 1599/2223 1529/2226 1616/2227
f 1616/2227 1529/2226 1595/2228
f 1595/2228 1529/2226 1568/2229
f 1568/2229 1529/2226 1504/2224
f 1568/2229 1504/2224 1536/2230
f 1568/2229 1536/2230 1511/2231
f 1511/2231 1536/2230 1504/2224
f 1568/2229 1511/2231 1572/2232
f 1572/2232 1511/2231 1505/2233
f 1400/2234 1504/2224 1448/2225
f 1504/2224 1400/2234 1511/2231
f 1400/2234 1448/2225 1386/2235
f 1511/2231 1400/2234 1461/2236
f 1511/2231 1461/2236 1505/2233
f 1461/2236 1400/2234 1371/2237
f 1461/2236 1371/2237 1415/2238
f 1461/2236 1415/2238 1505/2233
f 1505/2233 1415/2238 1458/2239
f 1386/2240 1340/2241 1302/2242
f 1386/2240 1302/2242 1400/2243
f 1400/2243 1302/2242 1371/2244
f 1302/2242 1340/2241 1324/2245
f 1302/2242 1324/2245 1293/2246
f 1293/2246 1324/2245 1251/2247
f 1293/2246 1251/2247 1228/2248
f 1293/2246 1228/2248 1307/2249
f 1307/2249 1228/2248 1247/2250
f 1228/2248 1251/2247 301/2251
f 1247/2250 1228/2248 119/2252
f 119/2252 1228/2248 301/2251
f 1247/2250 119/2252 991/2253
f 991/2253 119/2252 265/2254
f 265/2254 119/2252 306/2255
f 306/2255 119/2252 301/2251
f 265/2254 306/2255 347/2256
f 306/2255 301/2251 355/2257
f 355/2257 301/2251 394/2258
f 355/2257 394/2258 370/2259
f 306/2255 355/2257 303/2260
f 285/2261 303/2260 347/2256
f 303/2260 285/2261 306/2255
f 306/2255 285/2261 347/2256
f 1293/2262 1223/2263 1249/2264
f 1223/2263 1293/2262 1307/2265
f 1223/2263 1307/2265 1249/2264
f 1293/2262 1249/2264 1289/2266
f 1293/2262 1289/2266 1302/2267
f 1302/2267 1289/2266 1295/2268
f 1249/2264 1307/2265 1277/2269
f 1277/2269 1307/2265 1247/2270
f 1249/2264 1277/2269 1193/2271
f 1249/2264 1193/2271 1162/2272
f 1277/2269 1247/2270 1201/2273
f 1277/2269 1201/2273 1193/2271
f 1201/2273 1247/2270 991/2274
f 1162/2272 1193/2271 1163/2275
f 1162/2272 1163/2275 203/2276
f 1163/2275 1193/2271 1202/2277
f 1202/2277 1193/2271 1201/2273
f 1202/2277 1201/2273 987/2278
f 987/2278 1201/2273 991/2274
f 1202/2277 987/2278 1060/2279
f 987/2278 991/2274 252/2280
f 252/2280 991/2274 265/2281
f 1295/2282 1415/2283 1371/2284
f 1295/2282 1371/2284 1302/2285
f 1415/2283 1295/2282 1370/2286
f 1415/2283 1370/2286 1406/2287
f 1370/2286 1295/2282 1283/2288
f 1370/2286 1283/2288 1210/2289
f 1370/2286 1210/2289 1200/2290
f 1977/2291 1974/2292 1951/2293
f 1974/2292 1977/2291 1983/2294
f 1974/2292 1983/2294 1976/2295
f 1983/2294 1977/2291 1984/2296
f 1951/2293 1974/2292 1950/2297
f 1950/2297 1974/2292 1976/2295
f 1977/2291 1951/2293 1965/2298
f 1965/2298 1951/2293 1928/2299
f 1977/2291 1965/2298 1979/2300
f 1977/2291 1979/2300 1984/2296
f 1965/2298 1928/2299 1937/2301
f 1965/2298 1937/2301 1979/2300
f 1937/2301 1928/2299 1883/2302
f 1893/2303 1951/2293 1950/2297
f 1951/2293 1893/2303 1895/2304
f 1893/2303 1950/2297 1882/2305
f 1893/2303 1882/2305 1881/2306
f 1893/2303 1881/2306 1806/2307
f 1881/2306 1882/2305 1943/2308
f 1943/2308 1882/2305 1950/2297
f 1943/2308 1950/2297 1976/2295
f 1943/2308 1976/2295 1962/2309
f 1962/2309 1976/2295 1992/2310
f 1962/2309 1992/2310 1978/2311
f 1992/2310 1976/2295 1985/2312
f 1985/2312 1976/2295 1983/2294
f 1985/2312 1983/2294 1984/2296
f 1992/2310 1985/2312 1972/2313
f 1972/2313 1985/2312 1984/2296
f 1978/2311 1992/2310 1988/2314
f 1988/2314 1992/2310 1972/2313
f 1988/2314 1972/2313 1984/2296
f 1988/2314 1984/2296 1979/2300
f 1978/2311 1988/2314 1968/2315
f 1988/2314 1979/2300 1971/2316
f 1988/2314 1971/2316 1968/2315
f 1971/2316 1979/2300 1934/2317
f 1934/2317 1979/2300 1937/2301
f 1934/2317 1937/2301 1838/2318
f 1838/2318 1937/2301 1883/2302
f 1934/2317 1838/2318 1873/2319
f 1873/2319 1838/2318 1883/2302
f 1971/2316 1934/2317 1954/2320
f 1954/2320 1934/2317 1873/2319
f 1873/2319 1883/2302 1912/2321
f 1873/2319 1912/2321 1954/2320
f 1912/2321 1883/2302 1898/2322
f 1912/2321 1898/2322 1906/2323
f 1954/2320 1912/2321 1915/2324
f 1915/2324 1912/2321 1906/2323
f 1971/2316 1954/2320 1947/2325
f 1964/2326 1968/2315 1971/2316
f 1964/2326 1971/2316 1947/2325
f 1968/2315 1964/2326 1963/2327
f 1963/2327 1964/2326 1947/2325
f 1968/2315 1963/2327 1987/2328
f 1968/2315 1987/2328 1998/2329
f 1998/2329 1987/2328 1996/2330
f 1996/2330 1987/2328 1981/2331
f 1936/2332 1947/2325 1954/2320
f 1936/2332 1954/2320 1915/2324
f 1963/2327 1947/2325 1959/2333
f 1959/2333 1947/2325 1936/2332
f 1963/2327 1959/2333 1987/2328
f 1981/2331 1987/2328 1969/2334
f 1969/2334 1987/2328 1959/2333
f 1969/2334 1959/2333 1936/2332
f 1969/2334 1936/2332 1915/2324
f 1981/2331 1969/2334 1944/2335
f 1944/2335 1969/2334 1904/2336
f 1904/2336 1969/2334 1915/2324
f 1944/2335 1904/2336 1949/2337
f 1949/2337 1904/2336 1919/2338
f 1919/2338 1904/2336 1915/2324
f 1919/2338 1915/2324 1906/2323
f 1919/2338 1906/2323 1902/2339
f 1902/2339 1906/2323 1889/2340
f 1889/2340 1906/2323 1815/2341
f 1902/2339 1889/2340 1790/2342
f 1902/2339 1790/2342 1701/2343
f 1951/2344 1925/2345 1928/2346
f 1925/2345 1951/2344 1878/2347
f 1925/2345 1878/2347 1895/2348
f 1925/2345 1895/2348 1928/2346
f 1928/2346 1895/2348 1883/2349
f 1889/2350 1674/2351 1790/2352
f 1790/2352 1674/2351 1701/2353
f 1701/2353 1674/2351 1639/2354
f 1639/2354 1674/2351 1600/2355
f 1581/2356 1535/2357 1600/2355
f 1581/2356 1600/2355 1674/2351
f 1581/2356 1674/2351 1603/2358
f 1581/2356 1603/2358 1575/2359
f 1603/2358 1674/2351 1653/2360
f 1688/2361 1674/2351 1889/2350
f 1674/2351 1688/2361 1653/2360
f 1688/2361 1889/2350 1681/2362
f 1653/2360 1688/2361 1715/2363
f 1715/2363 1688/2361 1681/2362
f 23/2364 1060/2365 118/2366
f 118/2366 1060/2365 987/2367
f 23/2364 118/2366 1035/2368
f 118/2366 987/2367 252/2369
f 1035/2368 118/2366 275/2370
f 118/2366 252/2369 264/2371
f 275/2370 118/2366 269/2372
f 269/2372 118/2366 264/2371
f 1035/2373 1060/2374 23/2375
f 1060/2376 1219/2377 1202/2378
f 1219/2377 1060/2376 1035/2379
f 1202/2378 1219/2377 1250/2380
f 1202/2378 1250/2380 1163/2381
f 1219/2377 1035/2379 1019/2382
f 1219/2377 1019/2382 1250/2380
f 1019/2382 1035/2379 275/2383
f 1019/2382 275/2383 281/2384
f 1250/2380 1019/2382 1076/2385
f 1076/2385 1019/2382 281/2384
f 1163/2381 1250/2380 1119/2386
f 1119/2386 1250/2380 1076/2385
f 1119/2386 1076/2385 281/2384
f 1163/2381 1119/2386 70/2387
f 1119/2386 281/2384 45/2388
f 45/2388 281/2384 70/2387
f 45/2388 70/2387 1119/2386
f 1249/2389 1162/2390 1217/2391
f 1249/2389 1217/2391 1289/2392
f 1289/2392 1217/2391 1284/2393
f 1284/2393 1217/2391 158/2394
f 1284/2393 158/2394 287/2395
f 1289/2392 1284/2393 1283/2396
f 1289/2392 1283/2396 1295/2397
f 1283/2396 1284/2393 1297/2398
f 1297/2398 1284/2393 1330/2399
f 1283/2396 1297/2398 1210/2400
f 1210/2400 1297/2398 1200/2401
f 1217/2402 1162/2403 278/2404
f 278/2404 1162/2403 203/2405
f 278/2404 203/2405 303/2406
f 278/2404 303/2406 355/2407
f 278/2404 355/2407 357/2408
f 278/2404 357/2408 287/2409
f 278/2404 287/2409 158/2410
f 1217/2402 278/2404 77/2411
f 77/2411 278/2404 158/2410
f 19/2412 158/2410 1217/2402
f 158/2410 19/2412 77/2411
f 77/2411 19/2412 1217/2402
f 184/2413 1163/2414 70/2415
f 184/2413 70/2415 281/2416
f 1163/2414 184/2413 203/2417
f 184/2413 281/2416 269/2418
f 184/2413 269/2418 203/2417
f 269/2418 281/2416 275/2419
f 203/2417 269/2418 264/2420
f 203/2417 264/2420 303/2421
f 303/2421 264/2420 337/2422
f 303/2421 337/2422 347/2423
f 337/2422 264/2420 252/2424
f 347/2423 337/2422 265/2425
f 265/2425 337/2422 252/2424
f 1539/2426 1458/2427 1466/2428
f 1539/2426 1466/2428 1552/2429
f 1415/2430 1406/2431 1458/2427
f 1458/2427 1406/2431 1466/2428
f 1552/2429 1466/2428 1533/2432
f 1533/2432 1466/2428 1497/2433
f 1533/2432 1497/2433 1534/2434
f 1466/2428 1406/2431 1454/2435
f 1466/2428 1454/2435 1497/2433
f 1497/2433 1454/2435 1367/2436
f 1454/2435 1406/2431 1352/2437
f 1454/2435 1352/2437 1367/2436
f 1367/2436 1352/2437 1265/2438
f 1265/2438 1352/2437 1194/2439
f 1194/2439 1352/2437 1288/2440
f 1552/2441 1570/2442 1632/2443
f 1632/2443 1570/2442 1666/2444
f 1570/2442 1552/2441 1533/2445
f 1570/2442 1533/2445 1534/2446
f 1666/2444 1570/2442 1649/2447
f 1570/2442 1534/2446 1601/2448
f 1570/2442 1601/2448 1649/2447
f 1649/2447 1601/2448 1653/2449
f 1649/2447 1653/2449 1681/2450
f 1681/2450 1653/2449 1715/2451
f 1653/2449 1601/2448 1603/2452
f 1603/2452 1601/2448 1607/2453
f 1603/2452 1607/2453 1577/2454
f 1607/2453 1601/2448 1621/2455
f 284/2456 1284/2457 287/2458
f 1257/2459 1330/2460 1284/2457
f 1257/2459 1284/2457 284/2456
f 284/2456 287/2458 357/2461
f 145/2462 1113/2463 284/2456
f 145/2462 284/2456 374/2464
f 374/2464 284/2456 368/2465
f 368/2465 284/2456 357/2461
f 374/2464 368/2465 381/2466
f 368/2465 357/2461 350/2467
f 368/2465 350/2467 381/2466
f 350/2467 357/2461 355/2468
f 381/2466 350/2467 322/2469
f 350/2467 355/2468 358/2470
f 358/2470 355/2468 370/2471
f 322/2469 350/2467 309/2472
f 309/2472 350/2467 358/2470
f 309/2472 358/2470 425/2473
f 425/2473 358/2470 435/2474
f 322/2469 309/2472 458/2475
f 458/2475 309/2472 425/2473
f 425/2473 435/2474 508/2476
f 425/2473 508/2476 458/2475
f 508/2476 435/2474 530/2477
f 508/2476 530/2477 564/2478
f 508/2476 564/2478 588/2479
f 588/2479 564/2478 640/2480
f 508/2476 588/2479 595/2481
f 508/2476 595/2481 514/2482
f 508/2476 514/2482 458/2475
f 456/2483 322/2469 458/2475
f 456/2483 458/2475 514/2482
f 322/2469 456/2483 404/2484
f 404/2484 456/2483 428/2485
f 428/2485 456/2483 514/2482
f 428/2485 514/2482 502/2486
f 502/2486 514/2482 551/2487
f 502/2486 551/2487 428/2485
f 428/2485 551/2487 436/2488
f 1053/2489 1113/2490 1091/2491
f 1113/2492 1257/2493 284/2494
f 1257/2493 1113/2492 1224/2495
f 1257/2493 1224/2495 1317/2496
f 1317/2496 1224/2495 53/2497
f 1224/2495 1113/2492 994/2498
f 53/2497 1224/2495 1087/2499
f 1087/2499 1224/2495 994/2498
f 1087/2499 994/2498 53/2497
f 994/2498 1113/2492 1053/2500
f 53/2497 994/2498 251/2501
f 251/2501 994/2498 1053/2500
f 53/2497 251/2501 256/2502
f 251/2501 1053/2500 144/2503
f 251/2501 144/2503 256/2502
f 256/2502 144/2503 145/2504
f 1370/2505 1352/2506 1406/2507
f 1352/2506 1370/2505 1200/2508
f 1352/2506 1200/2508 1288/2509
f 1288/2509 1200/2508 1297/2510
f 1288/2509 1297/2510 1330/2511
f 1288/2509 1330/2511 1257/2512
f 1288/2509 1257/2512 1317/2513
f 1304/2514 1288/2515 1317/2516
f 1288/2515 1304/2514 1194/2517
f 1194/2517 1304/2514 1265/2518
f 1265/2518 1304/2514 1313/2519
f 1304/2514 1317/2516 1290/2520
f 1313/2519 1304/2514 1258/2521
f 1258/2521 1304/2514 1290/2520
f 1290/2520 1317/2516 1125/2522
f 1290/2520 1125/2522 1258/2521
f 1125/2522 1317/2516 53/2523
f 1258/2521 1125/2522 1009/2524
f 1125/2522 53/2523 258/2525
f 1125/2522 258/2525 1009/2524
f 258/2525 53/2523 341/2526
f 341/2526 53/2523 256/2527
f 341/2526 256/2527 374/2528
f 374/2528 256/2527 145/2529
f 1009/2524 258/2525 1011/2530
f 1009/2524 1011/2530 1258/2521
f 1011/2530 258/2525 297/2531
f 1011/2530 297/2531 1018/2532
f 1018/2532 297/2531 315/2533
f 1258/2521 1011/2530 1229/2534
f 1229/2534 1011/2530 1018/2532
f 1258/2521 1229/2534 1313/2519
f 1229/2534 1018/2532 1281/2535
f 1229/2534 1281/2535 1313/2519
f 1273/2536 1132/2537 67/2538
f 67/2538 1132/2537 167/2539
f 1273/2536 67/2538 1023/2540
f 1273/2536 1023/2540 56/2541
f 1273/2536 56/2541 1169/2542
f 1273/2536 1169/2542 1204/2543
f 1169/2542 56/2541 1122/2544
f 1169/2542 1122/2544 10/2545
f 1122/2544 56/2541 1089/2546
f 1122/2544 1089/2546 10/2545
f 1875/2547 1939/2548 1945/2549
f 1945/2549 1939/2548 1953/2550
f 1875/2547 1945/2549 1911/2551
f 1875/2547 1911/2551 1922/2552
f 1922/2552 1911/2551 1945/2549
f 1945/2549 1953/2550 1946/2553
f 1945/2549 1946/2553 1922/2552
f 1946/2553 1953/2550 1913/2554
f 1946/2553 1913/2554 1922/2552
f 1639/2555 1600/2556 1622/2557
f 1622/2557 1600/2556 1542/2558
f 1542/2558 1600/2556 1535/2559
f 1622/2557 1542/2558 1613/2560
f 1622/2557 1613/2560 1639/2555
f 1613/2560 1542/2558 1525/2561
f 1639/2555 1613/2560 1683/2562
f 1639/2555 1683/2562 1701/2563
f 1613/2560 1525/2561 1588/2564
f 1588/2564 1525/2561 1532/2565
f 1613/2560 1588/2564 1615/2566
f 1613/2560 1615/2566 1683/2562
f 1588/2564 1532/2565 1560/2567
f 1560/2567 1532/2565 1486/2568
f 1560/2567 1486/2568 1531/2569
f 1560/2567 1531/2569 1594/2570
f 1594/2570 1531/2569 1606/2571
f 1560/2567 1594/2570 1636/2572
f 1560/2567 1636/2572 1588/2564
f 1588/2564 1636/2572 1641/2573
f 1636/2572 1594/2570 1672/2574
f 1636/2572 1672/2574 1641/2573
f 1672/2574 1594/2570 1665/2575
f 1665/2575 1594/2570 1606/2571
f 1641/2573 1672/2574 1629/2576
f 1629/2576 1672/2574 1665/2575
f 1641/2573 1629/2576 1588/2564
f 1588/2564 1629/2576 1612/2577
f 1612/2577 1629/2576 1665/2575
f 1588/2564 1612/2577 1615/2566
f 1615/2566 1612/2577 1683/2562
f 1612/2577 1665/2575 1680/2578
f 1612/2577 1680/2578 1683/2562
f 1680/2578 1665/2575 1606/2571
f 1680/2578 1606/2571 1625/2579
f 1625/2579 1606/2571 1608/2580
f 1608/2580 1606/2571 1555/2581
f 1625/2579 1608/2580 1664/2582
f 1625/2579 1664/2582 1680/2578
f 1683/2562 1680/2578 1690/2583
f 1664/2582 1608/2580 1656/2584
f 1683/2562 1690/2583 1713/2585
f 1713/2585 1690/2583 1680/2578
f 1683/2562 1713/2585 1701/2563
f 1701/2563 1713/2585 1902/2586
f 1902/2586 1713/2585 1919/2587
f 1919/2587 1713/2585 1738/2588
f 1738/2588 1713/2585 1909/2589
f 1696/2590 1680/2578 1664/2582
f 1680/2578 1696/2590 1713/2585
f 1696/2590 1664/2582 1656/2584
f 1591/2591 1656/2584 1608/2580
f 1713/2585 1696/2590 1709/2592
f 1713/2585 1709/2592 1909/2589
f 1909/2589 1709/2592 1926/2593
f 1909/2589 1926/2593 1910/2594
f 1709/2592 1696/2590 1811/2595
f 1709/2592 1811/2595 1926/2593
f 1811/2595 1696/2590 1656/2584
f 1926/2593 1811/2595 1927/2596
f 1685/2597 1656/2584 1591/2591
f 1656/2584 1685/2597 1811/2595
f 1811/2595 1685/2597 1808/2598
f 1685/2597 1591/2591 1659/2599
f 1808/2598 1685/2597 1718/2600
f 1685/2597 1659/2599 1684/2601
f 1685/2597 1684/2601 1718/2600
f 1684/2601 1659/2599 1643/2602
f 1718/2600 1684/2601 1661/2603
f 1661/2603 1684/2601 1643/2602
f 1661/2603 1643/2602 1702/2604
f 1718/2600 1661/2603 1711/2605
f 1711/2605 1661/2603 1637/2606
f 1711/2605 1637/2606 1651/2607
f 1939/2608 1907/2609 1953/2610
f 1953/2610 1907/2609 1913/2611
f 1907/2609 1939/2608 1875/2612
f 1913/2611 1907/2609 1922/2613
f 1922/2613 1907/2609 1875/2612
f 1534/2614 1548/2615 1601/2616
f 1601/2616 1548/2615 1621/2617
f 1548/2615 1534/2614 1551/2618
f 1548/2615 1551/2618 1621/2617
f 1551/2618 1534/2614 1497/2619
f 1621/2617 1551/2618 1571/2620
f 1621/2617 1571/2620 1607/2621
f 1607/2621 1571/2620 1577/2622
f 1577/2622 1571/2620 1551/2618
f 1551/2618 1497/2619 1423/2623
f 1423/2623 1497/2619 1367/2624
f 1423/2623 1367/2624 1265/2625
f 1423/2623 1265/2625 1313/2626
f 1575/2627 1603/2628 1577/2622
f 1575/2627 1577/2622 1517/2629
f 1517/2629 1577/2622 1551/2618
f 1575/2627 1517/2629 1581/2630
f 1469/2631 1551/2618 1423/2623
f 1551/2618 1469/2631 1517/2629
f 1423/2623 1313/2626 1433/2632
f 1423/2623 1433/2632 1469/2631
f 1482/2633 1535/2634 1581/2630
f 1482/2633 1581/2630 1449/2635
f 1449/2635 1581/2630 1517/2629
f 1482/2633 1449/2635 1428/2636
f 1517/2629 1469/2631 1479/2637
f 1479/2637 1469/2631 1478/2638
f 1478/2638 1469/2631 1433/2632
f 1478/2638 1433/2632 1479/2637
f 1517/2629 1479/2637 1416/2639
f 1416/2639 1479/2637 1433/2632
f 1517/2629 1416/2639 1449/2635
f 1457/2640 1428/2636 1449/2635
f 1457/2640 1449/2635 1416/2639
f 1428/2636 1457/2640 1378/2641
f 1416/2639 1433/2632 1397/2642
f 1416/2639 1397/2642 1457/2640
f 1397/2642 1433/2632 1313/2626
f 1397/2642 1313/2626 1332/2643
f 1397/2642 1332/2643 1323/2644
f 1457/2640 1397/2642 1390/2645
f 1390/2645 1397/2642 1323/2644
f 1457/2640 1390/2645 1378/2641
f 1390/2645 1323/2644 1308/2646
f 1390/2645 1308/2646 1378/2641
f 1542/2647 1535/2648 1521/2649
f 1521/2649 1535/2648 1482/2650
f 1542/2647 1521/2649 1464/2651
f 1542/2647 1464/2651 1525/2652
f 1521/2649 1482/2650 1424/2653
f 1521/2649 1424/2653 1464/2651
f 1424/2653 1482/2650 1428/2654
f 1424/2653 1428/2654 1378/2655
f 1424/2653 1378/2655 1308/2656
f 1464/2651 1424/2653 1361/2657
f 1361/2657 1424/2653 1308/2656
f 1464/2651 1361/2657 1394/2658
f 1361/2657 1308/2656 1268/2659
f 1394/2658 1361/2657 1269/2660
f 1269/2660 1361/2657 1268/2659
f 1332/2661 1313/2662 1339/2663
f 1339/2663 1313/2662 1281/2664
f 1332/2661 1339/2663 1256/2665
f 1332/2661 1256/2665 1323/2666
f 1256/2665 1339/2663 1041/2667
f 1323/2666 1256/2665 1321/2668
f 1323/2666 1321/2668 1308/2669
f 1308/2669 1321/2668 1268/2670
f 1321/2668 1256/2665 1241/2671
f 1321/2668 1241/2671 1211/2672
f 1211/2672 1241/2671 33/2673
f 33/2673 1241/2671 993/2674
f 993/2674 1241/2671 15/2675
f 993/2674 15/2675 292/2676
f 1241/2671 1256/2665 121/2677
f 1241/2671 121/2677 15/2675
f 15/2675 121/2677 292/2676
f 121/2677 1256/2665 1041/2667
f 292/2676 121/2677 313/2678
f 313/2678 121/2677 1041/2667
f 313/2678 1041/2667 325/2679
f 315/2680 1173/2681 1281/2682
f 315/2680 1281/2682 1018/2683
f 1173/2681 315/2680 39/2684
f 1281/2682 1173/2681 1253/2685
f 1281/2682 1253/2685 1339/2686
f 1173/2681 39/2684 1084/2687
f 1173/2681 1084/2687 1253/2685
f 1339/2686 1253/2685 95/2688
f 1339/2686 95/2688 1041/2689
f 1041/2689 95/2688 325/2690
f 325/2690 95/2688 391/2691
f 95/2688 1253/2685 137/2692
f 137/2692 1253/2685 1084/2687
f 391/2691 95/2688 304/2693
f 304/2693 95/2688 137/2692
f 391/2691 304/2693 315/2694
f 315/2694 304/2693 39/2695
f 39/2695 304/2693 137/2692
f 137/2692 1084/2687 207/2696
f 137/2692 207/2696 39/2695
f 1132/2697 39/2695 167/2698
f 167/2698 39/2695 319/2699
f 319/2699 39/2695 207/2696
f 319/2699 207/2696 163/2700
f 319/2699 163/2700 1037/2701
f 1037/2701 163/2700 207/2696
f 1139/2702 207/2696 1084/2687
f 207/2696 1139/2702 1037/2701
f 1037/2701 1139/2702 1204/2703
f 1139/2702 1084/2687 39/2684
f 1204/2703 1139/2702 1273/2704
f 1273/2704 1139/2702 39/2684
f 1273/2704 39/2684 1132/2705
f 1204/2706 1169/2707 66/2708
f 1204/2706 66/2708 1037/2709
f 66/2708 1169/2707 10/2710
f 1037/2709 66/2708 236/2711
f 236/2711 66/2708 10/2710
f 1037/2709 236/2711 319/2712
f 67/2713 167/2714 319/2712
f 67/2713 319/2712 236/2711
f 67/2713 236/2711 1023/2715
f 1023/2715 236/2711 56/2716
f 56/2716 236/2711 178/2717
f 178/2717 236/2711 10/2710
f 56/2716 178/2717 1089/2718
f 178/2717 10/2710 153/2719
f 178/2717 153/2719 1089/2718
f 1089/2718 153/2719 10/2710
f 413/2720 451/2721 370/2722
f 451/2721 413/2720 498/2723
f 370/2722 451/2721 435/2724
f 370/2722 435/2724 358/2725
f 435/2724 451/2721 530/2726
f 451/2727 498/2728 553/2729
f 451/2727 553/2729 530/2730
f 564/2731 530/2730 563/2732
f 563/2732 530/2730 553/2729
f 563/2732 553/2729 587/2733
f 553/2729 498/2728 604/2734
f 604/2734 498/2728 621/2735
f 604/2734 621/2735 676/2736
f 604/2734 676/2736 646/2737
f 604/2734 646/2737 553/2729
f 553/2729 646/2737 581/2738
f 587/2733 553/2729 620/2739
f 620/2739 553/2729 581/2738
f 587/2733 620/2739 616/2740
f 616/2740 620/2739 659/2741
f 620/2739 581/2738 653/2742
f 653/2742 581/2738 646/2737
f 620/2739 653/2742 682/2743
f 653/2742 646/2737 672/2744
f 672/2744 646/2737 682/2743
f 672/2744 682/2743 653/2742
f 621/2745 618/2746 732/2747
f 621/2745 732/2747 676/2748
f 732/2747 618/2746 739/2749
f 739/2749 618/2746 690/2750
f 676/2748 732/2747 702/2751
f 739/2749 690/2750 768/2752
f 768/2752 690/2750 636/2753
f 768/2752 636/2753 687/2754
f 732/2747 739/2749 746/2755
f 732/2747 746/2755 702/2751
f 739/2749 768/2752 801/2756
f 801/2756 768/2752 803/2757
f 739/2749 801/2756 746/2755
f 682/2758 676/2748 702/2751
f 676/2748 682/2758 646/2759
f 682/2758 702/2751 703/2760
f 682/2758 703/2760 620/2761
f 620/2761 703/2760 659/2762
f 659/2762 703/2760 640/2763
f 703/2760 702/2751 734/2764
f 734/2764 702/2751 746/2755
f 640/2763 703/2760 749/2765
f 749/2765 703/2760 734/2764
f 640/2763 749/2765 696/2766
f 696/2766 749/2765 751/2767
f 751/2767 749/2765 804/2768
f 804/2768 749/2765 734/2764
f 751/2767 804/2768 726/2769
f 726/2769 804/2768 772/2770
f 772/2770 804/2768 826/2771
f 826/2771 804/2768 859/2772
f 804/2768 734/2764 824/2773
f 804/2768 824/2773 859/2772
f 824/2773 734/2764 746/2755
f 859/2772 824/2773 842/2774
f 859/2772 842/2774 860/2775
f 824/2773 746/2755 813/2776
f 813/2776 746/2755 801/2756
f 824/2773 813/2776 816/2777
f 824/2773 816/2777 842/2774
f 813/2776 801/2756 827/2778
f 813/2776 827/2778 816/2777
f 827/2778 801/2756 810/2779
f 842/2774 816/2777 814/2780
f 903/2781 860/2775 842/2774
f 860/2775 903/2781 881/2782
f 842/2774 814/2780 897/2783
f 842/2774 897/2783 903/2781
f 814/2780 816/2777 877/2784
f 814/2780 877/2784 897/2783
f 874/2785 816/2777 827/2778
f 816/2777 874/2785 877/2784
f 874/2785 827/2778 910/2786
f 910/2786 827/2778 810/2779
f 877/2784 874/2785 912/2787
f 877/2784 912/2787 897/2783
f 874/2785 910/2786 938/2788
f 874/2785 938/2788 912/2787
f 910/2786 810/2779 940/2789
f 910/2786 940/2789 938/2788
f 940/2789 810/2779 868/2790
f 940/2789 868/2790 949/2791
f 940/2789 949/2791 964/2792
f 940/2789 964/2792 938/2788
f 964/2792 949/2791 959/2793
f 952/2794 912/2787 938/2788
f 912/2787 952/2794 897/2783
f 952/2794 938/2788 971/2795
f 971/2795 938/2788 964/2792
f 964/2792 959/2793 974/2796
f 964/2792 974/2796 965/2797
f 964/2792 965/2797 972/2798
f 964/2792 972/2798 971/2795
f 965/2797 974/2796 950/2799
f 965/2797 950/2799 972/2798
f 972/2798 950/2799 971/2795
f 950/2799 974/2796 977/2800
f 950/2799 977/2800 971/2795
f 967/2801 952/2794 971/2795
f 967/2801 971/2795 977/2800
f 952/2794 967/2801 897/2783
f 959/2802 960/2803 977/2800
f 977/2800 960/2803 967/2801
f 967/2801 960/2803 956/2804
f 897/2783 967/2801 937/2805
f 897/2783 937/2805 903/2781
f 967/2801 956/2804 917/2806
f 967/2801 917/2806 937/2805
f 917/2806 956/2804 941/2807
f 917/2806 941/2807 914/2808
f 937/2805 917/2806 907/2809
f 937/2805 907/2809 903/2781
f 907/2809 917/2806 914/2808
f 903/2781 907/2809 881/2782
f 907/2809 914/2808 942/2810
f 907/2809 942/2810 881/2782
f 561/2811 563/2812 587/2813
f 561/2811 587/2813 616/2814
f 563/2815 616/2816 659/2817
f 563/2815 659/2817 564/2818
f 564/2818 659/2817 640/2819
f 959/2820 977/2821 974/2822
f 982/2823 956/2824 960/2825
f 982/2823 960/2825 983/2826
f 956/2824 982/2823 966/2827
f 956/2824 966/2827 941/2828
f 941/2828 966/2827 914/2829
f 966/2827 982/2823 981/2830
f 981/2830 982/2823 983/2826
f 914/2829 966/2827 970/2831
f 970/2831 966/2827 981/2830
f 981/2830 983/2826 979/2832
f 981/2830 979/2832 970/2831
f 979/2832 983/2826 980/2833
f 979/2832 980/2833 975/2834
f 979/2832 975/2834 973/2835
f 979/2832 973/2835 970/2831
f 914/2829 970/2831 935/2836
f 914/2829 935/2836 881/2837
f 881/2837 935/2836 860/2838
f 935/2836 970/2831 889/2839
f 860/2838 935/2836 850/2840
f 850/2840 935/2836 889/2839
f 860/2838 850/2840 859/2841
f 859/2841 850/2840 864/2842
f 864/2842 850/2840 889/2839
f 957/2843 970/2831 973/2835
f 970/2831 957/2843 889/2839
f 957/2843 973/2835 936/2844
f 936/2844 973/2835 955/2845
f 957/2843 936/2844 865/2846
f 957/2843 865/2846 889/2839
f 865/2846 936/2844 830/2847
f 908/2848 864/2842 889/2839
f 908/2848 889/2839 865/2846
f 864/2842 908/2848 851/2849
f 908/2848 865/2846 895/2850
f 908/2848 895/2850 851/2849
f 895/2850 865/2846 858/2851
f 851/2849 895/2850 843/2852
f 895/2850 858/2851 833/2853
f 895/2850 833/2853 843/2852
f 833/2853 858/2851 785/2854
f 843/2852 833/2853 815/2855
f 815/2855 833/2853 785/2854
f 650/2856 640/2857 696/2858
f 640/2857 650/2856 588/2859
f 588/2859 650/2856 595/2860
f 595/2860 650/2856 575/2861
f 595/2860 575/2861 514/2862
f 514/2862 575/2861 551/2863
f 575/2861 650/2856 608/2864
f 608/2864 650/2856 696/2858
f 608/2864 696/2858 647/2865
f 647/2865 696/2858 726/2866
f 726/2866 696/2858 751/2867
f 745/2868 758/2869 766/2870
f 766/2870 758/2869 798/2871
f 745/2868 766/2870 744/2872
f 728/2873 826/2874 798/2871
f 798/2871 826/2874 839/2875
f 798/2871 839/2875 766/2870
f 839/2875 826/2874 859/2876
f 839/2875 859/2876 864/2877
f 766/2870 839/2875 796/2878
f 796/2878 839/2875 864/2877
f 759/2879 744/2872 766/2870
f 759/2879 766/2870 796/2878
f 796/2878 864/2877 792/2880
f 792/2880 864/2877 851/2881
f 796/2878 792/2880 785/2882
f 796/2878 785/2882 797/2883
f 796/2878 797/2883 759/2879
f 797/2883 785/2882 858/2884
f 797/2883 858/2884 759/2879
f 759/2879 858/2884 855/2885
f 855/2885 858/2884 873/2886
f 873/2886 858/2884 865/2887
f 873/2886 865/2887 862/2888
f 759/2879 855/2885 799/2889
f 759/2879 799/2889 767/2890
f 759/2879 767/2890 744/2872
f 767/2890 799/2889 729/2891
f 767/2890 729/2891 744/2872
f 744/2872 729/2891 719/2892
f 719/2892 729/2891 678/2893
f 893/2894 951/2895 880/2896
f 880/2896 951/2895 927/2897
f 893/2894 880/2896 904/2898
f 953/2899 954/2900 951/2895
f 953/2899 951/2895 893/2894
f 953/2899 893/2894 942/2901
f 942/2901 893/2894 881/2902
f 893/2894 904/2898 926/2903
f 893/2894 926/2903 881/2902
f 881/2902 926/2903 914/2904
f 926/2903 904/2898 945/2905
f 914/2904 926/2903 942/2906
f 942/2906 926/2903 945/2905
f 942/2906 945/2905 953/2907
f 374/2908 381/2909 341/2910
f 341/2910 381/2909 343/2911
f 343/2911 381/2909 322/2912
f 341/2910 343/2911 364/2913
f 341/2910 364/2913 258/2914
f 258/2914 364/2913 297/2915
f 297/2915 364/2913 315/2916
f 315/2916 364/2913 391/2917
f 343/2911 322/2912 271/2918
f 271/2918 322/2912 404/2919
f 271/2918 404/2919 428/2920
f 271/2918 428/2920 436/2921
f 343/2911 271/2918 330/2922
f 330/2922 271/2918 436/2921
f 343/2911 330/2922 364/2913
f 364/2913 330/2922 436/2921
f 364/2913 436/2921 460/2923
f 387/2924 391/2917 364/2913
f 387/2924 364/2913 460/2923
f 313/2925 325/2926 391/2917
f 313/2925 391/2917 387/2924
f 387/2924 460/2923 488/2927
f 488/2927 460/2923 536/2928
f 313/2925 387/2924 375/2929
f 313/2925 375/2929 292/2930
f 292/2930 375/2929 360/2931
f 375/2929 387/2924 457/2932
f 457/2932 387/2924 488/2927
f 360/2931 375/2929 380/2933
f 380/2933 375/2929 457/2932
f 360/2931 380/2933 366/2934
f 366/2934 380/2933 433/2935
f 433/2935 380/2933 457/2932
f 457/2932 488/2927 482/2936
f 482/2936 488/2927 489/2937
f 489/2937 488/2927 526/2938
f 526/2938 488/2927 536/2928
f 526/2938 536/2928 489/2937
f 647/2939 674/2940 601/2941
f 647/2939 601/2941 608/2942
f 601/2941 674/2940 614/2943
f 674/2940 647/2939 648/2944
f 614/2943 674/2940 652/2945
f 652/2945 674/2940 648/2944
f 614/2943 652/2945 597/2946
f 597/2946 652/2945 648/2944
f 597/2946 648/2944 624/2947
f 602/2948 436/2949 551/2950
f 436/2949 602/2948 460/2951
f 602/2948 551/2950 575/2952
f 460/2951 602/2948 597/2953
f 460/2951 597/2953 536/2954
f 597/2953 602/2948 614/2955
f 614/2955 602/2948 601/2956
f 601/2956 602/2948 575/2952
f 601/2956 575/2952 608/2957
f 528/2958 584/2959 569/2960
f 569/2960 584/2959 585/2961
f 585/2961 584/2959 665/2962
f 665/2962 584/2959 680/2963
f 680/2964 584/2965 718/2966
f 680/2964 718/2966 758/2967
f 758/2967 718/2966 798/2968
f 718/2966 584/2965 612/2969
f 612/2969 584/2965 495/2970
f 798/2968 718/2966 728/2971
f 718/2966 612/2969 624/2972
f 624/2972 612/2969 570/2973
f 718/2966 624/2972 728/2971
f 728/2971 624/2972 648/2974
f 728/2971 648/2974 647/2975
f 728/2971 647/2975 705/2976
f 705/2976 647/2975 726/2977
f 728/2971 705/2976 771/2978
f 771/2978 705/2976 726/2977
f 771/2978 726/2977 737/2979
f 771/2978 737/2979 728/2971
f 737/2979 726/2977 772/2980
f 737/2979 772/2980 728/2971
f 728/2971 772/2980 826/2981
f 725/2982 680/2983 758/2984
f 680/2983 725/2982 665/2985
f 725/2982 758/2984 745/2986
f 665/2985 725/2982 661/2987
f 661/2987 725/2982 745/2986
f 665/2985 661/2987 630/2988
f 661/2987 745/2986 710/2989
f 661/2987 710/2989 684/2990
f 710/2989 745/2986 744/2991
f 684/2990 710/2989 724/2992
f 710/2989 744/2991 719/2993
f 724/2992 710/2989 691/2994
f 691/2994 710/2989 719/2993
f 691/2994 719/2993 663/2995
f 663/2995 719/2993 678/2996
f 856/2997 880/2998 927/2999
f 880/2998 856/2997 883/3000
f 880/2998 883/3000 904/3001
f 904/3001 883/3000 945/3002
f 883/3000 856/2997 899/3003
f 899/3003 856/2997 840/3004
f 840/3004 856/2997 870/3005
f 899/3003 840/3004 919/3006
f 919/3006 840/3004 870/3005
f 927/3007 951/3008 954/3009
f 927/3007 954/3009 902/3010
f 927/3007 902/3010 856/3011
f 856/3011 902/3010 870/3012
f 870/3012 902/3010 930/3013
f 930/3013 902/3010 954/3009
f 870/3012 930/3013 919/3014
f 919/3014 930/3013 954/3009
f 919/3014 954/3009 899/3015
f 899/3015 954/3009 933/3016
f 899/3015 933/3016 883/3017
f 883/3017 933/3016 945/3018
f 945/3018 933/3016 954/3009
f 945/3018 954/3009 953/3019
f 905/3020 884/3021 869/3022
f 869/3022 884/3021 879/3023
f 869/3022 879/3023 905/3020
f 473/3024 433/3025 479/3026
f 366/3027 433/3025 349/3028
f 349/3028 433/3025 473/3024
f 349/3028 473/3024 415/3029
f 349/3028 415/3029 288/3030
f 288/3030 415/3029 454/3031
f 454/3031 415/3029 473/3024
f 288/3030 454/3031 408/3032
f 288/3030 408/3032 270/3033
f 454/3031 473/3024 505/3034
f 505/3034 473/3024 574/3035
f 574/3035 473/3024 569/3036
f 574/3035 569/3036 585/3037
f 569/3036 473/3024 528/3038
f 528/3038 473/3024 479/3026
f 528/3038 479/3026 495/3039
f 528/3038 495/3039 584/3040
f 495/3039 479/3026 512/3041
f 512/3041 479/3026 433/3025
f 512/3041 433/3025 457/3042
f 512/3041 457/3042 482/3043
f 512/3041 482/3043 495/3039
f 495/3039 482/3043 570/3044
f 495/3039 570/3044 612/3045
f 570/3044 482/3043 536/3046
f 536/3046 482/3043 489/3047
f 570/3048 536/3049 597/3050
f 570/3048 597/3050 624/3051
f 1884/3052 1843/3053 1812/3054
f 1812/3054 1843/3053 1960/3055
f 1843/3053 1884/3052 1808/3056
f 1843/3053 1808/3056 1960/3055
f 1808/3056 1884/3052 1811/3057
f 1960/3055 1808/3056 1727/3058
f 1960/3055 1727/3058 1812/3054
f 1727/3058 1808/3056 1718/3059
f 1727/3058 1718/3059 1711/3060
f 1727/3058 1711/3060 1812/3054
f 1714/3061 1884/3052 1812/3054
f 1714/3061 1812/3054 1711/3060
f 1884/3052 1714/3061 1706/3062
f 1714/3061 1711/3060 1651/3063
f 1706/3062 1714/3061 1682/3064
f 1682/3064 1714/3061 1651/3063
f 1706/3062 1682/3064 1678/3065
f 1682/3064 1651/3063 1567/3066
f 1678/3065 1682/3064 1618/3067
f 1618/3067 1682/3064 1567/3066
f 1944/3068 1933/3069 1910/3070
f 1910/3070 1933/3069 1909/3071
f 1933/3069 1944/3068 1949/3072
f 1909/3071 1933/3069 1908/3073
f 1933/3069 1949/3072 1920/3074
f 1933/3069 1920/3074 1908/3073
f 1920/3074 1949/3072 1919/3075
f 1908/3073 1920/3074 1880/3076
f 1920/3074 1919/3075 1726/3077
f 1920/3074 1726/3077 1880/3076
f 1738/3078 1726/3079 1919/3080
f 1726/3079 1738/3078 1729/3081
f 1726/3079 1729/3081 1880/3082
f 1729/3081 1738/3078 1909/3083
f 1880/3082 1729/3081 1908/3084
f 1908/3084 1729/3081 1909/3083
f 1606/3085 1516/3086 1555/3087
f 1555/3087 1516/3086 1498/3088
f 1498/3088 1516/3086 1445/3089
f 1555/3087 1498/3088 1526/3090
f 1498/3088 1445/3089 1395/3091
f 1498/3088 1395/3091 1526/3090
f 1555/3087 1526/3090 1608/3092
f 1395/3091 1445/3089 1311/3093
f 1608/3092 1526/3090 1524/3094
f 1608/3092 1524/3094 1591/3095
f 1591/3095 1524/3094 1659/3096
f 1524/3094 1526/3090 1487/3097
f 1524/3094 1487/3097 1659/3096
f 1487/3097 1526/3090 1395/3091
f 1395/3091 1311/3093 1325/3098
f 1325/3098 1311/3093 1287/3099
f 1325/3098 1287/3099 1280/3100
f 1487/3097 1395/3091 1404/3101
f 1395/3091 1325/3098 1349/3102
f 1395/3091 1349/3102 1404/3101
f 1349/3102 1325/3098 1344/3103
f 1344/3103 1325/3098 1280/3100
f 1404/3101 1349/3102 1403/3104
f 1404/3101 1403/3104 1487/3097
f 1403/3104 1349/3102 1344/3103
f 1487/3097 1403/3104 1514/3105
f 1487/3097 1514/3105 1659/3096
f 1403/3104 1344/3103 1405/3106
f 1403/3104 1405/3106 1514/3105
f 1344/3103 1280/3100 1098/3107
f 1098/3107 1280/3100 1206/3108
f 1098/3107 1206/3108 1065/3109
f 1065/3109 1206/3108 259/3110
f 1065/3109 259/3110 194/3111
f 1065/3109 194/3111 1098/3107
f 1098/3107 194/3111 1184/3112
f 1098/3107 1184/3112 1344/3103
f 1184/3112 194/3111 336/3113
f 1184/3112 336/3113 1056/3114
f 1344/3103 1184/3112 1327/3115
f 1327/3115 1184/3112 1056/3114
f 1344/3103 1327/3115 1405/3106
f 1327/3115 1056/3114 1014/3116
f 1327/3115 1014/3116 1248/3117
f 1327/3115 1248/3117 1365/3118
f 1327/3115 1365/3118 1405/3106
f 1405/3106 1365/3118 1431/3119
f 1405/3106 1431/3119 1514/3105
f 1431/3119 1365/3118 1442/3120
f 1514/3105 1431/3119 1468/3121
f 1468/3121 1431/3119 1467/3122
f 1467/3122 1431/3119 1442/3120
f 1467/3122 1442/3120 1468/3121
f 1514/3105 1468/3121 1563/3123
f 1563/3123 1468/3121 1442/3120
f 1442/3120 1365/3118 1515/3124
f 1442/3120 1515/3124 1563/3123
f 1515/3124 1365/3118 1434/3125
f 1515/3124 1434/3125 1567/3126
f 1515/3124 1567/3126 1651/3127
f 1515/3124 1651/3127 1563/3123
f 1563/3123 1651/3127 1637/3128
f 1585/3129 1514/3105 1563/3123
f 1514/3105 1585/3129 1659/3096
f 1659/3096 1585/3129 1643/3130
f 1585/3129 1563/3123 1617/3131
f 1585/3129 1617/3131 1643/3130
f 1617/3131 1563/3123 1637/3128
f 1643/3130 1617/3131 1702/3132
f 1702/3132 1617/3131 1637/3128
f 1702/3132 1637/3128 1661/3133
f 1516/3134 1606/3135 1531/3136
f 1516/3134 1531/3136 1472/3137
f 1472/3137 1531/3136 1451/3138
f 1451/3138 1531/3136 1486/3139
f 1451/3138 1486/3139 1492/3140
f 1451/3138 1492/3140 1490/3141
f 1472/3137 1451/3138 1418/3142
f 1472/3137 1418/3142 1356/3143
f 1451/3138 1490/3141 1435/3144
f 1435/3144 1490/3141 1444/3145
f 1418/3142 1451/3138 1426/3146
f 1426/3146 1451/3138 1435/3144
f 1426/3146 1435/3144 1444/3145
f 1418/3142 1426/3146 1356/3143
f 1356/3143 1426/3146 1351/3147
f 1356/3143 1351/3147 1203/3148
f 1351/3147 1426/3146 1394/3149
f 1175/3150 1280/3151 1287/3152
f 1280/3151 1175/3150 1206/3153
f 1175/3150 1287/3152 1271/3154
f 1175/3150 1271/3154 1206/3153
f 1271/3154 1287/3152 1246/3155
f 1206/3153 1271/3154 1214/3156
f 1206/3153 1214/3156 1096/3157
f 1271/3154 1246/3155 1043/3158
f 1271/3154 1043/3158 1214/3156
f 1043/3158 1246/3155 1152/3159
f 1096/3157 1214/3156 1185/3160
f 1185/3160 1214/3156 1043/3158
f 1096/3157 1185/3160 1254/3161
f 1185/3160 1043/3158 1001/3162
f 1185/3160 1001/3162 1254/3161
f 1001/3162 1043/3158 1045/3163
f 1001/3162 1045/3163 1048/3164
f 1254/3161 1001/3162 24/3165
f 1254/3161 24/3165 1080/3166
f 1014/3167 1061/3168 1248/3169
f 1248/3169 1061/3168 417/3170
f 417/3170 1061/3168 192/3171
f 1061/3168 1014/3167 16/3172
f 1061/3168 16/3172 192/3171
f 192/3171 16/3172 1014/3167
f 192/3171 1014/3167 336/3173
f 336/3173 1014/3167 1056/3174
f 1096/3175 1254/3176 40/3177
f 1096/3175 40/3177 152/3178
f 152/3178 40/3177 307/3179
f 307/3179 40/3177 8/3180
f 8/3180 40/3177 1254/3176
f 8/3180 1254/3176 1080/3181
f 1952/3182 1923/3183 1935/3184
f 1935/3184 1923/3183 1930/3185
f 1923/3183 1952/3182 1916/3186
f 1923/3183 1916/3186 1930/3185
f 1930/3185 1916/3186 1931/3187
f 1935/3188 1930/3189 1952/3190
f 1952/3190 1930/3189 1931/3191
f 1952/3192 1961/3193 1931/3194
f 1931/3194 1961/3193 1942/3195
f 1931/3194 1942/3195 1918/3196
f 1931/3194 1918/3196 1916/3197
f 1961/3198 1916/3199 1942/3200
f 1942/3200 1916/3199 1918/3201
f 1916/3199 1961/3198 1952/3202
f 1464/3203 1532/3204 1525/3205
f 1532/3204 1464/3203 1444/3206
f 1444/3206 1464/3203 1394/3207
f 1444/3206 1394/3207 1426/3208
f 1532/3204 1444/3206 1486/3209
f 1486/3209 1444/3206 1492/3210
f 1492/3210 1444/3206 1490/3211
f 1394/3212 1269/3213 1351/3214
f 1351/3214 1269/3213 1203/3215
f 1203/3215 1269/3213 1319/3216
f 1319/3216 1269/3213 1321/3217
f 1321/3217 1269/3213 1268/3218
f 1319/3216 1321/3217 1309/3219
f 1319/3216 1309/3219 1267/3220
f 1309/3219 1321/3217 1222/3221
f 1309/3219 1222/3221 1267/3220
f 1222/3221 1321/3217 1211/3222
f 1267/3220 1222/3221 1073/3223
f 1222/3221 1211/3222 1121/3224
f 1121/3224 1211/3222 157/3225
f 1121/3224 157/3225 1222/3221
f 157/3225 1211/3222 33/3226
f 157/3225 33/3226 292/3227
f 292/3227 33/3226 993/3228
f 1222/3221 157/3225 186/3229
f 1222/3221 186/3229 1073/3223
f 157/3225 292/3227 342/3230
f 157/3225 342/3230 186/3229
f 342/3230 292/3227 360/3231
f 1073/3223 186/3229 92/3232
f 1073/3223 92/3232 1218/3233
f 186/3229 342/3230 318/3234
f 186/3229 318/3234 92/3232
f 342/3230 360/3231 372/3235
f 342/3230 372/3235 318/3234
f 92/3232 318/3234 346/3236
f 346/3236 318/3234 372/3235
f 92/3232 346/3236 274/3237
f 92/3232 274/3237 17/3238
f 346/3236 372/3235 353/3239
f 372/3235 360/3231 349/3240
f 349/3240 360/3231 366/3241
f 372/3235 349/3240 288/3242
f 372/3235 288/3242 353/3239
f 353/3239 288/3242 270/3243
f 1301/3244 1319/3245 1267/3246
f 1319/3245 1301/3244 1203/3247
f 1203/3247 1301/3244 1196/3248
f 1196/3248 1301/3244 1282/3249
f 1196/3248 1282/3249 1291/3250
f 1203/3247 1196/3248 1356/3251
f 1356/3251 1196/3248 1291/3250
f 1356/3251 1291/3250 1396/3252
f 1396/3252 1291/3250 1311/3253
f 1396/3252 1311/3253 1445/3254
f 1396/3252 1445/3254 1516/3255
f 1396/3252 1516/3255 1472/3256
f 1356/3251 1396/3252 1425/3257
f 1356/3251 1425/3257 1472/3256
f 1472/3256 1425/3257 1396/3252
f 1218/3258 1267/3259 1073/3260
f 1267/3259 1218/3258 1212/3261
f 1267/3259 1212/3261 1245/3262
f 1245/3262 1212/3261 1192/3263
f 1192/3263 1212/3261 64/3264
f 1192/3263 64/3264 20/3265
f 25/3266 1143/3267 20/3265
f 20/3265 1143/3267 1192/3263
f 1192/3263 1143/3267 1220/3268
f 1192/3263 1220/3268 1342/3269
f 1245/3262 1192/3263 1331/3270
f 1331/3270 1192/3263 1342/3269
f 1245/3262 1331/3270 1320/3271
f 1320/3271 1331/3270 1342/3269
f 1245/3262 1320/3271 1267/3259
f 1320/3271 1342/3269 1282/3272
f 1267/3259 1320/3271 1301/3273
f 1301/3273 1320/3271 1282/3272
f 1282/3274 1306/3275 1291/3276
f 1306/3275 1282/3274 1342/3277
f 1287/3278 1311/3279 1291/3276
f 1287/3278 1291/3276 1306/3275
f 1306/3275 1342/3277 1220/3280
f 1287/3278 1306/3275 1246/3281
f 1306/3275 1220/3280 1234/3282
f 1306/3275 1234/3282 1246/3281
f 1234/3282 1220/3280 1025/3283
f 1025/3283 1220/3280 1143/3284
f 1246/3281 1234/3282 1038/3285
f 1038/3285 1234/3282 1025/3283
f 1246/3281 1038/3285 36/3286
f 1246/3281 36/3286 1152/3287
f 36/3286 1038/3285 1036/3288
f 1036/3288 1038/3285 1025/3283
f 36/3286 1036/3288 1166/3289
f 1166/3289 1036/3288 1157/3290
f 1157/3290 1036/3288 1042/3291
f 1042/3291 1036/3288 1025/3283
f 1042/3291 1025/3283 1133/3292
f 1133/3292 1025/3283 1143/3284
f 1133/3292 1143/3284 25/3293
f 1042/3291 1133/3292 1151/3294
f 1151/3294 1133/3292 25/3293
f 1151/3294 25/3293 26/3295
f 26/3295 25/3293 205/3296
f 1151/3294 26/3295 1116/3297
f 1151/3294 1116/3297 1165/3298
f 1165/3298 1116/3297 1085/3299
f 26/3295 205/3296 89/3300
f 89/3300 205/3296 231/3301
f 89/3300 231/3301 141/3302
f 1218/3303 5/3304 1144/3305
f 5/3304 1218/3303 17/3306
f 17/3306 1218/3303 92/3307
f 1218/3303 1144/3305 1212/3308
f 5/3304 17/3306 274/3309
f 1212/3308 1144/3305 142/3310
f 1144/3305 5/3304 187/3311
f 187/3311 5/3304 274/3309
f 1144/3305 187/3311 142/3310
f 187/3311 274/3309 293/3312
f 187/3311 293/3312 142/3310
f 1212/3308 142/3310 64/3313
f 64/3313 142/3310 293/3312
f 293/3312 274/3309 346/3314
f 293/3312 346/3314 363/3315
f 363/3315 346/3314 353/3316
f 64/3313 293/3312 276/3317
f 276/3317 293/3312 363/3315
f 64/3313 276/3317 260/3318
f 363/3315 353/3316 338/3319
f 64/3313 260/3318 20/3320
f 276/3317 363/3315 395/3321
f 276/3317 395/3321 260/3318
f 395/3321 363/3315 338/3319
f 338/3319 353/3316 270/3322
f 260/3318 395/3321 362/3323
f 362/3323 395/3321 338/3319
f 20/3320 260/3318 215/3324
f 215/3324 260/3318 362/3323
f 20/3320 215/3324 189/3325
f 20/3320 189/3325 25/3326
f 25/3326 189/3325 205/3327
f 205/3327 189/3325 103/3328
f 103/3328 189/3325 215/3324
f 103/3328 215/3324 362/3323
f 103/3328 362/3323 283/3329
f 103/3328 283/3329 101/3330
f 101/3330 283/3329 300/3331
f 300/3331 283/3329 354/3332
f 354/3332 283/3329 362/3323
f 300/3331 354/3332 308/3333
f 354/3332 362/3323 356/3334
f 356/3334 362/3323 338/3319
f 354/3332 356/3334 348/3335
f 356/3334 338/3319 257/3336
f 356/3334 257/3336 348/3335
f 257/3336 338/3319 270/3322
f 348/3335 257/3336 429/3337
f 257/3336 270/3322 410/3338
f 257/3336 410/3338 429/3337
f 410/3338 270/3322 408/3339
f 348/3335 429/3337 421/3340
f 421/3340 429/3337 484/3341
f 421/3340 484/3341 543/3342
f 429/3337 410/3338 475/3343
f 429/3337 475/3343 484/3341
f 484/3341 475/3343 543/3342
f 475/3343 410/3338 521/3344
f 475/3343 521/3344 543/3342
f 1152/3345 36/3346 1166/3347
f 1152/3345 1166/3347 1043/3348
f 1043/3348 1166/3347 1045/3349
f 1045/3349 1166/3347 1157/3350
f 1045/3349 1157/3350 1042/3351
f 1045/3349 1042/3351 1020/3352
f 1045/3349 1020/3352 1048/3353
f 1048/3353 1020/3352 1071/3354
f 1020/3352 1042/3351 1182/3355
f 1182/3355 1042/3351 1151/3356
f 1182/3355 1151/3356 1165/3357
f 1071/3354 1020/3352 1109/3358
f 1109/3358 1020/3352 1180/3359
f 1109/3358 1180/3359 1071/3354
f 1180/3359 1020/3352 1182/3355
f 1071/3354 1180/3359 1110/3360
f 1110/3360 1180/3359 1182/3355
f 1110/3360 1182/3355 1165/3357
f 1071/3354 1110/3360 110/3361
f 1110/3360 1165/3357 6/3362
f 1110/3360 6/3362 110/3361
f 59/3363 1001/3364 47/3365
f 47/3365 1001/3364 1048/3366
f 47/3365 1048/3366 110/3367
f 110/3367 1048/3366 1071/3368
f 47/3365 110/3367 173/3369
f 47/3365 173/3369 124/3370
f 47/3365 124/3370 59/3363
f 59/3363 124/3370 78/3371
f 59/3363 78/3371 81/3372
f 307/3373 1001/3364 59/3363
f 1001/3364 307/3373 162/3374
f 1001/3364 162/3374 24/3375
f 24/3375 162/3374 1080/3376
f 162/3374 307/3373 8/3377
f 307/3373 59/3363 211/3378
f 307/3373 211/3378 152/3379
f 91/3380 59/3363 81/3372
f 59/3363 91/3380 211/3378
f 211/3378 91/3380 81/3372
f 211/3378 81/3372 273/3381
f 273/3381 81/3372 324/3382
f 324/3382 81/3372 202/3383
f 273/3381 324/3382 259/3384
f 273/3381 259/3384 211/3378
f 211/3378 259/3384 152/3379
f 152/3379 259/3384 1096/3385
f 1096/3385 259/3384 1206/3386
f 8/3387 1080/3388 1/3389
f 8/3387 1/3389 162/3390
f 1/3389 1080/3388 30/3391
f 1/3389 30/3391 162/3390
f 162/3390 30/3391 1080/3388
f 6/3392 1165/3393 992/3394
f 992/3394 1165/3393 1085/3395
f 141/3396 1116/3397 88/3398
f 1116/3397 141/3396 1085/3399
f 141/3396 88/3398 89/3400
f 89/3400 88/3398 1116/3397
f 992/3401 1085/3402 13/3403
f 992/3401 13/3403 218/3404
f 13/3403 1085/3402 1072/3405
f 13/3403 1072/3405 1074/3406
f 1074/3406 1072/3405 97/3407
f 97/3407 1072/3405 140/3408
f 140/3408 1072/3405 1085/3402
f 140/3408 1085/3402 141/3409
f 9/3410 13/3411 1074/3412
f 231/3413 218/3414 13/3411
f 231/3413 13/3411 141/3415
f 141/3415 13/3411 140/3416
f 140/3416 13/3411 9/3410
f 9/3410 1074/3412 1066/3417
f 140/3416 9/3410 129/3418
f 129/3418 9/3410 1066/3417
f 140/3416 129/3418 97/3419
f 97/3419 129/3418 1074/3412
f 1066/3417 1074/3412 4/3420
f 1066/3417 4/3420 129/3418
f 129/3418 4/3420 1074/3412
f 673/3421 729/3422 722/3423
f 729/3422 673/3421 657/3424
f 729/3422 657/3424 678/3425
f 722/3423 729/3422 799/3426
f 722/3423 799/3426 778/3427
f 778/3427 799/3426 800/3428
f 800/3428 799/3426 812/3429
f 778/3427 800/3428 787/3430
f 800/3428 812/3429 922/3431
f 800/3428 922/3431 787/3430
f 922/3431 812/3429 805/3432
f 922/3431 805/3432 787/3430
f 750/3433 775/3434 675/3435
f 775/3434 750/3433 778/3436
f 750/3433 675/3435 713/3437
f 713/3437 675/3435 688/3438
f 688/3438 675/3435 634/3439
f 722/3440 778/3441 750/3442
f 722/3440 750/3442 699/3443
f 699/3443 750/3442 713/3444
f 699/3443 713/3444 757/3445
f 699/3443 757/3445 670/3446
f 757/3445 713/3444 688/3447
f 757/3445 688/3447 670/3446
f 657/3448 606/3449 678/3450
f 606/3449 657/3448 573/3451
f 573/3451 657/3448 580/3452
f 580/3452 657/3448 673/3453
f 580/3452 673/3453 722/3454
f 573/3451 580/3452 448/3455
f 573/3451 448/3455 543/3456
f 543/3456 448/3455 421/3457
f 421/3457 448/3455 378/3458
f 580/3452 722/3454 539/3459
f 580/3452 539/3459 448/3455
f 539/3459 722/3454 571/3460
f 571/3460 722/3454 699/3461
f 571/3460 699/3461 634/3462
f 634/3462 699/3461 670/3463
f 634/3462 670/3463 688/3464
f 539/3459 571/3460 470/3465
f 448/3455 539/3459 438/3466
f 438/3466 539/3459 470/3465
f 398/3467 378/3458 448/3455
f 398/3467 448/3455 438/3466
f 378/3458 398/3467 369/3468
f 438/3466 470/3465 400/3469
f 438/3466 400/3469 398/3467
f 398/3467 400/3469 369/3468
f 369/3468 400/3469 194/3470
f 400/3469 470/3465 423/3471
f 194/3470 400/3469 336/3472
f 336/3472 400/3469 423/3471
f 336/3472 423/3471 192/3473
f 192/3473 423/3471 417/3474
f 606/3475 663/3476 678/3477
f 663/3476 606/3475 582/3478
f 663/3476 582/3478 641/3479
f 663/3476 641/3479 691/3480
f 691/3480 641/3479 724/3481
f 641/3479 582/3478 611/3482
f 724/3481 641/3479 706/3483
f 706/3483 641/3479 611/3482
f 724/3481 706/3483 684/3484
f 684/3484 706/3483 649/3485
f 649/3485 706/3483 611/3482
f 684/3484 649/3485 630/3486
f 630/3486 649/3485 611/3482
f 684/3484 630/3486 661/3487
f 540/3488 611/3482 582/3478
f 540/3488 582/3478 521/3489
f 630/3486 611/3482 583/3490
f 583/3490 611/3482 540/3488
f 630/3486 583/3490 574/3491
f 630/3486 574/3491 665/3492
f 665/3492 574/3491 585/3493
f 574/3491 583/3490 505/3494
f 505/3494 583/3490 492/3495
f 492/3495 583/3490 540/3488
f 505/3494 492/3495 454/3496
f 500/3497 540/3488 521/3489
f 410/3498 408/3499 454/3496
f 540/3488 500/3497 537/3500
f 540/3488 537/3500 492/3495
f 500/3497 521/3489 481/3501
f 481/3501 521/3489 410/3498
f 500/3497 481/3501 537/3500
f 410/3498 454/3496 478/3502
f 478/3502 454/3496 492/3495
f 410/3498 478/3502 481/3501
f 492/3495 537/3500 480/3503
f 480/3503 537/3500 481/3501
f 492/3495 480/3503 478/3502
f 478/3502 480/3503 481/3501
f 851/3504 843/3505 792/3506
f 792/3506 843/3505 815/3507
f 792/3506 815/3507 785/3508
f 378/3509 369/3510 348/3511
f 378/3509 348/3511 421/3512
f 348/3511 369/3510 354/3513
f 354/3513 369/3510 308/3514
f 324/3515 300/3516 308/3514
f 324/3515 308/3514 259/3517
f 194/3518 259/3517 369/3510
f 259/3517 308/3514 242/3519
f 259/3517 242/3519 369/3510
f 369/3510 242/3519 308/3514
f 497/3520 571/3521 511/3522
f 571/3521 497/3520 470/3523
f 497/3520 511/3522 519/3524
f 497/3520 519/3524 469/3525
f 469/3525 519/3524 511/3522
f 469/3525 511/3522 565/3526
f 565/3526 511/3522 571/3521
f 565/3526 571/3521 634/3527
f 565/3526 634/3527 675/3528
f 543/3529 582/3530 606/3531
f 582/3530 543/3529 521/3532
f 543/3529 606/3531 573/3533
f 879/3534 925/3535 905/3536
f 884/3537 854/3538 879/3534
f 879/3534 854/3538 866/3539
f 879/3534 866/3539 925/3535
f 866/3539 854/3538 861/3540
f 866/3539 861/3540 921/3541
f 925/3535 866/3539 932/3542
f 932/3542 866/3539 921/3541
f 925/3535 932/3542 929/3543
f 929/3543 932/3542 921/3541
f 905/3544 925/3545 884/3546
f 884/3546 925/3545 929/3547
f 884/3546 929/3547 854/3548
f 854/3548 929/3547 861/3549
f 861/3549 929/3547 921/3550
f 202/3551 241/3552 65/3553
f 300/3554 324/3555 202/3551
f 300/3554 202/3551 65/3553
f 300/3554 65/3553 101/3556
f 101/3556 65/3553 103/3557
f 241/3552 202/3551 180/3558
f 180/3558 202/3551 81/3559
f 65/3553 241/3552 80/3560
f 65/3553 80/3560 103/3557
f 241/3552 180/3558 199/3561
f 241/3552 199/3561 80/3560
f 180/3558 81/3559 78/3562
f 180/3558 78/3562 199/3561
f 103/3557 80/3560 105/3563
f 105/3563 80/3560 199/3561
f 105/3563 199/3561 78/3562
f 103/3557 105/3563 205/3564
f 105/3563 78/3562 99/3565
f 99/3565 78/3562 108/3566
f 108/3566 78/3562 124/3567
f 1012/3568 26/3569 89/3570
f 1012/3568 89/3570 1116/3571
f 166/3572 173/3573 108/3574
f 173/3573 166/3572 124/3575
f 124/3575 166/3572 108/3574
f 108/3574 173/3573 197/3576
f 108/3574 197/3576 99/3577
f 197/3576 173/3573 110/3578
f 99/3577 197/3576 255/3579
f 255/3579 197/3576 110/3578
f 99/3577 255/3579 105/3580
f 105/3580 255/3579 205/3581
f 255/3579 110/3578 218/3582
f 255/3579 218/3582 205/3581
f 205/3581 218/3582 231/3583
f 218/3582 110/3578 6/3584
f 218/3582 6/3584 992/3585
f 134/3586 69/3587 1226/3588
f 134/3586 1226/3588 115/3589
f 1003/3590 1047/3591 135/3592
f 1047/3591 1003/3590 46/3593
f 1798/3594 1781/3595 1805/3596
f 1951/3597 1895/3598 1878/3599
f 144/3600 1053/3601 1091/3602
f 144/3600 1091/3602 151/3603
f 144/3600 151/3603 145/3604
f 145/3604 151/3603 1091/3602
f 145/3604 1091/3602 1113/3605
f 616/3606 563/3607 561/3608
f 1116/3609 26/3610 1012/3611
