# Blender 4.5.0
# www.blender.org
mtllib tripo_convert_e7ee9d91-335c-413a-9d22-c0ecd390ceca.mtl
o tripo_node_e7ee9d91-335c-413a-9d22-c0ecd390ceca
v 0.000019 0.888916 0.271729
v 0.000039 0.143799 0.188324
v 0.000043 0.941223 0.153336
v 0.000045 0.079285 -0.021492
v 0.000132 0.970398 0.050529
v 0.000159 0.970795 -0.048332
v 0.000170 0.316467 0.072182
v 0.000185 0.364792 -0.075539
v 0.000201 0.122131 0.183212
v 0.000208 0.345627 -0.023634
v 0.000222 0.078430 0.021250
v 0.000222 0.384956 -0.027056
v 0.000239 0.001282 -0.136017
v 0.000241 0.222931 -0.147736
v 0.000253 0.993164 -0.014976
v 0.000255 0.344437 0.024719
v 0.000288 0.997742 0.006754
v 0.000300 0.215149 0.182358
v 0.000303 0.263168 0.165039
v 0.000339 0.240326 -0.030460
v 0.000341 0.388016 -0.075996
v 0.000344 0.813293 -0.277954
v 0.000344 0.648590 0.284424
v 0.000356 0.272018 -0.011600
v 0.000374 0.831116 0.261536
v 0.000391 0.317947 -0.070686
v 0.000451 0.424889 -0.071869
v 0.000517 0.713715 0.293427
v 0.000520 0.364319 -0.075691
v 0.000558 0.276855 -0.162842
v 0.000567 0.438934 -0.059429
v 0.000607 0.249603 -0.129272
v 0.000635 0.386215 0.027784
v 0.000685 0.237915 0.136337
v 0.000689 0.194550 0.164383
v 0.000712 0.575951 0.258240
v 0.000776 0.277817 -0.113487
v 0.000816 0.253601 -0.136307
v 0.000917 0.253357 -0.135544
v 0.000925 0.435249 -0.102913
v 0.000927 0.307724 0.000231
v 0.000964 0.236694 -0.070122
v 0.000966 0.268768 -0.163010
v 0.000969 0.233307 -0.138992
v 0.001077 0.720093 0.291382
v 0.001094 0.045410 -0.177887
v 0.001140 0.770721 0.285522
v 0.001163 0.243683 -0.013789
v 0.001237 0.395950 -0.006974
v 0.001260 0.011597 -0.170532
v 0.001268 0.133118 0.179733
v 0.001337 0.239594 0.014704
v 0.001353 0.288834 0.000316
v 0.001470 0.000000 -0.143784
v 0.001471 0.640228 -0.284698
v 0.001502 0.063721 -0.005382
v 0.001618 0.835114 -0.259186
v 0.001667 0.316360 -0.076614
v 0.001769 0.512065 0.213821
v 0.001828 0.512278 -0.199173
v 0.002013 0.246735 -0.134232
v 0.002073 0.245636 0.018686
v 0.002134 0.815582 -0.280396
v 0.002186 0.211517 0.208054
v 0.002451 0.276138 -0.179123
v 0.002459 0.434784 0.102364
v 0.002512 0.240692 -0.017092
v 0.002515 0.512820 0.199631
v 0.002544 0.954041 0.120346
v 0.002560 0.334656 0.000234
v 0.002618 0.277695 0.157745
v 0.002632 0.892242 -0.271576
v 0.002649 0.128662 0.172424
v 0.002689 0.334030 0.017094
v 0.002689 0.479347 0.163361
v 0.002741 0.478428 -0.161819
v 0.002758 0.045288 0.178619
v 0.002770 0.795135 0.279938
v 0.002777 0.401505 0.011902
v 0.002814 0.960602 0.063560
v 0.002836 0.559944 0.236969
v 0.002858 0.197632 -0.180344
v 0.002903 0.258270 0.021275
v 0.002926 0.395905 0.000382
v 0.002977 0.277527 0.000183
v 0.003316 0.618919 0.270508
v 0.003317 0.413834 -0.002621
v 0.003361 0.025146 -0.167068
v 0.003393 0.006317 0.151398
v 0.003551 0.065643 0.006217
v 0.003562 0.256119 0.180176
v 0.003563 0.433952 -0.008941
v 0.003620 0.954346 -0.118774
v 0.003626 0.014954 0.171005
v 0.003721 0.973572 0.050323
v 0.003829 0.057037 0.175400
v 0.003851 0.056610 -0.175140
v 0.003947 0.782104 -0.287079
v 0.003976 0.270615 -0.179779
v 0.003994 0.794830 -0.287231
v 0.004098 0.053955 0.190277
v 0.004110 0.939240 0.162186
v 0.004154 0.961060 -0.062828
v 0.004162 0.414604 0.000235
v 0.004213 0.885162 -0.227722
v 0.004256 0.055481 -0.190475
v 0.004404 0.973816 -0.049725
v 0.004414 0.262238 -0.179825
v 0.004500 0.863586 -0.246399
v 0.004504 0.277878 -0.157288
v 0.004555 0.941345 -0.147797
v 0.004598 0.064850 0.000484
v 0.004769 0.951447 0.122215
v 0.004772 0.910736 0.202667
v 0.004795 0.938812 -0.163193
v 0.004854 0.941498 0.147171
v 0.004994 0.862579 0.246628
v 0.005037 0.911011 -0.202133
v 0.005085 0.400993 0.001407
v 0.005098 0.265518 -0.005576
v 0.005101 0.266464 0.000256
v 0.005303 0.426109 -0.008944
v 0.005363 0.042847 -0.195602
v 0.005457 0.075439 0.180710
v 0.005464 0.075562 -0.180145
v 0.005558 0.129120 -0.182297
v 0.005641 0.208466 -0.207718
v 0.005664 0.997833 0.000354
v 0.005680 0.211273 -0.180008
v 0.005733 0.216339 -0.179001
v 0.005763 0.204407 0.208588
v 0.005961 0.111450 -0.194489
v 0.005975 0.514575 0.213074
v 0.006033 0.111359 0.194977
v 0.006078 0.263474 0.181015
v 0.006124 0.260376 -0.012820
v 0.006149 0.514879 -0.212738
v 0.006172 0.434174 0.008976
v 0.006208 0.044617 0.194305
v 0.006359 0.094574 -0.199112
v 0.006407 0.249725 0.000519
v 0.006411 0.273956 0.000214
v 0.006415 0.745010 -0.300568
v 0.006500 0.119995 -0.103615
v 0.006575 0.271942 0.011709
v 0.006664 0.608162 0.267914
v 0.006743 0.750671 -0.291260
v 0.006776 0.093689 0.199188
v 0.006804 0.092377 -0.175522
v 0.006875 0.890045 0.264923
v 0.006877 0.082153 -0.015934
v 0.006926 0.092712 0.175446
v 0.006935 0.894867 -0.267212
v 0.006971 0.211243 0.183563
v 0.007016 0.334076 0.004779
v 0.007032 0.894592 -0.255127
v 0.007046 0.122498 0.104500
v 0.007133 0.028015 -0.175674
v 0.007158 0.081940 0.016399
v 0.007206 0.518402 -0.223083
v 0.007275 0.203033 -0.180145
v 0.007286 0.047546 -0.186752
v 0.007349 0.035217 0.181976
v 0.007498 0.275635 0.001050
v 0.007585 0.090271 -0.050678
v 0.007623 0.252823 -0.006150
v 0.007771 0.256638 0.140289
v 0.007785 0.218231 0.156265
v 0.007795 0.105591 0.094437
v 0.008046 0.545631 0.227676
v 0.008077 0.105774 -0.093620
v 0.008081 0.100311 -0.100845
v 0.008183 0.606857 0.279205
v 0.008207 0.094757 0.056221
v 0.008359 0.873962 0.237350
v 0.008451 0.441006 -0.010171
v 0.008456 0.089172 0.044018
v 0.008495 0.099335 0.101906
v 0.008553 0.198761 0.164413
v 0.008564 0.094238 -0.207642
v 0.008689 0.275345 -0.135956
v 0.008778 0.337250 0.019827
v 0.008850 0.094360 0.208298
v 0.008933 0.810699 0.269440
v 0.008966 0.236176 0.072281
v 0.009008 0.221832 -0.132248
v 0.009029 0.250153 -0.074028
v 0.009046 0.102081 -0.087402
v 0.009052 0.257599 0.114441
v 0.009071 0.103424 0.085892
v 0.009084 0.259232 -0.161774
v 0.009137 0.103088 -0.083420
v 0.009302 0.274445 0.150864
v 0.009335 0.111084 0.183289
v 0.009357 0.094940 -0.056000
v 0.009367 0.217194 -0.155396
v 0.009388 0.261734 -0.179596
v 0.009444 0.427719 0.005984
v 0.009525 0.269760 0.180649
v 0.009579 0.348633 -0.021446
v 0.009728 0.260040 -0.114288
v 0.009728 0.045837 0.188614
v 0.009810 0.205933 0.179428
v 0.009855 0.246124 0.000300
v 0.009882 0.161377 -0.131058
v 0.010105 0.392685 -0.017452
v 0.010134 0.097656 -0.164291
v 0.010140 0.865509 -0.244659
v 0.010221 0.239716 0.000237
v 0.010326 0.336029 -0.015343
v 0.010329 0.530954 -0.230072
v 0.010427 0.254745 0.009490
v 0.010427 0.142151 0.134811
v 0.010428 0.440945 0.009916
v 0.010451 0.106354 0.186157
v 0.010484 0.203552 -0.179413
v 0.010676 0.392921 0.017548
v 0.010684 0.528687 0.229568
v 0.010757 0.121155 -0.166763
v 0.010792 0.258224 -0.127930
v 0.010792 0.142914 -0.134232
v 0.010880 0.107300 -0.171082
v 0.010881 0.201019 -0.162750
v 0.010911 0.317108 0.007331
v 0.010945 0.876526 -0.234665
v 0.010992 0.142151 0.147766
v 0.011031 0.188232 -0.162216
v 0.011039 0.529730 0.223557
v 0.011056 0.271194 -0.114029
v 0.011120 0.270859 -0.159821
v 0.011137 0.159912 0.133804
v 0.011194 0.202911 0.163452
v 0.011294 0.048492 -0.188538
v 0.011296 0.141388 -0.139694
v 0.011305 0.259583 0.135345
v 0.011373 0.530085 -0.222000
v 0.011405 0.156525 -0.145264
v 0.011456 0.154846 0.148483
v 0.011473 0.386032 0.024845
v 0.011496 0.264984 0.157639
v 0.011663 0.187866 0.163895
v 0.011686 0.150604 -0.149094
v 0.011710 0.441074 0.000182
v 0.011732 0.122833 -0.125061
v 0.011776 0.536453 0.220367
v 0.011776 0.141052 0.141068
v 0.011852 0.122925 0.126221
v 0.011935 0.107422 -0.187881
v 0.011984 0.314377 0.011667
v 0.012048 0.269760 -0.135818
v 0.012100 0.408195 0.001256
v 0.012315 0.110840 -0.179977
v 0.012323 0.212341 0.155899
v 0.012324 0.270538 0.114487
v 0.012432 0.993256 0.000393
v 0.012470 0.535656 -0.218918
v 0.012487 0.188416 -0.128296
v 0.012525 0.187897 0.128708
v 0.012580 0.220795 0.132568
v 0.012587 0.268188 0.135498
v 0.012647 0.227783 0.134491
v 0.012728 0.386299 -0.022703
v 0.012793 0.350632 0.016483
v 0.012879 0.116364 0.173721
v 0.012940 0.263626 0.007041
v 0.012961 0.126190 0.148209
v 0.013083 0.126648 -0.148026
v 0.013126 0.122894 0.164566
v 0.013140 0.115631 0.183121
v 0.013232 0.236145 0.032742
v 0.013326 0.110016 -0.137070
v 0.013366 0.333786 0.005099
v 0.013439 0.217438 -0.131027
v 0.013479 0.122559 -0.163544
v 0.013617 0.110870 0.136963
v 0.013724 0.435234 0.101555
v 0.013731 0.110199 -0.141693
v 0.013855 0.114075 -0.182297
v 0.013919 0.109497 0.143356
v 0.013920 0.097900 0.164627
v 0.013977 0.083679 -0.009105
v 0.013981 0.256866 0.000494
v 0.014001 0.107513 0.172318
v 0.014033 0.096710 -0.154861
v 0.014036 0.096893 0.154739
v 0.014211 0.090363 0.152542
v 0.014243 0.698059 -0.294769
v 0.014356 0.090393 -0.151108
v 0.014567 0.264236 0.000175
v 0.014703 0.106445 0.184769
v 0.014781 0.228638 -0.140427
v 0.014915 0.092010 -0.200165
v 0.014920 0.083069 0.000121
v 0.014980 0.335205 -0.012450
v 0.015110 0.338760 0.000234
v 0.015183 0.772186 -0.285492
v 0.015322 0.198456 -0.161499
v 0.015325 0.768982 -0.291473
v 0.015466 0.282013 0.098320
v 0.015543 0.082855 0.010836
v 0.015686 0.282730 0.070290
v 0.015694 0.282532 -0.069496
v 0.015699 0.257996 -0.114952
v 0.015703 0.249603 0.113800
v 0.015718 0.296707 0.008212
v 0.015757 0.092529 0.199768
v 0.015879 0.394188 0.002760
v 0.015934 0.199432 0.161530
v 0.015951 0.282532 -0.095474
v 0.015995 0.099457 -0.100334
v 0.016096 0.327896 0.008554
v 0.016098 0.812927 -0.275940
v 0.016205 0.610344 0.267242
v 0.016300 0.099792 0.101280
v 0.016388 0.215240 -0.160599
v 0.016405 0.336090 0.068115
v 0.016453 0.795715 -0.283844
v 0.016466 0.676483 0.288605
v 0.016476 0.384865 -0.000294
v 0.016628 0.248779 0.077454
v 0.016768 0.215698 0.162186
v 0.016842 0.812927 -0.271545
v 0.016844 0.517036 -0.200958
v 0.016870 0.155151 -0.150681
v 0.017031 0.110046 -0.097404
v 0.017042 0.111298 0.099228
v 0.017056 0.124329 -0.104691
v 0.017073 0.155243 0.150330
v 0.017122 0.517019 0.201019
v 0.017237 0.138184 0.137314
v 0.017256 0.130096 0.105919
v 0.017324 0.083160 0.012859
v 0.017376 0.124542 0.104095
v 0.017393 0.132782 0.101013
v 0.017399 0.116821 0.118874
v 0.017509 0.117615 -0.115547
v 0.017530 0.141998 0.148346
v 0.017534 0.132202 -0.100342
v 0.017551 0.404732 0.000841
v 0.017578 0.131409 -0.105247
v 0.017614 0.249420 -0.111763
v 0.017675 0.118500 -0.121368
v 0.017689 0.247864 -0.076096
v 0.017700 0.083221 0.011070
v 0.017706 0.335281 0.075142
v 0.017750 0.794189 -0.282623
v 0.017775 0.279800 0.113640
v 0.017845 0.285522 0.011908
v 0.017855 0.161499 -0.128906
v 0.017899 0.140961 -0.141327
v 0.017935 0.280380 -0.112915
v 0.018061 0.205719 -0.156754
v 0.018078 0.082184 -0.005909
v 0.018211 0.317673 0.068474
v 0.018215 0.278809 -0.099945
v 0.018229 0.256348 -0.078979
v 0.018303 0.091949 -0.045074
v 0.018332 0.242554 -0.067474
v 0.018362 0.236206 -0.029329
v 0.018423 0.576172 -0.253082
v 0.018425 0.161316 -0.115723
v 0.018448 0.249512 0.098030
v 0.018448 0.238037 0.072762
v 0.018456 0.251373 0.067154
v 0.018478 0.162018 0.116188
v 0.018579 0.271469 -0.097015
v 0.018639 0.251358 -0.066826
v 0.018673 0.973450 0.046402
v 0.018684 0.278336 0.067184
v 0.018709 0.275681 0.097466
v 0.018721 0.271988 -0.081955
v 0.018734 0.251846 -0.097527
v 0.018772 0.278275 -0.066803
v 0.018888 0.303406 0.007454
v 0.018936 0.281052 -0.104111
v 0.019072 0.271530 0.081009
v 0.019110 0.336731 -0.067169
v 0.019176 0.242584 0.067596
v 0.019222 0.154968 0.107559
v 0.019258 0.124939 -0.096474
v 0.019276 0.334732 -0.074242
v 0.019318 0.249634 0.085449
v 0.019512 0.281830 0.105103
v 0.019638 0.126770 0.097740
v 0.019665 0.577110 -0.250336
v 0.019871 0.296143 0.004169
v 0.019926 0.199158 0.163071
v 0.020065 0.227692 -0.131622
v 0.020105 0.214966 -0.162506
v 0.020126 0.198181 -0.161957
v 0.020258 0.258560 0.113380
v 0.020296 0.257629 -0.109543
v 0.020420 0.080780 0.000179
v 0.020449 0.393242 0.000101
v 0.020546 0.156616 -0.106857
v 0.020746 0.394562 -0.003157
v 0.020756 0.195618 0.128555
v 0.021091 0.250107 -0.089691
v 0.021097 0.394875 0.003932
v 0.021107 0.607300 0.278412
v 0.021196 0.216797 0.161224
v 0.021570 0.236206 -0.069687
v 0.021753 0.438927 0.055618
v 0.021883 0.258087 0.091675
v 0.022291 0.962219 0.058086
v 0.022291 0.317261 -0.073242
v 0.022429 0.438847 -0.055187
v 0.022518 0.181122 -0.118340
v 0.022591 0.578598 0.252350
v 0.022738 0.380905 0.012964
v 0.022739 0.263519 0.084419
v 0.022972 0.179871 0.116402
v 0.023020 0.600174 0.264465
v 0.023327 0.962738 -0.057407
v 0.023438 0.217010 0.137115
v 0.023657 0.219055 0.130524
v 0.023857 0.621941 -0.273407
v 0.023939 0.572662 -0.256683
v 0.024204 0.557522 -0.250732
v 0.024227 0.317352 0.074081
v 0.024673 0.218018 -0.129211
v 0.024803 0.197388 0.129562
v 0.024822 0.240143 0.020554
v 0.024956 0.557945 0.252075
v 0.025160 0.263000 -0.087044
v 0.025316 0.587379 0.261108
v 0.025429 0.196777 -0.128479
v 0.025656 0.192932 -0.120651
v 0.025879 0.239899 -0.016109
v 0.026060 0.573463 0.258606
v 0.026527 0.616615 -0.269501
v 0.026648 0.577057 0.248337
v 0.026831 0.601868 0.257629
v 0.027056 0.573570 -0.254028
v 0.027428 0.670105 -0.289520
v 0.027500 0.560661 -0.247482
v 0.027733 0.424797 -0.066467
v 0.027792 0.197205 0.128082
v 0.027821 0.425369 0.066216
v 0.027964 0.196991 -0.128372
v 0.027998 0.194611 0.119682
v 0.028002 0.605721 -0.266876
v 0.028090 0.561066 0.246658
v 0.028168 0.948700 -0.131973
v 0.028172 0.560734 -0.234161
v 0.028276 0.952332 0.122978
v 0.028311 0.384270 0.070320
v 0.028502 0.940948 -0.161163
v 0.028603 0.384346 -0.070534
v 0.028673 0.606796 -0.285614
v 0.028692 0.218048 0.125458
v 0.028803 0.940704 0.161301
v 0.028811 0.228424 0.137619
v 0.028898 0.217865 -0.125122
v 0.028946 0.597755 -0.279907
v 0.029186 0.585838 0.276764
v 0.029249 0.249542 0.120163
v 0.029438 0.366013 0.075264
v 0.029686 0.561390 0.234879
v 0.029800 0.366287 -0.074600
v 0.029896 0.239563 0.000303
v 0.030027 0.607185 -0.257538
v 0.030230 0.382805 0.076164
v 0.030310 0.382896 -0.076157
v 0.030392 0.132080 -0.096886
v 0.030514 0.132233 0.098099
v 0.030556 0.640259 0.281616
v 0.030575 0.974762 -0.038628
v 0.030920 0.603920 0.264709
v 0.031063 0.318039 -0.063606
v 0.031254 0.236755 -0.078857
v 0.031548 0.365128 -0.068420
v 0.031631 0.248962 -0.121559
v 0.031738 0.722519 -0.291962
v 0.031757 0.973846 0.038246
v 0.031994 0.145782 -0.099266
v 0.032001 0.245575 -0.082680
v 0.032078 0.338211 0.067657
v 0.032131 0.336853 0.062328
v 0.032173 0.103729 0.076645
v 0.032459 0.236023 0.015863
v 0.032463 0.719437 0.287903
v 0.032486 0.365143 0.068733
v 0.032867 0.973175 -0.032860
v 0.032879 0.245483 -0.127869
v 0.033127 0.407310 0.083633
v 0.033161 0.365311 -0.065063
v 0.033279 0.237244 0.083855
v 0.033367 0.972626 0.033218
v 0.033539 0.944122 0.145523
v 0.033638 0.338608 -0.065132
v 0.033714 0.240082 0.133438
v 0.033741 0.365753 0.065163
v 0.033802 0.685654 -0.290375
v 0.033806 0.245667 0.087212
v 0.033852 0.338730 -0.065338
v 0.033955 0.154327 0.102562
v 0.034069 0.706268 0.289276
v 0.034252 0.103699 -0.076805
v 0.034439 0.944092 -0.145462
v 0.034477 0.409264 -0.083778
v 0.034492 0.732040 -0.288788
v 0.034569 0.606834 -0.256653
v 0.034637 0.131775 0.102737
v 0.034737 0.131012 -0.101212
v 0.035316 0.236145 0.000275
v 0.035469 0.621979 -0.271820
v 0.036098 0.363724 -0.066101
v 0.036354 0.316711 0.060768
v 0.036739 0.102325 -0.079338
v 0.036777 0.912354 -0.201004
v 0.037128 0.911713 0.202057
v 0.037342 0.845367 0.252594
v 0.037346 0.364014 0.066185
v 0.037434 0.147217 -0.113136
v 0.037521 0.516563 0.210358
v 0.037868 0.973114 0.033031
v 0.037907 0.126099 -0.099670
v 0.037926 0.148132 0.113441
v 0.038277 0.592941 -0.278656
v 0.038338 0.614311 -0.286926
v 0.038368 0.183044 0.113914
v 0.038395 0.093689 0.035049
v 0.038437 0.973206 -0.032703
v 0.038490 0.626358 -0.268982
v 0.038532 0.140533 0.107338
v 0.038654 0.561512 0.249207
v 0.038704 0.124481 0.097061
v 0.038708 0.336456 -0.066292
v 0.038738 0.184967 -0.114449
v 0.038742 0.892609 -0.220779
v 0.038818 0.808746 0.269745
v 0.039059 0.121460 -0.095398
v 0.039150 0.434837 0.096397
v 0.039173 0.236023 0.000263
v 0.039261 0.516981 -0.209732
v 0.039299 0.436234 -0.095268
v 0.039459 0.096924 0.047527
v 0.039577 0.431137 0.096321
v 0.039658 0.127411 0.102272
v 0.039684 0.094330 -0.035938
v 0.039745 0.096619 -0.045666
v 0.040062 0.612152 0.276581
v 0.040211 0.138611 -0.112396
v 0.040257 0.626785 0.264465
v 0.040302 0.431648 -0.095406
v 0.040314 0.766296 0.283539
v 0.040363 0.142609 -0.105240
v 0.040585 0.247528 0.125351
v 0.040741 0.336472 0.065582
v 0.040981 0.611710 -0.256500
v 0.041210 0.155640 -0.109940
v 0.041298 0.961548 0.046810
v 0.041317 0.439079 0.042191
v 0.041348 0.961700 -0.046818
v 0.041439 0.957245 0.107452
v 0.041439 0.109283 -0.091187
v 0.041950 0.248322 -0.123085
v 0.042011 0.831146 0.259308
v 0.042126 0.237457 -0.128418
v 0.042233 0.889587 0.223419
v 0.042339 0.238922 -0.121353
v 0.042385 0.956543 -0.108620
v 0.042400 0.438805 -0.041382
v 0.042480 0.561043 0.245071
v 0.042500 0.573418 0.256256
v 0.042515 0.731781 -0.290039
v 0.042545 0.336166 -0.055161
v 0.042641 0.140259 0.133041
v 0.042713 0.171692 0.115395
v 0.042747 0.636276 0.266541
v 0.042797 0.109039 0.090851
v 0.042828 0.865601 0.243469
v 0.042904 0.226868 0.123077
v 0.042953 0.318466 -0.063782
v 0.043053 0.975372 0.000272
v 0.043274 0.140320 -0.133102
v 0.043415 0.840515 -0.253418
v 0.043579 0.439693 0.000211
v 0.043587 0.436684 0.091812
v 0.044121 0.574051 0.249985
v 0.044144 0.226532 -0.122864
v 0.044487 0.974091 -0.019829
v 0.044529 0.123383 0.090553
v 0.044567 0.580566 -0.319855
v 0.044823 0.239075 0.125320
v 0.045082 0.958832 -0.045593
v 0.045101 0.633575 0.278076
v 0.045139 0.446369 -0.109291
v 0.045170 0.101990 0.075943
v 0.045231 0.865509 -0.242691
v 0.045307 0.616295 -0.266876
v 0.045395 0.124146 -0.091003
v 0.045403 0.182648 -0.119972
v 0.045528 0.831482 -0.258789
v 0.045979 0.442860 0.103958
v 0.046257 0.957855 0.046284
v 0.046566 0.622459 -0.257812
v 0.046696 0.162415 0.110687
v 0.046841 0.206909 0.124466
v 0.047066 0.830231 0.274353
v 0.047241 0.609444 -0.282654
v 0.047386 0.601463 -0.276031
v 0.047600 0.974823 -0.002974
v 0.048031 0.137726 -0.099548
v 0.048042 0.960541 0.041656
v 0.048145 0.208374 -0.126297
v 0.048237 0.137878 0.099228
v 0.048580 0.829956 -0.274109
v 0.048668 0.974365 0.004302
v 0.048801 0.208099 0.126907
v 0.049030 0.101807 0.060841
v 0.049553 0.160339 0.132095
v 0.049877 0.336258 0.048912
v 0.049969 0.969757 0.000219
v 0.050198 0.317474 0.049980
v 0.050308 0.425400 0.050697
v 0.050446 0.225525 -0.128799
v 0.050892 0.425491 -0.049988
v 0.051136 0.457447 0.124550
v 0.051849 0.642075 -0.281799
v 0.051872 0.102661 -0.063194
v 0.051960 0.090363 0.008854
v 0.052151 0.317276 0.056667
v 0.052261 0.095551 -0.022562
v 0.052395 0.365997 -0.051731
v 0.052444 0.090820 -0.008568
v 0.052956 0.365494 0.052319
v 0.053051 0.529932 -0.215454
v 0.053112 0.201202 -0.132523
v 0.053284 0.177979 -0.117256
v 0.053310 0.206573 0.134262
v 0.053337 0.228363 -0.130402
v 0.053486 0.094330 0.012679
v 0.053551 0.091614 0.000235
v 0.053555 0.779083 -0.280487
v 0.053650 0.169678 -0.131058
v 0.053715 0.386673 0.053150
v 0.053787 0.384552 -0.052845
v 0.053848 0.208740 -0.123238
v 0.054234 0.227631 0.130814
v 0.054298 0.183197 0.127121
v 0.054337 0.094635 -0.011759
v 0.054550 0.200562 0.134293
v 0.054878 0.207642 0.124092
v 0.054939 0.438728 0.023182
v 0.054996 0.629013 -0.258423
v 0.055199 0.230682 0.129593
v 0.055252 0.564095 0.259277
v 0.055264 0.184631 -0.127014
v 0.055401 0.813324 -0.272949
v 0.055744 0.438698 -0.020632
v 0.055759 0.957092 -0.089417
v 0.055828 0.536800 -0.210541
v 0.055889 0.192841 0.130325
v 0.056038 0.180389 -0.123085
v 0.056244 0.317932 -0.042141
v 0.056286 0.192780 -0.129929
v 0.056290 0.316696 -0.049072
v 0.056499 0.639862 0.265167
v 0.056591 0.179382 0.120766
v 0.056664 0.470932 -0.141006
v 0.056717 0.231079 -0.127670
v 0.056931 0.961975 0.022766
v 0.056953 0.225922 0.124680
v 0.057041 0.103607 0.051376
v 0.057098 0.364273 -0.056385
v 0.057251 0.962097 -0.022484
v 0.057301 0.199097 0.118835
v 0.057343 0.364212 0.056152
v 0.057354 0.813385 0.270447
v 0.057358 0.627686 -0.273712
v 0.057430 0.382584 0.058537
v 0.057545 0.136871 0.137894
v 0.057571 0.127289 0.112968
v 0.057781 0.637131 0.277985
v 0.058064 0.382744 -0.057552
v 0.058151 0.104309 -0.051598
v 0.058643 0.218658 0.124886
v 0.058643 0.196930 -0.126083
v 0.058659 0.780853 0.279480
v 0.058689 0.178040 0.127762
v 0.059135 0.217896 -0.123840
v 0.059147 0.438797 0.000272
v 0.059269 0.139526 -0.141205
v 0.059292 0.198853 0.130554
v 0.059338 0.814880 -0.275024
v 0.059349 0.478586 -0.150757
v 0.059414 0.940186 0.154724
v 0.059418 0.109985 -0.082664
v 0.059490 0.143768 0.141449
v 0.059509 0.181854 0.116508
v 0.059544 0.694031 0.288696
v 0.059681 0.128662 -0.090744
v 0.059765 0.476860 0.149719
v 0.060001 0.814423 0.274933
v 0.060310 0.118958 -0.084251
v 0.060482 0.727066 0.290283
v 0.060677 0.940338 -0.152802
v 0.060711 0.336304 -0.047230
v 0.060726 0.318771 -0.047707
v 0.060871 0.738876 -0.291534
v 0.060928 0.126404 0.123856
v 0.061234 0.399628 0.061802
v 0.061333 0.224182 -0.121765
v 0.061390 0.124847 -0.116814
v 0.061409 0.161285 -0.137436
v 0.061417 0.574562 -0.246567
v 0.061531 0.959869 0.000347
v 0.061535 0.400024 -0.061104
v 0.061619 0.237457 0.090027
v 0.061638 0.191040 -0.115875
v 0.061661 0.110168 0.081001
v 0.061829 0.961609 -0.005039
v 0.061932 0.129059 0.091560
v 0.061947 0.478430 -0.148483
v 0.061996 0.335373 0.046242
v 0.062008 0.190033 -0.115303
v 0.062042 0.961334 0.004416
v 0.062061 0.336960 0.033302
v 0.062176 0.192993 -0.121170
v 0.062290 0.336792 -0.032398
v 0.063004 0.140900 0.093796
v 0.063347 0.103088 -0.061775
v 0.063354 0.102875 0.062283
v 0.063522 0.738922 0.282928
v 0.063629 0.140900 -0.092682
v 0.064034 0.959320 -0.002162
v 0.064072 0.190674 0.114380
v 0.064407 0.122925 -0.077377
v 0.064461 0.726486 -0.294067
v 0.064644 0.365753 -0.033138
v 0.064644 0.203217 -0.141296
v 0.064644 0.176361 0.132736
v 0.064934 0.338730 -0.035931
v 0.064980 0.192810 0.123108
v 0.065025 0.338272 0.037506
v 0.065041 0.178864 -0.133209
v 0.065071 0.102264 0.052734
v 0.065109 0.185760 0.125504
v 0.065125 0.624466 0.259064
v 0.065224 0.134766 0.076721
v 0.065414 0.135193 -0.076439
v 0.065430 0.577309 -0.241943
v 0.065437 0.493983 0.166397
v 0.065475 0.318542 0.027666
v 0.065582 0.424911 0.028223
v 0.065727 0.238342 0.114403
v 0.065834 0.126282 0.085167
v 0.065880 0.364151 -0.037609
v 0.066002 0.425110 -0.026443
v 0.066216 0.102875 -0.055603
v 0.066437 0.238434 -0.114525
v 0.066589 0.430260 0.000818
v 0.066666 0.220093 0.119911
v 0.066689 0.460381 0.118240
v 0.066772 0.318558 -0.022411
v 0.066818 0.561230 -0.227203
v 0.066841 0.362854 0.034779
v 0.066856 0.318146 0.039608
v 0.066994 0.364639 0.034779
v 0.067009 0.337906 0.033485
v 0.067192 0.122192 0.075958
v 0.067352 0.336594 0.017443
v 0.067429 0.335892 -0.015443
v 0.067474 0.958221 0.000456
v 0.067482 0.280685 -0.066910
v 0.067543 0.416924 0.068031
v 0.067581 0.495454 -0.169983
v 0.067696 0.365387 -0.032742
v 0.067795 0.615074 0.275635
v 0.067963 0.577042 -0.243759
v 0.067986 0.133087 0.082756
v 0.068123 0.419044 -0.068298
v 0.068581 0.604614 -0.250458
v 0.068634 0.366806 0.028349
v 0.068695 0.813568 0.267242
v 0.068726 0.175995 -0.131042
v 0.068810 0.337006 -0.032639
v 0.068825 0.811157 0.263641
v 0.069008 0.334717 0.000164
v 0.069016 0.230652 0.124420
v 0.069168 0.926331 -0.172073
v 0.069435 0.640869 0.276978
v 0.069450 0.231628 -0.123764
v 0.069473 0.812592 -0.268127
v 0.069588 0.129333 -0.083443
v 0.069855 0.124695 -0.119644
v 0.069878 0.384575 0.028267
v 0.069939 0.627563 -0.259613
v 0.069946 0.156128 -0.082809
v 0.069954 0.385330 -0.027662
v 0.069969 0.956512 0.078293
v 0.069992 0.192902 -0.123627
v 0.070000 0.140015 -0.084938
v 0.070000 0.137634 -0.095680
v 0.070198 0.695435 -0.291168
v 0.070297 0.319229 0.000427
v 0.070335 0.110748 -0.071655
v 0.070419 0.125916 0.118034
v 0.070450 0.530458 0.210983
v 0.070587 0.643097 -0.280609
v 0.070663 0.797729 -0.271912
v 0.070763 0.812836 -0.263824
v 0.071030 0.425163 0.000346
v 0.071358 0.335403 0.028399
v 0.071365 0.240906 0.118423
v 0.071457 0.684433 0.282318
v 0.071587 0.138275 0.095924
v 0.071648 0.337479 0.000199
v 0.071655 0.168304 0.101456
v 0.071747 0.177185 -0.105698
v 0.071815 0.337540 0.000173
v 0.071884 0.181000 0.108620
v 0.071938 0.240326 -0.116524
v 0.072212 0.775024 -0.277374
v 0.072227 0.187836 0.131363
v 0.072670 0.627625 0.275360
v 0.072754 0.956268 -0.080002
v 0.072838 0.435478 -0.074310
v 0.072891 0.780975 0.276337
v 0.072937 0.435707 0.074791
v 0.073204 0.370270 0.000616
v 0.073219 0.192505 0.122589
v 0.073486 0.720139 0.287292
v 0.073494 0.316544 0.020496
v 0.073616 0.777344 0.273651
v 0.073685 0.188995 -0.130676
v 0.073868 0.792358 -0.269012
v 0.074074 0.103760 -0.039688
v 0.074097 0.317307 -0.018944
v 0.074135 0.365524 -0.030689
v 0.074142 0.756622 -0.279449
v 0.074181 0.102692 0.047401
v 0.074211 0.366058 0.031708
v 0.074226 0.181915 -0.106895
v 0.074280 0.146881 0.094017
v 0.074417 0.176392 0.131058
v 0.074455 0.363419 0.000332
v 0.074471 0.166565 -0.134537
v 0.074562 0.205872 0.144211
v 0.074615 0.432320 0.074837
v 0.074699 0.194183 -0.107910
v 0.074707 0.185730 0.121155
v 0.074738 0.134491 0.136581
v 0.074951 0.431450 -0.073471
v 0.074966 0.207275 -0.143814
v 0.074982 0.517231 -0.189117
v 0.074982 0.316513 0.000661
v 0.074989 0.220459 -0.116997
v 0.075111 0.179169 0.092850
v 0.075165 0.952271 -0.074432
v 0.075211 0.516884 0.188919
v 0.075211 0.146393 -0.093414
v 0.075348 0.103302 0.028660
v 0.075363 0.382538 0.032154
v 0.075432 0.387009 0.001799
v 0.075478 0.136810 -0.137726
v 0.075493 0.180206 -0.129868
v 0.075546 0.637497 0.262238
v 0.075722 0.220123 -0.127548
v 0.075783 0.829803 -0.268585
v 0.075813 0.179077 -0.092567
v 0.075844 0.381943 -0.029881
v 0.075859 0.224670 0.116554
v 0.075874 0.336777 0.000417
v 0.075920 0.648178 -0.277557
v 0.075928 0.951965 0.075569
v 0.075943 0.236511 -0.055099
v 0.075951 0.751007 0.279205
v 0.075981 0.166473 -0.096466
v 0.076027 0.560871 0.237030
v 0.076111 0.215057 -0.139771
v 0.076180 0.337204 0.000317
v 0.076286 0.318893 0.000392
v 0.076332 0.640900 0.271515
v 0.076508 0.237549 -0.108475
v 0.076637 0.363876 -0.001731
v 0.076759 0.621567 -0.257294
v 0.076767 0.237579 0.109894
v 0.076958 0.830078 0.268494
v 0.077087 0.178589 0.113701
v 0.077309 0.346527 0.000251
v 0.077385 0.740128 -0.288910
v 0.077400 0.143005 0.140213
v 0.077454 0.911713 0.192017
v 0.077553 0.142914 -0.139328
v 0.077576 0.225372 -0.114876
v 0.077904 0.240356 0.112564
v 0.077919 0.134460 0.064789
v 0.078003 0.225555 0.122047
v 0.078079 0.911926 -0.191376
v 0.078094 0.364166 0.001186
v 0.078209 0.754303 -0.284973
v 0.078232 0.181885 0.103149
v 0.078384 0.110840 0.066063
v 0.078491 0.102020 0.000231
v 0.078758 0.628891 0.267303
v 0.078873 0.200562 0.111870
v 0.079025 0.888000 -0.216095
v 0.079041 0.176422 0.126205
v 0.079086 0.214447 0.142883
v 0.079193 0.236084 -0.038383
v 0.079269 0.535755 0.204666
v 0.079361 0.209869 -0.112175
v 0.079468 0.947510 -0.112724
v 0.079781 0.217529 0.113991
v 0.079865 0.947571 0.112137
v 0.079956 0.109589 -0.062546
v 0.080063 0.536129 -0.203888
v 0.080086 0.194397 -0.139099
v 0.080101 0.617676 0.272095
v 0.080132 0.197815 0.144379
v 0.080177 0.401428 -0.033569
v 0.080177 0.401375 0.035152
v 0.080444 0.366058 0.000562
v 0.080566 0.717499 -0.286957
v 0.080574 0.955933 -0.071976
v 0.080582 0.631638 -0.260284
v 0.080658 0.424744 -0.053955
v 0.080742 0.230591 -0.115517
v 0.080818 0.194489 -0.104233
v 0.080971 0.220276 0.130493
v 0.081017 0.202026 -0.102913
v 0.081169 0.102753 -0.034130
v 0.081245 0.560642 -0.234894
v 0.081268 0.618332 -0.271179
v 0.081284 0.687820 -0.284180
v 0.081284 0.167236 -0.110397
v 0.081322 0.172943 -0.123955
v 0.081413 0.594704 0.269592
v 0.081421 0.195007 0.106094
v 0.081482 0.516359 -0.197525
v 0.081566 0.417297 -0.050220
v 0.081596 0.147339 -0.067024
v 0.081848 0.745636 0.282379
v 0.081924 0.383194 0.000823
v 0.081924 0.236206 0.040051
v 0.081955 0.318390 -0.083588
v 0.081963 0.712448 0.281006
v 0.082024 0.831451 0.250763
v 0.082176 0.674728 0.271484
v 0.082298 0.955383 0.073761
v 0.082321 0.626801 0.255768
v 0.082520 0.313705 -0.081017
v 0.082642 0.217102 -0.105415
v 0.082756 0.233002 0.121109
v 0.082825 0.529791 -0.205872
v 0.082870 0.385780 0.000219
v 0.082970 0.547955 -0.212952
v 0.083000 0.216125 0.105896
v 0.083023 0.230865 -0.120781
v 0.083138 0.229034 0.116920
v 0.083176 0.195099 0.120918
v 0.083389 0.219940 -0.129807
v 0.083580 0.130920 -0.065826
v 0.083656 0.896973 -0.205582
v 0.083809 0.139160 0.105843
v 0.083885 0.866211 0.234879
v 0.083931 0.561287 0.224014
v 0.084000 0.178680 0.084602
v 0.084137 0.139069 -0.106094
v 0.084625 0.638687 -0.273865
v 0.084785 0.122314 -0.060699
v 0.084854 0.396652 0.000605
v 0.084984 0.130554 0.067574
v 0.085213 0.633850 -0.258453
v 0.085220 0.189606 0.090988
v 0.085297 0.894501 0.208267
v 0.085426 0.577400 0.236420
v 0.085556 0.851990 -0.240005
v 0.085655 0.896179 0.205154
v 0.085678 0.625473 -0.255157
v 0.086113 0.194550 -0.126358
v 0.086205 0.145691 -0.104950
v 0.086319 0.145996 0.105621
v 0.086472 0.886139 0.216400
v 0.086563 0.945282 -0.109589
v 0.086571 0.137726 0.122566
v 0.086594 0.940491 0.137421
v 0.086601 0.866638 -0.233337
v 0.086914 0.576645 -0.238937
v 0.086937 0.123047 0.060501
v 0.087021 0.776093 -0.267914
v 0.087173 0.416107 -0.035629
v 0.087379 0.764984 0.276001
v 0.087456 0.516739 0.195938
v 0.087456 0.217102 -0.134064
v 0.087616 0.940369 -0.136688
v 0.087700 0.206024 -0.155197
v 0.088150 0.560982 -0.224152
v 0.088432 0.183258 -0.087669
v 0.088501 0.561031 0.223389
v 0.088760 0.831573 -0.248260
v 0.088982 0.334900 -0.088074
v 0.089203 0.147797 0.123619
v 0.089211 0.103302 0.009684
v 0.089249 0.779938 0.267212
v 0.089409 0.608650 0.247849
v 0.089493 0.580063 0.236282
v 0.089584 0.122528 0.047894
v 0.089638 0.140686 -0.122169
v 0.089661 0.574173 0.238678
v 0.089706 0.730881 0.276855
v 0.089851 0.456345 -0.088989
v 0.089920 0.128296 -0.062592
v 0.089935 0.193878 -0.088020
v 0.090080 0.610489 0.271790
v 0.090279 0.588287 0.244278
v 0.090347 0.213318 -0.151932
v 0.090363 0.446308 -0.072601
v 0.090446 0.627747 -0.256958
v 0.090515 0.212006 -0.126755
v 0.090530 0.123047 -0.046982
v 0.090591 0.213989 0.128616
v 0.090599 0.108795 0.042595
v 0.090614 0.138794 0.066757
v 0.090714 0.657135 0.273834
v 0.090736 0.146393 0.070663
v 0.090744 0.183868 0.090256
v 0.090775 0.129211 0.060925
v 0.090805 0.138794 -0.064377
v 0.090813 0.199982 -0.153763
v 0.090935 0.456100 0.095230
v 0.091034 0.183136 0.082344
v 0.091148 0.886932 -0.209290
v 0.091194 0.139679 -0.071419
v 0.091446 0.609344 -0.261078
v 0.091682 0.606537 -0.250031
v 0.091682 0.105194 0.000264
v 0.092049 0.236084 0.000188
v 0.092422 0.634415 -0.268066
v 0.092545 0.101715 0.008222
v 0.092720 0.573708 -0.236877
v 0.092728 0.109924 -0.037952
v 0.092873 0.413544 0.000739
v 0.093033 0.728607 0.273590
v 0.093704 0.179413 -0.074852
v 0.094093 0.105133 -0.007782
v 0.094299 0.607780 -0.271027
v 0.094482 0.118378 0.039135
v 0.094780 0.698044 -0.273285
v 0.094795 0.215576 0.140686
v 0.094879 0.181274 0.075272
v 0.094971 0.455257 0.088646
v 0.095352 0.435371 -0.037628
v 0.095512 0.431023 -0.038609
v 0.095535 0.214294 0.153442
v 0.095596 0.648392 -0.269501
v 0.095612 0.134857 -0.027781
v 0.095680 0.435760 0.038723
v 0.095947 0.236206 -0.009873
v 0.095985 0.627274 0.269562
v 0.096024 0.237335 -0.094231
v 0.096130 0.431625 0.039101
v 0.096184 0.632675 0.265381
v 0.096237 0.739655 -0.272064
v 0.096329 0.108093 0.016172
v 0.096565 0.958893 0.041656
v 0.096748 0.241547 0.000287
v 0.096764 0.108643 -0.016840
v 0.096947 0.457668 -0.090424
v 0.097076 0.128967 -0.048649
v 0.097115 0.797668 -0.263367
v 0.097115 0.138428 0.049976
v 0.097214 0.134033 0.029364
v 0.097328 0.626480 -0.263885
v 0.097427 0.224091 0.093811
v 0.097466 0.236237 0.008234
v 0.097580 0.623604 0.252930
v 0.097755 0.198364 -0.152374
v 0.097961 0.164001 -0.070007
v 0.098015 0.788940 -0.267944
v 0.098045 0.132080 0.018364
v 0.098091 0.239990 0.003383
v 0.098106 0.866364 -0.227097
v 0.098114 0.131805 -0.017353
v 0.098259 0.773712 -0.267242
v 0.098396 0.643311 0.260284
v 0.098450 0.206268 0.137131
v 0.098541 0.262512 0.000335
v 0.098778 0.941711 0.119911
v 0.099091 0.098877 -0.008099
v 0.099098 0.942078 -0.117905
v 0.099266 0.139465 -0.047375
v 0.099319 0.122772 0.017462
v 0.099335 0.815582 0.263367
v 0.099525 0.129211 -0.032455
v 0.099686 0.852386 -0.234131
v 0.099701 0.129852 0.031670
v 0.099854 0.175140 0.075340
v 0.099968 0.697678 -0.274261
v 0.100029 0.122314 -0.018604
v 0.100174 0.438725 -0.040920
v 0.100288 0.099030 0.017735
v 0.100403 0.177917 -0.076813
v 0.100533 0.240295 -0.009058
v 0.100540 0.200439 -0.146896
v 0.100677 0.269638 0.001532
v 0.100716 0.812683 0.253357
v 0.100838 0.262863 0.000156
v 0.100914 0.641739 0.254822
v 0.100945 0.958282 -0.042233
v 0.101135 0.100464 0.008530
v 0.101212 0.207947 -0.142502
v 0.101288 0.128326 -0.037601
v 0.101532 0.101105 -0.016829
v 0.101562 0.863495 0.227936
v 0.101639 0.435760 0.000077
v 0.101730 0.813263 -0.253265
v 0.101974 0.530109 0.197815
v 0.102135 0.211426 0.148926
v 0.102180 0.364563 -0.102791
v 0.102402 0.576851 0.230484
v 0.102501 0.130157 0.039970
v 0.102585 0.196503 0.079269
v 0.102623 0.440075 0.042267
v 0.102715 0.778290 0.263184
v 0.102882 0.229034 -0.098930
v 0.103104 0.240814 0.000255
v 0.103241 0.129272 0.017200
v 0.103333 0.198730 0.158249
v 0.103378 0.431305 0.000308
v 0.103386 0.145538 0.085297
v 0.103439 0.201202 -0.079048
v 0.103554 0.210693 -0.081848
v 0.103584 0.212799 -0.156250
v 0.103638 0.143005 -0.084908
v 0.103714 0.282104 0.000305
v 0.104095 0.121887 0.007164
v 0.104134 0.940704 -0.112099
v 0.104141 0.813141 0.258850
v 0.104324 0.136871 0.083878
v 0.104340 0.136444 -0.083076
v 0.104454 0.122925 -0.016918
v 0.104462 0.122070 -0.006830
v 0.104630 0.954285 0.000122
v 0.104721 0.940796 0.113144
v 0.104958 0.203064 0.150650
v 0.104965 0.641815 0.257141
v 0.104996 0.632401 -0.267059
v 0.105118 0.213287 0.081932
v 0.105156 0.130890 -0.016899
v 0.105392 0.831970 0.241592
v 0.105415 0.617508 -0.267822
v 0.105423 0.121552 0.017437
v 0.105446 0.157654 -0.033978
v 0.105568 0.192902 -0.082039
v 0.105659 0.144318 0.041111
v 0.105797 0.471508 0.103935
v 0.106079 0.612190 0.267517
v 0.106133 0.151855 -0.018091
v 0.106209 0.621704 0.257843
v 0.106407 0.177826 -0.069435
v 0.106522 0.644363 0.270172
v 0.106781 0.194183 0.085228
v 0.106918 0.284164 0.000248
v 0.107117 0.814087 -0.260284
v 0.107361 0.195282 0.079994
v 0.107384 0.150879 0.018183
v 0.107452 0.127869 0.067276
v 0.107719 0.128021 -0.068054
v 0.107986 0.958069 -0.005862
v 0.108131 0.194305 -0.077721
v 0.108177 0.660751 0.258575
v 0.108322 0.809601 0.260040
v 0.108330 0.149750 0.038494
v 0.108337 0.182098 0.071465
v 0.108421 0.160706 0.020288
v 0.108566 0.208649 -0.085503
v 0.108833 0.164398 -0.080612
v 0.108932 0.208191 -0.079926
v 0.109558 0.688736 -0.273529
v 0.109673 0.156311 -0.039360
v 0.109703 0.220276 0.079376
v 0.109718 0.218140 -0.078842
v 0.109848 0.805847 0.253723
v 0.109909 0.957581 0.005694
v 0.110603 0.808502 -0.252258
v 0.110619 0.141449 0.039455
v 0.110649 0.954956 0.045975
v 0.110672 0.629700 -0.254852
v 0.110832 0.935059 -0.109436
v 0.111122 0.560478 0.221008
v 0.111374 0.163696 -0.045586
v 0.111427 0.188324 -0.068367
v 0.111549 0.300400 0.000271
v 0.111633 0.141846 -0.039146
v 0.111641 0.679474 0.269501
v 0.111717 0.188812 0.067062
v 0.111740 0.240387 0.073303
v 0.111801 0.934204 0.111870
v 0.111832 0.689743 0.263336
v 0.112076 0.127014 -0.057480
v 0.112114 0.237762 -0.074310
v 0.112206 0.237030 0.075592
v 0.112411 0.224579 -0.078300
v 0.112488 0.933502 0.127563
v 0.112549 0.537376 0.186661
v 0.112602 0.631165 -0.245453
v 0.112915 0.179199 0.039265
v 0.112999 0.940308 0.103455
v 0.113319 0.479364 -0.111160
v 0.113419 0.177948 0.076309
v 0.113426 0.480801 -0.119179
v 0.113434 0.728226 0.262115
v 0.113510 0.449165 0.046139
v 0.113518 0.757172 -0.266937
v 0.113655 0.743851 -0.268158
v 0.113731 0.537407 -0.186066
v 0.113762 0.882050 -0.202866
v 0.113792 0.181793 -0.039749
v 0.113892 0.191681 -0.065430
v 0.114090 0.180603 0.078415
v 0.114098 0.191589 -0.066208
v 0.114113 0.192139 0.065559
v 0.114227 0.690186 0.278076
v 0.114395 0.480749 0.119354
v 0.114479 0.161591 0.018141
v 0.114532 0.449657 -0.044781
v 0.114616 0.807373 0.252960
v 0.114677 0.159637 0.044289
v 0.114937 0.226654 0.082970
v 0.115051 0.939423 -0.105461
v 0.115059 0.592529 -0.262268
v 0.115112 0.883942 0.196899
v 0.115150 0.303452 0.000582
v 0.115250 0.179169 -0.078094
v 0.115334 0.180481 -0.022932
v 0.115379 0.187775 -0.060768
v 0.115410 0.881500 0.202499
v 0.115471 0.800598 -0.251556
v 0.115501 0.161163 -0.017866
v 0.115601 0.864899 -0.218552
v 0.115707 0.208130 -0.179718
v 0.115723 0.307663 0.001061
v 0.115723 0.218689 0.078232
v 0.115761 0.238861 0.064224
v 0.115807 0.177765 -0.054375
v 0.115875 0.399963 -0.115494
v 0.115883 0.832306 0.236694
v 0.115913 0.911896 0.169495
v 0.115974 0.203796 0.179382
v 0.116013 0.810822 0.239075
v 0.116135 0.911987 -0.168564
v 0.116325 0.832031 -0.236511
v 0.116409 0.810333 -0.245895
v 0.116417 0.307968 -0.000624
v 0.116661 0.239014 -0.064865
v 0.116867 0.116577 -0.017065
v 0.117012 0.240845 0.068161
v 0.117081 0.795990 -0.258209
v 0.117119 0.529791 -0.189270
v 0.117119 0.929352 -0.114983
v 0.117142 0.116882 0.017271
v 0.117203 0.815735 -0.255188
v 0.117226 0.756836 0.257874
v 0.117294 0.776978 0.255127
v 0.117348 0.211121 0.177643
v 0.117393 0.201202 -0.178787
v 0.117485 0.929626 0.118111
v 0.117531 0.932068 -0.124680
v 0.117653 0.125580 0.060745
v 0.117683 0.812714 -0.251678
v 0.117836 0.182739 0.055771
v 0.117859 0.448940 0.000228
v 0.118370 0.751526 0.268829
v 0.118423 0.230194 0.082031
v 0.118553 0.791260 0.247528
v 0.118721 0.718079 0.276276
v 0.118759 0.479321 0.112518
v 0.118927 0.192749 0.024506
v 0.118996 0.235992 -0.042545
v 0.119019 0.931396 0.127167
v 0.119057 0.197906 -0.057781
v 0.119270 0.577232 -0.220901
v 0.119598 0.178284 -0.020243
v 0.119621 0.830536 -0.252838
v 0.119637 0.516405 -0.161575
v 0.119637 0.236084 0.045387
v 0.119690 0.128204 -0.072762
v 0.119736 0.635269 -0.250916
v 0.119774 0.182495 0.046619
v 0.119934 0.196106 -0.025684
v 0.120193 0.226288 -0.075287
v 0.120224 0.128876 0.072983
v 0.120300 0.137207 0.086174
v 0.120377 0.182190 -0.046143
v 0.120384 0.480989 -0.112869
v 0.120415 0.763489 -0.262360
v 0.120438 0.238129 0.047001
v 0.120613 0.931793 0.110298
v 0.120750 0.222076 0.072899
v 0.120979 0.696487 0.259003
v 0.121368 0.140045 -0.087868
v 0.121407 0.418434 -0.122154
v 0.121414 0.634338 -0.258118
v 0.121414 0.237793 -0.047817
v 0.121506 0.200775 0.173889
v 0.121559 0.184204 0.021172
v 0.121605 0.319305 0.000597
v 0.121719 0.144592 0.088608
v 0.121864 0.653946 -0.257599
v 0.121902 0.175507 -0.012651
v 0.122147 0.609390 -0.233505
v 0.122238 0.191589 0.069786
v 0.122337 0.205414 -0.053837
v 0.122383 0.929382 -0.118980
v 0.122383 0.205078 -0.053860
v 0.122383 0.173492 -0.080566
v 0.122467 0.218262 -0.070824
v 0.122620 0.224792 0.044060
v 0.122780 0.224487 -0.044117
v 0.122795 0.184204 0.065964
v 0.122864 0.209930 -0.173920
v 0.122871 0.207245 0.054199
v 0.122963 0.586342 -0.259399
v 0.123032 0.830627 0.251587
v 0.123039 0.177368 0.079025
v 0.123276 0.208130 0.172531
v 0.123329 0.815002 0.251190
v 0.123520 0.516193 0.159500
v 0.123589 0.202667 -0.172882
v 0.123604 0.236572 0.006933
v 0.123795 0.218170 0.057583
v 0.123802 0.236816 -0.006227
v 0.123993 0.230164 -0.065880
v 0.124123 0.219177 -0.056202
v 0.124405 0.205231 -0.047966
v 0.124481 0.738281 -0.262543
v 0.124550 0.120575 0.012900
v 0.124664 0.222534 0.027290
v 0.124733 0.121216 -0.012259
v 0.124817 0.192810 -0.069901
v 0.124840 0.126709 -0.066254
v 0.124901 0.196167 0.026794
v 0.124901 0.120209 0.000231
v 0.124908 0.221802 -0.027655
v 0.125031 0.206848 0.049000
v 0.125137 0.229523 0.068077
v 0.125153 0.741730 0.255798
v 0.125244 0.739899 -0.258392
v 0.125320 0.207458 0.049118
v 0.125397 0.196808 -0.091553
v 0.125504 0.214813 -0.090645
v 0.125580 0.177490 0.056744
v 0.125610 0.461582 -0.056198
v 0.125824 0.198761 0.057346
v 0.125870 0.694504 -0.264740
v 0.125916 0.217224 0.090439
v 0.125977 0.694565 -0.261261
v 0.126099 0.177460 -0.057167
v 0.126221 0.230194 -0.069908
v 0.126251 0.560341 -0.211121
v 0.126358 0.931061 0.117493
v 0.126373 0.327118 0.001323
v 0.126511 0.759033 -0.284607
v 0.126663 0.775391 -0.250946
v 0.126709 0.747025 -0.284576
v 0.126740 0.515580 0.171356
v 0.126755 0.240570 0.004872
v 0.127060 0.196655 -0.022497
v 0.127243 0.227661 0.045017
v 0.127487 0.930756 -0.118141
v 0.127502 0.197083 0.054199
v 0.127518 0.195160 0.012219
v 0.127518 0.181061 0.075058
v 0.127640 0.328430 -0.000775
v 0.127884 0.225281 0.049217
v 0.127884 0.224487 -0.048775
v 0.127991 0.810211 0.232178
v 0.128220 0.497355 0.127151
v 0.128235 0.196594 0.024130
v 0.128250 0.187164 0.011723
v 0.128372 0.197845 -0.012000
v 0.128510 0.161255 0.016983
v 0.128525 0.206787 -0.050877
v 0.128799 0.160339 -0.048302
v 0.128952 0.203735 -0.062714
v 0.129410 0.187683 -0.011827
v 0.129639 0.225983 -0.046364
v 0.129684 0.138916 0.045452
v 0.129700 0.160492 -0.016800
v 0.129791 0.662628 0.247131
v 0.129791 0.200378 -0.053150
v 0.130066 0.230377 -0.047539
v 0.130066 0.175629 -0.074532
v 0.130081 0.947174 0.000260
v 0.130188 0.888000 -0.187378
v 0.130203 0.829742 0.245041
v 0.130295 0.461441 -0.051384
v 0.130386 0.196228 -0.026321
v 0.130478 0.221466 0.000171
v 0.130539 0.176880 0.065033
v 0.130692 0.145050 0.043797
v 0.130737 0.215363 -0.027639
v 0.130905 0.217041 -0.069336
v 0.130951 0.217316 0.028090
v 0.130981 0.218201 -0.023399
v 0.131058 0.664200 0.241196
v 0.131088 0.231537 0.051243
v 0.131134 0.141754 -0.043274
v 0.131165 0.218384 0.071472
v 0.131317 0.202545 -0.094841
v 0.131348 0.226746 0.047226
v 0.131577 0.529533 0.192322
v 0.131607 0.218414 0.024113
v 0.131607 0.216614 0.012084
v 0.131790 0.239532 -0.004625
v 0.131897 0.744141 -0.252716
v 0.131897 0.213074 -0.091599
v 0.131943 0.756378 -0.251587
v 0.131989 0.224823 0.020824
v 0.132034 0.935822 0.101273
v 0.132156 0.215118 0.090141
v 0.132187 0.224365 -0.018599
v 0.132324 0.217834 -0.011634
v 0.132416 0.177460 -0.067612
v 0.132523 0.230408 0.022793
v 0.132538 0.692841 0.249695
v 0.132645 0.935883 -0.100372
v 0.132767 0.325546 0.001251
v 0.132767 0.194550 -0.084381
v 0.132828 0.887543 0.185623
v 0.132874 0.783813 0.246445
v 0.133072 0.203796 0.056152
v 0.133209 0.201263 0.096764
v 0.133270 0.110260 0.000254
v 0.133423 0.110138 0.013105
v 0.133484 0.765472 -0.276398
v 0.133545 0.158966 -0.009889
v 0.133606 0.829651 -0.243225
v 0.133698 0.226105 0.000153
v 0.133896 0.157898 0.000240
v 0.133987 0.200409 0.068314
v 0.134018 0.538876 -0.173462
v 0.134140 0.158569 0.010448
v 0.134216 0.142212 -0.009766
v 0.134232 0.521210 -0.183029
v 0.134415 0.880798 -0.189560
v 0.134491 0.141815 0.010197
v 0.134521 0.142883 0.000181
v 0.134735 0.516956 0.179977
v 0.134827 0.343857 0.001123
v 0.134842 0.538662 0.172791
v 0.134842 0.000122 0.000474
v 0.134857 0.525331 -0.176163
v 0.135101 0.231201 0.004392
v 0.135101 0.201294 -0.067108
v 0.135117 0.750061 0.249374
v 0.135162 0.639526 -0.242355
v 0.135162 0.740036 -0.277740
v 0.135178 0.223145 0.026281
v 0.135178 0.161102 -0.075432
v 0.135239 0.231232 -0.004586
v 0.135330 0.221680 -0.022511
v 0.135498 0.134338 0.075211
v 0.135544 0.710281 0.250580
v 0.135666 0.343948 0.000163
v 0.135742 0.757660 0.249191
v 0.136276 0.135956 -0.016872
v 0.136520 0.352570 -0.000650
v 0.136536 0.235168 0.003968
v 0.136597 0.351288 0.001127
v 0.137115 0.232239 0.000553
v 0.137131 0.518490 0.170807
v 0.137451 0.700195 0.253265
v 0.137451 0.160156 -0.059952
v 0.137527 0.728897 0.251953
v 0.137543 0.159271 0.060440
v 0.137634 0.137756 0.017483
v 0.137802 0.529049 0.174866
v 0.137802 0.463947 -0.137695
v 0.138474 0.217834 -0.084824
v 0.138489 0.650131 0.238113
v 0.138550 0.196411 -0.079460
v 0.138580 0.526102 -0.174210
v 0.138687 0.812042 0.229858
v 0.138733 0.138092 -0.057995
v 0.138794 0.547569 0.177841
v 0.138809 0.684540 0.242188
v 0.138855 0.515085 -0.164505
v 0.138977 0.561489 -0.188828
v 0.138992 0.140228 -0.077866
v 0.139145 0.689545 0.248581
v 0.139175 0.912598 -0.145325
v 0.139191 0.633667 -0.234497
v 0.139297 0.144714 0.077065
v 0.139343 0.515690 -0.171478
v 0.139618 0.911377 0.147400
v 0.139984 0.225464 0.001140
v 0.140060 0.356796 -0.000656
v 0.140259 0.216125 -0.076492
v 0.140320 0.222046 -0.000875
v 0.140335 0.220276 0.000061
v 0.140503 0.156189 0.009741
v 0.140549 0.226013 0.000158
v 0.140594 0.109741 -0.013100
v 0.140656 0.655457 0.238251
v 0.140762 0.140961 0.011235
v 0.140823 0.470165 0.056004
v 0.140930 0.140137 -0.010926
v 0.141113 0.664703 0.238327
v 0.141602 0.756653 0.248718
v 0.141602 0.108582 0.013514
v 0.141663 0.144348 -0.058701
v 0.141724 0.141022 0.059078
v 0.141846 0.517714 0.169067
v 0.141907 0.214203 0.079964
v 0.142075 0.360855 0.000451
v 0.142120 0.540459 0.182938
v 0.142319 0.907745 -0.141647
v 0.142441 0.156311 -0.009325
v 0.142548 0.200500 -0.012267
v 0.142639 0.143005 0.000344
v 0.142822 0.922302 -0.117538
v 0.142853 0.109772 0.000162
v 0.143036 0.863892 -0.200928
v 0.143051 0.573799 -0.207565
v 0.143402 0.141846 -0.009533
v 0.143555 0.640625 -0.242722
v 0.143707 0.223938 0.000230
v 0.143768 0.759247 -0.268890
v 0.143799 0.206726 -0.077248
v 0.143814 0.714249 0.251617
v 0.144089 0.905365 0.143799
v 0.144119 0.511747 -0.139221
v 0.144196 0.511761 -0.153824
v 0.144226 0.746552 -0.270447
v 0.144272 0.511599 0.139694
v 0.144699 0.862762 0.201111
v 0.144806 0.547020 -0.185394
v 0.145096 0.209778 0.102257
v 0.145416 0.200806 0.011535
v 0.145554 0.577110 0.204788
v 0.145599 0.574280 0.206192
v 0.145752 0.852081 0.206070
v 0.146042 0.920197 0.118004
v 0.146240 0.100800 0.000227
v 0.146347 0.002472 -0.002267
v 0.146469 0.207581 0.080421
v 0.146591 0.476498 -0.061855
v 0.146652 0.526976 -0.174469
v 0.146896 0.152527 0.000310
v 0.146973 0.141388 0.016537
v 0.147003 0.516943 0.168823
v 0.147064 0.660782 0.234451
v 0.147064 0.369995 0.000153
v 0.147064 0.142273 -0.016102
v 0.147125 0.369492 -0.000736
v 0.147369 0.477425 0.063072
v 0.147461 0.216461 -0.020182
v 0.147461 0.196960 0.095024
v 0.147461 0.156250 0.016188
v 0.147507 0.911896 0.138535
v 0.147644 0.549908 0.185333
v 0.147675 0.576714 -0.202911
v 0.147690 0.211639 -0.102089
v 0.147766 0.634003 0.227310
v 0.147766 0.693375 0.247192
v 0.147812 0.202240 -0.103088
v 0.147827 0.203583 0.102982
v 0.147873 0.155975 -0.015732
v 0.147903 0.495425 0.099762
v 0.148270 0.734177 0.240616
v 0.148270 0.912018 -0.138016
v 0.148315 0.534092 0.176376
v 0.148315 0.152771 0.010248
v 0.148621 0.152466 -0.009744
v 0.148651 0.517160 -0.167603
v 0.148743 0.197540 0.019684
v 0.148819 0.376244 0.000379
v 0.148834 0.216339 -0.023602
v 0.148926 0.126312 0.013027
v 0.149078 0.198883 0.088654
v 0.149277 0.662918 -0.239029
v 0.149307 0.008820 0.000210
v 0.149399 0.560841 0.194962
v 0.149445 0.126556 -0.013157
v 0.149704 0.188629 0.000215
v 0.149734 0.626968 -0.224594
v 0.149811 0.724365 0.245682
v 0.149857 0.477280 -0.057232
v 0.150131 0.781067 0.234390
v 0.150314 0.001740 0.000166
v 0.150604 0.559525 -0.177582
v 0.150818 0.509725 0.151154
v 0.151093 0.220093 -0.003079
v 0.151138 0.629700 -0.230057
v 0.151749 0.939209 0.000260
v 0.151871 0.476475 -0.060551
v 0.152008 0.939240 -0.066620
v 0.152069 0.831665 0.214066
v 0.152679 0.923523 -0.104462
v 0.153000 0.560837 0.179062
v 0.153046 0.384148 0.000340
v 0.153107 0.213776 0.097366
v 0.153122 0.197479 0.022358
v 0.153152 0.938416 0.068375
v 0.153168 0.198547 -0.098763
v 0.153290 0.652237 -0.239304
v 0.153503 0.382736 -0.000784
v 0.153625 0.089874 0.015305
v 0.153656 0.506286 0.155563
v 0.153656 0.090271 -0.014146
v 0.153824 0.220093 0.000243
v 0.154694 0.921844 0.107239
v 0.154755 0.812439 0.221130
v 0.154755 0.476238 0.000393
v 0.154892 0.507271 -0.154755
v 0.154922 0.514330 -0.140442
v 0.154999 0.879120 -0.173813
v 0.155258 0.879211 0.174225
v 0.155502 0.536049 -0.183136
v 0.155563 0.535892 0.183228
v 0.155609 0.603622 0.211487
v 0.155640 0.558342 -0.180878
v 0.155807 0.692703 0.231934
v 0.155899 0.662643 0.229050
v 0.155914 0.743042 0.241898
v 0.155914 0.474686 0.003434
v 0.156021 0.888367 -0.154739
v 0.156021 0.213501 -0.098038
v 0.156067 0.514002 -0.161728
v 0.156326 0.560638 -0.188477
v 0.156509 0.610458 -0.213074
v 0.156540 0.096893 -0.013648
v 0.156616 0.475262 -0.002676
v 0.156754 0.480728 0.063179
v 0.156799 0.478893 0.031609
v 0.157089 0.559185 0.181229
v 0.157120 0.096832 0.014133
v 0.157150 0.657074 0.224091
v 0.157227 0.515642 0.165710
v 0.157364 0.696060 0.240433
v 0.157379 0.831665 -0.209366
v 0.157455 0.125458 0.000211
v 0.157501 0.632172 0.218979
v 0.157700 0.016022 0.003119
v 0.157806 0.787872 0.224258
v 0.157913 0.392273 0.000192
v 0.158234 0.215790 0.018423
v 0.158310 0.200317 -0.095825
v 0.158478 0.215393 0.010791
v 0.158554 0.920715 -0.106056
v 0.159042 0.634567 -0.227325
v 0.159073 0.398582 0.000268
v 0.159378 0.529449 0.182434
v 0.159653 0.885864 0.162415
v 0.159760 0.627670 -0.247192
v 0.159943 0.883331 0.160599
v 0.160233 0.702072 -0.235947
v 0.160324 0.885223 -0.162659
v 0.160629 0.806976 -0.221222
v 0.160751 0.520678 -0.175552
v 0.160873 0.938263 0.044361
v 0.160934 0.657852 0.226334
v 0.161087 0.529646 -0.182571
v 0.161209 0.938080 -0.044331
v 0.161270 0.547878 -0.186661
v 0.161285 0.682327 0.224472
v 0.161362 0.514228 0.149734
v 0.161392 0.513905 -0.151337
v 0.161392 0.546761 0.186432
v 0.161865 0.197632 -0.016333
v 0.161896 0.869019 0.180222
v 0.162064 0.868713 -0.179703
v 0.162064 0.187653 -0.010131
v 0.162094 0.716766 0.234085
v 0.162186 0.203430 0.010752
v 0.162231 0.188049 0.010739
v 0.162308 0.202515 -0.011086
v 0.162354 0.187347 0.000293
v 0.162415 0.198364 -0.018610
v 0.162430 0.214783 -0.018139
v 0.162704 0.795654 0.219467
v 0.162720 0.405785 -0.000681
v 0.162857 0.215179 0.007843
v 0.162888 0.195862 0.000622
v 0.163025 0.215088 0.007653
v 0.163025 0.200043 0.017118
v 0.163162 0.816711 0.224197
v 0.163162 0.407234 0.000975
v 0.163223 0.813690 0.222473
v 0.163300 0.912506 0.121071
v 0.163391 0.215729 0.019386
v 0.164017 0.814972 -0.223816
v 0.164032 0.097809 -0.010056
v 0.164108 0.642914 0.215897
v 0.164261 0.098022 0.009454
v 0.164352 0.213226 -0.009254
v 0.164673 0.813446 -0.216843
v 0.164871 0.758118 -0.323914
v 0.164948 0.731781 0.228729
v 0.164948 0.492619 0.066177
v 0.165009 0.912476 -0.118584
v 0.165054 0.645172 -0.229202
v 0.165054 0.759857 0.230331
v 0.165146 0.218109 0.000247
v 0.165344 0.935425 0.000298
v 0.165390 0.516834 0.117928
v 0.165558 0.830048 0.222641
v 0.165573 0.025543 -0.003070
v 0.165756 0.938019 -0.004863
v 0.165771 0.937988 0.005023
v 0.165817 0.516724 -0.116219
v 0.166214 0.620865 0.211624
v 0.166260 0.494322 -0.066490
v 0.166336 0.007690 0.000203
v 0.166534 0.515705 -0.136002
v 0.166580 0.121643 0.014081
v 0.166595 0.121002 -0.013646
v 0.166733 0.626984 0.207687
v 0.166855 0.684006 0.226013
v 0.167007 0.516068 0.137848
v 0.167099 0.770386 -0.227661
v 0.167435 0.015106 0.005705
v 0.167603 0.777893 0.222809
v 0.167618 0.692291 -0.232651
v 0.167831 0.650177 0.220428
v 0.168198 0.712769 0.234940
v 0.168564 0.118805 0.013565
v 0.168686 0.518440 0.163742
v 0.168777 0.559380 -0.175827
v 0.169098 0.558807 0.176117
v 0.169403 0.518126 -0.163742
v 0.169662 0.625504 0.202652
v 0.169693 0.881134 -0.158295
v 0.169922 0.761169 -0.328400
v 0.169998 0.729019 -0.229767
v 0.170181 0.830109 -0.218887
v 0.170197 0.881012 0.157455
v 0.170258 0.108582 0.010274
v 0.170410 0.118500 -0.013674
v 0.170425 0.806061 0.205368
v 0.170471 0.925629 0.078293
v 0.170547 0.110382 -0.013597
v 0.170609 0.419182 0.000238
v 0.170837 0.422691 0.000087
v 0.170853 0.520370 -0.147125
v 0.171021 0.760712 -0.226028
v 0.171036 0.421730 -0.000717
v 0.171570 0.537968 -0.136124
v 0.171570 0.128296 -0.004880
v 0.171616 0.102844 0.014565
v 0.171829 0.654282 -0.226334
v 0.171829 0.866302 0.175293
v 0.172058 0.732681 0.230392
v 0.172119 0.546181 -0.183929
v 0.172180 0.565941 -0.177017
v 0.172211 0.526112 0.185440
v 0.172409 0.525810 -0.185593
v 0.172440 0.866302 -0.175171
v 0.172440 0.924530 -0.077919
v 0.172668 0.544392 0.184402
v 0.172806 0.863861 -0.170578
v 0.172897 0.649323 -0.211517
v 0.173004 0.574112 -0.181412
v 0.173401 0.577911 -0.180573
v 0.173538 0.523565 0.136856
v 0.173569 0.515041 -0.136261
v 0.173599 0.522566 -0.134750
v 0.173615 0.425735 0.000960
v 0.173645 0.538776 0.135376
v 0.173737 0.558609 0.166794
v 0.173859 0.671417 -0.224976
v 0.174072 0.093048 0.007200
v 0.174164 0.613419 0.200623
v 0.174179 0.521881 0.140427
v 0.174225 0.055542 0.000307
v 0.174377 0.056519 0.005140
v 0.174530 0.527016 0.150208
v 0.174545 0.055969 -0.004493
v 0.174637 0.557606 -0.168396
v 0.174667 0.566071 0.175964
v 0.174744 0.545055 -0.186401
v 0.174789 0.578499 -0.175415
v 0.174789 0.208344 0.121857
v 0.174957 0.091705 -0.006689
v 0.175079 0.578636 0.175415
v 0.175079 0.131500 0.004955
v 0.175110 0.930420 -0.035042
v 0.175201 0.632843 -0.250366
v 0.175217 0.802521 0.206940
v 0.175232 0.577133 0.179016
v 0.175385 0.619537 0.194336
v 0.175385 0.930145 0.034836
v 0.175400 0.521439 -0.154053
v 0.175430 0.516710 0.136368
v 0.175613 0.202820 -0.122673
v 0.175659 0.530094 -0.136490
v 0.175659 0.566193 -0.174515
v 0.176071 0.739273 0.227142
v 0.176224 0.209930 -0.121284
v 0.176254 0.532238 0.184875
v 0.176331 0.561398 0.170456
v 0.176361 0.653625 0.213226
v 0.176468 0.870544 0.164627
v 0.176620 0.532669 -0.185547
v 0.176682 0.434280 0.000007
v 0.176773 0.045776 0.000310
v 0.176971 0.200287 0.120377
v 0.177063 0.692215 -0.231247
v 0.177170 0.870209 -0.165985
v 0.177216 0.523481 0.155014
v 0.177460 0.128204 0.000622
v 0.177612 0.433044 -0.000775
v 0.177765 0.029999 -0.007341
v 0.177811 0.905975 -0.181259
v 0.178024 0.046021 -0.004016
v 0.178040 0.906097 0.192734
v 0.178040 0.906158 -0.192947
v 0.178085 0.636307 -0.275787
v 0.178101 0.542877 -0.153183
v 0.178329 0.524927 0.133850
v 0.178375 0.560162 -0.157623
v 0.178375 0.560303 -0.168350
v 0.178543 0.758606 0.217819
v 0.178894 0.560371 0.155563
v 0.178894 0.577843 -0.174484
v 0.178925 0.558479 0.156708
v 0.178940 0.211212 0.116837
v 0.178940 0.111664 -0.000019
v 0.179047 0.522726 -0.138794
v 0.179047 0.195831 0.000210
v 0.179230 0.553505 -0.145447
v 0.179291 0.577126 0.174194
v 0.179367 0.137604 0.000380
v 0.179398 0.214722 -0.006285
v 0.179428 0.043945 0.005211
v 0.179535 0.522676 -0.162506
v 0.179535 0.575333 -0.176788
v 0.179688 0.652374 0.210449
v 0.179688 0.437027 0.000386
v 0.179794 0.630371 -0.272308
v 0.179840 0.216461 0.000243
v 0.179901 0.204620 0.011023
v 0.180038 0.908722 0.184067
v 0.180237 0.644348 0.200363
v 0.180283 0.719604 -0.221298
v 0.180420 0.635330 -0.201035
v 0.180450 0.197174 0.005332
v 0.180481 0.075195 0.006266
v 0.180664 0.075592 -0.005679
v 0.180756 0.110596 -0.010122
v 0.180862 0.203491 0.113625
v 0.180893 0.927673 0.005582
v 0.180923 0.927826 -0.005402
v 0.181122 0.209351 -0.115608
v 0.181183 0.508998 0.072182
v 0.181183 0.673676 0.214584
v 0.181213 0.773651 -0.213760
v 0.181274 0.833984 0.179993
v 0.181580 0.546070 0.172073
v 0.181625 0.853912 0.172958
v 0.181824 0.921326 0.000464
v 0.181839 0.719940 0.209000
v 0.181870 0.202240 -0.114754
v 0.181870 0.198151 -0.005956
v 0.181915 0.899750 0.195923
v 0.181992 0.106323 -0.014898
v 0.182053 0.211914 0.006615
v 0.182159 0.145416 0.000093
v 0.182266 0.831329 0.187073
v 0.182297 0.574524 0.173386
v 0.182327 0.542099 -0.168106
v 0.182388 0.553406 -0.148849
v 0.182404 0.899811 -0.196259
v 0.182526 0.831207 -0.186264
v 0.182541 0.205536 -0.010542
v 0.182587 0.695023 0.209030
v 0.182648 0.679123 0.212250
v 0.182663 0.445480 -0.000640
v 0.182877 0.529411 0.127365
v 0.182892 0.447399 0.000817
v 0.183029 0.540352 -0.142319
v 0.183075 0.120941 0.011224
v 0.183136 0.830902 -0.180496
v 0.183197 0.813019 0.192184
v 0.183228 0.111023 0.008649
v 0.183258 0.653091 -0.217834
v 0.183289 0.611198 0.183075
v 0.183319 0.123627 -0.009301
v 0.183350 0.617577 0.191315
v 0.183411 0.446400 0.000994
v 0.183578 0.530500 0.176834
v 0.183746 0.543419 0.144241
v 0.183929 0.545319 -0.174011
v 0.184052 0.532570 -0.177170
v 0.184158 0.538784 -0.156845
v 0.184219 0.646912 0.202866
v 0.184341 0.889771 0.130188
v 0.184402 0.537460 -0.115349
v 0.184464 0.810883 0.184113
v 0.184662 0.551575 -0.157654
v 0.184662 0.639679 -0.198181
v 0.184677 0.212708 0.000225
v 0.184784 0.527998 0.168289
v 0.184860 0.889160 -0.129730
v 0.185303 0.107727 0.012716
v 0.185349 0.551754 0.188019
v 0.185364 0.913544 0.085556
v 0.185425 0.149109 0.000221
v 0.185638 0.528793 -0.171616
v 0.185684 0.812988 -0.191849
v 0.185852 0.547665 0.160522
v 0.185867 0.450397 0.000259
v 0.185989 0.912994 -0.085274
v 0.186188 0.115540 0.000326
v 0.186325 0.920929 -0.005649
v 0.186447 0.703995 0.216064
v 0.186493 0.690704 0.209320
v 0.186539 0.210022 -0.006637
v 0.186768 0.629761 0.187958
v 0.186859 0.529030 -0.121307
v 0.186859 0.107483 -0.011217
v 0.186890 0.724625 0.214996
v 0.186890 0.047119 0.007741
v 0.186951 0.919159 0.000302
v 0.187210 0.624039 -0.185867
v 0.187241 0.549999 -0.188553
v 0.187347 0.555458 -0.193085
v 0.187454 0.805939 -0.188751
v 0.187866 0.047333 -0.011384
v 0.187897 0.047424 0.011415
v 0.188080 0.831787 0.180756
v 0.188126 0.550076 0.187027
v 0.188583 0.718506 0.211975
v 0.188583 0.747360 0.207367
v 0.188690 0.549892 -0.186783
v 0.188766 0.631439 -0.190933
v 0.188797 0.906128 0.182297
v 0.188873 0.895782 -0.192139
v 0.188950 0.560562 0.155869
v 0.189194 0.052185 -0.005391
v 0.189224 0.506313 0.000248
v 0.189240 0.517023 -0.074944
v 0.189301 0.198669 0.000261
v 0.189377 0.831573 -0.179947
v 0.189438 0.897552 0.192398
v 0.189468 0.740829 0.202042
v 0.189606 0.920624 -0.027288
v 0.189743 0.735413 0.212143
v 0.189911 0.726959 -0.220047
v 0.189911 0.907562 -0.184265
v 0.189972 0.517092 0.072639
v 0.189987 0.724869 0.207840
v 0.190186 0.644806 0.191162
v 0.190689 0.713791 0.209442
v 0.190689 0.056976 0.005378
v 0.190842 0.920624 0.006813
v 0.191116 0.464066 0.000416
v 0.191406 0.537525 0.201447
v 0.191513 0.920715 -0.005181
v 0.191772 0.722488 0.191483
v 0.191864 0.899323 0.185623
v 0.191940 0.119141 0.005078
v 0.192123 0.760437 0.199677
v 0.192230 0.688065 0.207977
v 0.192352 0.898773 -0.186493
v 0.192383 0.913086 -0.070068
v 0.192398 0.819580 -0.197647
v 0.192627 0.816132 0.197647
v 0.192719 0.812195 0.182831
v 0.192780 0.814819 -0.198730
v 0.192825 0.117828 -0.004675
v 0.192841 0.787720 0.192825
v 0.192871 0.652924 0.194031
v 0.193069 0.628891 -0.187180
v 0.193069 0.783844 0.197830
v 0.193329 0.537270 -0.203415
v 0.193405 0.696396 0.205521
v 0.193909 0.596634 -0.207047
v 0.193954 0.808350 -0.186035
v 0.193970 0.625229 0.185608
v 0.194260 0.126282 0.000235
v 0.194275 0.647949 0.195587
v 0.194366 0.044220 0.007714
v 0.194427 0.912415 0.066086
v 0.194626 0.045105 -0.007560
v 0.194946 0.576096 -0.154373
v 0.195374 0.662689 0.197632
v 0.195847 0.549374 0.206207
v 0.195847 0.561703 -0.196640
v 0.196243 0.828339 0.195236
v 0.196259 0.516687 0.085846
v 0.196381 0.625702 -0.205841
v 0.196396 0.634903 0.179291
v 0.196396 0.753235 -0.206192
v 0.196411 0.743546 0.201569
v 0.196426 0.696472 0.197662
v 0.196472 0.654099 -0.194336
v 0.196625 0.549713 -0.207031
v 0.196625 0.118774 0.000455
v 0.196655 0.900848 -0.091194
v 0.197067 0.724686 0.206635
v 0.197159 0.530024 0.131760
v 0.197479 0.625748 -0.207748
v 0.197708 0.709869 0.205963
v 0.197769 0.511115 -0.000655
v 0.197769 0.094940 -0.006723
v 0.197800 0.531494 -0.131165
v 0.197906 0.058441 0.006369
v 0.198273 0.059235 -0.005990
v 0.198395 0.476442 -0.000664
v 0.198471 0.094086 0.006565
v 0.198517 0.758026 -0.200333
v 0.198822 0.727524 0.201935
v 0.198837 0.922607 0.202103
v 0.198914 0.516665 -0.080803
v 0.198975 0.093140 -0.016523
v 0.199081 0.922729 -0.203232
v 0.199173 0.737396 -0.212509
v 0.199265 0.092773 0.017103
v 0.199310 0.113007 0.000206
v 0.199524 0.689178 0.199066
v 0.199661 0.777466 -0.193527
v 0.199661 0.862793 0.145660
v 0.199753 0.636459 -0.293396
v 0.199814 0.786987 0.189270
v 0.199982 0.554554 0.195740
v 0.200165 0.053772 0.000284
v 0.200195 0.574287 -0.152359
v 0.200500 0.480806 0.001205
v 0.200912 0.556461 0.209335
v 0.200958 0.536228 0.212021
v 0.201096 0.651062 0.186066
v 0.201263 0.516455 0.013736
v 0.201324 0.556812 -0.196487
v 0.201431 0.862793 -0.143173
v 0.201447 0.537273 0.086258
v 0.201447 0.559101 -0.209061
v 0.201477 0.794434 0.182724
v 0.201569 0.546688 -0.193146
v 0.201584 0.516720 -0.014873
v 0.201691 0.912842 -0.038136
v 0.201996 0.830109 -0.189148
v 0.202026 0.482914 0.000272
v 0.202133 0.912415 0.039696
v 0.202332 0.043854 0.000131
v 0.202362 0.747375 -0.210526
v 0.202377 0.546612 0.193359
v 0.202515 0.576530 0.146774
v 0.202530 0.661346 -0.205460
v 0.202560 0.537453 0.194077
v 0.202759 0.672226 0.185272
v 0.202881 0.718750 0.199768
v 0.203232 0.512086 0.000758
v 0.203934 0.730911 0.189407
v 0.204208 0.908264 0.000227
v 0.204453 0.536331 -0.079361
v 0.204651 0.677887 0.190002
v 0.204666 0.536190 0.079643
v 0.204788 0.912445 0.004721
v 0.204819 0.912567 -0.004834
v 0.204865 0.636337 0.173935
v 0.204971 0.493096 0.000425
v 0.205048 0.646591 0.182877
v 0.205063 0.534092 -0.215302
v 0.205292 0.636459 -0.201141
v 0.205994 0.530241 0.086861
v 0.206085 0.559402 0.204895
v 0.206131 0.093872 -0.011015
v 0.206390 0.492111 0.000176
v 0.206924 0.093292 0.010510
v 0.207077 0.599808 0.157822
v 0.207108 0.537838 -0.197067
v 0.207382 0.688522 0.185455
v 0.207428 0.556980 0.196320
v 0.207794 0.512050 -0.002212
v 0.207809 0.530365 -0.080780
v 0.207962 0.557480 -0.195435
v 0.208038 0.573402 0.140182
v 0.208038 0.887604 0.098618
v 0.208206 0.730881 -0.205551
v 0.208252 0.629761 -0.196152
v 0.208298 0.549412 -0.210907
v 0.208389 0.654602 0.181885
v 0.208542 0.887024 -0.098724
v 0.208557 0.766571 0.186584
v 0.208893 0.510307 -0.000012
v 0.208893 0.551132 0.198761
v 0.208908 0.516943 0.042313
v 0.208923 0.548801 -0.196915
v 0.208954 0.616058 -0.162369
v 0.209000 0.211456 0.000328
v 0.209030 0.201691 -0.004024
v 0.209137 0.658569 -0.179352
v 0.209137 0.752258 -0.204361
v 0.209137 0.209656 -0.004630
v 0.209137 0.200562 0.000355
v 0.209259 0.762512 -0.197235
v 0.209366 0.203308 0.005551
v 0.209427 0.715820 0.187622
v 0.209915 0.550129 0.211533
v 0.210251 0.094666 0.000138
v 0.210449 0.814819 0.178314
v 0.210754 0.560799 -0.125549
v 0.210953 0.636978 0.172974
v 0.211914 0.754303 0.184555
v 0.212173 0.831543 -0.154922
v 0.212494 0.717651 -0.194626
v 0.212601 0.537029 0.046249
v 0.212631 0.739075 0.191132
v 0.213013 0.606590 -0.159286
v 0.213150 0.781433 -0.175247
v 0.213196 0.548500 -0.082802
v 0.213318 0.537025 -0.041916
v 0.213516 0.831696 0.153793
v 0.213562 0.830322 0.174911
v 0.213882 0.516479 0.009073
v 0.213913 0.662811 -0.194809
v 0.214462 0.510983 0.000058
v 0.214478 0.657593 0.169418
v 0.214691 0.524916 0.225174
v 0.214722 0.746338 -0.198669
v 0.215012 0.516415 -0.007817
v 0.215027 0.543663 0.224777
v 0.215225 0.897369 0.000276
v 0.215286 0.654602 -0.187851
v 0.215302 0.542057 -0.224869
v 0.215469 0.695114 0.186295
v 0.215561 0.736588 -0.195251
v 0.215729 0.851532 -0.131485
v 0.216354 0.561607 -0.094498
v 0.216553 0.771851 0.173096
v 0.216965 0.786774 0.166290
v 0.217789 0.846161 0.132782
v 0.217880 0.537064 -0.012478
v 0.217987 0.666046 0.171417
v 0.218079 0.537209 0.011686
v 0.218506 0.517441 -0.229034
v 0.218567 0.654114 -0.167847
v 0.218689 0.560562 0.112923
v 0.218719 0.671463 -0.169693
v 0.218765 0.542637 -0.222458
v 0.218765 0.783905 0.168777
v 0.218903 0.886841 -0.072426
v 0.219162 0.812958 -0.159958
v 0.219345 0.529858 0.032505
v 0.219498 0.739365 0.176804
v 0.219696 0.506197 -0.235931
v 0.219833 0.657120 -0.187973
v 0.219986 0.885376 0.073174
v 0.220291 0.761475 -0.184662
v 0.220306 0.475992 0.223511
v 0.220490 0.505146 0.238693
v 0.220840 0.811737 0.152603
v 0.221237 0.891449 0.000215
v 0.221344 0.542343 0.225327
v 0.221771 0.529411 0.011345
v 0.221863 0.510336 0.232773
v 0.221909 0.661804 0.170120
v 0.222214 0.478790 -0.224579
v 0.222229 0.889740 -0.000627
v 0.222305 0.529943 -0.011879
v 0.222580 0.560867 -0.086525
v 0.222717 0.517611 -0.007807
v 0.222763 0.528265 0.213272
v 0.223068 0.561451 0.085663
v 0.223251 0.542191 0.221268
v 0.223358 0.542118 -0.220505
v 0.223495 0.686447 0.169785
v 0.223541 0.678909 -0.180298
v 0.223846 0.643845 -0.165619
v 0.223862 0.526104 -0.214249
v 0.224167 0.506386 -0.231857
v 0.224228 0.506548 0.231445
v 0.224243 0.889557 -0.000113
v 0.224335 0.790863 -0.166611
v 0.224915 0.519794 0.008842
v 0.225067 0.773193 -0.169830
v 0.225204 0.543068 -0.215958
v 0.225250 0.722427 0.168976
v 0.225616 0.797302 -0.157440
v 0.225800 0.815582 -0.162201
v 0.226013 0.863983 0.108109
v 0.226089 0.518930 0.244232
v 0.226135 0.743225 0.172134
v 0.226196 0.863892 -0.107010
v 0.226486 0.541256 0.217651
v 0.226761 0.518011 -0.243317
v 0.227142 0.731064 -0.175674
v 0.227341 0.689240 0.170517
v 0.227448 0.887299 -0.004868
v 0.227509 0.517807 -0.238861
v 0.227753 0.603531 0.133041
v 0.227875 0.713226 0.176987
v 0.228210 0.668365 -0.165802
v 0.228302 0.758820 0.166061
v 0.228348 0.673004 -0.179169
v 0.228561 0.809174 -0.141342
v 0.228653 0.499891 0.244751
v 0.228714 0.756775 0.163925
v 0.228912 0.526970 0.000222
v 0.229080 0.500228 -0.226334
v 0.229095 0.885742 0.005197
v 0.229309 0.654022 -0.161407
v 0.229462 0.814758 0.157852
v 0.229584 0.830475 -0.154266
v 0.229706 0.575706 0.106750
v 0.229874 0.530941 -0.010358
v 0.230164 0.552963 0.006064
v 0.230209 0.880524 0.046246
v 0.230316 0.880951 -0.044956
v 0.230576 0.829834 0.154221
v 0.230820 0.537674 0.009882
v 0.230865 0.505880 0.226288
v 0.230972 0.497589 -0.238525
v 0.231079 0.832764 -0.128555
v 0.231155 0.560871 -0.042137
v 0.231430 0.881470 0.034710
v 0.231445 0.560860 0.041378
v 0.231491 0.850250 -0.110306
v 0.231567 0.725830 0.169662
v 0.231613 0.851990 0.109482
v 0.231781 0.881348 -0.033852
v 0.231888 0.756744 -0.171005
v 0.232040 0.560848 -0.085938
v 0.232086 0.627762 0.141068
v 0.232269 0.560818 0.082855
v 0.232712 0.648453 -0.161774
v 0.233063 0.749557 -0.233795
v 0.233063 0.756622 -0.233536
v 0.233200 0.509179 0.222855
v 0.233337 0.496510 0.237961
v 0.233398 0.648926 -0.153030
v 0.233444 0.508702 -0.222641
v 0.233612 0.523046 0.245895
v 0.233765 0.557381 0.001091
v 0.234070 0.821198 -0.153717
v 0.234085 0.557468 0.000164
v 0.234238 0.848450 0.100990
v 0.234451 0.573647 -0.094185
v 0.234650 0.727509 0.160324
v 0.234711 0.828827 -0.152023
v 0.235001 0.576538 -0.090187
v 0.235474 0.560944 0.000312
v 0.235504 0.865662 -0.078369
v 0.236252 0.524612 -0.244766
v 0.236542 0.865295 0.077820
v 0.236588 0.871948 -0.052273
v 0.236694 0.833405 0.119797
v 0.236786 0.761261 -0.225708
v 0.236862 0.812714 -0.144363
v 0.236923 0.691467 0.159607
v 0.236923 0.872742 0.051586
v 0.237030 0.498506 -0.234222
v 0.237335 0.503847 -0.252014
v 0.237595 0.745041 -0.227905
v 0.237625 0.519011 -0.251129
v 0.237701 0.781860 -0.160172
v 0.237808 0.667465 -0.173218
v 0.238220 0.497077 0.236206
v 0.238312 0.612297 -0.165710
v 0.238480 0.873627 -0.031445
v 0.238525 0.506668 0.253204
v 0.238541 0.524750 0.245255
v 0.238602 0.519207 0.251740
v 0.238754 0.873932 0.031502
v 0.238785 0.697723 -0.173691
v 0.238846 0.832794 0.108650
v 0.238861 0.695648 0.154160
v 0.238937 0.546608 -0.241684
v 0.238968 0.763153 -0.166229
v 0.239105 0.795074 -0.154068
v 0.239151 0.713699 0.161804
v 0.239227 0.809723 0.128830
v 0.239273 0.787598 0.138138
v 0.239395 0.832947 -0.107971
v 0.240189 0.833191 -0.114075
v 0.240204 0.514164 -0.226028
v 0.240250 0.630295 -0.160233
v 0.240448 0.603531 -0.166672
v 0.240463 0.670395 -0.138626
v 0.240845 0.561230 0.053070
v 0.240921 0.518538 0.247543
v 0.241547 0.606720 0.113617
v 0.241547 0.806519 0.134262
v 0.241730 0.561329 -0.046799
v 0.241989 0.620255 0.139923
v 0.242294 0.756317 -0.221878
v 0.242462 0.794739 0.131989
v 0.242722 0.749222 -0.222046
v 0.242828 0.517332 0.227676
v 0.243011 0.830841 0.134933
v 0.243027 0.499438 0.228592
v 0.243088 0.499341 -0.228271
v 0.243835 0.867004 -0.046959
v 0.243835 0.499478 0.244659
v 0.243988 0.866486 0.047085
v 0.244019 0.763245 0.142136
v 0.244034 0.788300 -0.158401
v 0.244156 0.519913 -0.246109
v 0.244400 0.832581 0.114891
v 0.244522 0.605629 -0.088318
v 0.244644 0.525229 0.238434
v 0.244644 0.755493 -0.160080
v 0.244659 0.688004 -0.167084
v 0.244675 0.502571 -0.245956
v 0.244736 0.651077 -0.121002
v 0.244934 0.867126 -0.036701
v 0.244949 0.815979 -0.137894
v 0.244965 0.866241 0.037189
v 0.244995 0.507273 0.247833
v 0.245148 0.657272 -0.162827
v 0.245239 0.524065 -0.237793
v 0.245300 0.577660 0.053734
v 0.245300 0.685333 0.143707
v 0.245407 0.574112 0.058392
v 0.245422 0.800079 -0.147125
v 0.245544 0.576927 -0.047703
v 0.245728 0.503178 -0.244644
v 0.245728 0.591911 0.128952
v 0.245804 0.573540 -0.053333
v 0.245850 0.861603 0.000675
v 0.246017 0.524082 0.236099
v 0.246078 0.504022 0.245773
v 0.246094 0.561596 0.001742
v 0.246384 0.712952 0.142181
v 0.246414 0.814972 0.133072
v 0.246689 0.732971 0.142914
v 0.246796 0.520918 0.246704
v 0.246796 0.813263 -0.132401
v 0.246887 0.522785 -0.235306
v 0.246979 0.519958 -0.245270
v 0.246979 0.645752 -0.124657
v 0.247147 0.864624 -0.004540
v 0.247238 0.605247 -0.093140
v 0.247452 0.780701 -0.149994
v 0.247467 0.812195 0.118332
v 0.247604 0.579567 0.000273
v 0.247604 0.644775 0.142120
v 0.247894 0.589684 0.132446
v 0.248322 0.617615 0.141876
v 0.248459 0.862671 0.005255
v 0.248749 0.577660 0.004443
v 0.248886 0.774597 0.140518
v 0.248917 0.832062 0.083008
v 0.248993 0.586548 0.000417
v 0.249100 0.853973 -0.000239
v 0.249252 0.551399 -0.248245
v 0.249268 0.765717 0.138138
v 0.249268 0.766449 -0.138702
v 0.249359 0.600281 0.114700
v 0.249481 0.855408 -0.041111
v 0.249680 0.832336 -0.080559
v 0.250092 0.814240 0.124947
v 0.250397 0.668564 -0.120987
v 0.250427 0.794312 -0.140121
v 0.250702 0.850891 0.044094
v 0.250702 0.488709 0.251221
v 0.251099 0.573944 0.002036
v 0.251282 0.848480 -0.000016
v 0.251373 0.785248 -0.139465
v 0.251404 0.608383 0.085876
v 0.251434 0.673462 -0.153625
v 0.251709 0.505272 -0.238113
v 0.251801 0.519556 0.239624
v 0.251831 0.518654 -0.239517
v 0.251923 0.788605 0.122040
v 0.252045 0.505094 0.238297
v 0.252411 0.555115 0.255737
v 0.252960 0.551128 0.129654
v 0.253296 0.586899 0.130798
v 0.253296 0.741791 -0.139648
v 0.253326 0.667068 -0.113113
v 0.254272 0.830688 -0.112617
v 0.254272 0.901581 0.050873
v 0.254303 0.725845 0.141739
v 0.254333 0.581764 0.125626
v 0.254761 0.631683 0.088005
v 0.254944 0.663239 -0.107208
v 0.255066 0.581223 0.116661
v 0.255157 0.533020 0.257782
v 0.256317 0.670181 0.142456
v 0.256378 0.830414 0.101448
v 0.256439 0.614594 -0.041458
v 0.256653 0.903931 -0.050701
v 0.256836 0.813812 0.115166
v 0.256927 0.805908 -0.114136
v 0.256958 0.625412 0.095802
v 0.257111 0.903412 0.042892
v 0.257172 0.487938 -0.257446
v 0.257294 0.830841 0.104828
v 0.257324 0.549080 -0.267944
v 0.257324 0.621712 -0.056499
v 0.257385 0.611153 0.063820
v 0.257690 0.650238 -0.088211
v 0.257843 0.546700 -0.263702
v 0.257904 0.903839 -0.042561
v 0.257935 0.558228 0.119133
v 0.258209 0.616791 -0.024582
v 0.258301 0.650833 -0.095383
v 0.258423 0.662918 -0.140259
v 0.258484 0.550198 0.268860
v 0.259125 0.628418 0.074844
v 0.259186 0.647812 -0.097351
v 0.259308 0.694443 0.142715
v 0.259369 0.666397 -0.144333
v 0.259460 0.831635 0.045925
v 0.259583 0.831787 -0.047096
v 0.259827 0.778717 -0.112854
v 0.259949 0.563393 -0.263885
v 0.259949 0.596558 0.115395
v 0.260071 0.558514 0.257660
v 0.260345 0.592430 0.104683
v 0.260406 0.633102 -0.054668
v 0.260590 0.630264 0.054489
v 0.260620 0.621506 0.071075
v 0.260803 0.654510 -0.107796
v 0.260864 0.788544 0.112740
v 0.260956 0.659470 -0.087463
v 0.260986 0.631058 -0.045994
v 0.261261 0.654221 -0.075752
v 0.261353 0.897827 -0.054970
v 0.261475 0.633316 0.061096
v 0.261627 0.622665 -0.003282
v 0.261749 0.802490 -0.088287
v 0.261841 0.632858 0.047550
v 0.261902 0.898621 0.055313
v 0.262177 0.814178 -0.101471
v 0.262238 0.744797 -0.119095
v 0.262482 0.685043 -0.099754
v 0.262482 0.811493 -0.088142
v 0.262543 0.557922 0.271210
v 0.262939 0.644226 -0.141479
v 0.263031 0.548737 0.010121
v 0.263062 0.831299 0.000280
v 0.263275 0.901245 -0.040253
v 0.263336 0.627396 0.083481
v 0.263428 0.548294 -0.006573
v 0.263611 0.579071 0.268250
v 0.263641 0.831177 0.004314
v 0.263641 0.901062 0.040741
v 0.263672 0.633850 0.000351
v 0.263947 0.567131 0.011240
v 0.264069 0.580505 -0.263428
v 0.264374 0.610489 0.049534
v 0.264465 0.661957 -0.085289
v 0.264832 0.812592 0.081360
v 0.265106 0.650726 0.109474
v 0.265289 0.773010 0.101364
v 0.265320 0.660110 -0.134247
v 0.265442 0.811981 -0.082191
v 0.265686 0.645157 -0.018135
v 0.265839 0.570320 -0.263184
v 0.265930 0.762939 -0.248703
v 0.265961 0.577187 -0.012435
v 0.265961 0.579758 0.263947
v 0.266052 0.620399 0.110954
v 0.266083 0.593903 0.102585
v 0.266174 0.578285 -0.004362
v 0.266266 0.551472 -0.260223
v 0.266296 0.589790 0.278534
v 0.266296 0.814667 0.091286
v 0.266418 0.893951 0.051861
v 0.266449 0.576965 0.281464
v 0.266510 0.648163 0.035080
v 0.266541 0.638687 0.003342
v 0.266724 0.651321 0.044304
v 0.266785 0.649750 0.000630
v 0.266785 0.894653 -0.050964
v 0.266846 0.600723 -0.282318
v 0.266876 0.551834 0.261841
v 0.267059 0.610832 -0.059315
v 0.267181 0.579605 -0.276154
v 0.267181 0.649643 -0.077293
v 0.267242 0.603729 0.279175
v 0.267273 0.569702 -0.000042
v 0.267365 0.483719 0.267853
v 0.267395 0.629028 0.033272
v 0.267548 0.783203 -0.101898
v 0.267578 0.580017 0.275238
v 0.267731 0.894836 -0.044323
v 0.267944 0.626251 -0.064804
v 0.268005 0.551636 -0.258240
v 0.268127 0.602776 0.094009
v 0.268158 0.782532 -0.088837
v 0.268188 0.597359 0.282867
v 0.268250 0.895630 0.044636
v 0.268311 0.590836 -0.279114
v 0.268372 0.653931 0.000451
v 0.268616 0.558842 0.281342
v 0.268616 0.763977 0.094025
v 0.268707 0.530649 0.009687
v 0.268707 0.558945 -0.281006
v 0.268738 0.830048 0.071930
v 0.268829 0.551426 0.259308
v 0.268890 0.577583 -0.282379
v 0.268951 0.596512 -0.280396
v 0.269257 0.812439 -0.049629
v 0.269318 0.539734 -0.006369
v 0.269348 0.597427 0.074570
v 0.269745 0.813110 0.000240
v 0.269775 0.590492 -0.267029
v 0.269775 0.812347 0.047085
v 0.270020 0.578178 0.000209
v 0.270233 0.663498 0.107521
v 0.270386 0.697296 0.111389
v 0.270599 0.657349 0.030138
v 0.270721 0.669952 -0.122589
v 0.270782 0.815094 -0.075645
v 0.270813 0.812103 -0.050766
v 0.271057 0.830231 -0.062553
v 0.271179 0.632080 -0.057697
v 0.271484 0.665527 -0.003192
v 0.271484 0.812836 0.002832
v 0.271515 0.665497 -0.078903
v 0.271545 0.557369 -0.276398
v 0.271637 0.764008 0.099571
v 0.271637 0.804199 0.000173
v 0.271881 0.812286 0.052036
v 0.272186 0.557621 0.276794
v 0.272247 0.616463 -0.025660
v 0.272491 0.613968 0.083389
v 0.272644 0.578300 0.004430
v 0.272644 0.755219 -0.088547
v 0.272797 0.608208 -0.021282
v 0.272797 0.617935 0.012915
v 0.273041 0.749023 -0.101982
v 0.273102 0.599495 0.015593
v 0.273346 0.554657 -0.270905
v 0.273438 0.601257 0.049042
v 0.273499 0.632797 0.076279
v 0.273529 0.591156 0.267456
v 0.273529 0.602463 0.000151
v 0.273560 0.672028 -0.113312
v 0.273560 0.690811 -0.087845
v 0.273926 0.560623 0.013210
v 0.274139 0.612411 -0.000248
v 0.274200 0.562378 0.000385
v 0.274261 0.621521 0.069122
v 0.274445 0.653168 -0.086479
v 0.274658 0.790070 0.050152
v 0.274841 0.781891 0.078552
v 0.274963 0.556675 0.272827
v 0.275055 0.605614 0.276672
v 0.275055 0.656082 -0.107193
v 0.275116 0.579620 -0.267242
v 0.275146 0.439892 0.274841
v 0.275238 0.566139 -0.001865
v 0.275299 0.801300 -0.002892
v 0.275330 0.551144 0.287292
v 0.275482 0.605347 -0.276855
v 0.275513 0.719879 -0.101089
v 0.275543 0.633240 -0.047192
v 0.275574 0.442886 -0.275787
v 0.275635 0.579826 0.267792
v 0.275879 0.788788 0.000219
v 0.275940 0.685135 -0.103287
v 0.275970 0.571495 0.003057
v 0.275970 0.916931 -0.050735
v 0.276154 0.605667 -0.290253
v 0.276154 0.683334 -0.099190
v 0.276184 0.625900 0.090446
v 0.276337 0.714554 -0.092148
v 0.276428 0.813782 -0.051689
v 0.276550 0.570274 -0.013143
v 0.276581 0.535305 -0.279938
v 0.276611 0.554543 -0.286835
v 0.276672 0.829437 0.007899
v 0.276886 0.617531 -0.020470
v 0.277130 0.581039 0.289703
v 0.277130 0.610519 0.024220
v 0.277161 0.622314 0.032932
v 0.277283 0.571228 0.007460
v 0.277283 0.456524 0.279602
v 0.277679 0.545856 -0.274902
v 0.277679 0.813690 0.046085
v 0.277771 0.918884 0.052036
v 0.277863 0.626434 0.053448
v 0.278015 0.651413 -0.050198
v 0.278137 0.782898 -0.069000
v 0.278168 0.591537 0.269806
v 0.278259 0.507236 -0.287292
v 0.278503 0.788483 0.055164
v 0.278595 0.574272 -0.268311
v 0.278687 0.633591 0.059292
v 0.278839 0.774689 0.000227
v 0.278931 0.585114 0.000146
v 0.278961 0.573936 0.267670
v 0.279022 0.557751 -0.269104
v 0.279144 0.591934 -0.270966
v 0.279175 0.692596 -0.069016
v 0.279236 0.589790 -0.002671
v 0.279236 0.659332 0.082802
v 0.279266 0.812775 -0.176971
v 0.279297 0.517708 -0.289215
v 0.279358 0.756744 0.074654
v 0.279358 0.457130 0.277222
v 0.279419 0.604958 0.293976
v 0.279510 0.562531 -0.290894
v 0.279633 0.627747 -0.002869
v 0.279816 0.599564 -0.295227
v 0.279877 0.590530 0.014700
v 0.279907 0.601898 -0.269104
v 0.279938 0.806213 -0.178329
v 0.279968 0.775482 -0.058216
v 0.279999 0.763306 -0.044868
v 0.280151 0.553333 0.284027
v 0.280243 0.595955 -0.021593
v 0.280273 0.557652 0.269592
v 0.280304 0.595085 0.000325
v 0.280304 0.662262 0.091927
v 0.280304 0.464474 -0.279907
v 0.280365 0.551582 -0.282623
v 0.280426 0.482885 0.286774
v 0.280487 0.815582 -0.170563
v 0.280518 0.641068 -0.016983
v 0.280548 0.730179 -0.076958
v 0.280579 0.689713 0.074913
v 0.280609 0.510306 0.289886
v 0.280640 0.562828 0.293274
v 0.280731 0.761414 0.051056
v 0.280731 0.813477 -0.012684
v 0.280884 0.510962 0.283081
v 0.280945 0.467716 -0.282562
v 0.281006 0.749115 0.048355
v 0.281189 0.637878 0.000223
v 0.281494 0.766876 -0.000265
v 0.281555 0.589844 0.005357
v 0.281616 0.582802 -0.292206
v 0.281677 0.602173 0.268188
v 0.281708 0.504947 -0.283875
v 0.281738 0.487044 0.283081
v 0.281769 0.598740 -0.290344
v 0.281769 0.611618 0.000571
v 0.282959 0.475809 0.281616
v 0.283020 0.503455 -0.281219
v 0.283081 0.619339 -0.033585
v 0.283234 0.766907 -0.063591
v 0.283386 0.736145 0.021748
v 0.283386 0.764954 0.003286
v 0.283417 0.748245 0.000468
v 0.283508 0.577324 0.271912
v 0.283630 0.505467 0.281769
v 0.283661 0.604942 -0.292145
v 0.283661 0.741241 0.000315
v 0.283722 0.725830 0.066750
v 0.283997 0.762299 -0.004364
v 0.284241 0.754578 0.058308
v 0.284241 0.764923 -0.071198
v 0.284271 0.646194 0.036572
v 0.284424 0.594109 0.292145
v 0.284424 0.468288 -0.279236
v 0.284454 0.739975 0.078072
v 0.284637 0.605667 0.292328
v 0.284668 0.802490 -0.174026
v 0.284668 0.464012 0.287415
v 0.284760 0.650909 0.045448
v 0.284851 0.658722 0.002058
v 0.284851 0.464718 -0.286774
v 0.284973 0.609993 -0.022024
v 0.284973 0.747284 -0.052227
v 0.285126 0.535378 0.282654
v 0.285187 0.455364 -0.280792
v 0.285309 0.560875 0.287659
v 0.285400 0.516979 -0.276794
v 0.285583 0.563736 0.295715
v 0.285675 0.581535 0.300842
v 0.285767 0.753754 0.071289
v 0.285858 0.581726 -0.301025
v 0.285919 0.509616 0.288666
v 0.285919 0.550369 0.276093
v 0.285950 0.508854 -0.288147
v 0.286011 0.521900 -0.283600
v 0.286041 0.554222 -0.276276
v 0.286102 0.657364 -0.003798
v 0.286133 0.558590 -0.283051
v 0.286194 0.734131 0.069244
v 0.286285 0.745331 0.049850
v 0.286743 0.687195 0.086411
v 0.286804 0.813080 -0.166550
v 0.286987 0.563744 -0.296631
v 0.287018 0.493297 0.280182
v 0.287140 0.559620 0.285217
v 0.287292 0.759766 -0.043179
v 0.287506 0.664993 0.054787
v 0.287506 0.463005 0.283417
v 0.287781 0.591766 -0.289978
v 0.287964 0.601242 -0.286438
v 0.288025 0.567360 -0.303986
v 0.288025 0.722748 -0.027552
v 0.288177 0.602310 0.288788
v 0.288391 0.466030 -0.285248
v 0.288452 0.722351 0.075638
v 0.288483 0.725052 0.045673
v 0.288544 0.577080 -0.304657
v 0.288757 0.740906 0.074448
v 0.289307 0.739914 0.000232
v 0.289337 0.506036 -0.281128
v 0.289337 0.746506 -0.060074
v 0.289459 0.555851 -0.291565
v 0.289642 0.683533 0.053879
v 0.289734 0.736786 0.053787
v 0.289825 0.496035 0.285065
v 0.289856 0.659561 0.024757
v 0.289856 0.740219 -0.064758
v 0.289948 0.746353 -0.041389
v 0.289978 0.590302 0.294769
v 0.290131 0.808014 -0.169312
v 0.290161 0.733444 0.023176
v 0.290527 0.594826 0.282654
v 0.290588 0.699844 0.000260
v 0.290771 0.564537 -0.280151
v 0.291107 0.548374 -0.301361
v 0.291168 0.676697 0.021193
v 0.291229 0.695419 0.015961
v 0.291260 0.563614 0.295685
v 0.291290 0.656525 -0.036095
v 0.291504 0.603989 -0.279694
v 0.292175 0.562450 0.280334
v 0.292358 0.570679 0.307739
v 0.292725 0.603386 0.282288
v 0.292877 0.586830 -0.284515
v 0.293060 0.563362 -0.295990
v 0.293152 0.717773 0.000222
v 0.293274 0.566559 -0.303253
v 0.293304 0.712173 0.018608
v 0.293610 0.660858 0.004775
v 0.293732 0.586327 0.286194
v 0.293945 0.569626 0.306488
v 0.293976 0.679138 -0.002316
v 0.294006 0.563553 -0.285156
v 0.294098 0.702988 -0.049408
v 0.294281 0.610802 0.292603
v 0.294678 0.558315 0.285797
v 0.294952 0.562851 0.288696
v 0.295227 0.651749 -0.021120
v 0.295380 0.554813 -0.287659
v 0.295898 0.579819 0.301056
v 0.296051 0.706436 -0.040024
v 0.296417 0.570946 -0.305054
v 0.296692 0.572609 0.303314
v 0.297150 0.490672 -0.298462
v 0.297302 0.548038 -0.295166
v 0.297485 0.611694 -0.295502
v 0.297852 0.579704 -0.302307
v 0.299103 0.580330 0.295929
v 0.299713 0.564575 0.302979
v 0.299896 0.565605 0.297455
v 0.301147 0.581612 0.288635
v 0.301208 0.579803 -0.297424
v 0.301666 0.541931 0.299683
v 0.302063 0.581764 -0.290314
v 0.302246 0.501210 0.302094
v 0.302307 0.500322 0.302338
v 0.302551 0.567955 -0.294006
v 0.302582 0.572487 -0.298187
v 0.302673 0.568779 -0.289551
v 0.302856 0.568779 0.292450
v 0.303284 0.480213 0.303925
v 0.303497 0.490079 -0.302338
v 0.303619 0.571640 0.299438
v 0.303802 0.562759 -0.306976
v 0.304199 0.480104 0.304871
v 0.304840 0.490362 0.304443
v 0.305298 0.532410 0.308411
v 0.305939 0.492622 0.307251
v 0.306061 0.547699 -0.302551
v 0.307709 0.480795 -0.307343
v 0.307831 0.561954 -0.305298
v 0.308685 0.592613 -0.308990
v 0.308777 0.487843 -0.309662
v 0.309265 0.544155 0.306458
v 0.311127 0.837646 -0.195190
v 0.311768 0.611687 -0.311340
v 0.312531 0.611588 0.312439
v 0.313568 0.555763 0.324188
v 0.314087 0.754700 0.071915
v 0.315002 0.743820 0.075806
v 0.315033 0.476524 0.315552
v 0.315308 0.537834 0.305878
v 0.316528 0.512166 0.327515
v 0.316986 0.476486 -0.317810
v 0.317963 0.735474 0.066887
v 0.318115 0.564156 0.308899
v 0.318512 0.524834 0.322601
v 0.318634 0.564392 -0.309784
v 0.318878 0.757599 0.059692
v 0.318909 0.508912 -0.329498
v 0.319153 0.747925 0.050262
v 0.319397 0.558613 0.330383
v 0.319611 0.553078 -0.329895
v 0.319916 0.737350 0.054222
v 0.320496 0.562302 -0.324463
v 0.320679 0.585861 -0.331818
v 0.322235 0.512802 -0.332550
v 0.322357 0.512259 0.332855
v 0.322540 0.506804 -0.325623
v 0.322784 0.506625 0.326263
v 0.323395 0.593140 0.323120
v 0.324402 0.556606 -0.335144
v 0.324554 0.528809 0.327881
v 0.324890 0.584297 0.313660
v 0.325134 0.551102 -0.328400
v 0.325165 0.505227 -0.322632
v 0.325317 0.490836 0.333160
v 0.325348 0.504536 0.323608
v 0.325439 0.584152 -0.314178
v 0.325989 0.527515 0.328796
v 0.326233 0.513154 -0.329193
v 0.326294 0.580734 -0.328552
v 0.327423 0.581055 0.330292
v 0.327484 0.581421 0.339722
v 0.327515 0.511468 0.330627
v 0.327606 0.583679 0.340210
v 0.327637 0.481009 -0.334167
v 0.328094 0.484018 -0.329803
v 0.328308 0.553669 0.319427
v 0.328430 0.580917 0.317688
v 0.328888 0.483698 0.330933
v 0.329041 0.507884 0.319885
v 0.329315 0.508049 -0.319305
v 0.329620 0.511728 0.327606
v 0.330139 0.512217 -0.327423
v 0.330688 0.549717 0.329102
v 0.330688 0.486885 -0.332550
v 0.330902 0.515785 -0.321228
v 0.331207 0.582108 0.339294
v 0.331696 0.558289 0.329193
v 0.332275 0.511792 0.322144
v 0.333038 0.487035 -0.330750
v 0.333252 0.580688 -0.332520
v 0.333588 0.473804 0.331329
v 0.333832 0.460125 0.335236
v 0.334351 0.518221 -0.332947
v 0.334869 0.471935 -0.338104
v 0.334900 0.458576 -0.336792
v 0.335938 0.474133 0.337921
v 0.336517 0.459694 -0.333282
v 0.336578 0.549702 -0.327759
v 0.336853 0.445877 0.338013
v 0.336884 0.445911 -0.338257
v 0.336914 0.477716 0.328674
v 0.337097 0.476414 -0.328308
v 0.337341 0.475172 0.334991
v 0.337494 0.476219 -0.335785
v 0.337708 0.458038 0.333679
v 0.340454 0.464310 -0.335571
v 0.340485 0.446468 -0.335358
v 0.340729 0.552116 0.345123
v 0.341156 0.465843 0.336548
v 0.341736 0.579948 -0.352692
v 0.341980 0.485502 -0.342804
v 0.342346 0.580711 0.355194
v 0.342773 0.442646 0.337494
v 0.343811 0.440582 -0.344330
v 0.344421 0.435730 0.343750
v 0.345398 0.583740 -0.356201
v 0.346619 0.427193 -0.340332
v 0.348236 0.438812 -0.342621
v 0.348846 0.436157 0.342499
v 0.350098 0.538643 0.361145
v 0.351562 0.537441 -0.362762
v 0.352386 0.579575 0.352356
v 0.352905 0.581017 -0.342773
v 0.352997 0.591515 -0.353638
v 0.353210 0.543797 -0.364258
v 0.353271 0.748444 0.063873
v 0.353455 0.591431 0.354797
v 0.353516 0.539154 -0.350677
v 0.354431 0.537033 0.359222
v 0.354584 0.517567 0.352997
v 0.354614 0.496102 0.355225
v 0.354706 0.545513 -0.357727
v 0.354767 0.542957 0.365601
v 0.356171 0.533775 -0.359955
v 0.357666 0.544010 0.360657
v 0.357849 0.499629 -0.357880
v 0.359558 0.544647 -0.356903
v 0.360077 0.544102 0.357513
v 0.360474 0.534595 0.356934
v 0.361481 0.544079 0.352509
v 0.362946 0.527719 0.370850
v 0.364471 0.542492 -0.354584
v 0.364624 0.580795 0.375916
v 0.365051 0.537216 -0.355072
v 0.365112 0.581078 0.367584
v 0.365601 0.584892 -0.376953
v 0.365692 0.584709 0.378052
v 0.365967 0.592628 0.366913
v 0.366577 0.525675 0.369446
v 0.367004 0.591942 -0.368164
v 0.368256 0.534851 0.359955
v 0.368439 0.580612 -0.379211
v 0.368896 0.581268 0.359589
v 0.368988 0.526316 0.376648
v 0.369720 0.580368 -0.371765
v 0.369965 0.581039 -0.368835
v 0.370026 0.530317 -0.372253
v 0.370422 0.580666 0.369537
v 0.370911 0.525118 -0.368256
v 0.371948 0.506341 0.372223
v 0.372131 0.585152 -0.363007
v 0.372498 0.585739 0.363586
v 0.375061 0.581383 -0.366730
v 0.375244 0.559895 0.376923
v 0.375946 0.557941 0.375275
v 0.376495 0.558094 -0.378357
v 0.376678 0.558796 -0.376160
v 0.377441 0.526917 -0.371185
v 0.379913 0.507254 -0.379822
v 0.380524 0.513530 -0.383881
v 0.380890 0.537868 -0.383392
v 0.381958 0.540527 0.381836
v 0.382935 0.539280 -0.381012
v 0.384644 0.549606 -0.385498
v 0.385162 0.507436 0.389160
v 0.385834 0.509826 0.383972
v 0.386383 0.549198 0.386505
v 0.386475 0.514723 0.389984
v 0.386505 0.514982 -0.389893
v 0.387024 0.509950 -0.383911
v 0.388580 0.515833 0.386139
v 0.388733 0.515271 -0.385498
v 0.389954 0.576744 0.392303
v 0.390930 0.576317 0.399933
v 0.391815 0.557762 -0.393341
v 0.392914 0.558231 0.393585
v 0.399017 0.495965 -0.401581
v 0.401611 0.499913 -0.404663
v 0.401733 0.574249 -0.402618
v 0.401947 0.495335 0.401245
v 0.402222 0.501758 0.400879
v 0.402740 0.574623 0.403381
v 0.403687 0.493562 0.408112
v 0.408447 0.490319 -0.406464
v 0.411743 0.574165 0.408295
v 0.412140 0.575722 -0.407501
v 0.414429 0.483744 -0.415924
v 0.415100 0.481857 0.416626
v 0.415314 0.572052 -0.421173
v 0.426636 0.570625 -0.423004
v 0.428406 0.573341 0.428894
v 0.433624 0.570541 -0.433624
v 0.435822 0.566231 0.438049
v 0.437073 0.564682 -0.438171
v -0.000008 0.555313 -0.233994
v -0.000021 0.275345 0.180832
v -0.000022 0.911957 0.277283
v -0.000046 0.424828 0.072426
v -0.000053 0.506053 0.188583
v -0.000057 0.044128 -0.202728
v -0.000063 0.481998 -0.162613
v -0.000071 0.878510 0.232956
v -0.000072 0.722107 -0.297363
v -0.000089 0.385559 0.076363
v -0.000096 0.147644 0.184799
v -0.000113 0.000641 0.137497
v -0.000119 0.278610 0.114029
v -0.000159 0.797272 0.275085
v -0.000167 0.479052 0.159027
v -0.000174 0.431526 -0.103058
v -0.000177 0.001099 0.149979
v -0.000196 0.910461 0.197357
v -0.000197 0.938904 0.143112
v -0.000221 0.952789 -0.114731
v -0.000229 0.401413 0.087860
v -0.000237 0.336075 0.077934
v -0.000237 0.053864 -0.200790
v -0.000286 0.701477 0.293121
v -0.000292 0.940399 -0.154221
v -0.000299 0.382942 -0.082329
v -0.000315 0.056458 0.201202
v -0.000325 1.000000 -0.000441
v -0.000326 0.148193 -0.185532
v -0.000331 0.861328 -0.243835
v -0.000342 0.249786 0.129379
v -0.000342 0.910339 -0.197937
v -0.000357 0.338715 0.074112
v -0.000373 0.264694 0.015462
v -0.000376 0.623573 0.281281
v -0.000382 0.681671 -0.295258
v -0.000382 0.253403 0.114349
v -0.000394 0.939270 -0.146774
v -0.000414 0.366043 -0.081177
v -0.000425 0.226074 0.142868
v -0.000435 0.915527 -0.280640
v -0.000435 0.417305 0.095413
v -0.000463 0.876831 -0.231674
v -0.000487 0.123779 -0.181244
v -0.000488 0.338928 -0.074486
v -0.000496 0.840454 0.254639
v -0.000506 0.603409 -0.270081
v -0.000514 0.557171 -0.252594
v -0.000521 0.958191 -0.062309
v -0.000535 0.111115 -0.199646
v -0.000547 0.952850 0.115219
v -0.000562 0.364624 0.075539
v -0.000569 0.093567 0.211533
v -0.000572 0.382782 0.082413
v -0.000576 0.364929 0.075386
v -0.000609 0.438839 0.059685
v -0.000636 0.093201 -0.211197
v -0.000641 0.877594 0.232697
v -0.000687 0.418953 -0.095657
v -0.000688 0.829590 0.278198
v -0.000693 0.436615 0.102730
v -0.000765 0.404221 -0.088860
v -0.000765 0.044617 0.202911
v -0.000821 0.414330 0.003981
v -0.000840 0.958374 0.062592
v -0.000842 0.243408 0.012329
v -0.000850 0.269119 0.164413
v -0.000909 0.290604 0.000159
v -0.000933 0.010956 0.170761
v -0.000954 0.253571 0.136642
v -0.001004 0.814148 0.279724
v -0.001032 0.254105 -0.114052
v -0.001055 0.892944 -0.248917
v -0.001175 0.315704 0.001060
v -0.001180 0.195099 -0.163834
v -0.001220 0.831085 -0.261993
v -0.001232 0.813721 0.273560
v -0.001270 0.334747 -0.009668
v -0.001346 0.236084 -0.066666
v -0.001356 0.009064 -0.151459
v -0.001417 0.288803 0.005010
v -0.001478 0.335800 -0.077705
v -0.001511 0.263550 0.011611
v -0.001545 0.335037 -0.016541
v -0.001616 0.247833 -0.135941
v -0.001629 0.512387 -0.212311
v -0.001672 0.317673 0.077438
v -0.001800 0.829651 -0.277649
v -0.001806 0.434631 -0.102211
v -0.001812 0.244324 -0.005599
v -0.001818 0.366028 0.081551
v -0.001834 0.336380 0.070259
v -0.001910 0.200409 -0.207550
v -0.001940 0.244293 -0.132370
v -0.002010 0.512224 -0.198914
v -0.002060 0.213196 -0.181442
v -0.002192 0.308670 -0.004634
v -0.002200 0.130280 -0.171936
v -0.002299 0.304779 0.000968
v -0.002310 0.276443 0.000272
v -0.002499 0.414047 -0.003428
v -0.002784 0.553749 0.234085
v -0.002886 0.045319 0.177338
v -0.002951 0.618988 -0.275757
v -0.002995 0.396370 0.000494
v -0.003004 0.891327 -0.270782
v -0.003066 0.020935 0.162750
v -0.003233 0.249268 -0.113754
v -0.003243 0.233948 -0.138092
v -0.003387 0.260239 -0.179443
v -0.003389 0.618423 0.270142
v -0.003410 0.478914 -0.162460
v -0.003419 0.512338 0.198853
v -0.003574 0.478783 0.162643
v -0.003575 0.134033 -0.182480
v -0.003582 0.425682 0.010746
v -0.003585 0.954315 -0.118233
v -0.003629 0.954590 0.118546
v -0.003677 0.013275 -0.169067
v -0.003703 0.248322 0.005472
v -0.003736 0.047089 -0.179962
v -0.003809 0.218597 -0.166138
v -0.003820 0.431000 0.103699
v -0.003838 0.960754 -0.063095
v -0.003910 0.785004 -0.286011
v -0.003943 0.973633 0.050617
v -0.003968 0.795959 -0.286530
v -0.004028 0.319305 -0.016323
v -0.004119 0.003723 -0.150192
v -0.004169 0.083954 0.016651
v -0.004201 0.005798 0.151001
v -0.004320 0.973999 -0.049797
v -0.004327 0.960999 0.063217
v -0.004357 0.056061 0.175568
v -0.004461 0.283844 0.002166
v -0.004469 0.056915 -0.175339
v -0.004529 0.112305 0.186142
v -0.004531 0.201660 0.208282
v -0.004603 0.862396 0.246857
v -0.004634 0.945251 -0.139191
v -0.004709 0.415413 0.000072
v -0.004723 0.197845 -0.179047
v -0.004833 0.053497 -0.189713
v -0.004892 0.277725 -0.151779
v -0.004961 0.209503 0.208984
v -0.004969 0.325592 -0.002903
v -0.004983 0.941620 0.147583
v -0.005012 0.938904 0.162750
v -0.005052 0.209137 -0.207733
v -0.005088 0.197937 0.181396
v -0.005094 0.886566 -0.226547
v -0.005098 0.938599 -0.163300
v -0.005142 0.055206 0.190872
v -0.005181 0.239594 0.029802
v -0.005236 0.911621 -0.201614
v -0.005318 0.065613 0.005540
v -0.005352 0.863495 -0.246368
v -0.005430 0.227570 -0.140594
v -0.005451 0.221802 -0.132111
v -0.005452 0.261597 0.181244
v -0.005468 0.217255 0.168594
v -0.005627 0.308243 0.000001
v -0.005627 0.256485 -0.179489
v -0.005642 0.909821 0.203873
v -0.005722 0.277878 0.156937
v -0.005848 0.395401 0.000127
v -0.005887 0.074738 -0.180634
v -0.005927 0.074341 0.180908
v -0.006002 0.313919 0.001567
v -0.006009 0.245667 0.019413
v -0.006041 0.895538 0.260559
v -0.006050 0.259766 0.020206
v -0.006079 0.256409 -0.163696
v -0.006297 0.266449 -0.009460
v -0.006352 0.336777 -0.070038
v -0.006358 0.751770 -0.291473
v -0.006579 0.128998 0.182587
v -0.006613 0.607315 0.268524
v -0.006628 0.412247 0.000346
v -0.006629 0.112946 -0.184387
v -0.006656 0.082245 -0.016338
v -0.006691 0.406532 0.005231
v -0.006707 0.126099 0.171478
v -0.006754 0.082367 0.020065
v -0.006796 0.108734 -0.196136
v -0.006830 0.045410 -0.185364
v -0.006857 0.090271 0.053753
v -0.006857 0.110596 0.195724
v -0.006971 0.276505 0.138184
v -0.007078 0.433594 0.007909
v -0.007108 0.747086 -0.299530
v -0.007127 0.066101 0.000196
v -0.007208 0.044861 -0.194168
v -0.007209 0.271774 0.181488
v -0.007244 0.092163 -0.175476
v -0.007247 0.244080 0.008113
v -0.007287 0.093536 -0.199722
v -0.007300 0.030426 0.177536
v -0.007327 0.897614 -0.260193
v -0.007332 0.215424 -0.178436
v -0.007333 0.045502 0.195404
v -0.007335 0.398491 0.000707
v -0.007369 0.259094 -0.013338
v -0.007378 0.891541 0.266479
v -0.007400 0.094055 0.199249
v -0.007407 0.092743 0.175705
v -0.007536 0.029327 -0.176529
v -0.007550 0.124268 -0.106522
v -0.007664 0.441113 0.011846
v -0.007736 0.270828 -0.179626
v -0.007744 0.209747 0.183868
v -0.007749 0.518026 0.223083
v -0.007782 0.257294 0.162323
v -0.007808 0.237976 0.067680
v -0.007827 0.247253 0.000410
v -0.007828 0.106537 0.094780
v -0.007940 0.221588 0.133163
v -0.007956 0.894379 -0.266907
v -0.008012 0.090454 -0.051243
v -0.008037 0.122223 0.104095
v -0.008104 0.515831 0.215042
v -0.008184 0.606369 0.279419
v -0.008227 0.106445 -0.092361
v -0.008283 0.103180 -0.082481
v -0.008332 0.547184 -0.227951
v -0.008456 0.260590 0.180191
v -0.008511 0.394073 -0.017506
v -0.008537 0.394272 0.018780
v -0.008673 0.519861 -0.225327
v -0.008684 0.874939 0.236450
v -0.008708 0.208557 -0.182632
v -0.008717 0.429237 -0.006550
v -0.008837 0.333237 -0.013778
v -0.008908 0.103394 0.085236
v -0.009043 0.098999 -0.100586
v -0.009156 0.876678 -0.234848
v -0.009360 0.090302 0.046181
v -0.009499 0.271118 0.010786
v -0.009559 0.240448 -0.007893
v -0.009590 0.101868 -0.086700
v -0.009603 0.099091 0.100616
v -0.009620 0.267197 0.000118
v -0.009626 0.409065 -0.002877
v -0.009667 0.539894 -0.231506
v -0.009810 0.573463 0.259918
v -0.009953 0.271057 -0.162689
v -0.009995 0.348434 -0.021957
v -0.010006 0.093628 -0.207047
v -0.010021 0.161316 -0.129868
v -0.010042 0.441196 -0.009825
v -0.010047 0.239838 0.005913
v -0.010162 0.276031 -0.159866
v -0.010227 0.273590 -0.113983
v -0.010323 0.047180 0.188690
v -0.010386 0.098114 0.166016
v -0.010403 0.259171 -0.114410
v -0.010485 0.228607 0.141296
v -0.010540 0.258011 0.008727
v -0.010555 0.386223 -0.024424
v -0.010562 0.097687 -0.164871
v -0.010603 0.092957 -0.050842
v -0.010623 0.154724 -0.134903
v -0.010732 0.142517 0.134354
v -0.010738 0.257904 -0.135544
v -0.010787 0.156128 0.134933
v -0.010799 0.047302 -0.188416
v -0.010856 0.107086 -0.186295
v -0.010881 0.258987 0.114021
v -0.010897 0.867950 0.242706
v -0.011069 0.205353 -0.178818
v -0.011081 0.535957 0.231308
v -0.011111 0.094360 0.207031
v -0.011127 0.432549 0.000341
v -0.011210 0.094971 0.056038
v -0.011240 0.142334 -0.133667
v -0.011295 0.261261 0.151337
v -0.011312 0.273895 0.000268
v -0.011386 0.142517 -0.148361
v -0.011389 0.202545 0.163773
v -0.011402 0.187866 0.163574
v -0.011425 0.271851 0.151962
v -0.011492 0.187897 -0.162796
v -0.011502 0.078888 0.000488
v -0.011520 0.254333 0.000297
v -0.011542 0.426178 0.000242
v -0.011581 0.155182 0.148361
v -0.011595 0.107635 0.188477
v -0.011600 0.236084 0.032841
v -0.011621 0.151245 -0.148758
v -0.011634 0.270416 0.161346
v -0.011654 0.383675 0.024446
v -0.011698 0.260086 0.137604
v -0.011744 0.530256 0.223434
v -0.011781 0.270523 -0.151794
v -0.011794 0.204956 -0.162872
v -0.011862 0.310303 0.017895
v -0.011865 0.868439 -0.241760
v -0.011867 0.155914 -0.146393
v -0.011896 0.212036 0.162506
v -0.011936 0.206329 0.178970
v -0.011955 0.215271 -0.158966
v -0.012049 0.140930 0.140778
v -0.012089 0.109131 -0.175522
v -0.012105 0.536293 0.220200
v -0.012136 0.994019 0.000234
v -0.012147 0.260818 -0.158463
v -0.012249 0.249481 0.075302
v -0.012258 0.271194 0.114243
v -0.012280 0.268692 -0.137100
v -0.012304 0.268982 0.137695
v -0.012376 0.338486 0.017836
v -0.012423 0.141449 -0.139633
v -0.012426 0.530294 -0.222778
v -0.012432 0.218231 -0.131546
v -0.012524 0.122223 -0.124863
v -0.012614 0.083923 -0.011463
v -0.012633 0.227875 0.133957
v -0.012803 0.246582 0.000084
v -0.012886 0.217377 0.132278
v -0.012938 0.266373 -0.114037
v -0.012947 0.116608 0.184891
v -0.012959 0.123749 0.125336
v -0.012991 0.334457 0.013960
v -0.013146 0.316422 0.013622
v -0.013234 0.188690 0.129837
v -0.013337 0.143005 0.148483
v -0.013379 0.188629 -0.128281
v -0.013401 0.106903 0.169708
v -0.013422 0.280396 -0.100906
v -0.013490 0.110901 -0.135864
v -0.013547 0.535706 -0.218857
v -0.013732 0.227448 -0.133850
v -0.013779 0.114502 0.176117
v -0.013850 0.125610 0.148895
v -0.013888 0.110657 -0.142380
v -0.013922 0.441261 0.000224
v -0.013961 0.236115 -0.031662
v -0.014046 0.110535 0.137115
v -0.014056 0.125732 -0.149277
v -0.014199 0.084259 0.009254
v -0.014278 0.109589 0.142365
v -0.014282 0.247925 0.000254
v -0.014329 0.122284 0.165970
v -0.014362 0.334702 -0.011171
v -0.014539 0.122437 -0.164703
v -0.014643 0.096863 0.154602
v -0.014751 0.105225 0.174530
v -0.014917 0.096985 -0.156311
v -0.014969 0.099701 -0.145950
v -0.015031 0.334473 -0.005780
v -0.015035 0.091064 0.152496
v -0.015081 0.114532 -0.168808
v -0.015125 0.108063 -0.183517
v -0.015148 0.516499 -0.200897
v -0.015161 0.386215 -0.018351
v -0.015168 0.350800 0.000339
v -0.015225 0.336807 0.000321
v -0.015225 0.089600 -0.152878
v -0.015305 0.386314 0.018002
v -0.015308 0.989532 0.016155
v -0.015309 0.282608 -0.105255
v -0.015391 0.083954 0.000273
v -0.015419 0.813263 -0.276062
v -0.015452 0.259079 -0.006078
v -0.015625 0.770020 -0.290894
v -0.015728 0.406540 0.000078
v -0.015749 0.367004 0.000274
v -0.015804 0.092072 -0.199982
v -0.015829 0.247711 -0.074936
v -0.015938 0.389084 0.000183
v -0.016016 0.282486 -0.069740
v -0.016037 0.092102 0.200317
v -0.016073 0.095154 -0.054626
v -0.016117 0.399818 0.000832
v -0.016258 0.282837 0.096062
v -0.016287 0.249390 -0.111313
v -0.016327 0.282288 0.070076
v -0.016331 0.249390 0.112686
v -0.016384 0.257019 0.114738
v -0.016504 0.241791 0.068306
v -0.016569 0.774994 -0.284973
v -0.016582 0.100281 -0.100273
v -0.016590 0.516827 0.200745
v -0.016613 0.257278 -0.115936
v -0.016653 0.269547 -0.006966
v -0.016718 0.250305 -0.006835
v -0.016857 0.099182 0.101181
v -0.016926 0.268753 -0.006832
v -0.017035 0.812561 -0.272552
v -0.017179 0.133423 -0.100388
v -0.017252 0.790253 -0.285553
v -0.017321 0.109253 -0.097984
v -0.017382 0.130951 -0.106293
v -0.017387 0.161530 0.130753
v -0.017462 0.155182 -0.150436
v -0.017471 0.199005 0.162140
v -0.017494 0.123077 0.103821
v -0.017515 0.132660 0.101120
v -0.017525 0.155029 0.150421
v -0.017567 0.794769 -0.282257
v -0.017702 0.124969 -0.104019
v -0.017714 0.610535 0.267456
v -0.017714 0.198151 -0.161148
v -0.017740 0.108795 0.099121
v -0.017746 0.160461 -0.132263
v -0.017782 0.214783 0.162292
v -0.017849 0.125275 0.098946
v -0.017910 0.130432 0.107590
v -0.017916 0.268005 0.000293
v -0.017967 0.181366 -0.124878
v -0.017984 0.142090 -0.148209
v -0.017990 0.118134 0.115540
v -0.018122 0.139160 -0.137436
v -0.018143 0.137482 0.137253
v -0.018152 0.576340 -0.253540
v -0.018158 0.335022 -0.075508
v -0.018179 0.279953 -0.113144
v -0.018181 0.282318 -0.095711
v -0.018183 0.179962 0.124725
v -0.018206 0.255539 -0.100098
v -0.018209 0.242676 -0.068108
v -0.018229 0.272858 -0.098129
v -0.018244 0.435287 0.100357
v -0.018291 0.117065 -0.119247
v -0.018362 0.119720 0.122421
v -0.018364 0.271103 0.098534
v -0.018448 0.254425 0.096199
v -0.018480 0.236420 0.069649
v -0.018520 0.279968 0.099083
v -0.018538 0.124268 -0.098557
v -0.018566 0.280441 0.113365
v -0.018641 0.267715 0.000237
v -0.018677 0.251389 -0.066711
v -0.018707 0.270111 -0.081024
v -0.018803 0.161774 0.115631
v -0.018805 0.251617 0.067177
v -0.018808 0.250687 -0.086502
v -0.018816 0.082581 -0.007120
v -0.018822 0.150665 0.106316
v -0.018867 0.160797 -0.114838
v -0.018993 0.335709 0.009902
v -0.018997 0.609413 0.278809
v -0.019003 0.278000 0.067093
v -0.019007 0.282318 0.104500
v -0.019114 0.277924 -0.066574
v -0.019287 0.261215 0.078156
v -0.019341 0.215424 -0.162811
v -0.019361 0.395653 0.000181
v -0.019419 0.249451 0.086006
v -0.019499 0.272018 0.082924
v -0.019505 0.576881 -0.250366
v -0.019587 0.680069 -0.292877
v -0.019615 0.334457 0.016113
v -0.019835 0.973633 -0.045925
v -0.020191 0.081940 0.006464
v -0.020269 0.334717 0.004255
v -0.020306 0.255951 -0.111984
v -0.020384 0.249481 -0.088882
v -0.020483 0.256042 0.000180
v -0.020544 0.317535 -0.074501
v -0.020565 0.354706 0.012589
v -0.020706 0.214935 0.163681
v -0.020784 0.198242 -0.162262
v -0.021042 0.265762 -0.000057
v -0.021109 0.198700 0.160461
v -0.021124 0.254318 0.000213
v -0.021202 0.275269 -0.102562
v -0.021202 0.263992 0.000741
v -0.021292 0.317001 -0.068008
v -0.021467 0.256561 -0.103485
v -0.021669 0.578148 0.252625
v -0.021858 0.257080 0.107811
v -0.022078 0.387733 0.000249
v -0.022280 0.081329 0.000260
v -0.022404 0.217377 -0.129730
v -0.022421 0.216461 -0.139191
v -0.022459 0.244446 0.071800
v -0.022541 0.962616 -0.057480
v -0.022738 0.438770 -0.055351
v -0.022739 0.380531 -0.003932
v -0.022779 0.577362 0.249557
v -0.022860 0.438820 0.055515
v -0.022961 0.317017 0.074249
v -0.023176 0.381958 0.005327
v -0.023472 0.317429 0.067703
v -0.023668 0.240417 -0.020309
v -0.023684 0.962189 0.058235
v -0.023722 0.600624 0.264526
v -0.023737 0.177673 0.114761
v -0.023800 0.259567 0.000239
v -0.023804 0.560616 -0.235367
v -0.023918 0.176270 -0.113510
v -0.024012 0.557060 0.252563
v -0.024380 0.258072 -0.008366
v -0.024433 0.218262 0.130371
v -0.024508 0.590698 -0.260529
v -0.024620 0.381966 0.000792
v -0.024677 0.558125 -0.251373
v -0.024734 0.260178 -0.084419
v -0.024889 0.267242 0.089737
v -0.024904 0.193604 0.121857
v -0.025019 0.196869 0.128799
v -0.025087 0.259415 0.089226
v -0.025106 0.335434 0.073563
v -0.025187 0.198547 -0.127930
v -0.025484 0.392471 -0.002968
v -0.025537 0.573593 -0.255493
v -0.025713 0.237335 -0.135590
v -0.025772 0.390831 0.002589
v -0.026022 0.336273 0.065613
v -0.026035 0.265366 -0.090950
v -0.026581 0.588264 0.277161
v -0.026846 0.192749 -0.119980
v -0.026951 0.216522 0.138855
v -0.027000 0.236511 -0.072250
v -0.027233 0.587128 0.259827
v -0.027498 0.145630 -0.100586
v -0.027557 0.219482 -0.126083
v -0.027563 0.728668 -0.290436
v -0.027742 0.615646 -0.269440
v -0.027851 0.634613 0.280396
v -0.027889 0.216888 -0.133850
v -0.028038 0.425392 -0.066162
v -0.028332 0.718582 0.288788
v -0.028463 0.606125 -0.266602
v -0.028643 0.641678 -0.282745
v -0.028648 0.425125 0.066185
v -0.028753 0.676605 0.288208
v -0.028753 0.723068 -0.292511
v -0.028864 0.560673 -0.247345
v -0.028999 0.606560 -0.285370
v -0.029266 0.561172 0.234528
v -0.029285 0.955444 -0.114403
v -0.029322 0.384674 -0.070244
v -0.029354 0.197449 -0.126984
v -0.029381 0.574310 0.256775
v -0.029499 0.597542 -0.279663
v -0.029541 0.560444 0.245529
v -0.029541 0.219452 0.125366
v -0.029610 0.385620 0.070320
v -0.029846 0.941223 0.161118
v -0.029932 0.195679 0.120224
v -0.029947 0.244171 -0.077873
v -0.030014 0.569557 0.252319
v -0.030062 0.365829 -0.075302
v -0.030315 0.608200 -0.259003
v -0.030973 0.366211 0.074593
v -0.030981 0.587471 0.277252
v -0.031183 0.941284 -0.160706
v -0.031239 0.381920 0.075859
v -0.031349 0.383720 -0.076065
v -0.031349 0.240143 0.000270
v -0.031437 0.973724 0.039391
v -0.031578 0.236176 0.018911
v -0.031792 0.133148 -0.096550
v -0.031891 0.249359 0.121468
v -0.031975 0.123352 -0.094826
v -0.031990 0.366516 0.067932
v -0.032314 0.132355 0.097130
v -0.032375 0.614525 0.261322
v -0.032520 0.944550 -0.144348
v -0.032722 0.364731 0.070053
v -0.032742 0.973663 -0.038162
v -0.032795 0.686478 -0.290466
v -0.032848 0.148560 0.100861
v -0.033127 0.236053 -0.014243
v -0.033279 0.103516 -0.075996
v -0.033344 0.654190 0.283447
v -0.033352 0.944305 0.144623
v -0.033421 0.364609 -0.068108
v -0.033440 0.338242 -0.067345
v -0.033558 0.236664 0.082596
v -0.033588 0.336868 -0.061676
v -0.033596 0.246002 0.128616
v -0.033810 0.401062 0.081070
v -0.033882 0.405998 -0.082916
v -0.033924 0.240021 0.133011
v -0.034103 0.102539 0.081398
v -0.034107 0.355850 -0.060509
v -0.034119 0.709518 0.289459
v -0.034237 0.090942 -0.029978
v -0.034267 0.246307 0.089096
v -0.034313 0.123535 0.095825
v -0.034428 0.338379 0.063744
v -0.034489 0.236145 0.000221
v -0.034573 0.102478 -0.080864
v -0.034668 0.103821 0.076454
v -0.034996 0.338303 0.063309
v -0.035183 0.338242 0.065842
v -0.035389 0.131012 -0.100807
v -0.035961 0.622559 -0.272278
v -0.035995 0.606956 -0.256409
v -0.036163 0.338348 0.065552
v -0.036179 0.708237 -0.291962
v -0.036320 0.517347 -0.210953
v -0.036533 0.972778 -0.035000
v -0.036610 0.136505 0.102486
v -0.036743 0.417458 0.088509
v -0.037102 0.911774 0.202164
v -0.037209 0.417496 0.087799
v -0.037220 0.128876 0.102737
v -0.037247 0.141602 -0.110413
v -0.037449 0.094055 -0.036213
v -0.037540 0.912384 -0.201080
v -0.037689 0.141785 0.111404
v -0.037823 0.247681 -0.102119
v -0.038029 0.339600 -0.063034
v -0.038204 0.238892 -0.129532
v -0.038269 0.614021 -0.287445
v -0.038273 0.973480 0.032536
v -0.038280 0.363541 -0.065315
v -0.038334 0.182953 0.113556
v -0.038380 0.124451 0.098511
v -0.038540 0.592461 -0.277863
v -0.038700 0.365509 -0.061611
v -0.038742 0.845795 0.252258
v -0.038914 0.182922 -0.114052
v -0.038929 0.363708 0.065498
v -0.039284 0.119781 -0.093727
v -0.039410 0.093811 0.035183
v -0.039433 0.766846 0.284088
v -0.039524 0.434937 0.096107
v -0.039913 0.430649 0.096329
v -0.040012 0.127136 -0.100357
v -0.040180 0.435287 -0.094872
v -0.040394 0.431129 -0.095566
v -0.040466 0.109497 0.092537
v -0.040779 0.142517 -0.104721
v -0.040836 0.335999 -0.065498
v -0.041004 0.145050 0.105919
v -0.041290 0.317383 0.065529
v -0.041355 0.109497 -0.091385
v -0.041790 0.890015 0.223251
v -0.041916 0.316681 -0.057117
v -0.041920 0.957092 0.107155
v -0.041965 0.248718 -0.124199
v -0.042042 0.957153 -0.105812
v -0.042133 0.889038 -0.223740
v -0.042164 0.961548 0.047081
v -0.042217 0.439037 0.042252
v -0.042336 0.438805 -0.041840
v -0.042339 0.831116 0.259613
v -0.042397 0.961670 -0.046268
v -0.042454 0.626617 0.263947
v -0.042763 0.561024 0.245285
v -0.042843 0.627502 -0.262970
v -0.042950 0.248871 0.125107
v -0.043030 0.616867 0.276489
v -0.043201 0.226624 0.123177
v -0.043232 0.098663 -0.051037
v -0.043449 0.139832 -0.131577
v -0.043480 0.238800 0.129257
v -0.043579 0.636505 0.266602
v -0.043739 0.443104 -0.105530
v -0.043781 0.226654 -0.123199
v -0.043819 0.574219 0.249893
v -0.043827 0.573616 0.255890
v -0.043915 0.840515 -0.253479
v -0.043919 0.975067 0.000142
v -0.044033 0.732544 -0.289642
v -0.044044 0.559586 0.251465
v -0.044056 0.174683 -0.116783
v -0.044056 0.145355 0.133072
v -0.044334 0.830322 0.275085
v -0.044468 0.581100 -0.319672
v -0.044521 0.632843 0.278473
v -0.044521 0.238739 -0.120010
v -0.044609 0.124084 0.090767
v -0.044754 0.436729 0.091888
v -0.044807 0.238892 0.121368
v -0.044968 0.865265 -0.243195
v -0.045155 0.973907 -0.020350
v -0.045246 0.137604 0.131821
v -0.045349 0.830597 -0.272064
v -0.045464 0.866211 0.242828
v -0.045563 0.516514 0.208893
v -0.045723 0.973480 0.020643
v -0.045818 0.182556 0.119980
v -0.045860 0.815155 -0.276794
v -0.045872 0.806976 0.274933
v -0.045982 0.617332 -0.266541
v -0.046303 0.958374 0.046471
v -0.046398 0.443417 0.104752
v -0.046486 0.165955 -0.117317
v -0.046803 0.831177 -0.258820
v -0.046936 0.338226 0.052811
v -0.047195 0.621735 -0.257721
v -0.047497 0.831604 0.266998
v -0.047569 0.608467 -0.284454
v -0.047630 0.957214 -0.046078
v -0.047764 0.599854 -0.276825
v -0.047764 0.208679 -0.125122
v -0.048164 0.138489 -0.098877
v -0.048393 0.317368 0.052898
v -0.048565 0.960663 0.041737
v -0.048908 0.169159 0.118141
v -0.048973 0.960052 -0.042389
v -0.048977 0.208374 0.127335
v -0.049026 0.973877 0.003604
v -0.049026 0.138367 0.099930
v -0.049103 0.974213 -0.003440
v -0.049389 0.211151 0.127686
v -0.049530 0.453674 0.120140
v -0.049637 0.453796 -0.119522
v -0.050430 0.094879 0.022268
v -0.050648 0.235992 0.000210
v -0.051384 0.165070 -0.130966
v -0.051491 0.425133 -0.049694
v -0.051533 0.529566 0.216461
v -0.051582 0.425468 0.050083
v -0.051609 0.536472 -0.211304
v -0.051838 0.317169 -0.057442
v -0.051941 0.336258 0.058502
v -0.052017 0.226929 -0.128983
v -0.052040 0.336349 0.057568
v -0.052086 0.229248 -0.131226
v -0.052361 0.103302 0.066093
v -0.052475 0.947662 -0.131897
v -0.052536 0.090637 0.009036
v -0.052677 0.462410 -0.130371
v -0.052876 0.347931 -0.036633
v -0.052937 0.365463 0.051979
v -0.053135 0.723740 0.290955
v -0.053173 0.231293 0.129562
v -0.053261 0.574326 -0.249023
v -0.053345 0.227112 0.129395
v -0.053368 0.205780 -0.134384
v -0.053402 0.366608 -0.051617
v -0.053410 0.090942 -0.008468
v -0.053680 0.336990 -0.044403
v -0.053791 0.205994 0.123711
v -0.053799 0.384850 0.053440
v -0.053829 0.643280 -0.282135
v -0.053883 0.384399 -0.053165
v -0.053970 0.338593 -0.050739
v -0.054005 0.742157 -0.285431
v -0.054214 0.813568 -0.273315
v -0.055008 0.094543 0.011435
v -0.055092 0.630554 -0.260132
v -0.055164 0.813721 0.269653
v -0.055164 0.094391 -0.011110
v -0.055290 0.781250 -0.279938
v -0.055321 0.956970 -0.094734
v -0.055344 0.207855 -0.123276
v -0.055412 0.438625 0.022989
v -0.055489 0.177887 -0.114578
v -0.055523 0.829773 -0.273834
v -0.055546 0.564293 0.258423
v -0.055637 0.094482 0.000187
v -0.055790 0.438404 -0.022505
v -0.056011 0.194763 -0.129562
v -0.056141 0.956909 0.090736
v -0.056404 0.316574 0.053009
v -0.056492 0.202667 0.134964
v -0.056526 0.814484 0.275513
v -0.056648 0.183014 -0.126404
v -0.056713 0.641129 0.265930
v -0.056767 0.780304 0.279816
v -0.056789 0.365082 0.057503
v -0.056801 0.180695 0.116844
v -0.056808 0.364288 -0.056343
v -0.056808 0.103790 -0.049957
v -0.057243 0.126282 0.091080
v -0.057281 0.628174 -0.274139
v -0.057415 0.336868 -0.039162
v -0.057438 0.192932 0.129654
v -0.057446 0.197906 -0.118759
v -0.057499 0.103241 0.069305
v -0.057594 0.637756 0.277802
v -0.057644 0.962128 0.023678
v -0.057648 0.181915 0.127533
v -0.057655 0.962189 -0.022636
v -0.057804 0.381889 -0.057999
v -0.057934 0.340332 -0.042023
v -0.057953 0.103241 -0.066429
v -0.057957 0.217468 -0.124420
v -0.057995 0.217621 0.124855
v -0.058327 0.382370 0.057926
v -0.058483 0.477234 0.150192
v -0.058544 0.174042 0.132080
v -0.058590 0.317657 -0.039917
v -0.058617 0.128357 -0.124229
v -0.058655 0.104706 0.052319
v -0.058804 0.139893 -0.141052
v -0.058830 0.127411 -0.111961
v -0.058884 0.197998 -0.126877
v -0.058891 0.476271 -0.148239
v -0.059025 0.139496 0.141296
v -0.059292 0.183899 -0.116112
v -0.059811 0.128174 -0.091179
v -0.059872 0.741394 0.284058
v -0.059895 0.693588 0.288361
v -0.059917 0.438557 0.000743
v -0.060230 0.110260 -0.082748
v -0.060249 0.225159 -0.120674
v -0.060303 0.940125 0.154617
v -0.060364 0.940552 -0.153030
v -0.060471 0.117371 0.083992
v -0.060638 0.177765 0.127563
v -0.060818 0.197388 0.127930
v -0.060986 0.118774 -0.083275
v -0.060997 0.162018 0.137894
v -0.061073 0.194061 0.117157
v -0.061165 0.529846 -0.213501
v -0.061180 0.161346 -0.137573
v -0.061409 0.125061 0.117424
v -0.061523 0.399963 -0.061882
v -0.061619 0.193573 -0.115791
v -0.061634 0.891937 0.215530
v -0.061653 0.225739 0.120644
v -0.061684 0.962067 -0.005819
v -0.061909 0.190918 0.115738
v -0.061909 0.140076 0.094261
v -0.061989 0.401062 0.062256
v -0.062038 0.961823 0.004605
v -0.062061 0.140106 -0.094353
v -0.062065 0.475519 0.146194
v -0.062065 0.176025 -0.130600
v -0.062145 0.336105 -0.046684
v -0.062233 0.363617 -0.043457
v -0.062252 0.474905 -0.144318
v -0.062469 0.363480 -0.043098
v -0.062515 0.199921 -0.137527
v -0.062767 0.336914 -0.031044
v -0.063019 0.230316 -0.125443
v -0.063087 0.362045 -0.038033
v -0.063095 0.102448 0.060135
v -0.063194 0.110138 0.080956
v -0.063347 0.336487 0.031876
v -0.063408 0.481903 0.157425
v -0.063461 0.129669 0.091736
v -0.063469 0.363113 -0.037876
v -0.063576 0.958588 -0.001425
v -0.063591 0.561222 -0.228043
v -0.063881 0.317688 0.031502
v -0.064278 0.103912 -0.059261
v -0.064339 0.626495 0.259796
v -0.064339 0.190063 -0.123024
v -0.064369 0.122284 -0.077179
v -0.065025 0.577271 -0.241989
v -0.065056 0.102600 0.052402
v -0.065369 0.121704 0.077782
v -0.065376 0.338120 0.033783
v -0.065437 0.364883 -0.033627
v -0.065483 0.135651 -0.075745
v -0.065483 0.134491 0.076637
v -0.065796 0.238678 -0.114723
v -0.065804 0.489032 -0.163971
v -0.065804 0.102539 -0.053131
v -0.066238 0.425308 0.027613
v -0.066261 0.364899 0.032700
v -0.066299 0.424919 -0.027042
v -0.066330 0.339233 -0.033779
v -0.066483 0.960968 -0.000053
v -0.066628 0.726791 -0.293884
v -0.066658 0.147400 0.093674
v -0.066757 0.238373 0.114059
v -0.066994 0.316971 -0.037968
v -0.067123 0.742020 -0.291199
v -0.067329 0.363586 0.035366
v -0.067596 0.204773 0.143005
v -0.067688 0.365448 -0.041275
v -0.067841 0.126617 0.111450
v -0.067871 0.577026 -0.243317
v -0.067986 0.318558 0.038223
v -0.068100 0.417305 0.068115
v -0.068329 0.493603 -0.163803
v -0.068588 0.131195 0.083504
v -0.068687 0.420021 -0.069160
v -0.068710 0.650299 -0.283325
v -0.068748 0.151398 -0.094284
v -0.068787 0.364655 -0.032619
v -0.068832 0.613831 0.275848
v -0.068840 0.317337 -0.015376
v -0.069008 0.813385 0.267273
v -0.069092 0.178528 0.135544
v -0.069183 0.707352 -0.292664
v -0.069351 0.129150 -0.085159
v -0.069534 0.365845 0.028500
v -0.069580 0.384567 -0.029467
v -0.069809 0.335800 -0.003826
v -0.069855 0.386826 0.029358
v -0.070000 0.810486 0.263916
v -0.070068 0.639587 0.276672
v -0.070107 0.812836 -0.263672
v -0.070190 0.124908 -0.119247
v -0.070206 0.510855 -0.182953
v -0.070206 0.335770 0.032864
v -0.070267 0.125458 0.121330
v -0.070374 0.317429 0.009027
v -0.070396 0.611610 -0.251617
v -0.070457 0.181641 -0.108192
v -0.070580 0.220245 0.120659
v -0.070618 0.681076 0.281860
v -0.070724 0.956604 -0.079063
v -0.070953 0.142456 -0.085945
v -0.071030 0.812531 -0.268097
v -0.071594 0.138641 -0.094559
v -0.071838 0.183411 0.110291
v -0.071922 0.739288 0.287048
v -0.072029 0.239349 0.118538
v -0.072052 0.187836 0.132568
v -0.072258 0.221222 -0.118248
v -0.072350 0.422966 0.000466
v -0.072357 0.560566 -0.237549
v -0.072411 0.186371 -0.133438
v -0.072517 0.230377 0.124863
v -0.072556 0.193390 -0.122849
v -0.072670 0.626129 -0.258118
v -0.072845 0.956268 0.080017
v -0.072891 0.334961 -0.024748
v -0.072906 0.830231 0.269653
v -0.073036 0.755676 -0.279938
v -0.073235 0.779755 0.276672
v -0.073288 0.721375 0.287537
v -0.073364 0.784424 -0.274719
v -0.073387 0.194397 0.122887
v -0.073616 0.435715 -0.074440
v -0.073761 0.139038 0.096321
v -0.073830 0.110596 -0.069649
v -0.073914 0.337906 0.000466
v -0.073944 0.435280 0.074081
v -0.074127 0.404198 0.001288
v -0.074409 0.782684 -0.271393
v -0.074471 0.355637 0.000225
v -0.074600 0.638580 0.262909
v -0.074699 0.516449 0.189163
v -0.074883 0.184326 0.118500
v -0.074890 0.432892 -0.074692
v -0.074921 0.206909 -0.143753
v -0.075020 0.431602 0.074326
v -0.075043 0.634079 0.274414
v -0.075104 0.317642 -0.017202
v -0.075165 0.353088 0.000416
v -0.075279 0.370804 0.000282
v -0.075310 0.180328 -0.128799
v -0.075401 0.365631 0.030067
v -0.075401 0.364227 -0.002309
v -0.075424 0.365997 0.000407
v -0.075523 0.365723 -0.029022
v -0.075531 0.200745 0.143082
v -0.075584 0.317719 0.014375
v -0.075653 0.148651 -0.093605
v -0.075668 0.389999 0.000652
v -0.075722 0.162018 -0.136108
v -0.075798 0.957581 0.000280
v -0.075867 0.758392 -0.276489
v -0.075874 0.235962 0.045010
v -0.075928 0.163086 0.136230
v -0.076073 0.103302 -0.030865
v -0.076080 0.382515 0.031834
v -0.076141 0.213593 0.141418
v -0.076157 0.814392 -0.270905
v -0.076218 0.337753 -0.001911
v -0.076309 0.194702 -0.107399
v -0.076332 0.516878 -0.188202
v -0.076332 0.179840 0.092987
v -0.076408 0.316574 0.000236
v -0.076477 0.148560 0.094627
v -0.076538 0.343124 0.000737
v -0.076614 0.757385 0.279297
v -0.076637 0.240387 -0.114731
v -0.076668 0.103668 0.030064
v -0.076866 0.382629 -0.029722
v -0.076950 0.179535 -0.113029
v -0.076973 0.138275 0.139786
v -0.076996 0.223755 0.115959
v -0.077026 0.517345 0.189072
v -0.077087 0.180145 0.127869
v -0.077118 0.181549 -0.103027
v -0.077263 0.139069 -0.139832
v -0.077385 0.182892 -0.093208
v -0.077461 0.237732 0.108772
v -0.077484 0.335526 0.002181
v -0.077568 0.650864 -0.277466
v -0.077682 0.621483 -0.257355
v -0.077866 0.947845 0.114532
v -0.078033 0.134949 -0.065544
v -0.078049 0.178650 0.113655
v -0.078194 0.951599 0.077339
v -0.078262 0.196777 -0.140991
v -0.078262 0.175934 0.100899
v -0.078278 0.237701 -0.107979
v -0.078346 0.134827 0.066147
v -0.078453 0.225677 -0.118240
v -0.078484 0.130402 0.076805
v -0.078529 0.741760 -0.288300
v -0.078598 0.239838 0.112564
v -0.078781 0.635071 0.271179
v -0.078918 0.356201 0.001394
v -0.078995 0.193848 -0.101746
v -0.079193 0.560612 0.236176
v -0.079231 0.910614 0.193130
v -0.079330 0.911163 -0.191971
v -0.079384 0.424171 -0.056553
v -0.079430 0.102264 -0.009934
v -0.079597 0.215759 -0.143433
v -0.079636 0.194733 0.106133
v -0.079742 0.364380 0.000473
v -0.079781 0.123413 -0.064865
v -0.079826 0.195709 0.100822
v -0.079971 0.536026 0.204620
v -0.080078 0.215424 -0.111664
v -0.080208 0.216217 0.113785
v -0.080299 0.400719 -0.033482
v -0.080559 0.619354 0.272278
v -0.080635 0.688110 -0.285187
v -0.080635 0.202850 -0.110619
v -0.080650 0.536091 -0.204056
v -0.080673 0.200806 0.113434
v -0.080894 0.367493 0.000200
v -0.081055 0.110535 0.064095
v -0.081070 0.173492 -0.124573
v -0.081108 0.950653 -0.079842
v -0.081276 0.720688 -0.286865
v -0.081291 0.418007 -0.051777
v -0.081551 0.401451 0.034050
v -0.081650 0.179871 -0.087799
v -0.081848 0.712189 0.280396
v -0.081879 0.626480 0.255707
v -0.081940 0.224396 0.109337
v -0.082016 0.516748 -0.197205
v -0.082207 0.596443 0.270020
v -0.082253 0.383293 0.000327
v -0.082306 0.956024 0.072754
v -0.082367 0.955719 -0.073135
v -0.082405 0.230164 -0.118835
v -0.082611 0.617737 -0.271301
v -0.082726 0.103119 0.031815
v -0.082771 0.215881 -0.105270
v -0.083054 0.516668 0.197800
v -0.083183 0.228973 0.117317
v -0.083244 0.102997 -0.030533
v -0.083252 0.386810 -0.000001
v -0.083359 0.547100 -0.212784
v -0.083466 0.680679 0.271820
v -0.083565 0.109894 -0.057072
v -0.083626 0.179260 0.086647
v -0.083908 0.898529 0.205307
v -0.084099 0.946259 -0.110596
v -0.084206 0.139191 -0.105598
v -0.084290 0.831573 -0.249512
v -0.084412 0.560925 0.223633
v -0.084557 0.194794 -0.105804
v -0.084694 0.139648 0.106697
v -0.084694 0.128510 0.067818
v -0.084770 0.546444 0.215683
v -0.084808 0.638123 -0.273499
v -0.084862 0.763153 -0.280151
v -0.084862 0.896393 -0.206299
v -0.084869 0.103607 0.010662
v -0.084877 0.130402 -0.066826
v -0.085030 0.195892 0.125610
v -0.085045 0.219299 -0.133636
v -0.085136 0.770813 0.272583
v -0.085556 0.202637 0.154190
v -0.085587 0.577286 0.237000
v -0.085602 0.205566 0.156403
v -0.085716 0.197845 0.107338
v -0.085739 0.632706 -0.257629
v -0.085777 0.738205 0.280640
v -0.085823 0.120544 0.059990
v -0.085930 0.852783 -0.239822
v -0.086273 0.852997 0.240417
v -0.086288 0.530321 0.205566
v -0.086418 0.211151 -0.107254
v -0.086449 0.146362 -0.105042
v -0.086479 0.218567 0.136581
v -0.086494 0.651505 0.273163
v -0.086540 0.236206 -0.039070
v -0.086823 0.886749 0.215317
v -0.086975 0.147888 0.105682
v -0.087166 0.401588 0.000101
v -0.087326 0.138123 -0.121376
v -0.087349 0.138306 0.122330
v -0.087402 0.621597 -0.254913
v -0.087425 0.194824 -0.125198
v -0.087761 0.416351 -0.035789
v -0.087891 0.236359 -0.060921
v -0.087982 0.196777 0.147568
v -0.088005 0.431053 -0.054420
v -0.088028 0.940460 -0.136856
v -0.088127 0.448933 -0.083206
v -0.088158 0.208038 -0.155533
v -0.088287 0.866882 -0.232971
v -0.088333 0.448978 0.083687
v -0.088440 0.574432 0.239197
v -0.088676 0.940491 0.136505
v -0.088684 0.574692 -0.238480
v -0.088699 0.867004 0.233185
v -0.088821 0.194305 0.090393
v -0.089081 0.217499 0.127640
v -0.089111 0.767883 0.275665
v -0.089439 0.194305 -0.089287
v -0.089516 0.561008 0.223038
v -0.089645 0.122772 0.048584
v -0.089798 0.205048 0.156479
v -0.089912 0.182678 0.091187
v -0.089966 0.579384 0.235916
v -0.089989 0.124573 -0.048267
v -0.090118 0.139069 -0.065025
v -0.090126 0.139404 0.066322
v -0.090149 0.145630 -0.122498
v -0.090263 0.561172 -0.222992
v -0.090317 0.202576 0.156219
v -0.090332 0.196045 -0.135651
v -0.090347 0.146271 0.123039
v -0.090385 0.103149 -0.010516
v -0.090546 0.695526 -0.275970
v -0.090752 0.455963 0.095314
v -0.090797 0.639420 -0.271881
v -0.090836 0.201141 -0.155334
v -0.090897 0.627625 -0.256073
v -0.091026 0.591606 0.244095
v -0.091187 0.886047 -0.212341
v -0.091187 0.183411 -0.090134
v -0.091537 0.457153 0.090439
v -0.091621 0.173798 0.073540
v -0.091705 0.128845 -0.059288
v -0.092041 0.606575 -0.249969
v -0.092041 0.723648 0.273254
v -0.092178 0.180817 -0.080444
v -0.092270 0.436256 0.045067
v -0.092354 0.635040 -0.267914
v -0.092354 0.108917 -0.038177
v -0.092552 0.177246 -0.073830
v -0.092567 0.109375 0.040173
v -0.092590 0.209381 0.157227
v -0.092674 0.144440 -0.071922
v -0.092712 0.787170 -0.262848
v -0.092781 0.224640 -0.098564
v -0.092873 0.204102 0.129395
v -0.093254 0.210907 -0.129974
v -0.093262 0.145264 0.073036
v -0.093719 0.604637 -0.263245
v -0.093727 0.813965 0.265411
v -0.093788 0.785797 -0.268066
v -0.094086 0.129211 0.057728
v -0.094345 0.118561 -0.039272
v -0.094566 0.945679 -0.099503
v -0.094849 0.119873 0.039196
v -0.094894 0.106842 0.000265
v -0.095047 0.135162 -0.016031
v -0.095261 0.602478 -0.272003
v -0.095314 0.236176 -0.006812
v -0.095657 0.136627 -0.053295
v -0.095764 0.616257 0.247177
v -0.095825 0.430771 0.040882
v -0.095932 0.435471 -0.037914
v -0.096031 0.626572 0.269409
v -0.096565 0.241180 0.000293
v -0.096588 0.737167 -0.272217
v -0.096626 0.214783 0.151642
v -0.096664 0.959045 -0.041355
v -0.096672 0.107727 -0.007139
v -0.096870 0.431496 -0.036400
v -0.096878 0.182770 0.076370
v -0.096886 0.236328 0.008846
v -0.096954 0.137146 0.053143
v -0.096962 0.435730 0.040096
v -0.097015 0.703140 -0.273743
v -0.097023 0.135590 -0.026787
v -0.097099 0.108246 0.007367
v -0.097298 0.618279 0.251556
v -0.097298 0.133698 0.027613
v -0.097397 0.421196 0.000275
v -0.097397 0.237091 0.093819
v -0.097481 0.644577 0.261047
v -0.097534 0.630005 -0.267944
v -0.097542 0.109497 -0.017797
v -0.097679 0.958862 0.041058
v -0.097755 0.171356 -0.074776
v -0.097763 0.109314 0.017282
v -0.098061 0.241058 -0.007944
v -0.098381 0.211365 -0.160065
v -0.098396 0.763611 -0.268921
v -0.098404 0.625671 -0.261475
v -0.098824 0.128693 0.033501
v -0.099174 0.942322 -0.118660
v -0.099251 0.133850 0.017395
v -0.099335 0.241302 0.002893
v -0.099442 0.211914 -0.141586
v -0.099586 0.129272 -0.034691
v -0.099678 0.201996 0.140915
v -0.099792 0.255997 0.000639
v -0.099846 0.257019 0.000600
v -0.099854 0.941528 0.121269
v -0.099998 0.175903 0.075508
v -0.099998 0.098114 0.008766
v -0.100014 0.205231 -0.137817
v -0.100327 0.236328 -0.017723
v -0.100372 0.436821 0.000290
v -0.100510 0.208496 0.137909
v -0.100624 0.125488 0.017330
v -0.100632 0.560482 -0.226059
v -0.100845 0.812866 0.253235
v -0.100845 0.099152 -0.008483
v -0.100990 0.198395 -0.155228
v -0.100998 0.099548 -0.017258
v -0.101051 0.203339 -0.143707
v -0.101105 0.272079 0.000440
v -0.101158 0.098907 0.017288
v -0.101196 0.242737 0.000402
v -0.101379 0.190155 -0.077492
v -0.101387 0.197876 0.153320
v -0.101624 0.268814 0.000424
v -0.101746 0.125519 -0.038158
v -0.101830 0.718491 0.275635
v -0.102013 0.813171 -0.254120
v -0.102142 0.779877 0.263519
v -0.102341 0.127777 0.037594
v -0.102371 0.645370 0.256561
v -0.102394 0.795563 -0.265320
v -0.102478 0.516916 -0.173538
v -0.102608 0.435822 0.002796
v -0.102623 0.152740 0.032333
v -0.102631 0.812897 -0.258423
v -0.102875 0.435883 -0.002095
v -0.103050 0.831909 0.243546
v -0.103127 0.812256 0.258789
v -0.103401 0.228882 -0.100121
v -0.103447 0.210938 0.149750
v -0.103836 0.577461 0.230286
v -0.103912 0.229004 0.099876
v -0.104065 0.143402 0.085526
v -0.104111 0.431213 0.000502
v -0.104286 0.137360 -0.083771
v -0.104500 0.141724 -0.042534
v -0.104553 0.130066 -0.017162
v -0.104630 0.530182 -0.196518
v -0.104668 0.156494 -0.033352
v -0.104858 0.212830 -0.155228
v -0.104881 0.137177 0.083626
v -0.104897 0.123993 -0.017023
v -0.105072 0.632309 -0.267609
v -0.105209 0.954651 0.000237
v -0.105408 0.215271 0.082603
v -0.105476 0.123138 0.017363
v -0.105515 0.144226 0.043106
v -0.105515 0.130920 0.017115
v -0.105598 0.214203 -0.081291
v -0.105667 0.176239 -0.070473
v -0.105797 0.193085 -0.082428
v -0.105804 0.122406 0.007240
v -0.105827 0.798492 -0.257568
v -0.105865 0.147034 0.019228
v -0.106171 0.123169 -0.006430
v -0.106239 0.638763 0.268768
v -0.106323 0.177551 0.070145
v -0.106369 0.623978 0.258514
v -0.106483 0.145660 -0.017555
v -0.106499 0.473042 -0.104713
v -0.106598 0.939850 0.114594
v -0.106644 0.194580 0.084534
v -0.106705 0.611465 0.267029
v -0.106865 0.156830 -0.019276
v -0.106995 0.653885 0.257111
v -0.107025 0.443352 -0.042980
v -0.107101 0.283707 0.001008
v -0.107643 0.612480 -0.267120
v -0.107735 0.191986 0.078148
v -0.108047 0.958221 -0.005625
v -0.108139 0.212769 0.085403
v -0.108604 0.161407 0.082169
v -0.108856 0.194244 -0.078468
v -0.108864 0.162140 -0.080940
v -0.109093 0.936188 0.108841
v -0.109108 0.159912 0.019421
v -0.109169 0.186676 -0.076126
v -0.109230 0.292633 0.001715
v -0.109268 0.537308 -0.188675
v -0.109459 0.210266 -0.085144
v -0.109612 0.937469 -0.116150
v -0.109863 0.957703 0.005682
v -0.109924 0.203278 -0.080338
v -0.109932 0.691727 -0.273193
v -0.110191 0.813568 0.259460
v -0.110344 0.127319 0.069893
v -0.110954 0.814941 -0.259125
v -0.111115 0.175903 0.038136
v -0.111259 0.141663 -0.038971
v -0.111397 0.477802 -0.116096
v -0.111443 0.215759 0.081238
v -0.111626 0.141602 0.039234
v -0.111671 0.954956 0.047356
v -0.111732 0.237213 0.073975
v -0.111786 0.126556 -0.068909
v -0.112022 0.240570 0.073372
v -0.112045 0.224548 0.078453
v -0.112114 0.688034 0.263000
v -0.112305 0.216522 -0.080147
v -0.112404 0.192078 0.067078
v -0.112419 0.678802 0.270203
v -0.112465 0.954590 -0.046818
v -0.112579 0.808258 0.253113
v -0.112762 0.162689 -0.045135
v -0.112770 0.808167 -0.249435
v -0.112862 0.807190 -0.249802
v -0.112892 0.186340 0.063683
v -0.112938 0.479128 0.118164
v -0.113136 0.297333 0.000248
v -0.113220 0.236786 -0.074661
v -0.113235 0.298050 0.001087
v -0.113235 0.183411 0.079475
v -0.113266 0.710022 0.263428
v -0.113274 0.884338 -0.197693
v -0.113426 0.118042 -0.016916
v -0.113510 0.187622 -0.071022
v -0.113602 0.166199 0.047253
v -0.113876 0.303848 0.000261
v -0.114220 0.240723 -0.073357
v -0.114334 0.537617 0.186050
v -0.114372 0.932068 -0.112961
v -0.114471 0.780914 0.261810
v -0.114494 0.181335 -0.040031
v -0.114502 0.743591 -0.268097
v -0.114571 0.940094 0.103836
v -0.114624 0.193024 -0.062889
v -0.114647 0.756989 -0.266479
v -0.114807 0.183350 0.039326
v -0.114906 0.208008 0.179169
v -0.114960 0.179047 -0.022171
v -0.115112 0.691772 0.278168
v -0.115410 0.161407 0.017860
v -0.115463 0.932343 0.127274
v -0.115547 0.161957 -0.017021
v -0.115715 0.864075 0.219742
v -0.115822 0.832031 -0.237625
v -0.115883 0.178528 0.056168
v -0.115936 0.912750 0.168579
v -0.116035 0.183075 -0.056541
v -0.116066 0.912537 -0.168152
v -0.116257 0.241364 -0.064697
v -0.116264 0.785004 -0.256653
v -0.116295 0.240662 0.067635
v -0.116325 0.516499 -0.178497
v -0.116470 0.706406 0.270996
v -0.116478 0.793640 -0.257599
v -0.116478 0.208923 -0.179947
v -0.116508 0.225769 -0.077179
v -0.116516 0.811005 0.242477
v -0.116722 0.811432 -0.253052
v -0.116737 0.451496 -0.046936
v -0.116829 0.811615 -0.252991
v -0.116859 0.195038 0.059689
v -0.116997 0.939453 -0.104652
v -0.117111 0.309814 0.001255
v -0.117401 0.883209 0.196930
v -0.117416 0.754700 0.269592
v -0.117691 0.218475 0.076607
v -0.117699 0.785187 0.253632
v -0.117714 0.238434 0.058285
v -0.117737 0.740112 0.264465
v -0.117767 0.797424 -0.254791
v -0.117928 0.310684 -0.000712
v -0.117943 0.186554 0.022532
v -0.117966 0.581184 -0.263245
v -0.118011 0.742661 0.271973
v -0.118172 0.316986 -0.000463
v -0.118202 0.478094 -0.109840
v -0.118271 0.238312 -0.054909
v -0.118416 0.179169 -0.044937
v -0.118423 0.478897 0.112343
v -0.118462 0.231262 -0.077965
v -0.118462 0.200592 -0.177368
v -0.118477 0.951447 0.000118
v -0.118744 0.486013 0.118134
v -0.118759 0.115631 0.017426
v -0.118805 0.811981 -0.244156
v -0.118828 0.633255 -0.249878
v -0.118942 0.125885 0.061340
v -0.118950 0.200165 0.177200
v -0.118958 0.830353 0.254608
v -0.119064 0.180237 0.044735
v -0.119278 0.931305 -0.125183
v -0.119347 0.308395 0.001364
v -0.119453 0.721146 0.276245
v -0.119499 0.226807 0.078682
v -0.119591 0.830627 -0.253754
v -0.119614 0.231232 0.078430
v -0.119659 0.236115 -0.042572
v -0.119690 0.195496 -0.024408
v -0.119766 0.778656 -0.254364
v -0.119888 0.627151 -0.253235
v -0.119965 0.211334 0.175507
v -0.120056 0.237976 -0.046246
v -0.120102 0.831635 0.235458
v -0.120110 0.196381 0.027342
v -0.120125 0.236389 0.042614
v -0.120148 0.932434 0.111359
v -0.120354 0.928680 0.118271
v -0.120361 0.126404 -0.060440
v -0.120422 0.758789 0.256409
v -0.120995 0.761444 -0.262817
v -0.121010 0.318192 -0.000805
v -0.121048 0.190735 0.070908
v -0.121117 0.117432 -0.016998
v -0.121132 0.932770 -0.109993
v -0.121193 0.229431 -0.080917
v -0.121361 0.176544 -0.079605
v -0.121384 0.219757 0.067375
v -0.121506 0.190308 -0.066170
v -0.121521 0.137268 0.086006
v -0.121529 0.812164 0.246826
v -0.121559 0.140015 -0.088081
v -0.121574 0.218628 -0.073265
v -0.121620 0.814941 -0.252899
v -0.121918 0.143860 0.088524
v -0.121956 0.451443 0.000237
v -0.121994 0.631485 -0.258514
v -0.122108 0.455124 0.048786
v -0.122116 0.928986 -0.118927
v -0.122421 0.183990 0.075096
v -0.122437 0.223206 -0.044147
v -0.122459 0.656311 -0.258301
v -0.122490 0.210999 -0.174393
v -0.122528 0.161621 -0.084267
v -0.122559 0.223053 0.044235
v -0.122681 0.591194 -0.259369
v -0.122787 0.218079 -0.058346
v -0.122955 0.204895 -0.053391
v -0.122993 0.175842 0.079872
v -0.123077 0.714432 0.258118
v -0.123108 0.176666 0.011493
v -0.123230 0.759949 -0.256836
v -0.123329 0.230621 -0.066162
v -0.123619 0.180054 -0.054291
v -0.123688 0.193054 -0.070244
v -0.123718 0.216400 0.056549
v -0.123749 0.560219 0.213806
v -0.124031 0.528824 0.185272
v -0.124039 0.206024 0.054180
v -0.124100 0.236511 0.006728
v -0.124184 0.611130 -0.233398
v -0.124252 0.735519 0.258942
v -0.124359 0.738098 -0.263275
v -0.124481 0.236511 -0.007844
v -0.124687 0.815521 0.250549
v -0.124695 0.204712 -0.172119
v -0.124786 0.207947 -0.048447
v -0.124786 0.206085 0.172256
v -0.124832 0.739258 -0.259064
v -0.124947 0.323013 0.001232
v -0.124985 0.120758 0.012424
v -0.125015 0.208130 -0.048439
v -0.125168 0.230621 0.065712
v -0.125275 0.176208 -0.056156
v -0.125305 0.209625 0.048687
v -0.125366 0.195618 0.022734
v -0.125412 0.194824 -0.021574
v -0.125412 0.179718 0.054214
v -0.125427 0.240936 0.000257
v -0.125504 0.223145 -0.028212
v -0.125549 0.121429 -0.011886
v -0.125793 0.758759 -0.283203
v -0.125885 0.737289 0.254303
v -0.125885 0.222137 0.027287
v -0.125931 0.233307 -0.044254
v -0.125946 0.693787 0.256287
v -0.125977 0.175232 0.056454
v -0.126419 0.757263 0.283112
v -0.126465 0.688202 -0.264130
v -0.126556 0.234314 0.047737
v -0.126648 0.747269 -0.283997
v -0.126770 0.200439 -0.057549
v -0.126801 0.195740 0.028341
v -0.127060 0.197388 0.089188
v -0.127167 0.229248 0.069557
v -0.127228 0.695526 -0.260406
v -0.127426 0.199005 -0.091362
v -0.127563 0.229095 -0.070023
v -0.127747 0.228149 -0.040653
v -0.127869 0.196655 0.012913
v -0.127869 0.129242 0.071350
v -0.127899 0.225067 -0.050453
v -0.127945 0.228363 0.044701
v -0.127991 0.240753 0.006029
v -0.128189 0.177856 0.077591
v -0.128311 0.224670 0.049412
v -0.128448 0.240723 -0.005678
v -0.128555 0.206482 0.092812
v -0.128784 0.188385 0.069839
v -0.128830 0.188965 -0.069466
v -0.128860 0.829376 -0.246628
v -0.128876 0.332153 -0.000349
v -0.128922 0.888397 0.188293
v -0.129105 0.198486 0.021116
v -0.129227 0.200470 -0.012502
v -0.129303 0.929688 0.119339
v -0.129318 0.196259 -0.023468
v -0.129395 0.212372 -0.091949
v -0.129410 0.187714 -0.011597
v -0.129425 0.529604 -0.181427
v -0.129440 0.229797 -0.056938
v -0.129456 0.177277 -0.075531
v -0.129501 0.208679 0.064880
v -0.129517 0.196045 -0.026457
v -0.129623 0.158447 -0.047478
v -0.129807 0.217773 -0.022888
v -0.129837 0.160767 0.017090
v -0.129868 0.194763 0.081238
v -0.129929 0.213348 0.091721
v -0.130035 0.187500 0.012307
v -0.130096 0.889008 -0.186569
v -0.130173 0.198273 0.054256
v -0.130219 0.139008 0.045231
v -0.130295 0.929626 -0.119072
v -0.130417 0.198608 0.058445
v -0.130432 0.222931 0.000290
v -0.130447 0.829712 0.244019
v -0.130539 0.200714 -0.053741
v -0.130692 0.217743 0.028288
v -0.130692 0.200531 0.013224
v -0.130753 0.662308 0.246811
v -0.130844 0.174377 -0.065163
v -0.130890 0.208099 0.050194
v -0.130890 0.161041 -0.016466
v -0.130951 0.224945 0.028625
v -0.131027 0.230865 0.057144
v -0.131088 0.462475 -0.051525
v -0.131088 0.458534 0.000249
v -0.131470 0.218262 0.023125
v -0.131470 0.146576 0.043682
v -0.131607 0.223724 -0.017595
v -0.131653 0.175201 0.064781
v -0.131744 0.141541 -0.043221
v -0.131851 0.217804 -0.012233
v -0.131973 0.339508 0.000391
v -0.132126 0.217133 0.070114
v -0.132370 0.219147 0.012204
v -0.132431 0.879639 -0.193649
v -0.132492 0.445702 -0.132065
v -0.132538 0.226562 -0.046242
v -0.132736 0.935608 -0.101738
v -0.132751 0.159637 0.011023
v -0.132812 0.342728 0.001196
v -0.132828 0.743652 -0.252594
v -0.132919 0.755005 -0.251373
v -0.132950 0.217804 -0.071533
v -0.133179 0.224854 0.000204
v -0.133224 0.227570 0.048279
v -0.133484 0.753204 0.250946
v -0.133606 0.159332 -0.010116
v -0.133621 0.691498 0.248611
v -0.133698 0.663986 0.239868
v -0.133713 0.230164 0.025070
v -0.133896 0.217621 -0.027079
v -0.134033 0.000488 0.000597
v -0.134048 0.879486 0.192444
v -0.134109 0.230530 -0.025314
v -0.134262 0.765442 -0.276062
v -0.134567 0.537750 0.172699
v -0.134567 0.217682 0.082504
v -0.134613 0.205292 -0.052658
v -0.134659 0.741852 0.250519
v -0.134659 0.176971 -0.068016
v -0.134674 0.110321 0.012798
v -0.134781 0.514641 0.151062
v -0.134857 0.514528 -0.150085
v -0.134857 0.220154 0.000161
v -0.134888 0.537766 -0.172104
v -0.134918 0.110352 -0.012840
v -0.135056 0.763641 0.276581
v -0.135132 0.142670 0.011294
v -0.135178 0.936188 0.097351
v -0.135193 0.196808 0.020771
v -0.135193 0.141754 0.000190
v -0.135300 0.230957 0.004430
v -0.135452 0.141785 -0.010150
v -0.135498 0.134216 -0.075356
v -0.135696 0.178680 0.068657
v -0.135757 0.202301 0.064850
v -0.135895 0.344299 0.000028
v -0.135956 0.160858 0.075745
v -0.136017 0.523180 0.174530
v -0.136032 0.220490 -0.026840
v -0.136200 0.221619 0.028364
v -0.136459 0.232788 -0.003873
v -0.137009 0.944946 0.059315
v -0.137207 0.516684 0.176971
v -0.137360 0.201263 -0.067482
v -0.137482 0.633667 -0.235611
v -0.137527 0.740158 -0.280151
v -0.137634 0.642563 -0.242584
v -0.137741 0.528736 0.175720
v -0.137848 0.233704 0.003483
v -0.137985 0.188690 0.000264
v -0.138214 0.738098 0.280914
v -0.138229 0.811646 0.230774
v -0.138550 0.522926 -0.172211
v -0.138702 0.159180 -0.059814
v -0.138733 0.515848 0.166626
v -0.138870 0.576859 -0.209503
v -0.139130 0.701340 0.249664
v -0.139343 0.573570 -0.210663
v -0.139359 0.156647 0.060123
v -0.139389 0.561501 -0.188980
v -0.139450 0.912384 0.146591
v -0.139679 0.650116 0.232529
v -0.139694 0.139893 0.077370
v -0.139740 0.911926 -0.146286
v -0.139771 0.548450 0.178528
v -0.139832 0.560463 -0.202393
v -0.139893 0.864838 -0.203445
v -0.139938 0.686966 0.247742
v -0.140015 0.143616 -0.076790
v -0.140350 0.140930 0.011212
v -0.140366 0.687347 0.242691
v -0.140442 0.669083 0.243240
v -0.140594 0.478994 -0.077278
v -0.140732 0.140564 -0.010993
v -0.140778 0.656235 0.239838
v -0.141068 0.141815 0.000646
v -0.141083 0.217194 -0.088417
v -0.141098 0.574310 0.209991
v -0.141296 0.226318 0.000162
v -0.141449 0.561111 0.188217
v -0.141708 0.140625 -0.057453
v -0.141724 0.207153 0.102745
v -0.141800 0.908600 0.140839
v -0.141846 0.110718 0.013505
v -0.141907 0.661926 0.237396
v -0.142044 0.141510 0.058662
v -0.142334 0.536606 -0.181351
v -0.142700 0.198578 0.079971
v -0.142761 0.511830 -0.141861
v -0.142761 0.197601 0.097313
v -0.142868 0.218781 0.000519
v -0.142883 0.516304 -0.167068
v -0.142990 0.110596 0.000331
v -0.143173 0.638092 0.232117
v -0.143433 0.111206 -0.013410
v -0.143478 0.863312 0.201843
v -0.143494 0.220490 0.001508
v -0.143616 0.196045 -0.090935
v -0.143661 0.906342 -0.142365
v -0.143860 0.784088 0.240494
v -0.143890 0.512277 0.141632
v -0.143906 0.204926 0.020691
v -0.144196 0.154510 0.000275
v -0.144333 0.759644 -0.268829
v -0.144440 0.729141 0.246796
v -0.144684 0.641022 -0.242920
v -0.144714 0.516771 0.168243
v -0.144714 0.223206 0.000320
v -0.144714 0.211212 0.078087
v -0.144867 0.004700 0.000273
v -0.144928 0.155273 0.010076
v -0.144943 0.156891 -0.008948
v -0.144958 0.546234 0.185837
v -0.145004 0.921295 -0.117546
v -0.145157 0.473740 0.059402
v -0.145355 0.197052 0.011868
v -0.145477 0.746231 -0.270782
v -0.145493 0.142120 0.017088
v -0.145721 0.926239 0.110184
v -0.145752 0.920929 0.117012
v -0.145889 0.513391 0.157364
v -0.145920 0.757568 0.270020
v -0.146057 0.577255 0.205017
v -0.146088 0.003448 -0.001768
v -0.146133 0.556171 -0.178894
v -0.146133 0.101471 0.000227
v -0.146149 0.142639 -0.016645
v -0.146362 0.197540 0.019989
v -0.146454 0.512332 -0.156174
v -0.146530 0.690262 0.246124
v -0.146851 0.141754 -0.010418
v -0.146973 0.549816 -0.185562
v -0.147171 0.199066 -0.084694
v -0.147232 0.744568 0.271790
v -0.147400 0.204681 0.012169
v -0.147552 0.475592 -0.059509
v -0.147614 0.155731 0.016386
v -0.147751 0.142853 0.010938
v -0.147858 0.524162 -0.173828
v -0.147919 0.153259 -0.009874
v -0.147949 0.210571 -0.102188
v -0.148361 0.634857 0.226364
v -0.148392 0.659927 0.233521
v -0.148453 0.203918 -0.104286
v -0.148605 0.156097 -0.015985
v -0.148621 0.153442 0.010363
v -0.148697 0.520462 0.172211
v -0.148773 0.911621 0.138718
v -0.148956 0.126556 -0.013023
v -0.149002 0.727310 0.246979
v -0.149002 0.911224 -0.138855
v -0.149155 0.374588 0.000712
v -0.149170 0.125732 0.013184
v -0.149216 0.727280 0.241653
v -0.149246 0.005249 0.002413
v -0.149780 0.539368 -0.178284
v -0.150040 0.207581 -0.083351
v -0.150238 0.543236 0.179703
v -0.150452 0.736664 0.244843
v -0.150452 0.001678 0.000324
v -0.150558 0.212067 0.088043
v -0.150772 0.627625 -0.224106
v -0.150940 0.477901 0.057991
v -0.151352 0.470989 0.003277
v -0.151764 0.666428 -0.238571
v -0.151794 0.508521 -0.150330
v -0.151794 0.207489 0.105392
v -0.151825 0.939148 -0.066849
v -0.151840 0.202820 -0.012833
v -0.152115 0.794037 0.229156
v -0.152298 0.219177 -0.002963
v -0.152313 0.477293 0.060165
v -0.152649 0.506352 -0.152206
v -0.152664 0.508958 0.151688
v -0.152786 0.212921 -0.091446
v -0.152832 0.831268 -0.213242
v -0.152878 0.090515 -0.013466
v -0.153351 0.213409 0.098320
v -0.153854 0.831635 0.212860
v -0.154083 0.089233 0.014939
v -0.154297 0.089325 0.000201
v -0.154327 0.652390 -0.239105
v -0.154709 0.559208 0.179153
v -0.154724 0.937439 0.070221
v -0.154755 0.198578 0.100632
v -0.154770 0.495547 0.089828
v -0.155151 0.477739 -0.034821
v -0.155273 0.717377 0.242035
v -0.155502 0.604073 0.212036
v -0.155579 0.879272 0.174286
v -0.155609 0.879364 -0.174393
v -0.155823 0.204254 0.088409
v -0.155914 0.921936 -0.106415
v -0.155945 0.890106 0.153519
v -0.156067 0.737579 0.235367
v -0.156082 0.510684 0.158127
v -0.156311 0.668732 0.227554
v -0.156509 0.761658 0.235123
v -0.156784 0.124939 0.000217
v -0.156891 0.661469 0.229706
v -0.156937 0.219391 0.000437
v -0.156952 0.535202 0.183762
v -0.157089 0.921417 0.107018
v -0.157120 0.475363 -0.002265
v -0.157394 0.096649 0.014293
v -0.157486 0.609337 -0.212341
v -0.158051 0.514338 0.147507
v -0.158188 0.810394 0.216919
v -0.158356 0.514652 -0.148270
v -0.158539 0.630249 0.219742
v -0.158569 0.097137 -0.013763
v -0.158600 0.522238 -0.177765
v -0.158783 0.511336 -0.154984
v -0.158829 0.479069 0.000403
v -0.159027 0.559116 -0.179398
v -0.159317 0.519850 0.173447
v -0.159393 0.098236 0.000314
v -0.159439 0.527403 0.179932
v -0.159775 0.741882 0.238388
v -0.159836 0.885803 0.163559
v -0.159958 0.656693 0.224579
v -0.160004 0.886017 -0.162384
v -0.160065 0.756927 0.319397
v -0.160355 0.689804 0.227875
v -0.160461 0.546715 -0.187134
v -0.160568 0.808624 -0.220963
v -0.160889 0.627441 -0.246719
v -0.160995 0.548855 0.186035
v -0.161163 0.635681 -0.225754
v -0.161453 0.478991 0.003456
v -0.161514 0.938202 -0.043785
v -0.161713 0.937927 0.045048
v -0.162109 0.817383 0.225388
v -0.162277 0.882843 -0.159561
v -0.162308 0.868988 0.179108
v -0.162338 0.700989 0.237976
v -0.162415 0.202667 -0.010574
v -0.162430 0.522514 -0.181335
v -0.162567 0.212708 0.010734
v -0.162659 0.700165 -0.235291
v -0.162872 0.815460 -0.224716
v -0.162872 0.868286 -0.179749
v -0.162903 0.214569 0.016891
v -0.163040 0.187775 -0.010302
v -0.163177 0.187653 0.010613
v -0.163223 0.098175 0.010917
v -0.163300 0.199615 0.010444
v -0.163315 0.215485 0.019775
v -0.163330 0.691528 0.232391
v -0.163330 0.187286 0.000080
v -0.163437 0.098389 -0.009858
v -0.163467 0.198517 0.018270
v -0.163498 0.490618 0.065369
v -0.163513 0.217957 0.003920
v -0.163528 0.195282 0.000474
v -0.163589 0.214905 -0.017891
v -0.163635 0.213654 -0.009344
v -0.163742 0.491132 -0.064484
v -0.163879 0.516605 -0.120026
v -0.164001 0.122864 0.000266
v -0.164169 0.198608 -0.017643
v -0.164246 0.642563 0.215714
v -0.164368 0.813293 -0.217529
v -0.164459 0.007568 0.000342
v -0.165070 0.516617 0.118507
v -0.165085 0.813599 0.214661
v -0.165085 0.814148 0.221954
v -0.165741 0.517288 0.166016
v -0.165863 0.935059 0.000237
v -0.165955 0.645416 -0.229843
v -0.166016 0.515905 -0.137192
v -0.166168 0.621117 0.212051
v -0.166321 0.121490 0.014125
v -0.166382 0.121246 -0.013741
v -0.166473 0.515667 0.137100
v -0.166550 0.937775 0.005071
v -0.166565 0.912201 -0.117905
v -0.166748 0.937714 -0.005115
v -0.166824 0.624939 0.208771
v -0.166824 0.911896 0.118141
v -0.167816 0.682251 0.225586
v -0.167984 0.014984 -0.005008
v -0.168121 0.525545 0.185349
v -0.168289 0.537598 0.186127
v -0.168365 0.769714 -0.227325
v -0.168442 0.013062 0.004513
v -0.168747 0.518421 0.145615
v -0.168793 0.692352 -0.232132
v -0.168808 0.118134 0.014474
v -0.169189 0.560383 -0.177292
v -0.169189 0.111084 -0.001623
v -0.169586 0.649658 0.219589
v -0.169617 0.519920 -0.147720
v -0.170074 0.123627 -0.009050
v -0.170090 0.790619 0.217560
v -0.170120 0.728424 -0.230042
v -0.170227 0.101837 0.014416
v -0.170242 0.830017 0.219696
v -0.170319 0.559795 0.176147
v -0.170410 0.033173 0.000266
v -0.170425 0.752930 -0.228104
v -0.170425 0.108856 -0.013614
v -0.170502 0.011047 0.000382
v -0.170700 0.881287 0.158142
v -0.170807 0.620209 0.202072
v -0.170868 0.734985 0.231842
v -0.170883 0.926239 -0.076248
v -0.170975 0.522148 0.140747
v -0.171127 0.216705 0.000308
v -0.171173 0.761292 0.331299
v -0.171173 0.115845 -0.014527
v -0.171326 0.879852 -0.158295
v -0.171463 0.827911 -0.218933
v -0.171661 0.760956 -0.330505
v -0.172272 0.546497 0.183777
v -0.172440 0.866241 -0.175842
v -0.172516 0.566025 -0.177200
v -0.172546 0.648621 -0.210190
v -0.172546 0.866302 0.175308
v -0.172562 0.130859 0.003706
v -0.172760 0.728516 0.220428
v -0.172836 0.537159 -0.134735
v -0.172943 0.864899 -0.170822
v -0.173050 0.545418 -0.183578
v -0.173141 0.513696 0.137222
v -0.173370 0.537544 0.135132
v -0.173370 0.134003 0.000267
v -0.173492 0.577049 -0.179993
v -0.173523 0.520027 0.150909
v -0.173676 0.519567 -0.162735
v -0.173706 0.527699 -0.186142
v -0.173767 0.522734 -0.135635
v -0.173798 0.653961 -0.225540
v -0.173813 0.804749 0.206833
v -0.173935 0.614105 0.201279
v -0.174026 0.636673 -0.271362
v -0.174042 0.039246 0.000211
v -0.174118 0.565315 0.176300
v -0.174362 0.644043 0.207047
v -0.174408 0.577644 0.179932
v -0.174545 0.522306 0.134628
v -0.174591 0.196289 0.000342
v -0.174652 0.578804 0.176361
v -0.174683 0.520891 -0.141403
v -0.174789 0.558922 0.168365
v -0.174820 0.202820 0.122635
v -0.174866 0.530018 0.138016
v -0.174896 0.558880 -0.169144
v -0.174927 0.578423 -0.175613
v -0.174988 0.107697 0.013311
v -0.175034 0.628998 -0.265198
v -0.175095 0.092651 0.007377
v -0.175217 0.055237 0.004942
v -0.175308 0.538963 0.153809
v -0.175369 0.092499 -0.006853
v -0.175491 0.055511 -0.004682
v -0.175598 0.092285 0.000459
v -0.176086 0.515194 -0.135040
v -0.176270 0.529360 -0.137634
v -0.176315 0.632965 -0.250977
v -0.176331 0.689636 -0.232330
v -0.176468 0.533432 0.184265
v -0.176895 0.533062 -0.185349
v -0.176926 0.210632 -0.120728
v -0.177032 0.574699 0.178955
v -0.177063 0.201691 -0.121460
v -0.177078 0.830261 -0.212082
v -0.177094 0.654785 0.214417
v -0.177094 0.869720 0.164749
v -0.177185 0.537659 -0.151947
v -0.177216 0.869812 -0.164139
v -0.177353 0.047852 0.000696
v -0.177444 0.575172 -0.178070
v -0.177567 0.846161 0.182602
v -0.177567 0.028870 0.007461
v -0.177750 0.203094 0.009654
v -0.177963 0.928802 0.034328
v -0.178085 0.135315 0.000548
v -0.178284 0.197540 0.005675
v -0.178406 0.524042 -0.153870
v -0.178406 0.527567 0.157745
v -0.178528 0.044342 -0.003727
v -0.178543 0.905548 0.192856
v -0.178574 0.044312 0.003172
v -0.178635 0.560581 -0.156677
v -0.178757 0.620537 0.192505
v -0.178848 0.906006 -0.192673
v -0.178879 0.549686 -0.141174
v -0.179031 0.552727 0.144669
v -0.179153 0.866150 0.168060
v -0.179276 0.577156 -0.174408
v -0.179291 0.676544 -0.221359
v -0.179428 0.906952 0.182495
v -0.179581 0.559841 0.154922
v -0.179581 0.577087 0.174484
v -0.179581 0.655533 0.211426
v -0.179596 0.596558 -0.185349
v -0.179626 0.522356 0.138580
v -0.179794 0.134521 -0.004293
v -0.179855 0.548748 0.170563
v -0.179932 0.924194 0.000308
v -0.180145 0.713684 0.221634
v -0.180145 0.929169 -0.005922
v -0.180191 0.200470 -0.116524
v -0.180206 0.133942 0.004698
v -0.180298 0.907959 -0.183563
v -0.180450 0.211426 0.117874
v -0.180634 0.075592 0.006309
v -0.180679 0.675613 0.210602
v -0.180679 0.928314 0.005757
v -0.180771 0.075806 -0.005778
v -0.180954 0.772827 -0.215256
v -0.181000 0.204102 -0.010074
v -0.181137 0.647903 0.209747
v -0.181274 0.527433 0.181534
v -0.181427 0.202332 0.114975
v -0.181488 0.718552 0.208939
v -0.181519 0.831329 0.189316
v -0.181549 0.898773 0.195419
v -0.181580 0.633392 -0.200104
v -0.181641 0.550888 0.184235
v -0.181641 0.641693 0.198929
v -0.181808 0.197754 -0.006159
v -0.181885 0.544651 -0.169022
v -0.181931 0.854095 -0.172653
v -0.182007 0.544304 0.192062
v -0.182114 0.538937 -0.142395
v -0.182297 0.556297 -0.155731
v -0.182327 0.697174 0.207611
v -0.182358 0.889252 0.133926
v -0.182465 0.207733 -0.114685
v -0.182571 0.722855 -0.220413
v -0.182617 0.831024 -0.187897
v -0.182739 0.831726 0.180939
v -0.182846 0.525509 0.165634
v -0.182846 0.121338 -0.001116
v -0.182907 0.900116 -0.196106
v -0.183136 0.212372 0.007691
v -0.183212 0.526695 -0.169525
v -0.183319 0.215332 0.000291
v -0.183472 0.121704 -0.010373
v -0.183472 0.112366 0.007989
v -0.183563 0.652710 -0.217392
v -0.183746 0.831329 -0.180435
v -0.183777 0.145294 0.000378
v -0.183914 0.891388 -0.128204
v -0.183945 0.545429 0.174301
v -0.183945 0.614929 0.191528
v -0.184174 0.547146 -0.174332
v -0.184219 0.763885 -0.214569
v -0.184219 0.811401 0.184860
v -0.184219 0.124207 0.009513
v -0.184280 0.112244 -0.006447
v -0.184586 0.757141 0.210556
v -0.184662 0.849030 0.174149
v -0.184738 0.511226 0.072746
v -0.184753 0.545254 0.145218
v -0.184769 0.550835 -0.186829
v -0.184814 0.550701 -0.186371
v -0.184814 0.212799 -0.006030
v -0.184937 0.533512 0.168121
v -0.184937 0.539551 -0.157257
v -0.184982 0.532139 -0.176559
v -0.184998 0.623161 0.187256
v -0.185211 0.532818 0.176620
v -0.185562 0.914215 0.085709
v -0.185593 0.684830 0.212799
v -0.185623 0.107819 -0.012507
v -0.185806 0.149780 -0.000158
v -0.185928 0.532166 -0.168243
v -0.185944 0.647675 0.202545
v -0.186020 0.620140 -0.185074
v -0.186035 0.813354 -0.191895
v -0.186142 0.809082 0.191315
v -0.186356 0.921295 -0.006162
v -0.186600 0.045715 0.008325
v -0.186798 0.700485 0.215164
v -0.186829 0.546169 0.159973
v -0.187119 0.918732 0.000338
v -0.187302 0.912262 -0.086647
v -0.187347 0.720016 -0.222763
v -0.187347 0.808228 -0.188629
v -0.187363 0.106689 -0.009543
v -0.187546 0.736862 -0.214355
v -0.187714 0.603928 0.182205
v -0.187988 0.921082 0.005935
v -0.188232 0.108124 0.011129
v -0.188477 0.549538 0.188004
v -0.188553 0.048523 -0.006207
v -0.188583 0.046967 -0.010693
v -0.188721 0.904572 0.180756
v -0.188965 0.921783 0.036011
v -0.189011 0.895508 0.191864
v -0.189392 0.048615 0.010803
v -0.189514 0.556644 -0.183640
v -0.189545 0.560379 0.155502
v -0.189575 0.730972 0.213837
v -0.189621 0.506427 0.000258
v -0.189697 0.563438 -0.189224
v -0.189728 0.516953 -0.074905
v -0.189758 0.722412 0.210007
v -0.189758 0.812805 0.184448
v -0.189926 0.897339 -0.193192
v -0.189987 0.138031 0.000286
v -0.190079 0.921021 -0.035919
v -0.190140 0.907318 -0.184021
v -0.190186 0.516979 0.074547
v -0.190262 0.737778 0.201843
v -0.190445 0.627609 0.184967
v -0.190475 0.644699 0.190155
v -0.190933 0.031250 0.000149
v -0.190948 0.831207 0.180130
v -0.191208 0.055389 0.005438
v -0.191238 0.560463 -0.153320
v -0.191467 0.643295 -0.194626
v -0.191528 0.831024 -0.178482
v -0.191620 0.699081 0.205139
v -0.191940 0.721970 0.192551
v -0.192078 0.688995 0.208328
v -0.192368 0.719955 0.208527
v -0.192459 0.759521 0.199387
v -0.192505 0.921021 -0.004724
v -0.192551 0.785400 0.198013
v -0.192719 0.658997 0.195374
v -0.192856 0.537872 -0.202209
v -0.192917 0.899689 0.186066
v -0.193085 0.790436 0.191315
v -0.193375 0.900208 -0.187347
v -0.193710 0.913208 0.067635
v -0.193939 0.530186 0.110649
v -0.194092 0.117065 0.005097
v -0.194229 0.707901 0.200760
v -0.194305 0.538361 0.203720
v -0.194305 0.815735 0.197098
v -0.194458 0.662384 0.199387
v -0.194473 0.198730 0.000186
v -0.194550 0.635071 -0.188629
v -0.194580 0.809387 -0.185883
v -0.194687 0.114227 -0.005151
v -0.195328 0.649506 0.193695
v -0.195404 0.530516 -0.131622
v -0.195419 0.037018 0.000476
v -0.195511 0.560841 -0.130142
v -0.195602 0.599098 -0.206650
v -0.195694 0.627518 0.185379
v -0.195709 0.626205 -0.205597
v -0.195984 0.576851 -0.154663
v -0.196060 0.800903 0.186996
v -0.196136 0.720947 0.208145
v -0.196198 0.902405 0.090767
v -0.196320 0.736374 0.202103
v -0.196609 0.901825 -0.090355
v -0.196655 0.044891 -0.006203
v -0.197021 0.517179 -0.086639
v -0.197052 0.814911 -0.194534
v -0.197189 0.556114 -0.205170
v -0.197250 0.548920 -0.207047
v -0.197449 0.516972 0.086327
v -0.197449 0.530853 0.131516
v -0.197708 0.561275 0.126755
v -0.197769 0.052460 0.005028
v -0.197937 0.654068 -0.193466
v -0.197952 0.628113 -0.207535
v -0.197968 0.689011 0.202545
v -0.198059 0.556973 0.205551
v -0.198105 0.753754 -0.205154
v -0.198181 0.779755 0.194122
v -0.198273 0.093384 -0.006835
v -0.198288 0.550667 0.205246
v -0.198380 0.820404 -0.192200
v -0.198517 0.094666 0.007039
v -0.198898 0.512070 -0.002698
v -0.199356 0.646393 0.181610
v -0.199356 0.093445 0.017595
v -0.199417 0.759460 -0.199280
v -0.199432 0.550434 -0.195282
v -0.199554 0.512137 0.000826
v -0.199554 0.922516 0.201859
v -0.199646 0.093384 -0.016068
v -0.199692 0.545746 -0.190308
v -0.199783 0.577187 0.151398
v -0.199844 0.923309 -0.203613
v -0.199860 0.687393 0.198502
v -0.199966 0.726730 0.201096
v -0.200012 0.574547 -0.153214
v -0.200195 0.548183 0.210876
v -0.200363 0.636200 -0.293549
v -0.200607 0.530262 -0.098549
v -0.200851 0.736893 -0.212219
v -0.200867 0.555397 0.195786
v -0.200912 0.071503 -0.007479
v -0.200928 0.545879 0.191467
v -0.201324 0.054565 0.000217
v -0.201355 0.912720 -0.043507
v -0.201385 0.651596 0.186707
v -0.201431 0.516588 0.016006
v -0.201431 0.561020 0.201416
v -0.201462 0.537666 -0.192398
v -0.201630 0.109985 0.000168
v -0.201736 0.862305 -0.144043
v -0.201920 0.516596 -0.015715
v -0.201935 0.719315 0.198685
v -0.201935 0.729248 0.190491
v -0.202255 0.642563 -0.199326
v -0.202789 0.674759 0.185684
v -0.203232 0.911865 0.038998
v -0.203262 0.864960 0.138885
v -0.203415 0.633835 0.175964
v -0.203598 0.044708 0.000242
v -0.203751 0.829956 -0.187622
v -0.203812 0.748032 -0.210693
v -0.203903 0.537750 0.194168
v -0.204147 0.561172 -0.203979
v -0.204208 0.660095 -0.204437
v -0.204422 0.812653 -0.176208
v -0.204514 0.908936 -0.000054
v -0.204605 0.534698 -0.214615
v -0.204620 0.573982 0.146820
v -0.204651 0.829926 0.187271
v -0.204880 0.074615 0.000282
v -0.205017 0.536625 -0.079582
v -0.205170 0.678223 0.189941
v -0.205414 0.536449 0.079247
v -0.206299 0.556896 -0.196701
v -0.206482 0.911194 0.004646
v -0.206543 0.911407 -0.004847
v -0.206757 0.093536 -0.010581
v -0.206848 0.549511 0.205444
v -0.207047 0.093750 0.010188
v -0.207260 0.758820 0.189667
v -0.207611 0.555416 -0.210403
v -0.207642 0.548904 -0.196045
v -0.207794 0.601196 0.158432
v -0.207947 0.753021 -0.204514
v -0.207962 0.549282 -0.207428
v -0.208008 0.511909 0.000226
v -0.208038 0.657211 0.182648
v -0.208069 0.788361 0.182159
v -0.208084 0.557758 0.196243
v -0.208237 0.628510 -0.196396
v -0.208420 0.529997 0.080299
v -0.208893 0.731049 -0.205566
v -0.209045 0.554432 0.211243
v -0.209122 0.716446 0.186569
v -0.209137 0.689301 0.184189
v -0.209229 0.658524 -0.179825
v -0.209396 0.886353 -0.099121
v -0.209396 0.210052 0.003929
v -0.209442 0.885773 0.099915
v -0.209473 0.713852 -0.197708
v -0.209473 0.202667 0.004982
v -0.209473 0.200226 0.000252
v -0.209671 0.207428 -0.005646
v -0.209808 0.549065 0.196976
v -0.209915 0.516960 -0.042931
v -0.210129 0.865356 -0.127777
v -0.210373 0.634796 0.173172
v -0.210861 0.549797 -0.210983
v -0.211166 0.765961 -0.193817
v -0.211304 0.517231 0.037235
v -0.211319 0.620880 -0.163025
v -0.211334 0.632233 -0.196289
v -0.211533 0.093811 0.000185
v -0.211929 0.560204 0.125107
v -0.212341 0.528399 0.222061
v -0.212448 0.763153 0.181244
v -0.212646 0.537025 0.047401
v -0.212891 0.560486 -0.122726
v -0.213089 0.791382 0.170792
v -0.213181 0.656631 0.177795
v -0.213303 0.537018 -0.043533
v -0.213486 0.813507 0.168365
v -0.213669 0.606506 -0.159058
v -0.213760 0.549736 -0.203918
v -0.213791 0.548698 -0.082382
v -0.213913 0.692154 0.187134
v -0.214005 0.529903 -0.059578
v -0.214005 0.738983 0.190796
v -0.214096 0.782288 -0.174728
v -0.214127 0.544670 0.223282
v -0.214264 0.654221 -0.187775
v -0.214371 0.810059 0.161865
v -0.214493 0.515989 0.008554
v -0.214600 0.516314 -0.006938
v -0.215012 0.550766 0.084396
v -0.215042 0.524757 -0.224487
v -0.215088 0.658234 0.169739
v -0.215332 0.831726 -0.151337
v -0.215378 0.746399 -0.198303
v -0.215393 0.549114 0.204834
v -0.215790 0.737152 0.180389
v -0.215912 0.736115 -0.195999
v -0.215973 0.534027 0.205933
v -0.216949 0.542530 -0.226044
v -0.217316 0.653366 -0.191864
v -0.217987 0.529980 0.042728
v -0.218216 0.536705 0.012605
v -0.218658 0.536800 -0.011853
v -0.218826 0.531879 -0.208328
v -0.218842 0.784943 0.169296
v -0.218903 0.573807 -0.124031
v -0.219055 0.771454 0.170425
v -0.219147 0.654663 -0.167374
v -0.219482 0.704636 0.186142
v -0.219711 0.672806 -0.170883
v -0.219727 0.507230 0.237747
v -0.220734 0.662430 0.171143
v -0.220978 0.542206 -0.224319
v -0.221054 0.884918 0.073868
v -0.221085 0.543301 0.221634
v -0.221909 0.516802 0.007081
v -0.222046 0.634552 -0.163620
v -0.222214 0.508841 0.232727
v -0.222290 0.500670 -0.239151
v -0.222382 0.516935 -0.006699
v -0.222519 0.509004 -0.233139
v -0.222595 0.478836 -0.224731
v -0.222672 0.477871 0.225006
v -0.222687 0.751862 -0.186218
v -0.222687 0.883270 -0.073265
v -0.222794 0.560925 0.084915
v -0.222900 0.529423 0.011586
v -0.223022 0.529743 -0.011207
v -0.223282 0.813080 -0.155045
v -0.223373 0.660538 0.168182
v -0.223404 0.561333 -0.085640
v -0.224060 0.506774 -0.231979
v -0.224167 0.889740 -0.040745
v -0.224319 0.815887 -0.164612
v -0.224457 0.541519 -0.220566
v -0.224564 0.832428 0.139114
v -0.224762 0.678314 -0.180389
v -0.225113 0.743134 0.172943
v -0.225189 0.732864 0.168671
v -0.225266 0.718903 0.169983
v -0.225372 0.772980 -0.170868
v -0.225723 0.792938 -0.165237
v -0.226395 0.541485 -0.216553
v -0.226440 0.499563 0.242844
v -0.226517 0.713501 0.178329
v -0.226593 0.517588 -0.242523
v -0.226608 0.799896 -0.154922
v -0.226669 0.541603 0.217056
v -0.226669 0.863586 -0.107262
v -0.226761 0.714752 -0.177200
v -0.226990 0.601776 0.132996
v -0.227142 0.670166 -0.168289
v -0.227173 0.688034 0.169449
v -0.227737 0.759125 0.166611
v -0.227875 0.829529 -0.158340
v -0.227966 0.821167 0.159576
v -0.227997 0.521357 0.217712
v -0.228516 0.862518 0.105965
v -0.228912 0.560699 0.092667
v -0.229218 0.527134 0.000215
v -0.229385 0.885895 -0.004677
v -0.229965 0.560806 -0.052521
v -0.230087 0.575783 0.106659
v -0.230164 0.809631 -0.142349
v -0.230286 0.528494 0.011191
v -0.230347 0.854370 0.110245
v -0.230591 0.880646 0.045830
v -0.230591 0.884644 0.005034
v -0.230606 0.673264 -0.179047
v -0.230667 0.503142 0.226593
v -0.230667 0.654846 -0.160080
v -0.230820 0.880188 -0.045368
v -0.230881 0.560673 -0.089363
v -0.231247 0.535370 -0.010283
v -0.231476 0.497849 0.236664
v -0.231491 0.504215 -0.226456
v -0.231613 0.879944 0.000191
v -0.231735 0.851990 -0.109657
v -0.231750 0.829346 0.154419
v -0.231873 0.561069 0.043262
v -0.232086 0.577019 -0.097343
v -0.232117 0.880951 0.034096
v -0.232269 0.725067 0.169174
v -0.232422 0.624084 0.139557
v -0.232452 0.815277 0.155701
v -0.232590 0.848022 0.107697
v -0.232635 0.881470 -0.032902
v -0.232635 0.497644 -0.236511
v -0.232773 0.755066 -0.171539
v -0.233078 0.548409 0.000166
v -0.233093 0.510784 -0.222534
v -0.233444 0.522938 0.247726
v -0.233490 0.556080 0.002704
v -0.233490 0.741302 0.161057
v -0.233551 0.821686 -0.153229
v -0.233871 0.651596 -0.145248
v -0.233963 0.522772 0.243927
v -0.234024 0.544674 -0.236542
v -0.234070 0.521700 -0.244446
v -0.234314 0.648911 -0.150711
v -0.234741 0.749603 -0.234024
v -0.234802 0.756866 -0.234161
v -0.235001 0.651169 -0.153961
v -0.235092 0.691223 0.162781
v -0.235596 0.850586 -0.095810
v -0.235611 0.633118 -0.163559
v -0.235657 0.829681 -0.150314
v -0.236023 0.493493 0.236115
v -0.236160 0.560894 -0.000255
v -0.236313 0.721939 0.158325
v -0.236359 0.576233 -0.085213
v -0.236557 0.812775 -0.146072
v -0.236572 0.544739 0.235458
v -0.236603 0.577003 0.086555
v -0.236618 0.852478 0.092461
v -0.236923 0.865234 0.077248
v -0.236954 0.783691 -0.159958
v -0.237015 0.864990 -0.076302
v -0.237152 0.872375 0.050869
v -0.237335 0.833221 -0.119095
v -0.237473 0.545647 0.240204
v -0.237534 0.519161 -0.249649
v -0.237549 0.504220 0.252533
v -0.237732 0.518278 0.251099
v -0.237961 0.573570 -0.086472
v -0.237991 0.504297 -0.252594
v -0.238052 0.697403 0.156204
v -0.238220 0.665909 -0.173050
v -0.238266 0.872040 -0.051338
v -0.238312 0.653961 0.142731
v -0.238449 0.604080 -0.111740
v -0.238617 0.761108 -0.226608
v -0.238693 0.796722 0.136002
v -0.238907 0.744949 -0.228317
v -0.238907 0.873932 -0.030607
v -0.238953 0.874084 0.031210
v -0.239014 0.498186 0.234879
v -0.239212 0.504779 0.225281
v -0.239502 0.763580 -0.166183
v -0.239563 0.694351 -0.173553
v -0.239578 0.815643 -0.148193
v -0.239609 0.832550 0.108124
v -0.239609 0.496641 -0.237045
v -0.239639 0.504848 -0.223846
v -0.239807 0.807922 0.129929
v -0.239883 0.832886 -0.108093
v -0.239975 0.599564 0.125061
v -0.240067 0.705261 0.160324
v -0.240128 0.560925 0.059582
v -0.240280 0.603844 -0.166809
v -0.240433 0.794373 -0.155243
v -0.240997 0.621178 0.139923
v -0.241348 0.833069 0.114662
v -0.241364 0.546410 -0.239532
v -0.241455 0.811890 0.127335
v -0.241577 0.670853 -0.138992
v -0.241806 0.613785 -0.163193
v -0.242096 0.561081 -0.048595
v -0.242416 0.606926 0.113884
v -0.242569 0.805542 0.135452
v -0.242767 0.519058 0.246552
v -0.243271 0.514140 0.227386
v -0.243378 0.524981 0.236954
v -0.243454 0.749359 -0.222122
v -0.243500 0.596153 0.130814
v -0.243912 0.524799 0.233551
v -0.244095 0.499003 0.231049
v -0.244186 0.530499 -0.250427
v -0.244400 0.866608 0.046318
v -0.244614 0.523806 -0.235321
v -0.244644 0.866547 -0.045620
v -0.244675 0.500849 -0.245911
v -0.244812 0.498675 -0.230026
v -0.244827 0.576920 0.055721
v -0.245071 0.815216 0.136078
v -0.245117 0.763062 0.141937
v -0.245163 0.501620 0.246445
v -0.245193 0.866516 0.036926
v -0.245224 0.867096 -0.035824
v -0.245300 0.754486 -0.160080
v -0.245316 0.789001 -0.159653
v -0.245331 0.757904 -0.225235
v -0.245468 0.646088 -0.128983
v -0.245483 0.576744 -0.050163
v -0.245514 0.832794 -0.114777
v -0.245560 0.574181 0.059662
v -0.245621 0.684692 0.143967
v -0.245621 0.799713 -0.147003
v -0.245636 0.522486 -0.248581
v -0.245682 0.561367 0.009172
v -0.245880 0.688339 -0.166595
v -0.245987 0.657730 -0.163132
v -0.246170 0.519234 0.243683
v -0.246216 0.813049 -0.134445
v -0.246368 0.502694 0.245850
v -0.246399 0.503606 -0.245514
v -0.246552 0.520250 -0.245636
v -0.247116 0.864868 -0.002878
v -0.247574 0.522892 -0.234512
v -0.247574 0.810516 0.118332
v -0.247681 0.573715 -0.044952
v -0.247711 0.864227 0.004935
v -0.247879 0.729691 0.142715
v -0.247879 0.780090 -0.149338
v -0.247940 0.582367 0.000727
v -0.247986 0.606178 -0.092865
v -0.248428 0.603050 0.113869
v -0.248947 0.618446 0.141861
v -0.249146 0.577065 -0.002635
v -0.249252 0.577316 0.003565
v -0.249252 0.615349 -0.090134
v -0.249359 0.585587 0.133224
v -0.249481 0.619843 -0.086517
v -0.249893 0.766754 -0.138824
v -0.250275 0.668976 -0.121307
v -0.250275 0.831970 0.081863
v -0.250336 0.832428 -0.080406
v -0.250458 0.585304 0.126556
v -0.250824 0.517900 0.237473
v -0.250885 0.527208 0.239136
v -0.250977 0.795227 -0.140610
v -0.251007 0.532478 -0.261292
v -0.251099 0.705109 0.142365
v -0.251312 0.538620 0.256989
v -0.251343 0.518135 -0.238022
v -0.251434 0.573387 0.002855
v -0.251434 0.852539 -0.040596
v -0.251556 0.608627 0.086662
v -0.251556 0.781372 0.125992
v -0.251617 0.672333 -0.154297
v -0.251617 0.812561 0.123955
v -0.251709 0.751373 0.142288
v -0.251709 0.785828 -0.139404
v -0.252136 0.504744 0.238327
v -0.252533 0.507392 -0.238190
v -0.252838 0.542904 0.263550
v -0.253143 0.846497 0.044609
v -0.253387 0.830719 0.115730
v -0.253662 0.789703 0.120941
v -0.253876 0.550743 0.130432
v -0.254395 0.659912 -0.107849
v -0.254425 0.733322 0.141373
v -0.254425 0.739716 -0.139297
v -0.254608 0.623093 0.099205
v -0.255005 0.901062 -0.041531
v -0.255371 0.582771 0.127243
v -0.255463 0.840546 -0.045055
v -0.255615 0.670547 -0.112953
v -0.255737 0.815796 -0.118568
v -0.256287 0.558029 -0.259155
v -0.256378 0.581177 0.116325
v -0.256470 0.617950 -0.057240
v -0.256622 0.902832 0.050835
v -0.256683 0.670059 -0.148712
v -0.256927 0.806427 -0.115334
v -0.257019 0.903107 -0.050461
v -0.257050 0.614799 -0.041321
v -0.257172 0.540840 -0.252136
v -0.257172 0.571465 0.113510
v -0.257233 0.652374 -0.092880
v -0.257568 0.585754 0.109871
v -0.257660 0.608955 0.060833
v -0.257721 0.633286 0.084824
v -0.258026 0.535198 0.256592
v -0.258057 0.615013 0.000370
v -0.258118 0.673340 -0.105202
v -0.258118 0.830200 -0.105606
v -0.258362 0.550503 -0.268311
v -0.258850 0.618393 -0.024906
v -0.259277 0.625046 0.072258
v -0.259399 0.560879 0.118576
v -0.259796 0.627869 0.074745
v -0.259857 0.648346 -0.096634
v -0.259979 0.831635 0.000267
v -0.260101 0.693115 0.142181
v -0.260376 0.831390 -0.047535
v -0.260406 0.636993 -0.063835
v -0.260468 0.831299 0.047249
v -0.260590 0.633530 -0.054081
v -0.260590 0.814545 0.108643
v -0.260956 0.779663 -0.112343
v -0.260986 0.604012 0.115295
v -0.261017 0.897186 0.054935
v -0.261047 0.628265 0.055943
v -0.261383 0.632050 -0.045849
v -0.261414 0.661972 -0.141724
v -0.261688 0.810425 -0.087631
v -0.261688 0.812653 -0.101173
v -0.261780 0.542427 -0.264587
v -0.261841 0.630386 0.047050
v -0.261841 0.898010 -0.054340
v -0.261993 0.561867 -0.258881
v -0.262054 0.627960 0.000471
v -0.262115 0.661148 -0.088432
v -0.262238 0.553200 -0.268005
v -0.262390 0.561905 0.259399
v -0.262512 0.812592 0.087280
v -0.262543 0.567192 0.266663
v -0.262817 0.743240 -0.119637
v -0.262848 0.659775 -0.082321
v -0.263123 0.632904 0.059525
v -0.263214 0.685287 -0.098907
v -0.263641 0.579117 -0.267792
v -0.263672 0.558311 0.270660
v -0.263794 0.831055 -0.003388
v -0.264038 0.830688 0.003364
v -0.264069 0.549232 -0.006753
v -0.264313 0.553596 0.009682
v -0.264374 0.548828 0.260315
v -0.264496 0.630890 -0.003119
v -0.264587 0.487277 -0.264282
v -0.264618 0.611771 0.049194
v -0.264618 0.639786 0.000223
v -0.264648 0.901367 -0.040535
v -0.264832 0.537914 -0.254547
v -0.264862 0.569008 0.276611
v -0.264893 0.901276 0.041115
v -0.265320 0.762817 -0.247467
v -0.265381 0.653152 0.110107
v -0.265533 0.572220 0.011498
v -0.265533 0.660049 -0.135117
v -0.265594 0.812592 -0.076538
v -0.265717 0.811768 -0.082779
v -0.266113 0.623108 0.067741
v -0.266266 0.637115 0.003015
v -0.266357 0.617989 0.111305
v -0.266449 0.795074 -0.092163
v -0.266571 0.577011 -0.004980
v -0.266602 0.594536 0.102615
v -0.266663 0.647446 -0.017136
v -0.266693 0.579788 0.264008
v -0.266754 0.659561 -0.084526
v -0.266937 0.893799 -0.050941
v -0.266998 0.650665 0.045410
v -0.267090 0.894135 0.052082
v -0.267181 0.565849 -0.000058
v -0.267181 0.648697 0.035397
v -0.267242 0.579514 0.277374
v -0.267242 0.649002 0.000315
v -0.267334 0.786957 -0.102417
v -0.267365 0.580231 -0.013706
v -0.267517 0.814575 0.087914
v -0.267670 0.585533 0.280121
v -0.267670 0.646973 -0.075241
v -0.267944 0.894318 -0.044121
v -0.268097 0.591187 0.276581
v -0.268097 0.612679 -0.059475
v -0.268097 0.484470 0.268036
v -0.268127 0.590904 -0.278229
v -0.268219 0.601082 0.095039
v -0.268311 0.626450 0.033699
v -0.268341 0.579834 -0.264465
v -0.268402 0.597900 -0.280304
v -0.268738 0.578735 -0.280365
v -0.268799 0.814850 -0.084694
v -0.268860 0.765320 0.096123
v -0.268951 0.895447 0.044708
v -0.269348 0.618752 0.087601
v -0.269440 0.599457 0.281921
v -0.269501 0.557419 0.280273
v -0.269501 0.576958 0.000367
v -0.269684 0.557404 -0.281281
v -0.269806 0.540249 -0.006463
v -0.269836 0.574348 0.005612
v -0.269897 0.580963 -0.271240
v -0.270081 0.654755 0.032013
v -0.270142 0.598381 0.074478
v -0.270233 0.533157 0.009349
v -0.270294 0.660385 0.000152
v -0.270416 0.811676 -0.050060
v -0.270447 0.659714 0.108086
v -0.270691 0.606125 -0.273621
v -0.270721 0.698013 0.111740
v -0.271088 0.765930 0.101173
v -0.271088 0.811981 0.049816
v -0.271454 0.665558 -0.004422
v -0.271515 0.610909 0.073402
v -0.271545 0.604645 -0.283508
v -0.271576 0.663116 -0.078964
v -0.271606 0.590736 -0.267303
v -0.271606 0.632034 -0.057777
v -0.271790 0.765686 -0.089119
v -0.271881 0.813232 -0.002184
v -0.271912 0.830139 0.061058
v -0.272125 0.803741 0.000282
v -0.272308 0.557163 -0.276825
v -0.272369 0.670670 -0.120125
v -0.272400 0.812073 0.052040
v -0.272491 0.577682 0.286224
v -0.272583 0.556679 0.276764
v -0.272614 0.551224 0.013231
v -0.272675 0.613754 0.083099
v -0.272858 0.562889 -0.265961
v -0.272980 0.830353 -0.052723
v -0.273254 0.616959 -0.026045
v -0.273376 0.662811 0.013229
v -0.273407 0.616676 -0.040760
v -0.273743 0.671860 -0.112877
v -0.273743 0.692612 -0.088036
v -0.273926 0.564140 0.000410
v -0.273956 0.580238 0.267365
v -0.274139 0.600891 0.049358
v -0.274261 0.606445 0.269836
v -0.274323 0.613640 0.008849
v -0.274567 0.652695 -0.086174
v -0.274597 0.596352 0.014566
v -0.274628 0.587776 0.004031
v -0.274719 0.612885 0.000300
v -0.274872 0.612152 -0.022913
v -0.275146 0.781708 0.079269
v -0.275177 0.655182 -0.107750
v -0.275208 0.557686 -0.272400
v -0.275360 0.634354 -0.047821
v -0.275513 0.564247 -0.002340
v -0.275604 0.814423 0.059647
v -0.275787 0.557114 0.274017
v -0.275818 0.726028 -0.100708
v -0.275909 0.444305 0.277618
v -0.275940 0.564484 -0.264984
v -0.276062 0.794708 0.024031
v -0.276154 0.605629 0.289032
v -0.276215 0.625778 0.090347
v -0.276489 0.686081 -0.104088
v -0.276550 0.721848 -0.092659
v -0.276581 0.685608 -0.099686
v -0.276642 0.442230 -0.274902
v -0.276703 0.548176 0.287323
v -0.276703 0.917389 -0.051617
v -0.276764 0.567726 0.267120
v -0.276855 0.547871 -0.286560
v -0.276917 0.794037 -0.053452
v -0.277283 0.797058 -0.003696
v -0.277374 0.811127 -0.175079
v -0.277496 0.605904 0.276001
v -0.277496 0.829315 0.000222
v -0.277679 0.579742 0.000244
v -0.277771 0.577972 -0.015301
v -0.277802 0.580032 -0.002037
v -0.277863 0.589706 0.268646
v -0.277924 0.919006 0.051575
v -0.278015 0.506110 -0.287140
v -0.278015 0.509855 0.287323
v -0.278015 0.814423 -0.044140
v -0.278076 0.606979 0.020960
v -0.278198 0.793854 0.003478
v -0.278198 0.804718 -0.177536
v -0.278229 0.623657 0.034050
v -0.278351 0.575874 0.000205
v -0.278412 0.459400 -0.277832
v -0.278503 0.598457 0.290955
v -0.278809 0.590347 -0.269775
v -0.278992 0.789398 0.055092
v -0.279022 0.563179 0.290894
v -0.279022 0.621140 0.000335
v -0.279083 0.633240 0.059696
v -0.279083 0.691879 -0.069893
v -0.279266 0.655518 0.083923
v -0.279266 0.779907 0.000221
v -0.279297 0.768585 -0.050362
v -0.279327 0.814484 -0.169525
v -0.279388 0.813110 -0.004779
v -0.279449 0.454578 0.277008
v -0.279480 0.564178 -0.291656
v -0.279480 0.581192 -0.269165
v -0.279572 0.629532 0.054184
v -0.279633 0.779785 -0.067863
v -0.279663 0.462280 0.282654
v -0.279755 0.627914 0.046406
v -0.279877 0.591652 -0.001790
v -0.279877 0.601372 -0.292389
v -0.280243 0.685257 0.075348
v -0.280426 0.756256 0.073120
v -0.280457 0.585968 0.013041
v -0.280487 0.619118 0.012897
v -0.280518 0.660385 0.092522
v -0.280731 0.815094 0.010333
v -0.280853 0.580101 0.270996
v -0.280914 0.559563 0.270660
v -0.280975 0.772675 -0.055878
v -0.281036 0.732956 -0.078026
v -0.281067 0.560787 -0.270203
v -0.281067 0.594864 0.000244
v -0.281067 0.465355 -0.283112
v -0.281250 0.661606 -0.050648
v -0.281281 0.767181 0.000186
v -0.281403 0.580391 0.006773
v -0.281433 0.551449 0.283966
v -0.281525 0.601082 -0.268646
v -0.281647 0.602699 0.269928
v -0.281708 0.574875 0.269287
v -0.281738 0.507923 -0.290344
v -0.281738 0.548248 -0.283356
v -0.281769 0.754059 0.051064
v -0.281891 0.609344 0.000201
v -0.282074 0.641907 -0.017174
v -0.282104 0.506709 -0.284027
v -0.282166 0.772827 -0.000299
v -0.282257 0.522358 -0.279022
v -0.282379 0.468338 0.280853
v -0.282410 0.503194 0.283813
v -0.282654 0.599800 -0.022884
v -0.282776 0.504008 0.290070
v -0.282776 0.756866 -0.033836
v -0.283020 0.618111 -0.033730
v -0.283112 0.604843 -0.292053
v -0.283356 0.510365 0.281189
v -0.283478 0.801025 -0.172791
v -0.283661 0.605797 0.292389
v -0.283844 0.735733 0.025780
v -0.283936 0.762939 0.003727
v -0.284088 0.478600 -0.281067
v -0.284210 0.741653 0.000207
v -0.284332 0.765778 -0.071648
v -0.284454 0.589027 -0.292206
v -0.284454 0.727249 0.066231
v -0.284454 0.761688 -0.003541
v -0.284760 0.609207 -0.280731
v -0.284882 0.750549 0.000409
v -0.285034 0.464943 -0.287079
v -0.285126 0.531616 -0.282745
v -0.285126 0.754150 0.056850
v -0.285126 0.463177 0.279816
v -0.285339 0.748199 -0.053280
v -0.285370 0.472998 -0.279541
v -0.285400 0.647141 0.035950
v -0.285461 0.557152 0.281891
v -0.285553 0.745056 0.047161
v -0.285583 0.558548 -0.282898
v -0.285583 0.740784 0.075722
v -0.285614 0.558094 -0.294495
v -0.285767 0.651352 0.044819
v -0.286011 0.561855 -0.287903
v -0.286072 0.659180 -0.004146
v -0.286194 0.753876 0.071526
v -0.286438 0.526108 0.284271
v -0.286469 0.581360 0.299255
v -0.286560 0.588409 0.293701
v -0.286591 0.549080 0.276855
v -0.286652 0.549664 -0.276398
v -0.286682 0.513059 0.277740
v -0.286682 0.560127 0.289337
v -0.286682 0.659119 0.000175
v -0.286713 0.467941 0.288330
v -0.286926 0.606400 -0.276428
v -0.287170 0.734558 0.069023
v -0.287231 0.500830 -0.288544
v -0.287292 0.510097 -0.277832
v -0.287415 0.562561 0.296082
v -0.287445 0.600838 -0.286133
v -0.287537 0.581055 -0.301544
v -0.287750 0.688004 0.085564
v -0.287781 0.563339 -0.294525
v -0.287811 0.662369 0.054646
v -0.287872 0.759796 -0.042622
v -0.288025 0.813782 -0.167862
v -0.288055 0.600250 0.285797
v -0.288177 0.591568 -0.290497
v -0.288239 0.464046 -0.284485
v -0.288269 0.489509 0.290131
v -0.288330 0.599709 0.272919
v -0.288422 0.572975 0.276764
v -0.288422 0.463676 0.284363
v -0.288940 0.722900 0.075081
v -0.288940 0.726379 0.046623
v -0.289001 0.719604 -0.025240
v -0.289246 0.806824 -0.168411
v -0.289673 0.740280 0.000236
v -0.289917 0.576546 -0.277893
v -0.289948 0.503667 0.282501
v -0.290131 0.501405 -0.282043
v -0.290161 0.750397 -0.045422
v -0.290253 0.744217 -0.058960
v -0.290314 0.741196 -0.065269
v -0.290314 0.495542 -0.286743
v -0.290466 0.498469 0.287323
v -0.290527 0.685074 0.052425
v -0.290558 0.733490 0.023352
v -0.290619 0.568710 0.302338
v -0.290649 0.573105 0.302460
v -0.290710 0.591568 0.290985
v -0.290710 0.737198 0.054276
v -0.290802 0.660339 0.025028
v -0.290863 0.597603 -0.280212
v -0.290985 0.597038 0.281158
v -0.291138 0.561031 0.278564
v -0.291229 0.755096 0.059513
v -0.291504 0.676361 0.023474
v -0.291595 0.699280 0.000113
v -0.291718 0.556713 0.289795
v -0.291748 0.657730 -0.036762
v -0.291840 0.584251 -0.283325
v -0.291901 0.696594 0.015818
v -0.291931 0.564362 -0.279846
v -0.291962 0.562904 0.295624
v -0.292328 0.548454 0.302429
v -0.292328 0.586525 0.283234
v -0.292358 0.568649 -0.305786
v -0.292633 0.604103 0.281128
v -0.292816 0.602875 -0.280304
v -0.293457 0.745743 0.051060
v -0.293610 0.561214 0.284119
v -0.293701 0.717789 0.000184
v -0.293854 0.713394 0.020788
v -0.293945 0.658737 0.000999
v -0.294281 0.678223 0.000336
v -0.294739 0.704666 -0.049805
v -0.295074 0.648697 -0.021544
v -0.295166 0.564026 -0.288483
v -0.296143 0.563042 0.286438
v -0.296326 0.707245 -0.039600
v -0.296417 0.490065 0.294189
v -0.296478 0.573456 -0.302368
v -0.296539 0.679062 -0.031269
v -0.297241 0.490260 -0.297974
v -0.297272 0.489629 -0.298004
v -0.297333 0.573181 0.302795
v -0.297485 0.565819 0.300507
v -0.297852 0.611694 0.295868
v -0.298187 0.488633 -0.296021
v -0.299469 0.566223 0.296906
v -0.299469 0.580299 -0.302948
v -0.300018 0.581841 0.287689
v -0.300049 0.499251 -0.298248
v -0.300201 0.582352 -0.287964
v -0.300262 0.551067 -0.303528
v -0.301361 0.498424 0.300140
v -0.301483 0.568565 0.291870
v -0.301727 0.580139 0.299255
v -0.301788 0.574074 -0.296692
v -0.302155 0.542290 -0.298889
v -0.302185 0.568245 -0.291504
v -0.302856 0.573105 -0.292236
v -0.302948 0.572983 0.292908
v -0.303589 0.562477 -0.306946
v -0.304138 0.584953 0.316223
v -0.304169 0.546314 -0.293549
v -0.304474 0.581230 0.307404
v -0.304749 0.500083 -0.304871
v -0.304749 0.499282 -0.304779
v -0.305176 0.500767 0.306519
v -0.306580 0.480230 -0.305328
v -0.306885 0.488675 0.307709
v -0.306976 0.546913 0.303009
v -0.307922 0.481293 0.307495
v -0.308868 0.491900 -0.306061
v -0.309174 0.499550 0.307953
v -0.310181 0.537270 0.313538
v -0.310638 0.611534 -0.310303
v -0.310699 0.611137 0.311371
v -0.310699 0.487374 0.309723
v -0.311401 0.567078 0.308838
v -0.312012 0.487451 -0.312134
v -0.312042 0.487487 -0.312195
v -0.312073 0.837738 -0.195679
v -0.312103 0.542751 -0.301849
v -0.312286 0.541576 -0.307892
v -0.313965 0.754456 0.071838
v -0.315063 0.479368 -0.313385
v -0.315338 0.580727 -0.313324
v -0.315613 0.561100 -0.325409
v -0.317078 0.536430 0.307465
v -0.317444 0.556801 -0.314575
v -0.317627 0.743866 0.075920
v -0.318024 0.757721 0.059315
v -0.318115 0.553905 0.327850
v -0.318146 0.747681 0.050018
v -0.318451 0.554424 0.321899
v -0.318481 0.735535 0.067238
v -0.318909 0.509966 0.328949
v -0.319092 0.736847 0.054295
v -0.319427 0.585472 -0.330353
v -0.320068 0.511293 0.322937
v -0.320557 0.508043 -0.329376
v -0.321045 0.552425 -0.330933
v -0.321991 0.513518 -0.331787
v -0.322266 0.512883 0.331909
v -0.322449 0.580849 0.312195
v -0.323822 0.593338 -0.323273
v -0.324066 0.505538 -0.326447
v -0.324921 0.507394 -0.321472
v -0.325165 0.486492 0.332428
v -0.325623 0.505540 0.323059
v -0.327271 0.490088 0.334229
v -0.327332 0.488658 0.328674
v -0.327393 0.560780 0.317902
v -0.328125 0.511587 -0.330170
v -0.328644 0.585091 0.318420
v -0.328674 0.558151 0.332611
v -0.328827 0.512211 0.330658
v -0.328949 0.507887 -0.319153
v -0.329071 0.508780 0.319031
v -0.329102 0.550941 0.326782
v -0.329529 0.582199 -0.316620
v -0.329834 0.514016 0.327454
v -0.330414 0.511883 -0.327972
v -0.330780 0.558819 -0.327454
v -0.330811 0.553310 0.341064
v -0.330841 0.465340 -0.331390
v -0.331635 0.472759 -0.335876
v -0.332062 0.556278 -0.336029
v -0.332703 0.580498 0.331482
v -0.333801 0.511096 0.323059
v -0.333832 0.487297 0.330902
v -0.333893 0.510779 -0.323608
v -0.334381 0.476629 0.335480
v -0.334442 0.460976 0.334656
v -0.334625 0.481840 -0.331390
v -0.334778 0.551079 -0.324677
v -0.335297 0.472383 -0.330872
v -0.335632 0.483610 0.327393
v -0.335693 0.470945 0.339050
v -0.336060 0.461006 0.332550
v -0.336914 0.467033 -0.339325
v -0.337067 0.465824 0.332550
v -0.337402 0.459095 -0.332855
v -0.337402 0.447056 -0.337769
v -0.337555 0.476690 -0.328186
v -0.337799 0.446548 0.338898
v -0.340454 0.554016 0.337250
v -0.340576 0.471432 -0.335388
v -0.340607 0.474249 0.335114
v -0.340668 0.446426 0.335297
v -0.341125 0.483339 -0.341888
v -0.341797 0.482506 -0.340515
v -0.341888 0.580009 0.344391
v -0.342346 0.580696 0.354736
v -0.342865 0.443630 -0.336578
v -0.344482 0.582237 -0.355530
v -0.344543 0.443726 0.344238
v -0.344757 0.579903 -0.355713
v -0.345093 0.437870 -0.343628
v -0.345184 0.579834 -0.347046
v -0.345703 0.545826 0.336456
v -0.345734 0.486482 0.345520
v -0.346405 0.434860 0.341797
v -0.348419 0.438782 0.342499
v -0.349274 0.579613 -0.348083
v -0.349396 0.435684 -0.342102
v -0.350281 0.591919 -0.350403
v -0.352539 0.538128 -0.356262
v -0.352814 0.516043 -0.354462
v -0.352905 0.537388 0.363251
v -0.353027 0.580597 -0.341797
v -0.354279 0.591362 0.355225
v -0.354431 0.542938 0.364838
v -0.354492 0.543201 -0.364075
v -0.354645 0.748993 0.063835
v -0.355194 0.517128 0.353210
v -0.356140 0.535305 0.360046
v -0.356201 0.534657 -0.365479
v -0.356720 0.545235 -0.358551
v -0.357971 0.544712 0.360260
v -0.360901 0.517326 -0.358337
v -0.361176 0.544075 0.358276
v -0.361725 0.544079 -0.358215
v -0.361908 0.585167 -0.372772
v -0.362762 0.537884 -0.351501
v -0.363220 0.543953 -0.353516
v -0.363312 0.544487 0.353455
v -0.364471 0.585251 0.375488
v -0.364655 0.581039 0.375214
v -0.364746 0.592628 0.365234
v -0.365234 0.532784 -0.360992
v -0.365601 0.592377 -0.366180
v -0.366974 0.531792 0.362274
v -0.367798 0.581444 0.358002
v -0.368134 0.533127 -0.369110
v -0.368500 0.580734 0.367157
v -0.368561 0.506666 -0.368103
v -0.369598 0.580635 -0.371216
v -0.369873 0.580849 0.372375
v -0.370148 0.523348 -0.371277
v -0.370331 0.533611 0.360931
v -0.371735 0.585754 0.362091
v -0.373138 0.585449 -0.362305
v -0.373230 0.530701 -0.365265
v -0.373962 0.580246 -0.372498
v -0.375336 0.557442 0.376648
v -0.376953 0.560059 -0.375519
v -0.377930 0.558899 -0.379028
v -0.378204 0.559231 0.377167
v -0.378662 0.580513 -0.369049
v -0.379700 0.522007 0.373413
v -0.381500 0.548119 -0.382812
v -0.382690 0.548206 0.385223
v -0.383972 0.509458 0.383698
v -0.384155 0.540180 -0.381897
v -0.384186 0.510255 -0.387177
v -0.384613 0.548904 0.382782
v -0.384827 0.508533 0.388275
v -0.385712 0.514753 -0.389221
v -0.385773 0.514698 0.389130
v -0.387360 0.509514 -0.383698
v -0.387695 0.508408 0.384949
v -0.388153 0.516092 -0.384705
v -0.389404 0.514238 0.387482
v -0.392822 0.576614 -0.400848
v -0.393066 0.558048 0.394318
v -0.393494 0.557648 -0.393738
v -0.395264 0.579803 -0.402405
v -0.395538 0.503862 -0.399536
v -0.395660 0.575928 0.396912
v -0.395935 0.507525 -0.391815
v -0.400696 0.500209 0.404510
v -0.400757 0.495218 -0.401733
v -0.401703 0.494020 0.404205
v -0.402649 0.574493 -0.403168
v -0.403931 0.576111 0.399567
v -0.408813 0.495204 0.407135
v -0.413483 0.573975 -0.409760
v -0.414948 0.483328 0.414978
v -0.415497 0.486393 -0.414673
v -0.415710 0.572250 0.421997
v -0.419464 0.577278 0.419678
v -0.419922 0.577095 -0.419159
v -0.423737 0.568970 -0.428741
v -0.437531 0.566261 0.436127
v -0.438782 0.564980 -0.437866
vt 0.029541 0.087402
vt 0.026611 0.085205
vt 0.036133 0.073486
vt 0.038086 0.070068
vt 0.021973 0.087402
vt 0.022217 0.085693
vt 0.041992 0.064697
vt 0.020996 0.076660
vt 0.044922 0.071045
vt 0.016113 0.093018
vt 0.016602 0.095947
vt 0.048340 0.078369
vt 0.060791 0.068359
vt 0.045654 0.089355
vt 0.019531 0.099609
vt 0.049561 0.082275
vt 0.075928 0.074707
vt 0.075684 0.069092
vt 0.074951 0.063721
vt 0.075439 0.080322
vt 0.038574 0.094238
vt 0.046387 0.095459
vt 0.042725 0.093506
vt 0.047852 0.093262
vt 0.051270 0.096924
vt 0.052490 0.091309
vt 0.063721 0.100586
vt 0.063965 0.090820
vt 0.073975 0.092529
vt 0.073730 0.096436
vt 0.073975 0.099854
vt 0.690186 0.675293
vt 0.694092 0.675293
vt 0.694092 0.682129
vt 0.692871 0.667969
vt 0.689697 0.692627
vt 0.703125 0.677246
vt 0.705078 0.661865
vt 0.697510 0.681396
vt 0.698486 0.710205
vt 0.693604 0.696777
vt 0.689941 0.709961
vt 0.694336 0.723877
vt 0.681641 0.715576
vt 0.705322 0.714111
vt 0.708740 0.725342
vt 0.699707 0.729492
vt 0.704834 0.739014
vt 0.696533 0.740967
vt 0.690430 0.729980
vt 0.684082 0.737061
vt 0.676025 0.719971
vt 0.697021 0.747559
vt 0.687256 0.744629
vt 0.694824 0.753662
vt 0.698242 0.749023
vt 0.702148 0.752197
vt 0.702881 0.746582
vt 0.705811 0.749268
vt 0.900391 0.588135
vt 0.915283 0.587646
vt 0.907959 0.596191
vt 0.920410 0.592041
vt 0.909424 0.599121
vt 0.895020 0.594727
vt 0.894287 0.580811
vt 0.891113 0.599121
vt 0.900391 0.602783
vt 0.902344 0.610107
vt 0.884766 0.599121
vt 0.888184 0.589844
vt 0.885254 0.583008
vt 0.879150 0.582764
vt 0.882324 0.593018
vt 0.870605 0.597412
vt 0.876953 0.588135
vt 0.866943 0.586182
vt 0.960205 0.241943
vt 0.958252 0.232422
vt 0.964844 0.238037
vt 0.966553 0.228760
vt 0.971191 0.235840
vt 0.979004 0.231201
vt 0.980469 0.236572
vt 0.982422 0.234375
vt 0.981689 0.239990
vt 0.973145 0.243896
vt 0.967529 0.245850
vt 0.961914 0.252686
vt 0.954834 0.246582
vt 0.955078 0.262939
vt 0.970215 0.260986
vt 0.973145 0.257568
vt 0.973877 0.251709
vt 0.982910 0.254150
vt 0.130127 0.993896
vt 0.120850 0.991699
vt 0.124756 0.991943
vt 0.124756 0.989014
vt 0.122803 0.980713
vt 0.108398 0.988037
vt 0.089355 0.993164
vt 0.112061 0.980225
vt 0.108154 0.979492
vt 0.455566 0.858154
vt 0.459961 0.856689
vt 0.457764 0.870361
vt 0.464355 0.868896
vt 0.449707 0.868164
vt 0.458008 0.840332
vt 0.479248 0.840576
vt 0.445801 0.843262
vt 0.479004 0.862305
vt 0.484131 0.842773
vt 0.447021 0.856445
vt 0.440186 0.857666
vt 0.437500 0.872314
vt 0.434326 0.862305
vt 0.437988 0.850098
vt 0.434326 0.857178
vt 0.433594 0.843750
vt 0.432617 0.838135
vt 0.498535 0.853760
vt 0.504883 0.843750
vt 0.502930 0.850586
vt 0.516846 0.840332
vt 0.499756 0.858887
vt 0.480957 0.862793
vt 0.487061 0.872070
vt 0.483154 0.874268
vt 0.480713 0.868896
vt 0.468750 0.881104
vt 0.827637 0.495361
vt 0.829590 0.486084
vt 0.831787 0.492920
vt 0.835449 0.489990
vt 0.836914 0.506592
vt 0.830566 0.506836
vt 0.828613 0.508789
vt 0.833008 0.514404
vt 0.828613 0.519775
vt 0.852295 0.518799
vt 0.854492 0.509766
vt 0.848633 0.525146
vt 0.819580 0.533447
vt 0.812256 0.534180
vt 0.829590 0.524658
vt 0.825195 0.538086
vt 0.835205 0.533936
vt 0.851807 0.534912
vt 0.833984 0.539307
vt 0.820312 0.550049
vt 0.836914 0.552490
vt 0.843750 0.546387
vt 0.843506 0.540039
vt 0.852783 0.539795
vt 0.975342 0.192383
vt 0.975342 0.198730
vt 0.971924 0.196777
vt 0.985596 0.192139
vt 0.964600 0.195557
vt 0.973877 0.187744
vt 0.966553 0.181396
vt 0.986572 0.183838
vt 0.988770 0.177734
vt 0.975342 0.183105
vt 0.976562 0.171143
vt 0.974365 0.176758
vt 0.968018 0.171143
vt 0.956787 0.172119
vt 0.763184 0.626953
vt 0.742920 0.627686
vt 0.754395 0.617188
vt 0.750488 0.607422
vt 0.744141 0.596924
vt 0.765869 0.637207
vt 0.754883 0.604736
vt 0.753418 0.595703
vt 0.754639 0.591309
vt 0.744629 0.593262
vt 0.748535 0.585938
vt 0.777100 0.593750
vt 0.777100 0.600830
vt 0.758789 0.614746
vt 0.742920 0.579590
vt 0.779297 0.582031
vt 0.778564 0.588135
vt 0.785889 0.583984
vt 0.790527 0.586426
vt 0.789062 0.589355
vt 0.785889 0.596436
vt 0.792969 0.601807
vt 0.777588 0.609131
vt 0.784912 0.608887
vt 0.777100 0.619873
vt 0.782715 0.627686
vt 0.789307 0.609619
vt 0.795166 0.607178
vt 0.801270 0.605713
vt 0.791016 0.620117
vt 0.796875 0.616943
vt 0.802002 0.627197
vt 0.788818 0.632324
vt 0.777588 0.645508
vt 0.796143 0.635986
vt 0.794678 0.651855
vt 0.050049 0.939941
vt 0.047119 0.957520
vt 0.043457 0.946533
vt 0.028809 0.957275
vt 0.040039 0.936768
vt 0.030029 0.948975
vt 0.042236 0.923584
vt 0.057129 0.919678
vt 0.031494 0.933105
vt 0.013916 0.946045
vt 0.012207 0.956787
vt 0.019531 0.934082
vt 0.031250 0.923340
vt 0.032471 0.911865
vt 0.018066 0.922363
vt 0.014648 0.934570
vt 0.018799 0.913330
vt 0.008545 0.942139
vt 0.007324 0.952637
vt 0.004150 0.925049
vt 0.113037 0.111816
vt 0.109863 0.100586
vt 0.122314 0.095703
vt 0.101318 0.086182
vt 0.100830 0.093018
vt 0.095947 0.109131
vt 0.083496 0.107910
vt 0.080811 0.101562
vt 0.099121 0.117188
vt 0.112793 0.125244
vt 0.088867 0.119629
vt 0.078125 0.114502
vt 0.073242 0.112793
vt 0.090088 0.126221
vt 0.071289 0.121094
vt 0.076416 0.119385
vt 0.067383 0.131836
vt 0.080322 0.127197
vt 0.075684 0.127441
vt 0.075439 0.135254
vt 0.078613 0.138428
vt 0.083984 0.132568
vt 0.084473 0.135254
vt 0.084961 0.146240
vt 0.685303 0.505859
vt 0.699707 0.505859
vt 0.683594 0.510498
vt 0.675049 0.505859
vt 0.697021 0.512451
vt 0.689209 0.520264
vt 0.701904 0.514404
vt 0.706543 0.507568
vt 0.717529 0.517578
vt 0.720459 0.511963
vt 0.701416 0.520020
vt 0.695068 0.530029
vt 0.688477 0.531006
vt 0.694824 0.544189
vt 0.722412 0.518066
vt 0.729248 0.519043
vt 0.732910 0.518066
vt 0.730225 0.527832
vt 0.733643 0.530273
vt 0.714111 0.523926
vt 0.713135 0.533447
vt 0.728516 0.539062
vt 0.727783 0.542236
vt 0.711426 0.536377
vt 0.712158 0.554688
vt 0.692139 0.555176
vt 0.711914 0.559326
vt 0.713135 0.560791
vt 0.691162 0.560059
vt 0.700684 0.579102
vt 0.707275 0.580322
vt 0.710449 0.414551
vt 0.731201 0.419189
vt 0.723877 0.423096
vt 0.711182 0.422363
vt 0.715576 0.453369
vt 0.711670 0.456055
vt 0.727051 0.449707
vt 0.730957 0.448242
vt 0.736328 0.424316
vt 0.735107 0.417480
vt 0.739258 0.417236
vt 0.730469 0.460205
vt 0.734375 0.463135
vt 0.734863 0.468994
vt 0.730713 0.475342
vt 0.724854 0.454102
vt 0.718994 0.464111
vt 0.719727 0.457275
vt 0.707275 0.463867
vt 0.714844 0.482910
vt 0.705566 0.478760
vt 0.697998 0.487305
vt 0.701660 0.490234
vt 0.691895 0.494629
vt 0.703369 0.493164
vt 0.719971 0.489014
vt 0.735107 0.485352
vt 0.738770 0.482422
vt 0.737305 0.489014
vt 0.740479 0.488770
vt 0.343018 0.989746
vt 0.337402 0.980957
vt 0.347900 0.984619
vt 0.352051 0.974609
vt 0.345703 0.973877
vt 0.349365 0.968994
vt 0.351562 0.952881
vt 0.343994 0.961914
vt 0.568359 0.006348
vt 0.560059 0.018311
vt 0.562988 0.012207
vt 0.559814 0.011719
vt 0.561523 0.004883
vt 0.548584 0.017334
vt 0.555420 0.039551
vt 0.544922 0.030029
vt 0.540527 0.030273
vt 0.535889 0.012207
vt 0.529785 0.027832
vt 0.523682 0.028809
vt 0.531250 0.009277
vt 0.470703 0.965332
vt 0.482666 0.976074
vt 0.470215 0.983154
vt 0.465088 0.977295
vt 0.476807 0.987549
vt 0.462158 0.980225
vt 0.459717 0.977051
vt 0.453125 0.982178
vt 0.468750 0.987061
vt 0.454346 0.992676
vt 0.463135 0.985596
vt 0.451172 0.984863
vt 0.445068 0.986084
vt 0.449951 0.995117
vt 0.473877 0.989746
vt 0.480713 0.991211
vt 0.481934 0.998047
vt 0.482666 0.989258
vt 0.484863 0.996582
vt 0.490479 0.997314
vt 0.151123 0.139160
vt 0.135254 0.153320
vt 0.127686 0.149658
vt 0.141602 0.120605
vt 0.128418 0.122803
vt 0.136230 0.118408
vt 0.135742 0.113525
vt 0.139893 0.110107
vt 0.122070 0.122803
vt 0.124268 0.112549
vt 0.139648 0.106689
vt 0.143311 0.104004
vt 0.116943 0.131348
vt 0.120605 0.140625
vt 0.099121 0.138916
vt 0.097412 0.130859
vt 0.102295 0.141846
vt 0.091309 0.144287
vt 0.813232 0.778564
vt 0.820557 0.768311
vt 0.833496 0.776855
vt 0.815674 0.759521
vt 0.832520 0.758789
vt 0.836182 0.764404
vt 0.803955 0.772705
vt 0.842041 0.775146
vt 0.783447 0.781982
vt 0.778809 0.778564
vt 0.780029 0.790283
vt 0.784912 0.785400
vt 0.814941 0.784668
vt 0.826660 0.787109
vt 0.841553 0.785400
vt 0.845215 0.785889
vt 0.838867 0.794189
vt 0.834473 0.789062
vt 0.837891 0.789795
vt 0.808350 0.566162
vt 0.797119 0.560791
vt 0.813721 0.561035
vt 0.830566 0.567871
vt 0.812012 0.552734
vt 0.830322 0.574707
vt 0.812744 0.574219
vt 0.806396 0.570312
vt 0.797119 0.573730
vt 0.795166 0.568115
vt 0.776855 0.572998
vt 0.802002 0.552734
vt 0.809814 0.549561
vt 0.796875 0.546875
vt 0.787842 0.551025
vt 0.787354 0.539062
vt 0.781982 0.557861
vt 0.775391 0.555908
vt 0.786621 0.563477
vt 0.781006 0.560059
vt 0.779541 0.566895
vt 0.773438 0.566650
vt 0.764404 0.574463
vt 0.761963 0.570801
vt 0.209473 0.827637
vt 0.219971 0.835205
vt 0.208008 0.833496
vt 0.204102 0.834961
vt 0.233154 0.828369
vt 0.206055 0.824951
vt 0.196777 0.837646
vt 0.206299 0.819336
vt 0.210938 0.817139
vt 0.212646 0.807129
vt 0.226318 0.822754
vt 0.226318 0.812988
vt 0.235840 0.822754
vt 0.234619 0.831299
vt 0.231689 0.806152
vt 0.245361 0.821533
vt 0.248047 0.815430
vt 0.267822 0.822510
vt 0.212158 0.799316
vt 0.213623 0.795654
vt 0.208496 0.800049
vt 0.204834 0.800537
vt 0.206055 0.792236
vt 0.203613 0.792236
vt 0.204102 0.785400
vt 0.186279 0.760742
vt 0.263184 0.826172
vt 0.263184 0.830078
vt 0.266357 0.834229
vt 0.384766 0.943359
vt 0.386719 0.931396
vt 0.392090 0.936523
vt 0.382568 0.935547
vt 0.380615 0.929443
vt 0.377930 0.922607
vt 0.383301 0.922119
vt 0.385742 0.918945
vt 0.396240 0.930908
vt 0.395508 0.924805
vt 0.390869 0.920654
vt 0.391113 0.910889
vt 0.396484 0.913086
vt 0.396240 0.898193
vt 0.395996 0.894531
vt 0.966064 0.827881
vt 0.986572 0.833740
vt 0.985352 0.836426
vt 0.961914 0.836670
vt 0.233398 0.537842
vt 0.250977 0.547363
vt 0.245605 0.554932
vt 0.260254 0.551514
vt 0.259521 0.552734
vt 0.252930 0.571533
vt 0.263428 0.564697
vt 0.259766 0.577637
vt 0.269531 0.580811
vt 0.273682 0.572266
vt 0.233398 0.570312
vt 0.234131 0.581543
vt 0.221191 0.573730
vt 0.223877 0.567383
vt 0.229248 0.563232
vt 0.217773 0.557129
vt 0.219727 0.543457
vt 0.234375 0.554688
vt 0.226074 0.538330
vt 0.239502 0.527832
vt 0.243896 0.533936
vt 0.256348 0.540039
vt 0.243408 0.525635
vt 0.231445 0.513916
vt 0.250488 0.521729
vt 0.259521 0.535645
vt 0.259766 0.531250
vt 0.240967 0.510254
vt 0.235352 0.498535
vt 0.231689 0.492920
vt 0.244873 0.507080
vt 0.247559 0.513428
vt 0.249756 0.501953
vt 0.237793 0.495361
vt 0.236328 0.489746
vt 0.230225 0.474854
vt 0.505859 0.965332
vt 0.514648 0.967041
vt 0.506348 0.970215
vt 0.510986 0.954834
vt 0.516113 0.954590
vt 0.498779 0.964111
vt 0.499023 0.970947
vt 0.489258 0.968994
vt 0.487793 0.972900
vt 0.506104 0.958252
vt 0.502930 0.954834
vt 0.509277 0.946289
vt 0.511963 0.937012
vt 0.916748 0.181152
vt 0.920654 0.183350
vt 0.920166 0.187012
vt 0.921387 0.186279
vt 0.922607 0.172607
vt 0.919922 0.212646
vt 0.907715 0.198242
vt 0.911865 0.166748
vt 0.903809 0.193115
vt 0.905273 0.200684
vt 0.895264 0.186768
vt 0.890381 0.189697
vt 0.891113 0.193359
vt 0.885498 0.190186
vt 0.879883 0.186523
vt 0.886230 0.180664
vt 0.876465 0.182129
vt 0.894287 0.176270
vt 0.891357 0.172119
vt 0.908691 0.163330
vt 0.918701 0.153809
vt 0.900635 0.159668
vt 0.892578 0.161377
vt 0.910645 0.153809
vt 0.900146 0.153320
vt 0.890381 0.271729
vt 0.860107 0.270752
vt 0.886963 0.266113
vt 0.894775 0.270752
vt 0.870117 0.265381
vt 0.885498 0.260254
vt 0.851562 0.266602
vt 0.839111 0.270752
vt 0.878906 0.259277
vt 0.846191 0.265625
vt 0.848145 0.258057
vt 0.873779 0.256592
vt 0.881348 0.254395
vt 0.871826 0.252197
vt 0.881836 0.246582
vt 0.221191 0.066406
vt 0.219727 0.076904
vt 0.216797 0.071777
vt 0.208496 0.084961
vt 0.191406 0.081787
vt 0.186279 0.077881
vt 0.199219 0.095947
vt 0.185791 0.093018
vt 0.182373 0.094971
vt 0.196289 0.104248
vt 0.207275 0.109863
vt 0.206543 0.101562
vt 0.195801 0.110596
vt 0.205078 0.116455
vt 0.175781 0.087158
vt 0.180908 0.074707
vt 0.155029 0.099121
vt 0.174072 0.071533
vt 0.170166 0.084473
vt 0.164307 0.082764
vt 0.153564 0.083008
vt 0.167236 0.070068
vt 0.157471 0.080322
vt 0.160156 0.069336
vt 0.151611 0.167236
vt 0.154297 0.168945
vt 0.131836 0.182617
vt 0.163086 0.154541
vt 0.130371 0.177002
vt 0.125977 0.184082
vt 0.140381 0.165527
vt 0.144043 0.160156
vt 0.156250 0.154053
vt 0.130127 0.159912
vt 0.127686 0.166504
vt 0.123291 0.157471
vt 0.126953 0.170410
vt 0.122070 0.166504
vt 0.110840 0.152100
vt 0.122314 0.153564
vt 0.110596 0.158936
vt 0.099854 0.157959
vt 0.100586 0.151367
vt 0.098633 0.169678
vt 0.092773 0.154785
vt 0.099854 0.176270
vt 0.088135 0.168701
vt 0.088135 0.150635
vt 0.098877 0.183594
vt 0.100830 0.190674
vt 0.103027 0.196533
vt 0.131348 0.191406
vt 0.129395 0.196777
vt 0.102783 0.202637
vt 0.864746 0.285889
vt 0.864014 0.293457
vt 0.859375 0.283447
vt 0.882812 0.276855
vt 0.878906 0.284912
vt 0.885254 0.297363
vt 0.865479 0.301758
vt 0.846924 0.295654
vt 0.848633 0.286377
vt 0.846436 0.277588
vt 0.831543 0.276123
vt 0.833496 0.281250
vt 0.882812 0.302979
vt 0.882324 0.319336
vt 0.870117 0.306396
vt 0.868896 0.314941
vt 0.852295 0.320068
vt 0.852539 0.305908
vt 0.837891 0.321045
vt 0.840332 0.331787
vt 0.829102 0.336182
vt 0.968018 0.401855
vt 0.971191 0.407227
vt 0.957520 0.403320
vt 0.977539 0.401611
vt 0.987305 0.405029
vt 0.989014 0.397949
vt 0.976318 0.394287
vt 0.991943 0.387207
vt 0.980713 0.387207
vt 0.970703 0.379150
vt 0.981445 0.378174
vt 0.115723 0.008789
vt 0.122314 0.013672
vt 0.101318 0.010254
vt 0.114502 0.003418
vt 0.096436 0.004395
vt 0.098145 0.017822
vt 0.120605 0.019287
vt 0.165771 0.521484
vt 0.161377 0.515625
vt 0.167480 0.511475
vt 0.148926 0.518799
vt 0.155518 0.508789
vt 0.166748 0.494141
vt 0.175049 0.520264
vt 0.175781 0.512939
vt 0.172363 0.492920
vt 0.158691 0.476318
vt 0.175049 0.500977
vt 0.180420 0.512939
vt 0.181885 0.520020
vt 0.175781 0.521240
vt 0.182861 0.524902
vt 0.180908 0.498047
vt 0.181152 0.494629
vt 0.197021 0.492432
vt 0.200195 0.497314
vt 0.199219 0.488281
vt 0.187744 0.488770
vt 0.188965 0.481445
vt 0.174561 0.463379
vt 0.187500 0.460938
vt 0.196289 0.466064
vt 0.191162 0.453125
vt 0.180420 0.450928
vt 0.185791 0.444580
vt 0.169922 0.469971
vt 0.160645 0.434082
vt 0.160645 0.446045
vt 0.174805 0.432617
vt 0.173828 0.421631
vt 0.183350 0.444092
vt 0.191650 0.429932
vt 0.177490 0.429199
vt 0.190186 0.423096
vt 0.157715 0.467285
vt 0.154053 0.458740
vt 0.152100 0.469482
vt 0.148926 0.463623
vt 0.477539 0.725586
vt 0.454590 0.714844
vt 0.474854 0.722168
vt 0.490723 0.711914
vt 0.497559 0.715088
vt 0.497070 0.721191
vt 0.501221 0.727539
vt 0.488281 0.734131
vt 0.446777 0.710449
vt 0.455322 0.712646
vt 0.449463 0.714844
vt 0.446533 0.712891
vt 0.442383 0.718018
vt 0.450684 0.717041
vt 0.445801 0.724121
vt 0.457275 0.719238
vt 0.473877 0.736084
vt 0.452148 0.734131
vt 0.475342 0.733643
vt 0.480469 0.734619
vt 0.489990 0.748779
vt 0.486328 0.752441
vt 0.497314 0.750732
vt 0.491455 0.755859
vt 0.499023 0.756348
vt 0.501465 0.756104
vt 0.499512 0.739502
vt 0.508545 0.744629
vt 0.507080 0.739990
vt 0.508789 0.736816
vt 0.514404 0.735107
vt 0.510254 0.728027
vt 0.520264 0.719727
vt 0.504150 0.721436
vt 0.519531 0.717041
vt 0.527100 0.711670
vt 0.523193 0.723389
vt 0.528076 0.721436
vt 0.528564 0.732178
vt 0.542236 0.729492
vt 0.531250 0.742432
vt 0.553711 0.742676
vt 0.545898 0.748779
vt 0.511963 0.746826
vt 0.530518 0.745117
vt 0.510986 0.750244
vt 0.520752 0.766846
vt 0.508545 0.777344
vt 0.544678 0.765381
vt 0.546387 0.771240
vt 0.632568 0.933838
vt 0.617676 0.925537
vt 0.618652 0.923096
vt 0.630859 0.936035
vt 0.633789 0.931152
vt 0.641846 0.934814
vt 0.642822 0.937744
vt 0.644287 0.939941
vt 0.662354 0.935547
vt 0.661621 0.939941
vt 0.659912 0.949219
vt 0.645752 0.958252
vt 0.858154 0.988525
vt 0.850830 0.991943
vt 0.853271 0.983398
vt 0.863770 0.988525
vt 0.856934 0.996582
vt 0.851562 0.979492
vt 0.862549 0.982422
vt 0.872559 0.978516
vt 0.882324 0.997803
vt 0.887939 0.972656
vt 0.722900 0.970459
vt 0.707520 0.983398
vt 0.718018 0.969971
vt 0.725586 0.977539
vt 0.713135 0.988525
vt 0.729492 0.981445
vt 0.717773 0.995850
vt 0.733154 0.986084
vt 0.735107 0.991211
vt 0.736572 0.991211
vt 0.730713 0.977539
vt 0.726807 0.973633
vt 0.732422 0.962891
vt 0.725098 0.960205
vt 0.727539 0.955566
vt 0.736084 0.962646
vt 0.571533 0.121826
vt 0.562012 0.129395
vt 0.558105 0.100098
vt 0.570557 0.128906
vt 0.565430 0.135254
vt 0.576416 0.138428
vt 0.577881 0.134033
vt 0.571533 0.142822
vt 0.573730 0.142334
vt 0.591797 0.148682
vt 0.587891 0.155273
vt 0.595215 0.153809
vt 0.954590 0.824951
vt 0.953125 0.823486
vt 0.969971 0.808350
vt 0.946045 0.831787
vt 0.958008 0.846436
vt 0.935059 0.821533
vt 0.937988 0.808350
vt 0.003906 0.545166
vt 0.015869 0.545166
vt 0.007324 0.549805
vt 0.910156 0.842773
vt 0.914551 0.824951
vt 0.920898 0.831543
vt 0.889404 0.826416
vt 0.917236 0.841309
vt 0.892334 0.844971
vt 0.917236 0.848633
vt 0.920654 0.840576
vt 0.909180 0.847656
vt 0.891602 0.853271
vt 0.886963 0.845947
vt 0.881592 0.855713
vt 0.897949 0.861328
vt 0.913086 0.859131
vt 0.913574 0.863281
vt 0.893555 0.872314
vt 0.882324 0.869873
vt 0.883057 0.862061
vt 0.879395 0.859619
vt 0.879883 0.863770
vt 0.936768 0.965332
vt 0.953125 0.960938
vt 0.935059 0.970703
vt 0.956055 0.979980
vt 0.964111 0.965332
vt 0.964355 0.962158
vt 0.943115 0.940430
vt 0.967041 0.946533
vt 0.948975 0.932861
vt 0.747070 0.973633
vt 0.752686 0.960938
vt 0.752930 0.972656
vt 0.757568 0.964600
vt 0.774414 0.973633
vt 0.752686 0.974365
vt 0.778320 0.968018
vt 0.777588 0.976807
vt 0.790039 0.976562
vt 0.761719 0.956299
vt 0.770020 0.943115
vt 0.787354 0.961914
vt 0.785156 0.965088
vt 0.794434 0.974609
vt 0.790771 0.963867
vt 0.790527 0.960449
vt 0.796143 0.962158
vt 0.798096 0.974121
vt 0.802002 0.965820
vt 0.802246 0.187012
vt 0.801514 0.177246
vt 0.805420 0.186035
vt 0.802490 0.191162
vt 0.808350 0.184326
vt 0.815918 0.181641
vt 0.819824 0.176514
vt 0.824463 0.181885
vt 0.823730 0.185791
vt 0.816162 0.184814
vt 0.808105 0.193115
vt 0.813721 0.200439
vt 0.815186 0.197510
vt 0.822510 0.197266
vt 0.790527 0.210449
vt 0.819580 0.201904
vt 0.810059 0.218262
vt 0.821777 0.219238
vt 0.811523 0.223145
vt 0.820557 0.227783
vt 0.808105 0.225586
vt 0.781006 0.231934
vt 0.809570 0.244873
vt 0.820557 0.247803
vt 0.793701 0.240723
vt 0.777832 0.234619
vt 0.870117 0.451660
vt 0.863525 0.449951
vt 0.873291 0.427490
vt 0.869385 0.422607
vt 0.863281 0.421143
vt 0.866699 0.408936
vt 0.877441 0.410889
vt 0.879395 0.432129
vt 0.882080 0.435547
vt 0.890137 0.425049
vt 0.881836 0.422363
vt 0.883057 0.406982
vt 0.878418 0.399902
vt 0.870361 0.395996
vt 0.862549 0.399170
vt 0.250977 0.003174
vt 0.259766 0.007080
vt 0.242676 0.013672
vt 0.248779 0.018799
vt 0.239258 0.016113
vt 0.235352 0.006348
vt 0.237549 0.012451
vt 0.231445 0.009766
vt 0.230713 0.002930
vt 0.336914 0.736572
vt 0.334961 0.729736
vt 0.350830 0.734863
vt 0.349365 0.730713
vt 0.353760 0.728760
vt 0.331787 0.735840
vt 0.333984 0.738770
vt 0.319336 0.749756
vt 0.316650 0.735596
vt 0.319580 0.731934
vt 0.329346 0.728760
vt 0.323975 0.722168
vt 0.324463 0.720947
vt 0.339844 0.725830
vt 0.329590 0.717285
vt 0.323975 0.716797
vt 0.337158 0.714355
vt 0.356201 0.724854
vt 0.353760 0.707031
vt 0.351318 0.700684
vt 0.370117 0.709229
vt 0.358154 0.726318
vt 0.380615 0.719971
vt 0.419922 0.678711
vt 0.411621 0.694336
vt 0.427490 0.726807
vt 0.357910 0.737305
vt 0.363525 0.729980
vt 0.368164 0.734619
vt 0.364502 0.744629
vt 0.373779 0.737549
vt 0.367432 0.744629
vt 0.366699 0.750732
vt 0.373535 0.747070
vt 0.374512 0.744629
vt 0.376221 0.739258
vt 0.391113 0.751709
vt 0.406250 0.738770
vt 0.408936 0.749756
vt 0.411621 0.740723
vt 0.424072 0.742920
vt 0.417725 0.735596
vt 0.431152 0.738525
vt 0.014893 0.457520
vt 0.016846 0.447510
vt 0.036621 0.462402
vt 0.968018 0.863037
vt 0.972900 0.865234
vt 0.963623 0.865234
vt 0.967041 0.870605
vt 0.955811 0.862061
vt 0.975830 0.867676
vt 0.965576 0.857666
vt 0.980957 0.864258
vt 0.980957 0.866455
vt 0.981445 0.862793
vt 0.982178 0.868164
vt 0.985840 0.870361
vt 0.984863 0.872314
vt 0.978271 0.873779
vt 0.978760 0.878418
vt 0.979004 0.874512
vt 0.979980 0.875488
vt 0.984863 0.852783
vt 0.985352 0.859619
vt 0.987793 0.857422
vt 0.971436 0.846680
vt 0.962891 0.851074
vt 0.980957 0.840820
vt 0.436523 0.967285
vt 0.436523 0.953613
vt 0.439941 0.964600
vt 0.935547 0.119629
vt 0.937744 0.115234
vt 0.942627 0.120117
vt 0.943604 0.112305
vt 0.946777 0.116455
vt 0.946045 0.120850
vt 0.932861 0.126953
vt 0.926025 0.124512
vt 0.941650 0.129883
vt 0.958008 0.121094
vt 0.945068 0.131348
vt 0.947021 0.153809
vt 0.927490 0.142578
vt 0.923340 0.152344
vt 0.936279 0.132324
vt 0.941895 0.147949
vt 0.927490 0.150635
vt 0.934814 0.142822
vt 0.936035 0.146484
vt 0.631104 0.757324
vt 0.600586 0.760498
vt 0.622803 0.733398
vt 0.624023 0.787109
vt 0.634277 0.771484
vt 0.657471 0.785156
vt 0.654541 0.771240
vt 0.591064 0.774170
vt 0.589111 0.762207
vt 0.585938 0.751953
vt 0.585693 0.763672
vt 0.564697 0.713379
vt 0.571289 0.743408
vt 0.577881 0.751465
vt 0.561523 0.746826
vt 0.561035 0.755615
vt 0.569824 0.764404
vt 0.571045 0.770508
vt 0.562988 0.769531
vt 0.568604 0.772705
vt 0.561523 0.767578
vt 0.562500 0.762207
vt 0.305420 0.988037
vt 0.305420 0.989990
vt 0.304932 0.991455
vt 0.305664 0.989014
vt 0.306396 0.985107
vt 0.305908 0.989746
vt 0.303467 0.986572
vt 0.306396 0.995605
vt 0.306641 0.995117
vt 0.305420 0.994385
vt 0.306152 0.996094
vt 0.305664 0.995361
vt 0.302246 0.990967
vt 0.304688 0.993164
vt 0.304932 0.992432
vt 0.303711 0.991699
vt 0.304688 0.992432
vt 0.301758 0.989502
vt 0.304199 0.991455
vt 0.303711 0.990479
vt 0.302246 0.987305
vt 0.836182 0.982422
vt 0.838135 0.981445
vt 0.838135 0.989014
vt 0.836670 0.986328
vt 0.832520 0.985107
vt 0.838379 0.986084
vt 0.839355 0.989990
vt 0.842529 0.988037
vt 0.842041 0.982666
vt 0.841064 0.980713
vt 0.845459 0.979736
vt 0.834229 0.990479
vt 0.837646 0.991455
vt 0.836182 0.994629
vt 0.833740 0.991211
vt 0.833252 0.989990
vt 0.830811 0.984131
vt 0.832275 0.989990
vt 0.833008 0.990967
vt 0.831543 0.992432
vt 0.832031 0.992432
vt 0.833984 0.991455
vt 0.831787 0.992676
vt 0.830078 0.993408
vt 0.830078 0.992920
vt 0.006592 0.396484
vt 0.002197 0.396484
vt 0.004395 0.393066
vt 0.007568 0.397949
vt 0.003174 0.397949
vt 0.004150 0.401611
vt 0.002930 0.401367
vt 0.008789 0.401855
vt 0.011475 0.399170
vt 0.013428 0.403320
vt 0.009033 0.402832
vt 0.012451 0.397949
vt 0.009766 0.393555
vt 0.013672 0.394531
vt 0.010986 0.393066
vt 0.006104 0.392578
vt 0.004639 0.392090
vt 0.005371 0.391846
vt 0.010010 0.391846
vt 0.010254 0.392578
vt 0.012207 0.389160
vt 0.011719 0.388916
vt 0.682861 0.012207
vt 0.682861 0.014648
vt 0.682129 0.015869
vt 0.683105 0.015869
vt 0.683594 0.016602
vt 0.680664 0.020508
vt 0.680664 0.021240
vt 0.683838 0.012451
vt 0.687500 0.012939
vt 0.687744 0.018066
vt 0.695312 0.013184
vt 0.688477 0.007568
vt 0.696289 0.007568
vt 0.684326 0.009033
vt 0.683350 0.008545
vt 0.682129 0.007812
vt 0.683105 0.008057
vt 0.682861 0.006836
vt 0.680664 0.004883
vt 0.680664 0.004395
vt 0.681152 0.003906
vt 0.684326 0.007568
vt 0.686279 0.003418
vt 0.684082 0.006592
vt 0.807373 0.019775
vt 0.804932 0.015625
vt 0.808105 0.017090
vt 0.810059 0.011230
vt 0.804199 0.021729
vt 0.806885 0.022461
vt 0.807129 0.009766
vt 0.801758 0.015137
vt 0.800293 0.020996
vt 0.802734 0.008545
vt 0.808838 0.005859
vt 0.797852 0.014160
vt 0.797119 0.021240
vt 0.797607 0.006592
vt 0.795410 0.013428
vt 0.800781 0.003174
vt 0.529053 0.992920
vt 0.529785 0.998779
vt 0.526367 0.996338
vt 0.526855 0.993652
vt 0.527588 0.990967
vt 0.519531 0.991455
vt 0.529053 0.990967
vt 0.529785 0.988525
vt 0.528076 0.988525
vt 0.526611 0.990479
vt 0.532959 0.986328
vt 0.529297 0.991455
vt 0.575439 0.018311
vt 0.574219 0.022949
vt 0.573730 0.022949
vt 0.572754 0.026367
vt 0.992188 0.694580
vt 0.993652 0.694336
vt 0.995605 0.697754
vt 0.991699 0.693359
vt 0.986816 0.692871
vt 0.986328 0.691650
vt 0.986084 0.692383
vt 0.991943 0.690430
vt 0.986816 0.688965
vt 0.980469 0.692139
vt 0.980225 0.693359
vt 0.974121 0.698975
vt 0.979004 0.693115
vt 0.975098 0.691650
vt 0.980957 0.688965
vt 0.986816 0.688232
vt 0.992920 0.687012
vt 0.975830 0.688232
vt 0.970703 0.687012
vt 0.976074 0.684570
vt 0.981689 0.685059
vt 0.981445 0.678955
vt 0.987549 0.685303
vt 0.994141 0.683838
vt 0.988525 0.681396
vt 0.989014 0.679199
vt 0.995361 0.680664
vt 0.258789 0.972412
vt 0.258789 0.979248
vt 0.258545 0.978027
vt 0.375977 0.994629
vt 0.375000 0.993408
vt 0.378418 0.995605
vt 0.375000 0.994141
vt 0.376221 0.993652
vt 0.375000 0.992676
vt 0.374268 0.992188
vt 0.371094 0.997803
vt 0.368408 0.995117
vt 0.377686 0.988525
vt 0.375488 0.992920
vt 0.371826 0.989990
vt 0.375000 0.985596
vt 0.364014 0.989502
vt 0.360107 0.991943
vt 0.370117 0.988281
vt 0.369629 0.981689
vt 0.367432 0.986084
vt 0.364746 0.983887
vt 0.366699 0.980225
vt 0.358398 0.979492
vt 0.356201 0.980957
vt 0.362061 0.987061
vt 0.358398 0.989014
vt 0.354492 0.989502
vt 0.355225 0.992676
vt 0.014648 0.737793
vt 0.009277 0.737793
vt 0.014160 0.737061
vt 0.964844 0.598877
vt 0.965332 0.598877
vt 0.964355 0.599609
vt 0.969727 0.602051
vt 0.964844 0.603760
vt 0.969971 0.600342
vt 0.970215 0.601562
vt 0.974121 0.603027
vt 0.968506 0.605713
vt 0.963379 0.604004
vt 0.974121 0.604004
vt 0.977051 0.604004
vt 0.972900 0.606934
vt 0.971680 0.607666
vt 0.965088 0.606445
vt 0.978271 0.605225
vt 0.977295 0.604004
vt 0.968506 0.608154
vt 0.966309 0.612305
vt 0.971191 0.612305
vt 0.982422 0.606201
vt 0.974365 0.609619
vt 0.976562 0.612793
vt 0.977539 0.610107
vt 0.980957 0.611328
vt 0.981445 0.610352
vt 0.977539 0.608887
vt 0.981934 0.606934
vt 0.984619 0.610596
vt 0.985352 0.607178
vt 0.988037 0.606934
vt 0.985840 0.605957
vt 0.038330 0.001221
vt 0.034180 0.003662
vt 0.019043 0.001465
vt 0.984131 0.741455
vt 0.985840 0.735596
vt 0.996582 0.738770
vt 0.982178 0.733154
vt 0.980469 0.738525
vt 0.025391 0.827637
vt 0.034424 0.826904
vt 0.037354 0.835693
vt 0.033447 0.848633
vt 0.038574 0.820312
vt 0.059814 0.843994
vt 0.031006 0.818604
vt 0.035156 0.804688
vt 0.029053 0.788818
vt 0.037598 0.787354
vt 0.032227 0.781006
vt 0.024170 0.784424
vt 0.028076 0.775879
vt 0.026123 0.764648
vt 0.392334 0.426025
vt 0.394531 0.421387
vt 0.405029 0.415527
vt 0.386719 0.428223
vt 0.393799 0.431641
vt 0.409668 0.434326
vt 0.375244 0.424805
vt 0.385254 0.434326
vt 0.395264 0.439697
vt 0.388672 0.447266
vt 0.391846 0.438232
vt 0.392334 0.441162
vt 0.390381 0.440674
vt 0.366943 0.447510
vt 0.371826 0.419922
vt 0.388916 0.416992
vt 0.349609 0.437744
vt 0.352783 0.425293
vt 0.358398 0.416748
vt 0.359375 0.444580
vt 0.363525 0.413574
vt 0.357178 0.395752
vt 0.352539 0.391357
vt 0.361084 0.391602
vt 0.352295 0.384033
vt 0.355225 0.385498
vt 0.362793 0.451660
vt 0.356689 0.451416
vt 0.369141 0.454834
vt 0.359375 0.479736
vt 0.353271 0.485107
vt 0.354736 0.491455
vt 0.419922 0.445068
vt 0.405762 0.455566
vt 0.396240 0.454346
vt 0.378174 0.460938
vt 0.369385 0.475098
vt 0.364258 0.485840
vt 0.357422 0.492920
vt 0.352295 0.505859
vt 0.355713 0.512207
vt 0.360840 0.510254
vt 0.373047 0.472168
vt 0.371338 0.482422
vt 0.379883 0.478760
vt 0.380127 0.468750
vt 0.382812 0.464111
vt 0.386230 0.476318
vt 0.388672 0.463867
vt 0.395752 0.457275
vt 0.386230 0.470215
vt 0.396484 0.469482
vt 0.218750 0.044922
vt 0.214600 0.042725
vt 0.218994 0.037598
vt 0.229980 0.041016
vt 0.210693 0.029053
vt 0.221191 0.048584
vt 0.225342 0.050537
vt 0.220947 0.052002
vt 0.204346 0.041992
vt 0.202148 0.035400
vt 0.208252 0.054443
vt 0.208496 0.062988
vt 0.190674 0.050293
vt 0.188232 0.041748
vt 0.200195 0.026855
vt 0.197266 0.030273
vt 0.188232 0.034424
vt 0.176270 0.035645
vt 0.177246 0.051025
vt 0.186768 0.058594
vt 0.191895 0.067383
vt 0.184326 0.070068
vt 0.176025 0.042969
vt 0.174072 0.051270
vt 0.169189 0.044922
vt 0.171875 0.041504
vt 0.162598 0.042236
vt 0.168213 0.040283
vt 0.168701 0.031494
vt 0.990234 0.133789
vt 0.990479 0.131592
vt 0.990967 0.132568
vt 0.992676 0.131348
vt 0.994141 0.133789
vt 0.992188 0.135010
vt 0.995117 0.134277
vt 0.995117 0.137207
vt 0.997070 0.134033
vt 0.994873 0.130371
vt 0.993164 0.130127
vt 0.991211 0.129395
vt 0.989258 0.130371
vt 0.993408 0.126465
vt 0.994873 0.125977
vt 0.992920 0.122559
vt 0.990967 0.123047
vt 0.988525 0.124268
vt 0.988281 0.127930
vt 0.987549 0.124756
vt 0.987549 0.123047
vt 0.993164 0.121094
vt 0.994873 0.122559
vt 0.983154 0.120605
vt 0.985840 0.120605
vt 0.987549 0.120605
vt 0.985596 0.119629
vt 0.993164 0.119141
vt 0.996094 0.117676
vt 0.994629 0.116943
vt 0.987549 0.119629
vt 0.993164 0.117920
vt 0.986816 0.118408
vt 0.983398 0.118408
vt 0.983887 0.116943
vt 0.984863 0.113770
vt 0.994141 0.114990
vt 0.995850 0.114990
vt 0.993408 0.111816
vt 0.995850 0.112305
vt 0.983887 0.109131
vt 0.992432 0.117188
vt 0.986572 0.114014
vt 0.992432 0.112793
vt 0.073730 0.321533
vt 0.037598 0.341064
vt 0.042236 0.323730
vt 0.056641 0.335938
vt 0.031250 0.329834
vt 0.034912 0.343750
vt 0.035889 0.353516
vt 0.030518 0.367188
vt 0.011719 0.377441
vt 0.021484 0.356445
vt 0.026123 0.345703
vt 0.020996 0.342041
vt 0.016846 0.333740
vt 0.014160 0.329346
vt 0.026611 0.325928
vt 0.023926 0.320801
vt 0.011230 0.305908
vt 0.009766 0.231445
vt 0.007568 0.228760
vt 0.010986 0.227051
vt 0.012451 0.229980
vt 0.012939 0.235107
vt 0.009766 0.232178
vt 0.006104 0.232666
vt 0.004150 0.230469
vt 0.010498 0.225830
vt 0.001953 0.229004
vt 0.007324 0.227539
vt 0.007324 0.223877
vt 0.003174 0.225342
vt 0.949951 0.711182
vt 0.952148 0.707275
vt 0.952637 0.708252
vt 0.956787 0.704346
vt 0.957764 0.704834
vt 0.950195 0.705322
vt 0.948242 0.709961
vt 0.958740 0.704590
vt 0.962158 0.702881
vt 0.955322 0.701660
vt 0.948486 0.701416
vt 0.945312 0.705078
vt 0.946289 0.699463
vt 0.953125 0.697021
vt 0.960938 0.699463
vt 0.967285 0.699463
vt 0.968262 0.701904
vt 0.966553 0.703369
vt 0.967773 0.703369
vt 0.966309 0.696045
vt 0.960205 0.696289
vt 0.966309 0.692627
vt 0.958984 0.692627
vt 0.944824 0.696777
vt 0.941406 0.700439
vt 0.951416 0.692383
vt 0.943848 0.696533
vt 0.963135 0.692139
vt 0.962402 0.691162
vt 0.966309 0.690674
vt 0.959229 0.689697
vt 0.966064 0.689941
vt 0.958008 0.688965
vt 0.950928 0.691650
vt 0.949463 0.688477
vt 0.954590 0.675781
vt 0.944092 0.696045
vt 0.935791 0.685303
vt 0.936279 0.684814
vt 0.935303 0.686035
vt 0.934570 0.695312
vt 0.928955 0.682617
vt 0.945801 0.681152
vt 0.944580 0.678955
vt 0.945557 0.678711
vt 0.949951 0.666748
vt 0.943359 0.675781
vt 0.941650 0.672119
vt 0.429443 0.978027
vt 0.431396 0.975342
vt 0.428467 0.981201
vt 0.425049 0.978027
vt 0.429443 0.980225
vt 0.429688 0.984863
vt 0.429443 0.987549
vt 0.430664 0.989746
vt 0.431885 0.995117
vt 0.427490 0.984863
vt 0.428467 0.988525
vt 0.424805 0.986572
vt 0.604004 0.984375
vt 0.610596 0.982178
vt 0.609375 0.986572
vt 0.601562 0.991943
vt 0.607178 0.993408
vt 0.612549 0.993896
vt 0.614502 0.983154
vt 0.615723 0.987549
vt 0.620605 0.988770
vt 0.617676 0.997070
vt 0.625244 0.990723
vt 0.625488 0.986328
vt 0.625732 0.986572
vt 0.630859 0.985840
vt 0.630615 0.985107
vt 0.630127 0.984863
vt 0.625488 0.985596
vt 0.621338 0.983154
vt 0.621094 0.985107
vt 0.617676 0.981201
vt 0.617920 0.984131
vt 0.616943 0.982910
vt 0.811035 0.682861
vt 0.809814 0.685547
vt 0.799316 0.680420
vt 0.817383 0.693848
vt 0.833984 0.666260
vt 0.843262 0.684814
vt 0.841797 0.669434
vt 0.859375 0.699219
vt 0.839844 0.729492
vt 0.852539 0.685791
vt 0.855957 0.668457
vt 0.846924 0.666504
vt 0.850830 0.663574
vt 0.852783 0.657227
vt 0.857666 0.666992
vt 0.854492 0.661865
vt 0.553955 0.970947
vt 0.538574 0.976562
vt 0.552734 0.962402
vt 0.532715 0.981445
vt 0.531494 0.975342
vt 0.520996 0.960449
vt 0.521973 0.976562
vt 0.525146 0.982422
vt 0.520752 0.985107
vt 0.515381 0.984375
vt 0.956787 0.105957
vt 0.952393 0.116455
vt 0.950684 0.105469
vt 0.945068 0.101318
vt 0.955811 0.104980
vt 0.959717 0.101074
vt 0.958008 0.114014
vt 0.961182 0.102783
vt 0.960449 0.108154
vt 0.967773 0.119141
vt 0.973633 0.115967
vt 0.966309 0.106445
vt 0.971191 0.101562
vt 0.970459 0.109131
vt 0.978516 0.108887
vt 0.978760 0.100342
vt 0.129639 0.005371
vt 0.132324 0.010742
vt 0.127930 0.017578
vt 0.134033 0.010742
vt 0.134033 0.014893
vt 0.137207 0.019287
vt 0.137451 0.016846
vt 0.137939 0.019043
vt 0.142090 0.022217
vt 0.006348 0.440430
vt 0.012695 0.440186
vt 0.010986 0.444580
vt 0.001465 0.442627
vt 0.001221 0.449707
vt 0.009766 0.451904
vt 0.001709 0.454102
vt 0.005371 0.971191
vt 0.006104 0.962402
vt 0.016602 0.969238
vt 0.000244 0.969482
vt 0.000488 0.961670
vt 0.012695 0.961914
vt 0.017578 0.961914
vt 0.142090 0.006104
vt 0.143311 0.005859
vt 0.141602 0.009766
vt 0.139893 0.006592
vt 0.141357 0.004883
vt 0.140381 0.003662
vt 0.137451 0.004639
vt 0.140137 0.002930
vt 0.143311 0.002197
vt 0.994385 0.832520
vt 0.992432 0.831055
vt 0.996582 0.830322
vt 0.991943 0.831787
vt 0.991943 0.831055
vt 0.991455 0.832764
vt 0.992188 0.829102
vt 0.995117 0.829102
vt 0.705566 0.990234
vt 0.707031 0.992432
vt 0.705322 0.992920
vt 0.267090 0.004395
vt 0.267334 0.005615
vt 0.266846 0.005371
vt 0.265625 0.005615
vt 0.267090 0.009766
vt 0.267578 0.007812
vt 0.267822 0.008545
vt 0.268555 0.008789
vt 0.267090 0.011475
vt 0.168945 0.011475
vt 0.169189 0.013672
vt 0.168213 0.010742
vt 0.167480 0.011230
vt 0.168457 0.009766
vt 0.169922 0.011719
vt 0.169922 0.007080
vt 0.168945 0.006104
vt 0.168213 0.007324
vt 0.997314 0.759277
vt 0.996094 0.757324
vt 0.997314 0.757324
vt 0.998779 0.754883
vt 0.994385 0.758301
vt 0.994385 0.760254
vt 0.995605 0.755859
vt 0.986816 0.758301
vt 0.986328 0.760254
vt 0.993408 0.756592
vt 0.986328 0.755615
vt 0.995850 0.754883
vt 0.998535 0.753662
vt 0.987305 0.750244
vt 0.996338 0.752197
vt 0.994385 0.748535
vt 0.987549 0.746094
vt 0.997070 0.750977
vt 0.996826 0.748047
vt 0.996582 0.746094
vt 0.998047 0.748291
vt 0.192627 0.005615
vt 0.195801 0.006104
vt 0.192871 0.007080
vt 0.201660 0.003418
vt 0.202637 0.005127
vt 0.191650 0.005615
vt 0.191650 0.008789
vt 0.189941 0.008789
vt 0.189941 0.005127
vt 0.187988 0.005859
vt 0.188721 0.009766
vt 0.188965 0.005127
vt 0.187988 0.005127
vt 0.186523 0.008301
vt 0.186768 0.005615
vt 0.184326 0.007568
vt 0.178223 0.003662
vt 0.176758 0.006104
vt 0.176514 0.007568
vt 0.176025 0.003174
vt 0.174072 0.005859
vt 0.349854 0.005859
vt 0.351074 0.007324
vt 0.349854 0.007080
vt 0.349609 0.004883
vt 0.349609 0.010742
vt 0.351807 0.008301
vt 0.681641 0.986572
vt 0.681396 0.988281
vt 0.678711 0.988037
vt 0.672607 0.986328
vt 0.675781 0.988770
vt 0.672363 0.989258
vt 0.673584 0.992432
vt 0.671875 0.993164
vt 0.674072 0.993896
vt 0.682129 0.992432
vt 0.682861 0.989746
vt 0.685059 0.987793
vt 0.683105 0.991455
vt 0.987061 0.303955
vt 0.992188 0.303955
vt 0.989014 0.305420
vt 0.009766 0.888916
vt 0.009033 0.889160
vt 0.008789 0.887207
vt 0.008057 0.887939
vt 0.009766 0.887695
vt 0.006104 0.885742
vt 0.009766 0.886230
vt 0.006348 0.884033
vt 0.009766 0.885498
vt 0.008789 0.884033
vt 0.009766 0.883301
vt 0.988770 0.673096
vt 0.988525 0.672119
vt 0.989502 0.672852
vt 0.990479 0.672119
vt 0.989746 0.674072
vt 0.991699 0.673340
vt 0.993652 0.673828
vt 0.992676 0.673340
vt 0.995117 0.447021
vt 0.995361 0.449707
vt 0.994141 0.449219
vt 0.992432 0.445312
vt 0.993408 0.443604
vt 0.989990 0.443115
vt 0.995117 0.443604
vt 0.988525 0.439453
vt 0.992676 0.441895
vt 0.993896 0.442871
vt 0.993164 0.440674
vt 0.994873 0.440674
vt 0.994629 0.442383
vt 0.997070 0.440674
vt 0.998779 0.440918
vt 0.892090 0.982666
vt 0.894043 0.982178
vt 0.894775 0.983887
vt 0.892334 0.985352
vt 0.894531 0.986328
vt 0.891113 0.984619
vt 0.894775 0.987305
vt 0.890625 0.988525
vt 0.894043 0.990479
vt 0.893555 0.992188
vt 0.894531 0.993164
vt 0.008545 0.190918
vt 0.007080 0.190186
vt 0.008301 0.190186
vt 0.009766 0.189941
vt 0.009766 0.185791
vt 0.007324 0.183594
vt 0.008789 0.184082
vt 0.009766 0.179199
vt 0.006592 0.184082
vt 0.006348 0.180908
vt 0.004150 0.180176
vt 0.589600 0.980469
vt 0.589355 0.980469
vt 0.588135 0.971436
vt 0.589844 0.983154
vt 0.590332 0.983887
vt 0.588379 0.989990
vt 0.589844 0.987793
vt 0.593018 0.985107
vt 0.689209 0.352051
vt 0.675293 0.374512
vt 0.679443 0.349854
vt 0.658936 0.364502
vt 0.677002 0.340576
vt 0.698486 0.343506
vt 0.635498 0.346191
vt 0.671143 0.337158
vt 0.648438 0.340576
vt 0.618652 0.345703
vt 0.680908 0.337158
vt 0.669922 0.331055
vt 0.695312 0.338379
vt 0.704590 0.343262
vt 0.671143 0.328857
vt 0.618652 0.340332
vt 0.614502 0.334717
vt 0.699951 0.338135
vt 0.708984 0.343506
vt 0.689941 0.324707
vt 0.689453 0.319336
vt 0.681152 0.315186
vt 0.682861 0.314209
vt 0.690918 0.304932
vt 0.674072 0.310059
vt 0.690918 0.291504
vt 0.654785 0.313477
vt 0.675049 0.305176
vt 0.693115 0.283936
vt 0.695312 0.278320
vt 0.673340 0.302002
vt 0.628662 0.323486
vt 0.644531 0.331787
vt 0.619873 0.336914
vt 0.411865 0.831543
vt 0.403564 0.834229
vt 0.416016 0.826416
vt 0.416260 0.822998
vt 0.407715 0.827148
vt 0.427979 0.831055
vt 0.414795 0.820068
vt 0.428711 0.818115
vt 0.443604 0.820801
vt 0.450439 0.836670
vt 0.434326 0.808838
vt 0.464355 0.827393
vt 0.440918 0.808594
vt 0.436279 0.801758
vt 0.481201 0.801270
vt 0.468750 0.827393
vt 0.478027 0.794189
vt 0.460449 0.795654
vt 0.488770 0.792725
vt 0.483643 0.787109
vt 0.463867 0.790039
vt 0.493652 0.789795
vt 0.490479 0.796143
vt 0.470947 0.829834
vt 0.473145 0.832031
vt 0.494629 0.795410
vt 0.489258 0.834229
vt 0.496826 0.837646
vt 0.507080 0.830566
vt 0.502930 0.798096
vt 0.503906 0.789307
vt 0.500244 0.800537
vt 0.510498 0.823975
vt 0.514893 0.823486
vt 0.480225 0.784424
vt 0.484131 0.774170
vt 0.452148 0.788818
vt 0.478271 0.779785
vt 0.434814 0.797607
vt 0.442139 0.777344
vt 0.426025 0.804443
vt 0.414307 0.799316
vt 0.416260 0.791016
vt 0.423828 0.778076
vt 0.438965 0.772949
vt 0.400391 0.774170
vt 0.405518 0.786133
vt 0.405762 0.770752
vt 0.395264 0.773926
vt 0.383057 0.763916
vt 0.405029 0.767578
vt 0.391113 0.762207
vt 0.427002 0.768066
vt 0.428711 0.760742
vt 0.427734 0.753906
vt 0.438965 0.771484
vt 0.459961 0.767334
vt 0.439209 0.763672
vt 0.488037 0.770752
vt 0.440430 0.756592
vt 0.426270 0.750977
vt 0.426758 0.748047
vt 0.440186 0.752930
vt 0.461670 0.753418
vt 0.469482 0.749268
vt 0.486572 0.760986
vt 0.490234 0.764648
vt 0.461914 0.761475
vt 0.990479 0.772705
vt 0.990967 0.773682
vt 0.989014 0.775146
vt 0.986084 0.770264
vt 0.989258 0.766113
vt 0.985352 0.765869
vt 0.990234 0.766113
vt 0.991455 0.771973
vt 0.991699 0.766113
vt 0.992920 0.771729
vt 0.993164 0.773438
vt 0.998047 0.773682
vt 0.972656 0.951416
vt 0.973877 0.950928
vt 0.974121 0.952393
vt 0.971680 0.948975
vt 0.975830 0.945801
vt 0.977295 0.946045
vt 0.977783 0.947021
vt 0.978271 0.947998
vt 0.979248 0.954346
vt 0.972900 0.952637
vt 0.981201 0.954102
vt 0.980225 0.951904
vt 0.982910 0.950684
vt 0.984131 0.952881
vt 0.985107 0.958496
vt 0.987305 0.952637
vt 0.984863 0.958984
vt 0.987061 0.963135
vt 0.989258 0.952393
vt 0.986572 0.960449
vt 0.986328 0.958984
vt 0.989990 0.953125
vt 0.992676 0.959473
vt 0.990967 0.953613
vt 0.225586 0.332031
vt 0.241943 0.330078
vt 0.224365 0.336670
vt 0.199707 0.330811
vt 0.192871 0.324463
vt 0.198730 0.334229
vt 0.182861 0.340332
vt 0.181152 0.335938
vt 0.194580 0.338867
vt 0.226318 0.342285
vt 0.179443 0.344238
vt 0.175293 0.333984
vt 0.184814 0.347900
vt 0.172363 0.338867
vt 0.197754 0.342285
vt 0.225098 0.346191
vt 0.214600 0.362793
vt 0.218018 0.359863
vt 0.174561 0.344238
vt 0.166992 0.346680
vt 0.169189 0.354980
vt 0.183350 0.356201
vt 0.193604 0.359131
vt 0.209961 0.373291
vt 0.205322 0.373535
vt 0.174316 0.356445
vt 0.198975 0.373535
vt 0.189697 0.373047
vt 0.205811 0.382812
vt 0.162842 0.370850
vt 0.174072 0.360596
vt 0.179688 0.397461
vt 0.149658 0.380615
vt 0.158691 0.384521
vt 0.159424 0.393555
vt 0.153809 0.383301
vt 0.154785 0.389893
vt 0.147705 0.394043
vt 0.150146 0.395752
vt 0.014404 0.412354
vt 0.011475 0.417969
vt 0.011719 0.412109
vt 0.013672 0.410645
vt 0.014404 0.407715
vt 0.011963 0.411621
vt 0.011719 0.408936
vt 0.010010 0.409180
vt 0.010254 0.410156
vt 0.009766 0.412109
vt 0.008057 0.412354
vt 0.009277 0.417725
vt 0.014648 0.423340
vt 0.005859 0.412598
vt 0.011230 0.421143
vt 0.008057 0.417236
vt 0.005859 0.422852
vt 0.000244 0.423340
vt 0.173828 0.769043
vt 0.187012 0.743896
vt 0.190430 0.742676
vt 0.173096 0.762939
vt 0.167480 0.752441
vt 0.170654 0.721191
vt 0.159912 0.754395
vt 0.150391 0.729980
vt 0.153320 0.743652
vt 0.147705 0.743164
vt 0.145752 0.733154
vt 0.147461 0.724121
vt 0.140869 0.740723
vt 0.137207 0.730225
vt 0.139404 0.725342
vt 0.142578 0.745117
vt 0.135742 0.736084
vt 0.162354 0.766113
vt 0.147949 0.754150
vt 0.135010 0.758301
vt 0.169922 0.783936
vt 0.179932 0.777100
vt 0.190186 0.781250
vt 0.187012 0.788086
vt 0.150879 0.773193
vt 0.160645 0.769043
vt 0.136719 0.764160
vt 0.160889 0.784668
vt 0.150635 0.778076
vt 0.136230 0.776611
vt 0.122559 0.769043
vt 0.122070 0.770996
vt 0.148926 0.788818
vt 0.148926 0.786865
vt 0.160400 0.793457
vt 0.159424 0.786865
vt 0.164307 0.787598
vt 0.165771 0.793945
vt 0.166016 0.798584
vt 0.170898 0.792480
vt 0.160645 0.804932
vt 0.181885 0.791748
vt 0.183838 0.794434
vt 0.172852 0.797119
vt 0.181396 0.799072
vt 0.185791 0.800781
vt 0.183350 0.802490
vt 0.177734 0.801514
vt 0.173828 0.801270
vt 0.169922 0.805420
vt 0.176758 0.808594
vt 0.189453 0.822754
vt 0.169678 0.811768
vt 0.172852 0.808594
vt 0.166504 0.809082
vt 0.166992 0.812988
vt 0.162598 0.811523
vt 0.259033 0.983398
vt 0.259033 0.988770
vt 0.258301 0.983643
vt 0.964111 0.999512
vt 0.959229 0.999023
vt 0.959961 0.995361
vt 0.956787 0.996826
vt 0.953613 0.999023
vt 0.954834 0.993896
vt 0.960693 0.993652
vt 0.964355 0.991455
vt 0.963867 0.992432
vt 0.849854 0.949707
vt 0.853027 0.950439
vt 0.846924 0.951172
vt 0.852783 0.947021
vt 0.848145 0.946777
vt 0.859131 0.952881
vt 0.862305 0.944580
vt 0.854736 0.952881
vt 0.856445 0.956299
vt 0.851807 0.955078
vt 0.863037 0.961670
vt 0.864502 0.960693
vt 0.871338 0.946777
vt 0.868408 0.940430
vt 0.876953 0.933838
vt 0.872559 0.931641
vt 0.880615 0.923096
vt 0.880371 0.933838
vt 0.879639 0.938477
vt 0.881836 0.935059
vt 0.882568 0.937744
vt 0.884521 0.942871
vt 0.881592 0.942383
vt 0.879395 0.944092
vt 0.882324 0.946533
vt 0.879883 0.955078
vt 0.875977 0.952393
vt 0.882080 0.954834
vt 0.877441 0.954102
vt 0.875244 0.965088
vt 0.878418 0.961914
vt 0.888428 0.967529
vt 0.890869 0.958008
vt 0.894043 0.968018
vt 0.098145 0.828369
vt 0.106445 0.829346
vt 0.098633 0.833496
vt 0.109619 0.822510
vt 0.102539 0.822998
vt 0.113525 0.826904
vt 0.103027 0.820557
vt 0.123779 0.824219
vt 0.122070 0.829346
vt 0.124023 0.818115
vt 0.126465 0.824707
vt 0.125732 0.831543
vt 0.132324 0.825684
vt 0.134277 0.833252
vt 0.135498 0.823730
vt 0.143555 0.830566
vt 0.117920 0.816406
vt 0.108398 0.818359
vt 0.121826 0.808594
vt 0.105225 0.815674
vt 0.103271 0.810791
vt 0.112061 0.810303
vt 0.110107 0.806396
vt 0.103271 0.806885
vt 0.120361 0.805664
vt 0.119629 0.800781
vt 0.116211 0.803223
vt 0.109375 0.802490
vt 0.101807 0.804199
vt 0.111328 0.798096
vt 0.105469 0.794434
vt 0.129150 0.813721
vt 0.128662 0.807373
vt 0.135742 0.813721
vt 0.140869 0.820312
vt 0.136963 0.809082
vt 0.135254 0.804932
vt 0.145508 0.809814
vt 0.141113 0.813232
vt 0.146484 0.823730
vt 0.145996 0.819580
vt 0.150146 0.813965
vt 0.156982 0.815430
vt 0.148438 0.828369
vt 0.145996 0.832764
vt 0.147949 0.832520
vt 0.151855 0.831543
vt 0.154541 0.827393
vt 0.164795 0.819580
vt 0.191650 0.833496
vt 0.139160 0.213379
vt 0.135010 0.211182
vt 0.147949 0.212402
vt 0.143555 0.216553
vt 0.147461 0.226074
vt 0.150635 0.207031
vt 0.152100 0.199951
vt 0.131104 0.205078
vt 0.172852 0.210205
vt 0.168701 0.206543
vt 0.175781 0.201172
vt 0.182129 0.207764
vt 0.190430 0.200684
vt 0.202881 0.203125
vt 0.160156 0.226074
vt 0.151611 0.229736
vt 0.174072 0.218994
vt 0.184814 0.213135
vt 0.200684 0.209229
vt 0.203369 0.208252
vt 0.211914 0.206299
vt 0.220459 0.197998
vt 0.203613 0.214844
vt 0.221191 0.208252
vt 0.220947 0.216309
vt 0.210693 0.218506
vt 0.206055 0.224609
vt 0.186768 0.228271
vt 0.202637 0.230957
vt 0.203125 0.234375
vt 0.173828 0.225830
vt 0.182373 0.231201
vt 0.163818 0.229980
vt 0.154785 0.237793
vt 0.171631 0.238525
vt 0.191162 0.239746
vt 0.204834 0.244141
vt 0.171631 0.243164
vt 0.158691 0.242676
vt 0.164795 0.251953
vt 0.197754 0.247314
vt 0.203369 0.250488
vt 0.173340 0.249268
vt 0.171143 0.258545
vt 0.196777 0.268799
vt 0.756348 0.931396
vt 0.749023 0.936523
vt 0.750244 0.929932
vt 0.746338 0.933350
vt 0.749268 0.925293
vt 0.754150 0.924072
vt 0.746094 0.920410
vt 0.753418 0.918213
vt 0.754395 0.918213
vt 0.755127 0.897461
vt 0.760742 0.933350
vt 0.759033 0.939453
vt 0.763184 0.935547
vt 0.760986 0.942383
vt 0.755859 0.947266
vt 0.745117 0.940918
vt 0.639893 0.965088
vt 0.640381 0.965088
vt 0.636475 0.974854
vt 0.639404 0.963867
vt 0.989502 0.462402
vt 0.997559 0.465088
vt 0.987549 0.464111
vt 0.989502 0.466064
vt 0.987549 0.475830
vt 0.983398 0.475098
vt 0.981445 0.473389
vt 0.978271 0.471924
vt 0.978027 0.463379
vt 0.976074 0.470703
vt 0.972412 0.476562
vt 0.975098 0.470703
vt 0.977295 0.463135
vt 0.981689 0.462891
vt 0.978027 0.456299
vt 0.975586 0.456787
vt 0.980225 0.454834
vt 0.983643 0.448242
vt 0.971680 0.451904
vt 0.983643 0.453369
vt 0.986816 0.451416
vt 0.989502 0.454102
vt 0.997314 0.455322
vt 0.148193 0.405273
vt 0.149170 0.407471
vt 0.139893 0.405518
vt 0.151123 0.406250
vt 0.138184 0.402588
vt 0.142822 0.401123
vt 0.138428 0.397949
vt 0.147949 0.412354
vt 0.149658 0.412842
vt 0.140381 0.406738
vt 0.142578 0.412598
vt 0.139404 0.416992
vt 0.135254 0.433594
vt 0.143066 0.439697
vt 0.136475 0.416260
vt 0.133057 0.411377
vt 0.131592 0.416260
vt 0.133057 0.406006
vt 0.131592 0.402832
vt 0.125488 0.405029
vt 0.128906 0.398193
vt 0.127197 0.411621
vt 0.122803 0.405029
vt 0.118408 0.417236
vt 0.134521 0.397217
vt 0.134521 0.394043
vt 0.127441 0.395752
vt 0.121826 0.399658
vt 0.116699 0.407227
vt 0.111084 0.422119
vt 0.107422 0.405273
vt 0.114746 0.394287
vt 0.103760 0.421631
vt 0.098633 0.433838
vt 0.101074 0.440186
vt 0.099609 0.440186
vt 0.098389 0.453613
vt 0.099854 0.456055
vt 0.108643 0.438232
vt 0.106934 0.454834
vt 0.101318 0.476562
vt 0.107666 0.479248
vt 0.113037 0.438721
vt 0.112061 0.475098
vt 0.112793 0.452881
vt 0.120605 0.439941
vt 0.128418 0.441406
vt 0.127686 0.456055
vt 0.125732 0.468994
vt 0.132324 0.449707
vt 0.129639 0.470459
vt 0.125732 0.474121
vt 0.138672 0.457764
vt 0.143799 0.468018
vt 0.137207 0.472656
vt 0.134033 0.474609
vt 0.117920 0.477295
vt 0.113281 0.477783
vt 0.129639 0.484131
vt 0.129395 0.478760
vt 0.135254 0.480469
vt 0.139893 0.476074
vt 0.137939 0.480469
vt 0.143799 0.475098
vt 0.153809 0.490234
vt 0.143311 0.476074
vt 0.145996 0.478760
vt 0.143799 0.482422
vt 0.225830 0.006592
vt 0.226562 0.012939
vt 0.219482 0.002930
vt 0.219482 0.016357
vt 0.224854 0.016846
vt 0.197754 0.015381
vt 0.862061 0.934326
vt 0.853027 0.926758
vt 0.859375 0.904541
vt 0.856689 0.898682
vt 0.825195 0.921631
vt 0.862305 0.871826
vt 0.848389 0.886475
vt 0.908447 0.027344
vt 0.909912 0.026855
vt 0.905762 0.029297
vt 0.913086 0.026855
vt 0.905273 0.029053
vt 0.904297 0.029541
vt 0.912842 0.023926
vt 0.904785 0.028564
vt 0.899658 0.024414
vt 0.899658 0.025635
vt 0.902100 0.019043
vt 0.898926 0.024902
vt 0.894287 0.025391
vt 0.903320 0.013428
vt 0.904785 0.012939
vt 0.893066 0.019531
vt 0.891846 0.017334
vt 0.891113 0.017334
vt 0.891602 0.010254
vt 0.890381 0.010010
vt 0.889893 0.010742
vt 0.884521 0.004883
vt 0.900879 0.007324
vt 0.897461 0.002930
vt 0.905273 0.008301
vt 0.905762 0.005127
vt 0.904297 0.012207
vt 0.913574 0.003418
vt 0.990479 0.202393
vt 0.995117 0.209229
vt 0.989746 0.201904
vt 0.990967 0.204346
vt 0.992920 0.193604
vt 0.994873 0.190918
vt 0.993652 0.191162
vt 0.988770 0.201904
vt 0.984619 0.210693
vt 0.976318 0.204590
vt 0.013184 0.833740
vt 0.024658 0.841553
vt 0.013184 0.839355
vt 0.002197 0.838867
vt 0.007812 0.827881
vt 0.012695 0.829102
vt 0.011963 0.826172
vt 0.008057 0.822266
vt 0.578125 0.987305
vt 0.582764 0.990479
vt 0.577148 0.990234
vt 0.578125 0.995361
vt 0.583496 0.983154
vt 0.575195 0.996582
vt 0.568359 0.982666
vt 0.566650 0.988525
vt 0.562012 0.984131
vt 0.563232 0.974121
vt 0.573975 0.978516
vt 0.568848 0.965332
vt 0.562744 0.961670
vt 0.583008 0.961914
vt 0.582275 0.957764
vt 0.968750 0.373535
vt 0.976318 0.366211
vt 0.981445 0.367676
vt 0.986084 0.373047
vt 0.983154 0.366943
vt 0.985107 0.369385
vt 0.986328 0.368408
vt 0.989014 0.359375
vt 0.992676 0.371338
vt 0.010498 0.315674
vt 0.007568 0.316406
vt 0.004150 0.316406
vt 0.006592 0.317627
vt 0.003174 0.318848
vt 0.010742 0.319824
vt 0.007080 0.319336
vt 0.002930 0.319336
vt 0.010254 0.320801
vt 0.016113 0.323486
vt 0.016846 0.322998
vt 0.029297 0.013916
vt 0.026855 0.008789
vt 0.030273 0.008789
vt 0.026123 0.012695
vt 0.018311 0.009766
vt 0.024902 0.016113
vt 0.027832 0.018555
vt 0.017334 0.012939
vt 0.016846 0.011230
vt 0.022461 0.019775
vt 0.024414 0.022217
vt 0.015137 0.013428
vt 0.014893 0.019287
vt 0.018555 0.021973
vt 0.019775 0.025391
vt 0.014648 0.024170
vt 0.014404 0.025391
vt 0.014648 0.022217
vt 0.010742 0.021973
vt 0.009277 0.025391
vt 0.007568 0.019775
vt 0.004883 0.021973
vt 0.005127 0.016602
vt 0.002441 0.018311
vt 0.004395 0.013184
vt 0.012695 0.012939
vt 0.013184 0.011963
vt 0.011475 0.010742
vt 0.013916 0.010986
vt 0.012451 0.010010
vt 0.013184 0.008545
vt 0.014160 0.008301
vt 0.015625 0.010254
vt 0.014648 0.008301
vt 0.016846 0.009033
vt 0.990479 0.413574
vt 0.989990 0.414307
vt 0.988770 0.414551
vt 0.991211 0.414062
vt 0.989014 0.413086
vt 0.987549 0.414551
vt 0.991211 0.413086
vt 0.990234 0.412109
vt 0.987793 0.412354
vt 0.993164 0.412354
vt 0.994385 0.413330
vt 0.992188 0.410156
vt 0.996582 0.413086
vt 0.996582 0.415039
vt 0.994385 0.411865
vt 0.995850 0.411133
vt 0.993896 0.410156
vt 0.993164 0.407959
vt 0.995117 0.408936
vt 0.995850 0.142822
vt 0.994629 0.144775
vt 0.993164 0.142822
vt 0.992432 0.144043
vt 0.989990 0.141846
vt 0.989990 0.144043
vt 0.989258 0.143066
vt 0.988281 0.145020
vt 0.988281 0.143066
vt 0.981201 0.418457
vt 0.961914 0.417725
vt 0.982666 0.412598
vt 0.973877 0.429443
vt 0.976562 0.429443
vt 0.983887 0.443848
vt 0.957275 0.429199
vt 0.966309 0.436035
vt 0.950684 0.438965
vt 0.694336 0.981934
vt 0.670410 0.960938
vt 0.692139 0.968994
vt 0.671387 0.982178
vt 0.666748 0.977295
vt 0.672363 0.958008
vt 0.683838 0.955078
vt 0.696289 0.966309
vt 0.688477 0.954590
vt 0.666260 0.963867
vt 0.654053 0.966064
vt 0.660889 0.957275
vt 0.660645 0.961426
vt 0.263184 0.040039
vt 0.287598 0.043457
vt 0.264404 0.042480
vt 0.267822 0.037109
vt 0.287842 0.040527
vt 0.299072 0.038086
vt 0.293213 0.031738
vt 0.301514 0.042480
vt 0.310547 0.044434
vt 0.303955 0.022949
vt 0.976807 0.309082
vt 0.988281 0.322998
vt 0.977783 0.326904
vt 0.971436 0.310303
vt 0.992920 0.310547
vt 0.998047 0.313232
vt 0.417725 0.301025
vt 0.423584 0.311279
vt 0.413330 0.324951
vt 0.434814 0.319824
vt 0.427490 0.308838
vt 0.434570 0.293701
vt 0.438965 0.284912
vt 0.417236 0.288818
vt 0.440918 0.300293
vt 0.446045 0.293457
vt 0.447510 0.306396
vt 0.421387 0.271729
vt 0.447266 0.281006
vt 0.445801 0.276367
vt 0.427734 0.267578
vt 0.458740 0.280273
vt 0.459473 0.282715
vt 0.450195 0.271729
vt 0.467529 0.267578
vt 0.451172 0.283936
vt 0.460449 0.291504
vt 0.448975 0.290283
vt 0.450195 0.266846
vt 0.479004 0.259766
vt 0.455078 0.294922
vt 0.450195 0.298584
vt 0.461426 0.310547
vt 0.464355 0.297119
vt 0.461914 0.313232
vt 0.451416 0.316650
vt 0.445068 0.332275
vt 0.440674 0.325928
vt 0.445801 0.338867
vt 0.436035 0.327637
vt 0.434326 0.334961
vt 0.412354 0.336182
vt 0.432373 0.343018
vt 0.417969 0.348145
vt 0.481201 0.257812
vt 0.477295 0.254150
vt 0.470215 0.250488
vt 0.456055 0.256104
vt 0.448730 0.254150
vt 0.437012 0.249512
vt 0.430420 0.252930
vt 0.419678 0.257812
vt 0.410889 0.257812
vt 0.418213 0.263916
vt 0.410889 0.263916
vt 0.415527 0.267822
vt 0.593750 0.941895
vt 0.590820 0.921631
vt 0.595947 0.918945
vt 0.581787 0.939453
vt 0.600098 0.919434
vt 0.574219 0.942871
vt 0.579590 0.948975
vt 0.575684 0.950684
vt 0.571045 0.957275
vt 0.596924 0.940430
vt 0.611084 0.922363
vt 0.597412 0.945312
vt 0.610596 0.944092
vt 0.854248 0.405273
vt 0.858398 0.401855
vt 0.854736 0.407959
vt 0.845947 0.404785
vt 0.847412 0.406738
vt 0.856689 0.425049
vt 0.845703 0.412598
vt 0.839600 0.424316
vt 0.851807 0.437988
vt 0.858154 0.440430
vt 0.849121 0.453125
vt 0.851562 0.463623
vt 0.843018 0.437012
vt 0.845215 0.451172
vt 0.832520 0.440918
vt 0.826416 0.428467
vt 0.843750 0.454590
vt 0.832520 0.455566
vt 0.823242 0.431641
vt 0.822998 0.445557
vt 0.131836 0.948730
vt 0.147949 0.954590
vt 0.131836 0.954590
vt 0.141846 0.947510
vt 0.149170 0.947510
vt 0.160156 0.949463
vt 0.159912 0.955322
vt 0.182861 0.957520
vt 0.164062 0.944336
vt 0.173584 0.943604
vt 0.329590 0.286377
vt 0.324951 0.277100
vt 0.332764 0.271240
vt 0.351318 0.262207
vt 0.340332 0.273193
vt 0.352051 0.256348
vt 0.336426 0.265381
vt 0.330811 0.265869
vt 0.345215 0.247314
vt 0.346436 0.240479
vt 0.373535 0.239502
vt 0.350098 0.238037
vt 0.370361 0.233643
vt 0.327148 0.254395
vt 0.332764 0.231689
vt 0.321289 0.250244
vt 0.320312 0.269775
vt 0.311523 0.253418
vt 0.308350 0.243652
vt 0.311035 0.271484
vt 0.320801 0.285889
vt 0.325195 0.290039
vt 0.327637 0.301025
vt 0.315674 0.290039
vt 0.321045 0.296387
vt 0.327148 0.309326
vt 0.320068 0.308594
vt 0.314453 0.301025
vt 0.307129 0.277344
vt 0.305908 0.272705
vt 0.300537 0.275879
vt 0.294189 0.264893
vt 0.306641 0.262451
vt 0.300537 0.263184
vt 0.298096 0.255859
vt 0.297119 0.252930
vt 0.295654 0.245850
vt 0.354004 0.784180
vt 0.349365 0.781250
vt 0.359619 0.764404
vt 0.353516 0.786865
vt 0.339844 0.796631
vt 0.347168 0.776855
vt 0.354736 0.756348
vt 0.342041 0.778809
vt 0.354004 0.757568
vt 0.352783 0.757080
vt 0.351807 0.751709
vt 0.361816 0.754395
vt 0.331787 0.764160
vt 0.315918 0.771973
vt 0.317627 0.766602
vt 0.322510 0.786133
vt 0.314697 0.779297
vt 0.310791 0.768311
vt 0.331787 0.801758
vt 0.334473 0.805420
vt 0.353027 0.814209
vt 0.338379 0.811523
vt 0.325928 0.802490
vt 0.324951 0.800781
vt 0.309814 0.790283
vt 0.302734 0.775635
vt 0.319092 0.803711
vt 0.323730 0.807373
vt 0.297363 0.784424
vt 0.312012 0.809326
vt 0.301514 0.791504
vt 0.293945 0.786377
vt 0.306152 0.796143
vt 0.298828 0.800049
vt 0.291016 0.795654
vt 0.302734 0.804199
vt 0.290039 0.802246
vt 0.309082 0.814453
vt 0.288330 0.805664
vt 0.269043 0.809082
vt 0.300293 0.806641
vt 0.304932 0.812256
vt 0.274170 0.817139
vt 0.268311 0.816406
vt 0.296631 0.819336
vt 0.291016 0.820801
vt 0.272705 0.830811
vt 0.291992 0.824463
vt 0.292480 0.829590
vt 0.592529 0.160645
vt 0.595947 0.161377
vt 0.582764 0.166016
vt 0.565918 0.158447
vt 0.562988 0.163086
vt 0.553223 0.158447
vt 0.557861 0.166260
vt 0.551025 0.181152
vt 0.571289 0.169434
vt 0.562988 0.180420
vt 0.588867 0.174316
vt 0.584473 0.190918
vt 0.583496 0.195801
vt 0.598145 0.197021
vt 0.591064 0.183594
vt 0.602051 0.170166
vt 0.597656 0.184814
vt 0.605957 0.173584
vt 0.604004 0.165283
vt 0.603760 0.156250
vt 0.609863 0.155273
vt 0.615967 0.157715
vt 0.614014 0.170654
vt 0.624023 0.162354
vt 0.623779 0.171387
vt 0.628174 0.163574
vt 0.623047 0.173584
vt 0.615723 0.177490
vt 0.612305 0.206543
vt 0.606445 0.196045
vt 0.601318 0.199951
vt 0.599854 0.207275
vt 0.605469 0.202637
vt 0.609131 0.204590
vt 0.614990 0.211670
vt 0.611572 0.214600
vt 0.711670 0.329590
vt 0.718750 0.331787
vt 0.718262 0.334717
vt 0.723389 0.342529
vt 0.720947 0.347900
vt 0.714844 0.345947
vt 0.721436 0.365723
vt 0.718018 0.366211
vt 0.716309 0.372803
vt 0.725586 0.368896
vt 0.732910 0.367432
vt 0.725098 0.376465
vt 0.728271 0.369385
vt 0.714844 0.384766
vt 0.739746 0.367188
vt 0.745117 0.363037
vt 0.746338 0.372314
vt 0.741211 0.372559
vt 0.746826 0.395752
vt 0.737061 0.375732
vt 0.739746 0.396484
vt 0.733398 0.396240
vt 0.725586 0.395996
vt 0.725342 0.407227
vt 0.713623 0.397461
vt 0.710205 0.401855
vt 0.705566 0.694580
vt 0.713379 0.702393
vt 0.709717 0.701416
vt 0.718994 0.705811
vt 0.722656 0.712158
vt 0.736328 0.714355
vt 0.724609 0.719238
vt 0.712646 0.712402
vt 0.728760 0.733154
vt 0.735107 0.718262
vt 0.742188 0.717285
vt 0.744873 0.715332
vt 0.741699 0.719971
vt 0.737305 0.727783
vt 0.732666 0.729736
vt 0.732422 0.741211
vt 0.751953 0.726807
vt 0.755615 0.719482
vt 0.761963 0.729980
vt 0.765625 0.723389
vt 0.757324 0.740967
vt 0.769287 0.730713
vt 0.766602 0.745361
vt 0.753662 0.747559
vt 0.751465 0.752686
vt 0.746826 0.758545
vt 0.162109 0.965820
vt 0.153320 0.971924
vt 0.152344 0.959717
vt 0.160645 0.979248
vt 0.167480 0.963623
vt 0.148193 0.972656
vt 0.148926 0.984375
vt 0.163574 0.983154
vt 0.167725 0.983398
vt 0.170410 0.967041
vt 0.173584 0.981201
vt 0.175293 0.970215
vt 0.169189 0.990723
vt 0.176025 0.994873
vt 0.157959 0.997803
vt 0.145264 0.995117
vt 0.135254 0.997803
vt 0.144043 0.981689
vt 0.135986 0.981934
vt 0.143066 0.972412
vt 0.134766 0.972656
vt 0.136963 0.963867
vt 0.056152 0.264404
vt 0.056396 0.250244
vt 0.057617 0.260498
vt 0.061523 0.244873
vt 0.071045 0.242188
vt 0.072021 0.237793
vt 0.062012 0.238525
vt 0.055176 0.239746
vt 0.057129 0.225830
vt 0.054688 0.228271
vt 0.049072 0.239746
vt 0.049805 0.233643
vt 0.046875 0.237793
vt 0.037598 0.240723
vt 0.049805 0.247314
vt 0.043457 0.248291
vt 0.047607 0.257080
vt 0.035400 0.245117
vt 0.029541 0.239990
vt 0.026855 0.248779
vt 0.022217 0.245117
vt 0.021484 0.260010
vt 0.040771 0.262207
vt 0.038574 0.277344
vt 0.030762 0.268555
vt 0.020264 0.273193
vt 0.052002 0.279297
vt 0.019043 0.288818
vt 0.037842 0.291260
vt 0.055664 0.293213
vt 0.044434 0.295166
vt 0.035889 0.294189
vt 0.027832 0.292236
vt 0.040771 0.297363
vt 0.046631 0.312256
vt 0.039307 0.303711
vt 0.038086 0.300049
vt 0.036865 0.302490
vt 0.027832 0.297363
vt 0.035156 0.305664
vt 0.032715 0.297852
vt 0.561035 0.142334
vt 0.555176 0.142334
vt 0.554932 0.138428
vt 0.551270 0.151367
vt 0.566406 0.153320
vt 0.549805 0.150635
vt 0.554932 0.133057
vt 0.543701 0.143311
vt 0.541504 0.154785
vt 0.539551 0.134766
vt 0.553223 0.124023
vt 0.546875 0.125000
vt 0.544189 0.122070
vt 0.533691 0.132568
vt 0.532227 0.129150
vt 0.529053 0.129639
vt 0.535889 0.158936
vt 0.528809 0.152100
vt 0.522217 0.145264
vt 0.527832 0.140869
vt 0.512207 0.139404
vt 0.507568 0.143311
vt 0.506104 0.141113
vt 0.504150 0.123535
vt 0.495850 0.137695
vt 0.254150 0.956787
vt 0.249023 0.968994
vt 0.248047 0.956787
vt 0.239258 0.957764
vt 0.253174 0.972412
vt 0.249512 0.972900
vt 0.250488 0.977783
vt 0.246338 0.974854
vt 0.253418 0.992432
vt 0.235352 0.973389
vt 0.234131 0.960205
vt 0.241211 0.979736
vt 0.241699 0.989746
vt 0.250732 0.993652
vt 0.244629 0.993652
vt 0.239014 0.992920
vt 0.234131 0.983887
vt 0.227051 0.978271
vt 0.226562 0.990234
vt 0.229248 0.995850
vt 0.737793 0.777344
vt 0.749512 0.770752
vt 0.741943 0.780518
vt 0.731201 0.788818
vt 0.755127 0.790283
vt 0.753418 0.801758
vt 0.768066 0.780518
vt 0.725586 0.799805
vt 0.765869 0.793701
vt 0.771240 0.790283
vt 0.776123 0.762695
vt 0.760010 0.800537
vt 0.768066 0.802002
vt 0.774658 0.800293
vt 0.778320 0.798340
vt 0.769775 0.805664
vt 0.764648 0.812988
vt 0.740479 0.806396
vt 0.723389 0.814697
vt 0.737061 0.817383
vt 0.751465 0.809082
vt 0.753174 0.813965
vt 0.750488 0.821777
vt 0.738281 0.827393
vt 0.748779 0.836426
vt 0.755615 0.827637
vt 0.760986 0.822266
vt 0.767578 0.824219
vt 0.760986 0.832520
vt 0.764160 0.825684
vt 0.772217 0.825195
vt 0.763428 0.834961
vt 0.779053 0.838867
vt 0.257324 0.062988
vt 0.249023 0.072021
vt 0.246582 0.056641
vt 0.263184 0.061768
vt 0.259033 0.071289
vt 0.254639 0.084473
vt 0.262207 0.047852
vt 0.274414 0.053223
vt 0.277588 0.049072
vt 0.266113 0.072266
vt 0.281250 0.061523
vt 0.290527 0.048828
vt 0.291992 0.062012
vt 0.257812 0.087891
vt 0.246582 0.093018
vt 0.259521 0.093018
vt 0.274414 0.084473
vt 0.292969 0.077393
vt 0.279297 0.074707
vt 0.290527 0.083252
vt 0.305420 0.080078
vt 0.305420 0.085938
vt 0.277100 0.091309
vt 0.291016 0.087158
vt 0.283936 0.095703
vt 0.278564 0.093750
vt 0.719727 0.047852
vt 0.713867 0.049072
vt 0.713135 0.043457
vt 0.701172 0.044189
vt 0.714111 0.039062
vt 0.719971 0.039307
vt 0.718506 0.037109
vt 0.692871 0.028809
vt 0.693848 0.040771
vt 0.719971 0.028076
vt 0.704102 0.019043
vt 0.718262 0.022705
vt 0.673828 0.036621
vt 0.674072 0.046631
vt 0.687988 0.028809
vt 0.681885 0.030762
vt 0.678711 0.025879
vt 0.686035 0.025879
vt 0.687012 0.023438
vt 0.167236 0.133301
vt 0.170654 0.129639
vt 0.178467 0.144043
vt 0.160400 0.108154
vt 0.183105 0.139893
vt 0.186035 0.151123
vt 0.176270 0.126465
vt 0.167969 0.113037
vt 0.170654 0.109375
vt 0.168457 0.103271
vt 0.187500 0.111084
vt 0.190918 0.130859
vt 0.191406 0.142578
vt 0.200439 0.137695
vt 0.197266 0.150146
vt 0.193359 0.156738
vt 0.197510 0.144287
vt 0.207520 0.144043
vt 0.199219 0.154297
vt 0.202393 0.155762
vt 0.202148 0.151855
vt 0.202393 0.147461
vt 0.212158 0.148438
vt 0.215576 0.149414
vt 0.214844 0.151855
vt 0.796387 0.280273
vt 0.805664 0.273438
vt 0.801270 0.289062
vt 0.802002 0.268555
vt 0.823730 0.260498
vt 0.821533 0.256592
vt 0.802002 0.262451
vt 0.788330 0.267822
vt 0.786865 0.259277
vt 0.791260 0.274658
vt 0.795166 0.286133
vt 0.796875 0.299805
vt 0.787842 0.303223
vt 0.783203 0.295898
vt 0.779053 0.287598
vt 0.779053 0.293945
vt 0.787598 0.276855
vt 0.775635 0.281494
vt 0.776611 0.265869
vt 0.773438 0.271484
vt 0.784180 0.264404
vt 0.769043 0.262451
vt 0.763672 0.267334
vt 0.764160 0.270020
vt 0.758545 0.256836
vt 0.758301 0.269043
vt 0.753906 0.259033
vt 0.357910 0.127197
vt 0.352051 0.136719
vt 0.342041 0.121582
vt 0.369629 0.144531
vt 0.373535 0.134766
vt 0.368164 0.147461
vt 0.358398 0.143799
vt 0.382080 0.145020
vt 0.398682 0.142578
vt 0.401611 0.130127
vt 0.382324 0.151367
vt 0.386230 0.150879
vt 0.397949 0.145996
vt 0.406982 0.152100
vt 0.406006 0.160645
vt 0.413330 0.156250
vt 0.363037 0.151855
vt 0.341309 0.165283
vt 0.348145 0.174072
vt 0.364014 0.161133
vt 0.323486 0.005127
vt 0.324707 0.001221
vt 0.343750 0.005371
vt 0.345215 0.004150
vt 0.345215 0.016357
vt 0.335693 0.016602
vt 0.324951 0.018311
vt 0.336182 0.018555
vt 0.966797 0.353516
vt 0.961182 0.346680
vt 0.972656 0.352051
vt 0.973633 0.355225
vt 0.964355 0.343018
vt 0.958008 0.354492
vt 0.977051 0.359131
vt 0.975586 0.362061
vt 0.959229 0.351318
vt 0.946533 0.351562
vt 0.947998 0.348633
vt 0.948730 0.345459
vt 0.940918 0.347412
vt 0.944336 0.341064
vt 0.957031 0.341553
vt 0.952148 0.337646
vt 0.959473 0.333252
vt 0.600586 0.914551
vt 0.614746 0.904785
vt 0.612305 0.909424
vt 0.608154 0.905273
vt 0.603027 0.899414
vt 0.623291 0.907959
vt 0.628418 0.920410
vt 0.625977 0.891602
vt 0.635254 0.914062
vt 0.641846 0.906250
vt 0.648682 0.899170
vt 0.639893 0.894043
vt 0.643066 0.893311
vt 0.650635 0.910156
vt 0.655029 0.908203
vt 0.647217 0.917480
vt 0.644043 0.925537
vt 0.652588 0.914795
vt 0.656982 0.909668
vt 0.661377 0.904541
vt 0.662109 0.918701
vt 0.669434 0.924072
vt 0.659912 0.919678
vt 0.661621 0.924316
vt 0.648193 0.931396
vt 0.658203 0.923584
vt 0.334229 0.092285
vt 0.325684 0.081299
vt 0.343262 0.080322
vt 0.312256 0.082764
vt 0.324219 0.073486
vt 0.318359 0.076416
vt 0.317627 0.070312
vt 0.310547 0.073730
vt 0.304688 0.066650
vt 0.309326 0.064941
vt 0.304199 0.061768
vt 0.310547 0.062012
vt 0.296143 0.050293
vt 0.314453 0.052246
vt 0.323975 0.063965
vt 0.314941 0.057861
vt 0.326172 0.055664
vt 0.316895 0.048096
vt 0.325439 0.050537
vt 0.332275 0.050293
vt 0.341309 0.051270
vt 0.329102 0.057861
vt 0.334961 0.068604
vt 0.346680 0.060303
vt 0.348145 0.052002
vt 0.353516 0.059326
vt 0.354004 0.047852
vt 0.343506 0.076416
vt 0.352295 0.095459
vt 0.350586 0.083740
vt 0.354004 0.079346
vt 0.354736 0.082520
vt 0.555176 0.854248
vt 0.554932 0.848389
vt 0.560547 0.845459
vt 0.546143 0.842773
vt 0.564941 0.847900
vt 0.572510 0.842285
vt 0.556396 0.858154
vt 0.575195 0.843262
vt 0.561768 0.859375
vt 0.549561 0.862305
vt 0.553711 0.865723
vt 0.564209 0.863037
vt 0.569092 0.863770
vt 0.563232 0.865723
vt 0.569824 0.860352
vt 0.575684 0.864258
vt 0.571289 0.851074
vt 0.575195 0.851807
vt 0.581787 0.863037
vt 0.578369 0.843750
vt 0.578613 0.833740
vt 0.583496 0.833740
vt 0.590332 0.848389
vt 0.613037 0.821777
vt 0.582031 0.851318
vt 0.585449 0.859131
vt 0.589111 0.852051
vt 0.627686 0.855469
vt 0.619873 0.817383
vt 0.593262 0.857178
vt 0.638672 0.858398
vt 0.586670 0.861816
vt 0.638184 0.885254
vt 0.632812 0.886475
vt 0.621826 0.883301
vt 0.614990 0.880127
vt 0.614746 0.891846
vt 0.602295 0.870605
vt 0.597412 0.876709
vt 0.600098 0.890381
vt 0.608154 0.890625
vt 0.611816 0.896973
vt 0.068115 0.542236
vt 0.067627 0.554932
vt 0.056885 0.545898
vt 0.071533 0.541748
vt 0.073486 0.541748
vt 0.066895 0.530273
vt 0.059082 0.531738
vt 0.046631 0.524902
vt 0.039551 0.531982
vt 0.046387 0.540771
vt 0.043457 0.544189
vt 0.053711 0.548828
vt 0.040039 0.550049
vt 0.051025 0.550781
vt 0.048340 0.555420
vt 0.044434 0.489258
vt 0.076172 0.468262
vt 0.055664 0.477539
vt 0.100830 0.508545
vt 0.112305 0.529297
vt 0.109131 0.534424
vt 0.107178 0.554199
vt 0.114746 0.540283
vt 0.114258 0.534668
vt 0.114258 0.532471
vt 0.961426 0.211914
vt 0.968262 0.213379
vt 0.961914 0.217041
vt 0.971191 0.209229
vt 0.965332 0.204102
vt 0.974609 0.212646
vt 0.968994 0.220215
vt 0.958740 0.224365
vt 0.978760 0.223633
vt 0.988770 0.222900
vt 0.222656 0.989746
vt 0.221436 0.987305
vt 0.222656 0.987549
vt 0.222168 0.985596
vt 0.220947 0.985596
vt 0.220703 0.989746
vt 0.014648 0.276123
vt 0.007324 0.276611
vt 0.012939 0.275391
vt 0.010498 0.272705
vt 0.014893 0.271729
vt 0.006836 0.275635
vt 0.007080 0.272217
vt 0.007324 0.271484
vt 0.002930 0.276611
vt 0.000000 0.278320
vt 0.002686 0.279541
vt 0.010498 0.278076
vt 0.013672 0.281738
vt 0.006836 0.277588
vt 0.005859 0.282227
vt 0.008301 0.281250
vt 0.006592 0.282471
vt 0.540771 0.076172
vt 0.544434 0.073975
vt 0.544678 0.076416
vt 0.551270 0.061035
vt 0.543213 0.050049
vt 0.549316 0.058105
vt 0.555664 0.060547
vt 0.554199 0.067383
vt 0.549561 0.077881
vt 0.557129 0.064941
vt 0.563232 0.062256
vt 0.555664 0.053955
vt 0.564697 0.056641
vt 0.548096 0.047119
vt 0.556641 0.046387
vt 0.562500 0.048340
vt 0.561035 0.044434
vt 0.564453 0.045898
vt 0.560059 0.042969
vt 0.563477 0.040771
vt 0.544434 0.046875
vt 0.548096 0.043945
vt 0.546631 0.043213
vt 0.546387 0.042236
vt 0.547852 0.041504
vt 0.545898 0.040527
vt 0.544434 0.042969
vt 0.544434 0.041992
vt 0.537842 0.046631
vt 0.534424 0.049072
vt 0.541016 0.042725
vt 0.541260 0.039795
vt 0.538818 0.040771
vt 0.531250 0.073242
vt 0.533447 0.077393
vt 0.517578 0.053955
vt 0.507568 0.076172
vt 0.015869 0.976074
vt 0.009033 0.976074
vt 0.016602 0.975586
vt 0.974609 0.793945
vt 0.974854 0.786377
vt 0.974854 0.797363
vt 0.974609 0.813965
vt 0.974854 0.822998
vt 0.572998 0.046143
vt 0.573486 0.041992
vt 0.573486 0.052979
vt 0.974609 0.343262
vt 0.982422 0.342041
vt 0.975586 0.345703
vt 0.982178 0.345947
vt 0.997803 0.345215
vt 0.997314 0.342285
vt 0.982178 0.338623
vt 0.652344 0.752930
vt 0.672852 0.741455
vt 0.653809 0.756104
vt 0.676025 0.735352
vt 0.652588 0.743896
vt 0.665039 0.733154
vt 0.670410 0.729492
vt 0.647461 0.742676
vt 0.646729 0.762207
vt 0.646240 0.738525
vt 0.663086 0.729980
vt 0.669922 0.725342
vt 0.644043 0.709473
vt 0.662109 0.715332
vt 0.623535 0.726562
vt 0.666748 0.713379
vt 0.642334 0.708252
vt 0.633301 0.704102
vt 0.645996 0.699951
vt 0.635742 0.693359
vt 0.650146 0.704102
vt 0.650635 0.697021
vt 0.650635 0.700439
vt 0.664062 0.709473
vt 0.667480 0.708740
vt 0.671631 0.713135
vt 0.668701 0.703125
vt 0.671143 0.707520
vt 0.683105 0.694824
vt 0.684082 0.689453
vt 0.674072 0.671631
vt 0.657227 0.696777
vt 0.656250 0.685303
vt 0.651367 0.683594
vt 0.667480 0.670166
vt 0.648438 0.683594
vt 0.650391 0.678467
vt 0.655762 0.671143
vt 0.660400 0.666748
vt 0.652344 0.666748
vt 0.669922 0.647217
vt 0.490234 0.012207
vt 0.494385 0.011719
vt 0.495850 0.011963
vt 0.498779 0.011475
vt 0.502930 0.011230
vt 0.503906 0.010742
vt 0.494385 0.011475
vt 0.505371 0.011230
vt 0.508301 0.011719
vt 0.507324 0.010986
vt 0.509033 0.010742
vt 0.489990 0.011475
vt 0.495850 0.010742
vt 0.498291 0.010742
vt 0.503174 0.010010
vt 0.502197 0.010742
vt 0.503906 0.010498
vt 0.508545 0.009766
vt 0.514648 0.009521
vt 0.515137 0.009766
vt 0.517090 0.010010
vt 0.519043 0.011230
vt 0.521484 0.012451
vt 0.524902 0.008789
vt 0.520508 0.006348
vt 0.519531 0.006592
vt 0.517090 0.008789
vt 0.083984 0.003174
vt 0.091797 0.002686
vt 0.091553 0.003906
vt 0.088867 0.001953
vt 0.075439 0.003418
vt 0.078369 0.003174
vt 0.068359 0.003174
vt 0.577393 0.009766
vt 0.575928 0.013428
vt 0.573975 0.010010
vt 0.576416 0.007080
vt 0.578369 0.009277
vt 0.575684 0.004395
vt 0.985840 0.228516
vt 0.990723 0.227539
vt 0.990234 0.228516
vt 0.985596 0.227539
vt 0.817139 0.006836
vt 0.822266 0.006836
vt 0.822021 0.007568
vt 0.817383 0.009277
vt 0.821289 0.010010
vt 0.821289 0.010498
vt 0.827393 0.009033
vt 0.825928 0.007812
vt 0.824219 0.011963
vt 0.825928 0.014404
vt 0.834473 0.010986
vt 0.827637 0.011475
vt 0.827393 0.013916
vt 0.829102 0.015381
vt 0.832031 0.013672
vt 0.837158 0.014160
vt 0.835693 0.015869
vt 0.833984 0.018311
vt 0.835938 0.010498
vt 0.836182 0.020508
vt 0.835205 0.018066
vt 0.838867 0.018555
vt 0.840820 0.021729
vt 0.840576 0.014648
vt 0.840820 0.008789
vt 0.845947 0.010254
vt 0.843018 0.009033
vt 0.846436 0.005127
vt 0.847656 0.004883
vt 0.582764 0.016602
vt 0.585693 0.020508
vt 0.580566 0.021240
vt 0.582031 0.016357
vt 0.584229 0.011230
vt 0.586182 0.017334
vt 0.586670 0.017578
vt 0.584473 0.012207
vt 0.587891 0.014404
vt 0.584229 0.010498
vt 0.587891 0.010986
vt 0.589111 0.007568
vt 0.590576 0.008545
vt 0.585449 0.009033
vt 0.585693 0.004395
vt 0.324951 0.930420
vt 0.328613 0.933594
vt 0.323730 0.930420
vt 0.328613 0.933838
vt 0.330078 0.933594
vt 0.331787 0.931396
vt 0.325928 0.928955
vt 0.337158 0.934814
vt 0.335449 0.937012
vt 0.331787 0.930908
vt 0.326660 0.926025
vt 0.339355 0.931885
vt 0.342285 0.938721
vt 0.339600 0.941650
vt 0.332764 0.929199
vt 0.328125 0.923340
vt 0.334717 0.926514
vt 0.328613 0.920898
vt 0.336182 0.923340
vt 0.329346 0.920166
vt 0.336670 0.922607
vt 0.343018 0.927002
vt 0.343506 0.926270
vt 0.344727 0.936279
vt 0.350342 0.930664
vt 0.351074 0.930420
vt 0.347656 0.933350
vt 0.349365 0.941162
vt 0.354248 0.938232
vt 0.352539 0.945557
vt 0.345459 0.944336
vt 0.348633 0.948486
vt 0.343018 0.946777
vt 0.344482 0.951172
vt 0.341309 0.945557
vt 0.339111 0.942139
vt 0.342041 0.946533
vt 0.341797 0.952393
vt 0.354492 0.936523
vt 0.355225 0.937500
vt 0.357178 0.940186
vt 0.356934 0.936035
vt 0.361572 0.934326
vt 0.360596 0.931641
vt 0.356934 0.927490
vt 0.367188 0.931641
vt 0.373535 0.938232
vt 0.363770 0.923828
vt 0.371338 0.929199
vt 0.372559 0.920410
vt 0.181152 0.965820
vt 0.180176 0.966064
vt 0.180176 0.962158
vt 0.180664 0.961914
vt 0.182373 0.965576
vt 0.181396 0.963135
vt 0.182129 0.970459
vt 0.182861 0.971191
vt 0.183838 0.970215
vt 0.183105 0.974609
vt 0.183594 0.974854
vt 0.937744 0.016113
vt 0.937744 0.014893
vt 0.943604 0.015625
vt 0.932861 0.012695
vt 0.932373 0.015869
vt 0.937500 0.011963
vt 0.942871 0.011719
vt 0.927490 0.015625
vt 0.937744 0.004883
vt 0.942383 0.003906
vt 0.947021 0.003174
vt 0.932617 0.005615
vt 0.927490 0.011719
vt 0.927979 0.004395
vt 0.923096 0.004150
vt 0.923584 0.015137
vt 0.922119 0.012207
vt 0.918701 0.002930
vt 0.923828 0.015869
vt 0.922852 0.015381
vt 0.918457 0.013428
vt 0.920166 0.019287
vt 0.920898 0.019775
vt 0.919678 0.018555
vt 0.987793 0.946045
vt 0.990479 0.945801
vt 0.991943 0.946289
vt 0.991699 0.947510
vt 0.987793 0.945557
vt 0.987305 0.945801
vt 0.445801 0.006104
vt 0.446045 0.005859
vt 0.448975 0.006104
vt 0.448975 0.005371
vt 0.445068 0.005615
vt 0.441162 0.006348
vt 0.441650 0.006592
vt 0.440430 0.006348
vt 0.438965 0.006592
vt 0.435791 0.007812
vt 0.435059 0.009521
vt 0.436279 0.006348
vt 0.434814 0.005127
vt 0.434570 0.006348
vt 0.432861 0.007080
vt 0.432861 0.006592
vt 0.432617 0.008545
vt 0.432861 0.008057
vt 0.430420 0.007080
vt 0.431885 0.007568
vt 0.430420 0.007812
vt 0.427979 0.007080
vt 0.427734 0.007568
vt 0.429443 0.007568
vt 0.427734 0.007324
vt 0.425049 0.007324
vt 0.422852 0.007324
vt 0.421875 0.008057
vt 0.427002 0.007568
vt 0.422363 0.008545
vt 0.421387 0.008301
vt 0.419678 0.007812
vt 0.416504 0.008789
vt 0.756836 0.313721
vt 0.751221 0.343994
vt 0.726074 0.334961
vt 0.760254 0.320801
vt 0.762695 0.330566
vt 0.767090 0.316162
vt 0.755127 0.347412
vt 0.774170 0.320557
vt 0.766846 0.337891
vt 0.761475 0.351074
vt 0.777100 0.322266
vt 0.775879 0.317871
vt 0.769531 0.340332
vt 0.764648 0.351074
vt 0.765625 0.367676
vt 0.762451 0.367920
vt 0.781494 0.345947
vt 0.771729 0.353027
vt 0.764893 0.378174
vt 0.761963 0.379150
vt 0.779785 0.354980
vt 0.776367 0.378418
vt 0.772705 0.387207
vt 0.776123 0.388672
vt 0.785156 0.374268
vt 0.783203 0.352051
vt 0.795166 0.330078
vt 0.790039 0.329590
vt 0.789307 0.317627
vt 0.887207 0.069580
vt 0.889404 0.074951
vt 0.885742 0.071289
vt 0.881836 0.065430
vt 0.882324 0.077881
vt 0.883545 0.063721
vt 0.879150 0.062988
vt 0.898438 0.056152
vt 0.908936 0.059570
vt 0.879883 0.061768
vt 0.868408 0.049805
vt 0.897949 0.052734
vt 0.899170 0.052002
vt 0.892090 0.041016
vt 0.892090 0.031982
vt 0.881836 0.034424
vt 0.878418 0.038330
vt 0.873291 0.049316
vt 0.874512 0.047607
vt 0.863770 0.048096
vt 0.876221 0.044189
vt 0.873779 0.039307
vt 0.864258 0.043945
vt 0.847656 0.036865
vt 0.866943 0.040283
vt 0.866699 0.036377
vt 0.402344 0.976074
vt 0.410889 0.996582
vt 0.397949 0.978271
vt 0.382812 0.996338
vt 0.420166 0.996338
vt 0.418701 0.979248
vt 0.405273 0.969727
vt 0.485352 0.110840
vt 0.484863 0.100098
vt 0.490479 0.107910
vt 0.480225 0.106934
vt 0.483643 0.091064
vt 0.485840 0.090332
vt 0.483643 0.087158
vt 0.490967 0.085449
vt 0.496826 0.092529
vt 0.499756 0.092773
vt 0.491699 0.094238
vt 0.492188 0.100342
vt 0.495605 0.102051
vt 0.501953 0.100586
vt 0.503662 0.097412
vt 0.509033 0.100098
vt 0.510498 0.103516
vt 0.516113 0.098145
vt 0.498535 0.107666
vt 0.494873 0.113281
vt 0.516602 0.101807
vt 0.523682 0.097168
vt 0.505371 0.111572
vt 0.510254 0.108887
vt 0.525146 0.103027
vt 0.528809 0.099365
vt 0.511719 0.113037
vt 0.519043 0.106201
vt 0.528564 0.105957
vt 0.530762 0.107422
vt 0.505859 0.117432
vt 0.522949 0.107666
vt 0.500977 0.114746
vt 0.512939 0.115479
vt 0.524902 0.111328
vt 0.520752 0.117676
vt 0.523682 0.116211
vt 0.527588 0.115479
vt 0.490234 0.116455
vt 0.489014 0.119873
vt 0.493408 0.122559
vt 0.482910 0.125977
vt 0.492432 0.129150
vt 0.480713 0.149902
vt 0.485352 0.112793
vt 0.483643 0.113770
vt 0.476318 0.112793
vt 0.903564 0.641846
vt 0.897705 0.646240
vt 0.892334 0.641846
vt 0.891602 0.644287
vt 0.885742 0.644287
vt 0.907471 0.644043
vt 0.898438 0.636719
vt 0.896484 0.636963
vt 0.896729 0.631104
vt 0.909180 0.617432
vt 0.905762 0.635254
vt 0.916504 0.610352
vt 0.916016 0.602783
vt 0.911133 0.637695
vt 0.924316 0.662354
vt 0.917969 0.611084
vt 0.921875 0.617188
vt 0.029541 0.974609
vt 0.024902 0.974121
vt 0.027100 0.971436
vt 0.021240 0.971680
vt 0.022217 0.975586
vt 0.026123 0.977295
vt 0.029297 0.975342
vt 0.034912 0.976562
vt 0.045166 0.975586
vt 0.765137 0.185059
vt 0.753174 0.200684
vt 0.754883 0.191162
vt 0.768066 0.219727
vt 0.763916 0.222900
vt 0.749756 0.202148
vt 0.762695 0.224854
vt 0.751465 0.194092
vt 0.749023 0.185303
vt 0.746338 0.203125
vt 0.755615 0.220703
vt 0.761719 0.231934
vt 0.747803 0.189941
vt 0.744385 0.195068
vt 0.742188 0.191650
vt 0.744873 0.185547
vt 0.742676 0.184570
vt 0.736328 0.186279
vt 0.732422 0.196045
vt 0.725586 0.188477
vt 0.728271 0.204834
vt 0.719971 0.194824
vt 0.718750 0.187988
vt 0.709717 0.185059
vt 0.708252 0.187500
vt 0.714600 0.195801
vt 0.704346 0.188965
vt 0.706787 0.193359
vt 0.695068 0.189941
vt 0.710205 0.198730
vt 0.693359 0.195801
vt 0.717285 0.199219
vt 0.713623 0.199707
vt 0.706055 0.199707
vt 0.693115 0.197998
vt 0.718994 0.206055
vt 0.712402 0.204102
vt 0.703125 0.201904
vt 0.692627 0.199707
vt 0.701660 0.203613
vt 0.696533 0.205322
vt 0.711182 0.206787
vt 0.709229 0.209961
vt 0.696289 0.209961
vt 0.712891 0.211670
vt 0.724365 0.210205
vt 0.720215 0.217773
vt 0.724854 0.222412
vt 0.719971 0.222900
vt 0.730225 0.223145
vt 0.727051 0.209229
vt 0.729736 0.207520
vt 0.738525 0.217285
vt 0.743896 0.230957
vt 0.744873 0.233398
vt 0.745117 0.205078
vt 0.744141 0.219727
vt 0.750000 0.229492
vt 0.756348 0.237549
vt 0.755859 0.240479
vt 0.754150 0.221436
vt 0.762451 0.241943
vt 0.754639 0.229736
vt 0.757324 0.233887
vt 0.761719 0.234375
vt 0.766846 0.240234
vt 0.762695 0.238525
vt 0.764893 0.243408
vt 0.770264 0.242920
vt 0.766113 0.245361
vt 0.770020 0.246826
vt 0.769775 0.251709
vt 0.637451 0.985596
vt 0.641357 0.992432
vt 0.634277 0.992432
vt 0.636230 0.998535
vt 0.641357 0.993164
vt 0.644531 0.993164
vt 0.641357 0.991699
vt 0.637695 0.984619
vt 0.642822 0.990967
vt 0.847900 0.233643
vt 0.829834 0.263184
vt 0.826660 0.210938
vt 0.848145 0.247559
vt 0.825684 0.272705
vt 0.824463 0.269531
vt 0.825195 0.974365
vt 0.827881 0.931152
vt 0.848633 0.966309
vt 0.827881 0.975830
vt 0.869141 0.973389
vt 0.867920 0.969727
vt 0.012695 0.083252
vt 0.012695 0.085449
vt 0.012207 0.085205
vt 0.010254 0.086914
vt 0.013672 0.083984
vt 0.015625 0.083984
vt 0.010742 0.087891
vt 0.006348 0.091553
vt 0.004395 0.088135
vt 0.000244 0.089111
vt 0.003906 0.093506
vt 0.004883 0.094238
vt 0.010986 0.097900
vt 0.004395 0.096436
vt 0.992920 0.423828
vt 0.993164 0.422607
vt 0.997314 0.419434
vt 0.987305 0.419922
vt 0.997314 0.420166
vt 0.989990 0.424072
vt 0.986572 0.419678
vt 0.992188 0.425537
vt 0.994385 0.424072
vt 0.990723 0.425781
vt 0.985352 0.424805
vt 0.988281 0.425293
vt 0.983398 0.427979
vt 0.987793 0.432861
vt 0.990479 0.427734
vt 0.994629 0.428223
vt 0.993652 0.429443
vt 0.994385 0.433105
vt 0.994141 0.428467
vt 0.998047 0.431152
vt 0.996338 0.432861
vt 0.148682 0.843262
vt 0.168701 0.836914
vt 0.149414 0.847168
vt 0.105225 0.842041
vt 0.149902 0.850830
vt 0.164551 0.847900
vt 0.094727 0.850342
vt 0.136230 0.883057
vt 0.112793 0.883789
vt 0.089844 0.847656
vt 0.093262 0.839844
vt 0.090088 0.858887
vt 0.102051 0.884033
vt 0.085449 0.858154
vt 0.875977 0.367432
vt 0.884521 0.367432
vt 0.879395 0.383301
vt 0.879639 0.323975
vt 0.872314 0.333008
vt 0.885254 0.325684
vt 0.278809 0.591064
vt 0.300537 0.568359
vt 0.303955 0.574951
vt 0.299805 0.582031
vt 0.337646 0.583008
vt 0.353027 0.594727
vt 0.352051 0.573730
vt 0.287109 0.577637
vt 0.302002 0.561035
vt 0.341797 0.604248
vt 0.296143 0.583984
vt 0.346924 0.599121
vt 0.355713 0.603027
vt 0.357422 0.595947
vt 0.357666 0.583740
vt 0.357666 0.575684
vt 0.336182 0.545654
vt 0.354980 0.554688
vt 0.316162 0.523438
vt 0.316895 0.535400
vt 0.312500 0.525879
vt 0.303223 0.512939
vt 0.300293 0.522217
vt 0.286865 0.536133
vt 0.287842 0.510010
vt 0.289795 0.503662
vt 0.293701 0.500244
vt 0.278320 0.478027
vt 0.280273 0.486572
vt 0.596436 0.213379
vt 0.570801 0.215332
vt 0.539307 0.194336
vt 0.518311 0.217285
vt 0.522949 0.208008
vt 0.969238 0.991699
vt 0.969971 0.995117
vt 0.968262 0.996582
vt 0.973389 0.996582
vt 0.510254 0.688721
vt 0.531006 0.696533
vt 0.508057 0.696045
vt 0.515137 0.700928
vt 0.510010 0.704346
vt 0.479004 0.707031
vt 0.474854 0.702148
vt 0.475586 0.697021
vt 0.535645 0.695801
vt 0.514648 0.686035
vt 0.544678 0.694336
vt 0.496338 0.677246
vt 0.500000 0.670166
vt 0.494141 0.668457
vt 0.487061 0.656494
vt 0.485352 0.659912
vt 0.487305 0.687744
vt 0.467529 0.656006
vt 0.468018 0.692383
vt 0.437988 0.705322
vt 0.424561 0.687744
vt 0.427734 0.699463
vt 0.008057 0.052490
vt 0.005371 0.029785
vt 0.035889 0.059082
vt 0.008301 0.076172
vt 0.061035 0.029785
vt 0.041260 0.060059
vt 0.403320 0.353027
vt 0.365479 0.374023
vt 0.359863 0.372070
vt 0.335449 0.384033
vt 0.362549 0.366699
vt 0.402344 0.350342
vt 0.324707 0.383789
vt 0.323975 0.390381
vt 0.319824 0.392334
vt 0.324707 0.378662
vt 0.320068 0.385010
vt 0.312012 0.396973
vt 0.352295 0.365723
vt 0.320068 0.372070
vt 0.345459 0.355225
vt 0.309326 0.373047
vt 0.315186 0.377930
vt 0.292725 0.381104
vt 0.301514 0.402588
vt 0.308350 0.405762
vt 0.295654 0.442383
vt 0.291748 0.452881
vt 0.300537 0.371826
vt 0.283936 0.375732
vt 0.296631 0.361572
vt 0.287598 0.363037
vt 0.280273 0.370850
vt 0.286621 0.356689
vt 0.282227 0.351074
vt 0.177734 0.678711
vt 0.156250 0.646484
vt 0.166748 0.622314
vt 0.154541 0.608643
vt 0.151855 0.625244
vt 0.151367 0.644775
vt 0.150635 0.691650
vt 0.155029 0.704834
vt 0.151611 0.708252
vt 0.153564 0.712646
vt 0.162354 0.716797
vt 0.160645 0.708984
vt 0.584473 0.882080
vt 0.575195 0.934570
vt 0.573730 0.868652
vt 0.596191 0.897949
vt 0.100830 0.054443
vt 0.089111 0.044189
vt 0.103027 0.053467
vt 0.084229 0.069092
vt 0.113770 0.033936
vt 0.072021 0.030518
vt 0.112793 0.027344
vt 0.063477 0.023926
vt 0.117432 0.024170
vt 0.016846 0.791016
vt 0.017334 0.789551
vt 0.019531 0.788574
vt 0.015869 0.788574
vt 0.016113 0.791016
vt 0.010254 0.789795
vt 0.742920 0.986816
vt 0.746582 0.981201
vt 0.743896 0.987793
vt 0.747803 0.980713
vt 0.748291 0.982666
vt 0.749023 0.986816
vt 0.749268 0.989990
vt 0.743896 0.988525
vt 0.750488 0.989014
vt 0.755615 0.989502
vt 0.748291 0.991699
vt 0.743896 0.997559
vt 0.259521 0.959717
vt 0.260010 0.962158
vt 0.258301 0.968262
vt 0.258301 0.961426
vt 0.981201 0.303711
vt 0.978516 0.304443
vt 0.971436 0.303955
vt 0.838135 0.340576
vt 0.835938 0.386719
vt 0.811768 0.349854
vt 0.810059 0.386475
vt 0.840088 0.399414
vt 0.831787 0.401367
vt 0.841553 0.407227
vt 0.798340 0.386230
vt 0.779297 0.042969
vt 0.775146 0.034424
vt 0.808105 0.037109
vt 0.817627 0.039795
vt 0.770508 0.047119
vt 0.761963 0.033936
vt 0.926758 0.991211
vt 0.934570 0.990967
vt 0.940186 0.991699
vt 0.927734 0.989990
vt 0.933838 0.989990
vt 0.927002 0.989258
vt 0.920898 0.994629
vt 0.934570 0.982422
vt 0.930664 0.979736
vt 0.937744 0.989014
vt 0.941406 0.984375
vt 0.942627 0.984619
vt 0.938477 0.982666
vt 0.930664 0.978760
vt 0.934814 0.981445
vt 0.931152 0.978516
vt 0.929688 0.974609
vt 0.928223 0.968750
vt 0.011230 0.515625
vt 0.016602 0.521973
vt 0.010498 0.515625
vt 0.002197 0.521484
vt 0.947998 0.988037
vt 0.948486 0.985596
vt 0.949219 0.988770
vt 0.947266 0.983154
vt 0.949219 0.983887
vt 0.947021 0.988525
vt 0.946777 0.990967
vt 0.948730 0.988770
vt 0.004150 0.104492
vt 0.006348 0.103271
vt 0.008545 0.104004
vt 0.005859 0.106689
vt 0.008545 0.102295
vt 0.011475 0.102051
vt 0.003418 0.103027
vt 0.005371 0.103516
vt 0.003906 0.104004
vt 0.904541 0.962402
vt 0.904297 0.970947
vt 0.900146 0.964111
vt 0.908447 0.959717
vt 0.913574 0.967773
vt 0.914307 0.958740
vt 0.922363 0.966797
vt 0.920654 0.967285
vt 0.913574 0.968994
vt 0.913574 0.970947
vt 0.916016 0.976318
vt 0.907471 0.970459
vt 0.902100 0.978271
vt 0.906738 0.979736
vt 0.912598 0.981934
vt 0.903809 0.979004
vt 0.899170 0.983154
vt 0.903564 0.987793
vt 0.906006 0.992432
vt 0.914062 0.983887
vt 0.917725 0.982910
vt 0.922852 0.983887
vt 0.915527 0.982910
vt 0.916748 0.988770
vt 0.921631 0.984863
vt 0.908691 0.992920
vt 0.913574 0.997803
vt 0.910400 0.996338
vt 0.990723 0.639648
vt 0.987305 0.636230
vt 0.993896 0.628418
vt 0.987305 0.637207
vt 0.999756 0.636719
vt 0.170166 0.026611
vt 0.168701 0.026123
vt 0.167236 0.017822
vt 0.922363 0.106689
vt 0.925293 0.103271
vt 0.928955 0.106201
vt 0.932129 0.098389
vt 0.922363 0.100342
vt 0.927002 0.096191
vt 0.930420 0.086182
vt 0.953369 0.093994
vt 0.923584 0.090576
vt 0.919922 0.091553
vt 0.917725 0.096680
vt 0.915527 0.091309
vt 0.907227 0.086182
vt 0.010742 0.699707
vt 0.006104 0.702637
vt 0.007324 0.700195
vt 0.012939 0.687744
vt 0.013184 0.698242
vt 0.016602 0.703125
vt 0.708252 0.849854
vt 0.712646 0.877686
vt 0.702393 0.858643
vt 0.714600 0.851318
vt 0.707520 0.878662
vt 0.696533 0.874512
vt 0.711182 0.906250
vt 0.688477 0.892090
vt 0.707275 0.911377
vt 0.718262 0.909912
vt 0.717773 0.860840
vt 0.716797 0.850586
vt 0.723633 0.880127
vt 0.720215 0.849121
vt 0.726074 0.908691
vt 0.721680 0.859619
vt 0.728760 0.844238
vt 0.727295 0.876709
vt 0.729004 0.894775
vt 0.728516 0.910889
vt 0.725586 0.913574
vt 0.730713 0.906738
vt 0.732666 0.839111
vt 0.743408 0.894287
vt 0.743652 0.912842
vt 0.744873 0.912842
vt 0.748535 0.913574
vt 0.748535 0.893066
vt 0.742432 0.875732
vt 0.733398 0.876465
vt 0.739014 0.875000
vt 0.738770 0.869141
vt 0.745361 0.857178
vt 0.735840 0.834961
vt 0.734863 0.834229
vt 0.668945 0.058838
vt 0.666504 0.063232
vt 0.665283 0.062744
vt 0.672852 0.059082
vt 0.663574 0.088623
vt 0.672363 0.074707
vt 0.670898 0.053467
vt 0.668213 0.055420
vt 0.666016 0.054443
vt 0.661865 0.049805
vt 0.660400 0.040527
vt 0.649414 0.036865
vt 0.673828 0.071533
vt 0.675293 0.056152
vt 0.673340 0.053711
vt 0.696289 0.053955
vt 0.674316 0.058838
vt 0.698730 0.057373
vt 0.699707 0.054443
vt 0.692871 0.069824
vt 0.689941 0.073486
vt 0.706299 0.074219
vt 0.714111 0.072266
vt 0.704590 0.053955
vt 0.704590 0.051758
vt 0.711914 0.057861
vt 0.715576 0.066406
vt 0.319092 0.012451
vt 0.319092 0.015381
vt 0.318848 0.015381
vt 0.319092 0.018311
vt 0.775146 0.992920
vt 0.776123 0.997803
vt 0.770996 0.992920
vt 0.771729 0.998047
vt 0.772217 0.992676
vt 0.769531 0.991699
vt 0.770996 0.997559
vt 0.780273 0.984863
vt 0.772949 0.983887
vt 0.767090 0.988281
vt 0.766602 0.996338
vt 0.769287 0.978271
vt 0.763184 0.989746
vt 0.762207 0.983154
vt 0.762207 0.986084
vt 0.753906 0.979980
vt 0.245117 0.700928
vt 0.241211 0.697021
vt 0.247559 0.698242
vt 0.242432 0.705078
vt 0.256104 0.708740
vt 0.252197 0.695801
vt 0.248047 0.707764
vt 0.243164 0.709717
vt 0.237061 0.705322
vt 0.256104 0.709229
vt 0.257568 0.709473
vt 0.253662 0.710938
vt 0.256592 0.728271
vt 0.261963 0.710693
vt 0.246094 0.712402
vt 0.239990 0.718506
vt 0.241455 0.726562
vt 0.231934 0.720215
vt 0.230957 0.705811
vt 0.231689 0.741943
vt 0.207275 0.705811
vt 0.228271 0.700684
vt 0.221436 0.732422
vt 0.223877 0.739502
vt 0.216797 0.732910
vt 0.210449 0.730957
vt 0.207520 0.753662
vt 0.197266 0.746338
vt 0.197266 0.764404
vt 0.206787 0.761475
vt 0.212402 0.764160
vt 0.208008 0.764404
vt 0.209473 0.766357
vt 0.203857 0.770752
vt 0.212891 0.766113
vt 0.218262 0.760498
vt 0.219238 0.766846
vt 0.234131 0.744629
vt 0.229736 0.778809
vt 0.235840 0.741455
vt 0.250000 0.748047
vt 0.248779 0.760498
vt 0.234863 0.780518
vt 0.255127 0.747070
vt 0.260986 0.733154
vt 0.268066 0.712158
vt 0.266357 0.737061
vt 0.271240 0.715332
vt 0.268799 0.735352
vt 0.260254 0.759766
vt 0.247803 0.774902
vt 0.236572 0.790771
vt 0.246826 0.779297
vt 0.265869 0.775879
vt 0.285156 0.747070
vt 0.293213 0.745117
vt 0.274170 0.767578
vt 0.275146 0.778320
vt 0.279541 0.755859
vt 0.289062 0.759521
vt 0.301270 0.749268
vt 0.302490 0.746826
vt 0.294678 0.749268
vt 0.301025 0.753906
vt 0.291504 0.754639
vt 0.296387 0.754883
vt 0.306396 0.761230
vt 0.292969 0.759033
vt 0.296875 0.763428
vt 0.287842 0.763672
vt 0.291992 0.773193
vt 0.277588 0.771484
vt 0.285156 0.775391
vt 0.288330 0.775879
vt 0.287354 0.785645
vt 0.282227 0.779785
vt 0.279785 0.780518
vt 0.286133 0.790283
vt 0.755371 0.005615
vt 0.753662 0.009033
vt 0.742676 0.010254
vt 0.743408 0.016602
vt 0.728760 0.018311
vt 0.743164 0.020264
vt 0.730713 0.010986
vt 0.721436 0.017578
vt 0.734131 0.005371
vt 0.663818 0.140869
vt 0.653076 0.148438
vt 0.660400 0.140869
vt 0.665039 0.143799
vt 0.656006 0.141357
vt 0.647949 0.149902
vt 0.655762 0.140625
vt 0.649902 0.140625
vt 0.660400 0.136475
vt 0.662842 0.136475
vt 0.663574 0.138428
vt 0.675537 0.135254
vt 0.681641 0.133545
vt 0.678223 0.140381
vt 0.673096 0.127197
vt 0.673828 0.111328
vt 0.679443 0.111816
vt 0.681152 0.125488
vt 0.693115 0.107178
vt 0.689697 0.131836
vt 0.687744 0.140381
vt 0.691895 0.127930
vt 0.699707 0.123291
vt 0.710205 0.123047
vt 0.699463 0.125977
vt 0.697266 0.133057
vt 0.139160 0.571533
vt 0.140137 0.559814
vt 0.142334 0.557373
vt 0.134766 0.562988
vt 0.136475 0.593994
vt 0.130371 0.555908
vt 0.138916 0.552002
vt 0.129639 0.541748
vt 0.140625 0.529297
vt 0.126465 0.530029
vt 0.147461 0.526367
vt 0.154053 0.527588
vt 0.136230 0.517578
vt 0.118896 0.523193
vt 0.123291 0.518311
vt 0.115234 0.520752
vt 0.112061 0.510254
vt 0.128418 0.514893
vt 0.130127 0.507324
vt 0.138428 0.507324
vt 0.135986 0.499023
vt 0.480713 0.160156
vt 0.489014 0.151367
vt 0.487305 0.163818
vt 0.505615 0.155518
vt 0.505615 0.166504
vt 0.487793 0.185059
vt 0.489258 0.179443
vt 0.508545 0.182617
vt 0.491699 0.182373
vt 0.488525 0.192871
vt 0.529297 0.167725
vt 0.509521 0.153076
vt 0.530029 0.162109
vt 0.484863 0.192383
vt 0.471680 0.180420
vt 0.475830 0.196777
vt 0.470215 0.160889
vt 0.472656 0.151855
vt 0.467773 0.195312
vt 0.471680 0.200684
vt 0.457520 0.191895
vt 0.457764 0.183838
vt 0.463867 0.177979
vt 0.456055 0.175049
vt 0.462646 0.168945
vt 0.464111 0.159912
vt 0.456787 0.150635
vt 0.457764 0.156982
vt 0.858154 0.063721
vt 0.864990 0.072021
vt 0.853516 0.060791
vt 0.862793 0.053955
vt 0.860107 0.074951
vt 0.866943 0.074951
vt 0.874023 0.067627
vt 0.852539 0.081055
vt 0.875488 0.072510
vt 0.868896 0.102051
vt 0.853760 0.107178
vt 0.861816 0.112305
vt 0.875977 0.094971
vt 0.878418 0.089600
vt 0.873779 0.081055
vt 0.871338 0.075439
vt 0.069092 0.909668
vt 0.064209 0.910889
vt 0.068115 0.903809
vt 0.055908 0.905518
vt 0.075684 0.914795
vt 0.086914 0.908203
vt 0.094727 0.885010
vt 0.073975 0.894287
vt 0.086914 0.885986
vt 0.057373 0.899414
vt 0.070801 0.889648
vt 0.071045 0.871826
vt 0.066406 0.875488
vt 0.054199 0.884277
vt 0.054932 0.867920
vt 0.055420 0.858887
vt 0.040771 0.905029
vt 0.046875 0.911377
vt 0.020508 0.901855
vt 0.013916 0.892334
vt 0.041992 0.866943
vt 0.033691 0.852539
vt 0.046875 0.877686
vt 0.029785 0.875000
vt 0.016113 0.867432
vt 0.034912 0.876953
vt 0.047119 0.888916
vt 0.035400 0.887207
vt 0.030518 0.886230
vt 0.022217 0.885498
vt 0.032715 0.896484
vt 0.819092 0.519287
vt 0.806885 0.521240
vt 0.813721 0.513184
vt 0.815918 0.481445
vt 0.821533 0.477051
vt 0.802734 0.513672
vt 0.797363 0.516846
vt 0.798096 0.527832
vt 0.818115 0.472656
vt 0.824707 0.466309
vt 0.815918 0.453125
vt 0.802979 0.467529
vt 0.794189 0.451416
vt 0.803955 0.477539
vt 0.806152 0.472900
vt 0.796387 0.480225
vt 0.791992 0.469482
vt 0.787109 0.466309
vt 0.786865 0.470215
vt 0.788818 0.483887
vt 0.780273 0.478760
vt 0.777100 0.468994
vt 0.784668 0.507568
vt 0.786377 0.513672
vt 0.791748 0.519043
vt 0.791260 0.523438
vt 0.791016 0.531738
vt 0.784668 0.522705
vt 0.785889 0.532715
vt 0.777832 0.505859
vt 0.776855 0.513672
vt 0.769531 0.502197
vt 0.775391 0.481445
vt 0.760010 0.496338
vt 0.769287 0.476562
vt 0.774658 0.476318
vt 0.770020 0.469482
vt 0.307129 0.206787
vt 0.316162 0.206299
vt 0.307129 0.214355
vt 0.319336 0.212402
vt 0.298584 0.202637
vt 0.325684 0.197998
vt 0.313965 0.188721
vt 0.307129 0.190674
vt 0.293945 0.194824
vt 0.291504 0.201416
vt 0.291748 0.186035
vt 0.307373 0.184814
vt 0.290039 0.177002
vt 0.332764 0.187744
vt 0.337402 0.208252
vt 0.344238 0.218262
vt 0.343262 0.200684
vt 0.344238 0.183838
vt 0.351318 0.206299
vt 0.351562 0.214355
vt 0.360107 0.197021
vt 0.357422 0.176270
vt 0.362549 0.177979
vt 0.367676 0.172363
vt 0.945312 0.549316
vt 0.951416 0.536377
vt 0.950928 0.550049
vt 0.944092 0.553711
vt 0.956299 0.558838
vt 0.969482 0.555176
vt 0.967773 0.533203
vt 0.952637 0.530762
vt 0.970215 0.530273
vt 0.947754 0.533691
vt 0.943604 0.537354
vt 0.971191 0.522217
vt 0.948242 0.521484
vt 0.946045 0.527344
vt 0.934814 0.519531
vt 0.945068 0.518311
vt 0.940186 0.187256
vt 0.940186 0.201416
vt 0.929443 0.193115
vt 0.950439 0.186523
vt 0.956543 0.207275
vt 0.960205 0.184814
vt 0.952393 0.177979
vt 0.948730 0.183105
vt 0.948242 0.165771
vt 0.931641 0.181152
vt 0.928711 0.178223
vt 0.937744 0.182129
vt 0.941650 0.173584
vt 0.938721 0.176514
vt 0.934814 0.174072
vt 0.933105 0.168945
vt 0.926025 0.164307
vt 0.938721 0.162598
vt 0.926025 0.158691
vt 0.971924 0.091553
vt 0.967529 0.085938
vt 0.969971 0.086182
vt 0.975098 0.074707
vt 0.979004 0.079346
vt 0.960205 0.084717
vt 0.960205 0.090820
vt 0.955811 0.087646
vt 0.950928 0.074707
vt 0.943848 0.082764
vt 0.949219 0.072266
vt 0.973633 0.071777
vt 0.977539 0.072998
vt 0.776855 0.010010
vt 0.791992 0.019775
vt 0.780518 0.019043
vt 0.764648 0.018799
vt 0.760010 0.006104
vt 0.776123 0.005127
vt 0.296387 0.982422
vt 0.303955 0.977051
vt 0.324219 0.973145
vt 0.297363 0.977051
vt 0.275146 0.966797
vt 0.290771 0.987305
vt 0.293701 0.996826
vt 0.711182 0.305664
vt 0.712646 0.284912
vt 0.721436 0.282959
vt 0.720459 0.277832
vt 0.710938 0.278076
vt 0.708496 0.270752
vt 0.703857 0.275391
vt 0.702393 0.266602
vt 0.715820 0.267090
vt 0.705566 0.261475
vt 0.700439 0.261475
vt 0.696289 0.246582
vt 0.712646 0.265869
vt 0.707764 0.259277
vt 0.721436 0.271729
vt 0.725342 0.276123
vt 0.728027 0.269531
vt 0.717285 0.258789
vt 0.723389 0.260986
vt 0.733154 0.265869
vt 0.738525 0.236572
vt 0.714600 0.255127
vt 0.714111 0.252686
vt 0.703857 0.240479
vt 0.697266 0.224609
vt 0.687744 0.230225
vt 0.587891 0.273193
vt 0.604492 0.270264
vt 0.599854 0.279053
vt 0.605957 0.275146
vt 0.589355 0.276367
vt 0.582520 0.278564
vt 0.586426 0.290039
vt 0.612061 0.284912
vt 0.589111 0.297607
vt 0.597412 0.288574
vt 0.591064 0.285156
vt 0.595215 0.287354
vt 0.589600 0.309570
vt 0.624512 0.292725
vt 0.607178 0.302979
vt 0.614258 0.306396
vt 0.597656 0.322998
vt 0.588867 0.319336
vt 0.582764 0.345703
vt 0.590088 0.343506
vt 0.591797 0.351807
vt 0.604980 0.316895
vt 0.604004 0.329834
vt 0.608643 0.334961
vt 0.610596 0.323486
vt 0.619385 0.313477
vt 0.634521 0.305176
vt 0.630127 0.296875
vt 0.636475 0.297119
vt 0.635010 0.299316
vt 0.635742 0.307617
vt 0.642822 0.301514
vt 0.663330 0.286377
vt 0.661133 0.297363
vt 0.673584 0.290039
vt 0.020264 0.659424
vt 0.024170 0.639404
vt 0.029053 0.653809
vt 0.028809 0.660156
vt 0.012207 0.683350
vt 0.031982 0.635986
vt 0.008545 0.676270
vt 0.003906 0.676514
vt 0.007812 0.655762
vt 0.016846 0.651367
vt 0.012451 0.649170
vt 0.004395 0.641846
vt 0.016357 0.642090
vt 0.008789 0.637207
vt 0.002197 0.626465
vt 0.021973 0.630371
vt 0.011719 0.626709
vt 0.006836 0.623047
vt 0.026855 0.626709
vt 0.038574 0.629639
vt 0.024414 0.622559
vt 0.009766 0.620850
vt 0.004150 0.618408
vt 0.903564 0.044189
vt 0.920410 0.047119
vt 0.906006 0.049805
vt 0.916748 0.056396
vt 0.904785 0.033936
vt 0.923584 0.058350
vt 0.913330 0.060791
vt 0.921631 0.037109
vt 0.920166 0.034180
vt 0.940186 0.031006
vt 0.936523 0.043457
vt 0.926514 0.055664
vt 0.938477 0.054688
vt 0.939209 0.058350
vt 0.938477 0.064209
vt 0.923096 0.063477
vt 0.937744 0.068359
vt 0.928711 0.067871
vt 0.927734 0.076172
vt 0.938721 0.079834
vt 0.925293 0.068115
vt 0.921875 0.071289
vt 0.412598 0.080322
vt 0.416260 0.081787
vt 0.404297 0.082275
vt 0.402832 0.080078
vt 0.402100 0.088135
vt 0.412598 0.086914
vt 0.412354 0.093262
vt 0.397217 0.098389
vt 0.394043 0.080811
vt 0.393799 0.104736
vt 0.382324 0.098145
vt 0.386963 0.077393
vt 0.381592 0.079346
vt 0.375488 0.096436
vt 0.371094 0.109619
vt 0.392334 0.108643
vt 0.388184 0.124756
vt 0.381104 0.128174
vt 0.359131 0.117432
vt 0.365479 0.107910
vt 0.363037 0.111328
vt 0.361328 0.109375
vt 0.373047 0.975830
vt 0.358398 0.968994
vt 0.359863 0.964355
vt 0.376221 0.970215
vt 0.381104 0.980957
vt 0.387451 0.980225
vt 0.379395 0.955566
vt 0.367432 0.955078
vt 0.367920 0.942871
vt 0.364014 0.954590
vt 0.360107 0.952393
vt 0.678467 0.638916
vt 0.672363 0.637939
vt 0.672363 0.630127
vt 0.660889 0.604492
vt 0.665283 0.629639
vt 0.648682 0.620361
vt 0.657227 0.638428
vt 0.658203 0.609863
vt 0.635254 0.586914
vt 0.645508 0.587646
vt 0.636475 0.581055
vt 0.667236 0.601074
vt 0.672363 0.608398
vt 0.649414 0.585693
vt 0.662842 0.589600
vt 0.675049 0.599365
vt 0.678223 0.603027
vt 0.682617 0.593994
vt 0.672119 0.597168
vt 0.676758 0.588135
vt 0.682129 0.586182
vt 0.676270 0.579346
vt 0.663574 0.582031
vt 0.677734 0.559814
vt 0.668945 0.565674
vt 0.671631 0.554932
vt 0.674072 0.551758
vt 0.669189 0.553223
vt 0.671631 0.550781
vt 0.684326 0.525879
vt 0.667725 0.547607
vt 0.676025 0.526611
vt 0.671631 0.522217
vt 0.660156 0.544678
vt 0.656250 0.539795
vt 0.647217 0.555664
vt 0.654053 0.562012
vt 0.645264 0.577637
vt 0.639648 0.570557
vt 0.657471 0.570557
vt 0.637695 0.575195
vt 0.631836 0.568115
vt 0.628906 0.572266
vt 0.625244 0.566895
vt 0.656250 0.579346
vt 0.660400 0.581299
vt 0.660156 0.575684
vt 0.969238 0.126465
vt 0.983398 0.132080
vt 0.980957 0.135254
vt 0.974609 0.124023
vt 0.983887 0.140869
vt 0.976318 0.162109
vt 0.950928 0.135742
vt 0.966064 0.124268
vt 0.957520 0.155029
vt 0.951904 0.147949
vt 0.973389 0.150146
vt 0.972412 0.160400
vt 0.960693 0.166748
vt 0.967041 0.158691
vt 0.964844 0.160889
vt 0.704834 0.953613
vt 0.687744 0.941162
vt 0.697510 0.944580
vt 0.711914 0.949463
vt 0.734619 0.941895
vt 0.719238 0.951660
vt 0.713623 0.961426
vt 0.718262 0.963867
vt 0.712158 0.965576
vt 0.702637 0.966797
vt 0.405029 0.026611
vt 0.397705 0.033447
vt 0.404053 0.022217
vt 0.410400 0.026855
vt 0.430176 0.025879
vt 0.383789 0.038818
vt 0.394043 0.050049
vt 0.438721 0.234375
vt 0.448242 0.237793
vt 0.431396 0.241211
vt 0.421387 0.247314
vt 0.449219 0.241455
vt 0.457275 0.240723
vt 0.427246 0.235107
vt 0.446777 0.221191
vt 0.448975 0.226807
vt 0.455322 0.236328
vt 0.468750 0.233398
vt 0.470215 0.241455
vt 0.455811 0.227783
vt 0.477051 0.213135
vt 0.478027 0.207275
vt 0.478516 0.219238
vt 0.481445 0.233643
vt 0.481689 0.242676
vt 0.487549 0.236328
vt 0.488281 0.250000
vt 0.489990 0.221436
vt 0.490479 0.213135
vt 0.510498 0.208984
vt 0.481934 0.200928
vt 0.040527 0.499268
vt 0.036377 0.524902
vt 0.032959 0.499023
vt 0.031250 0.492188
vt 0.032471 0.468018
vt 0.026855 0.468994
vt 0.025635 0.501465
vt 0.019775 0.470459
vt 0.012207 0.475098
vt 0.020020 0.502441
vt 0.031738 0.522949
vt 0.029541 0.536133
vt 0.024414 0.510742
vt 0.018311 0.510254
vt 0.011963 0.509277
vt 0.961914 0.475830
vt 0.939209 0.474365
vt 0.944092 0.470947
vt 0.944580 0.482422
vt 0.965332 0.482422
vt 0.941162 0.457031
vt 0.929932 0.448730
vt 0.929199 0.438477
vt 0.967041 0.461670
vt 0.960205 0.472412
vt 0.939941 0.443848
vt 0.963379 0.455566
vt 0.966064 0.444092
vt 0.942627 0.454102
vt 0.331055 0.998779
vt 0.330078 0.980469
vt 0.337158 0.996582
vt 0.320557 0.986084
vt 0.311768 0.997559
vt 0.318359 0.981445
vt 0.923340 0.598633
vt 0.935059 0.596680
vt 0.935059 0.607910
vt 0.934326 0.592529
vt 0.927246 0.593750
vt 0.930176 0.584717
vt 0.944824 0.589111
vt 0.954346 0.595215
vt 0.952637 0.604492
vt 0.928223 0.618896
vt 0.958252 0.606934
vt 0.958740 0.596436
vt 0.960938 0.623535
vt 0.948242 0.615723
vt 0.947266 0.625977
vt 0.956299 0.637695
vt 0.941650 0.635498
vt 0.923340 0.629883
vt 0.728760 0.090088
vt 0.733643 0.086670
vt 0.729980 0.098389
vt 0.722412 0.080566
vt 0.737305 0.100098
vt 0.717285 0.085449
vt 0.712402 0.078125
vt 0.721436 0.093262
vt 0.706299 0.084717
vt 0.713867 0.092041
vt 0.703857 0.079346
vt 0.696045 0.083740
vt 0.721436 0.098389
vt 0.711670 0.096924
vt 0.715576 0.103271
vt 0.714600 0.107910
vt 0.700439 0.088623
vt 0.692139 0.092529
vt 0.675049 0.093262
vt 0.682129 0.081543
vt 0.677002 0.087402
vt 0.949463 0.745850
vt 0.943359 0.756836
vt 0.921387 0.756348
vt 0.927002 0.764648
vt 0.914062 0.768799
vt 0.926025 0.769775
vt 0.931396 0.772949
vt 0.937256 0.791260
vt 0.946289 0.786865
vt 0.948730 0.790771
vt 0.938721 0.789062
vt 0.790527 0.846924
vt 0.786133 0.834717
vt 0.805176 0.837891
vt 0.803955 0.859375
vt 0.792969 0.864014
vt 0.787598 0.844727
vt 0.804688 0.828369
vt 0.810059 0.830566
vt 0.787354 0.809326
vt 0.776611 0.812500
vt 0.794678 0.810059
vt 0.788574 0.800537
vt 0.810059 0.824707
vt 0.820801 0.830566
vt 0.798828 0.804443
vt 0.790283 0.795898
vt 0.796631 0.794678
vt 0.811768 0.806885
vt 0.820557 0.818848
vt 0.815918 0.803711
vt 0.822021 0.798340
vt 0.905762 0.769775
vt 0.909180 0.781494
vt 0.905273 0.778076
vt 0.888428 0.780518
vt 0.891846 0.776855
vt 0.888672 0.766113
vt 0.909180 0.764893
vt 0.883301 0.774902
vt 0.885010 0.782227
vt 0.881592 0.784180
vt 0.880371 0.774658
vt 0.885986 0.753418
vt 0.911865 0.754150
vt 0.910156 0.739746
vt 0.886475 0.734863
vt 0.882080 0.731201
vt 0.293457 0.132324
vt 0.310059 0.112305
vt 0.314209 0.125000
vt 0.286865 0.113281
vt 0.292969 0.095215
vt 0.314209 0.104004
vt 0.318359 0.115234
vt 0.320801 0.124023
vt 0.330322 0.116211
vt 0.347412 0.111572
vt 0.316650 0.107422
vt 0.343262 0.103516
vt 0.351074 0.105469
vt 0.345947 0.098389
vt 0.329102 0.097168
vt 0.324951 0.101562
vt 0.315186 0.096191
vt 0.987549 0.059082
vt 0.994385 0.043945
vt 0.993408 0.062744
vt 0.997803 0.062256
vt 0.987305 0.071777
vt 0.995850 0.071533
vt 0.974365 0.299316
vt 0.969482 0.297607
vt 0.984619 0.291016
vt 0.995117 0.281982
vt 0.994629 0.299316
vt 0.991455 0.277588
vt 0.980713 0.286133
vt 0.967285 0.295898
vt 0.970947 0.288818
vt 0.987305 0.277832
vt 0.986816 0.273926
vt 0.978760 0.282715
vt 0.973633 0.283936
vt 0.985352 0.270264
vt 0.974365 0.280029
vt 0.980713 0.269287
vt 0.865479 0.913574
vt 0.872803 0.903320
vt 0.870605 0.916748
vt 0.864990 0.902344
vt 0.871094 0.923340
vt 0.876465 0.913574
vt 0.868652 0.892334
vt 0.881104 0.906006
vt 0.887695 0.916260
vt 0.873535 0.894531
vt 0.875244 0.867920
vt 0.866943 0.867920
vt 0.876953 0.888184
vt 0.888428 0.903809
vt 0.893799 0.916748
vt 0.891113 0.893311
vt 0.893555 0.903564
vt 0.666748 0.154785
vt 0.666504 0.157715
vt 0.650635 0.154541
vt 0.653809 0.165283
vt 0.681152 0.161133
vt 0.649902 0.162109
vt 0.640381 0.159912
vt 0.644531 0.164062
vt 0.643311 0.166260
vt 0.667480 0.194580
vt 0.668945 0.166992
vt 0.673828 0.162109
vt 0.674072 0.188965
vt 0.675049 0.201660
vt 0.676270 0.167969
vt 0.684082 0.195312
vt 0.681885 0.203613
vt 0.683105 0.172607
vt 0.693848 0.179932
vt 0.682129 0.166260
vt 0.704346 0.168213
vt 0.712891 0.177490
vt 0.718262 0.175293
vt 0.696533 0.149658
vt 0.671631 0.146240
vt 0.694824 0.145264
vt 0.705322 0.157959
vt 0.724609 0.156494
vt 0.703613 0.148438
vt 0.711670 0.140625
vt 0.719727 0.145508
vt 0.011230 0.382812
vt 0.035156 0.384033
vt 0.025391 0.385254
vt 0.027588 0.385498
vt 0.018066 0.389648
vt 0.221436 0.979980
vt 0.220947 0.980469
vt 0.220947 0.974365
vt 0.220703 0.981201
vt 0.790039 0.009277
vt 0.789307 0.009521
vt 0.789307 0.004883
vt 0.790283 0.004395
vt 0.784668 0.004395
vt 0.781494 0.005127
vt 0.781494 0.004395
vt 0.013916 0.163574
vt 0.019531 0.161133
vt 0.014648 0.163818
vt 0.015137 0.168213
vt 0.010010 0.167725
vt 0.010010 0.174805
vt 0.004883 0.167969
vt 0.009766 0.164307
vt 0.013428 0.163330
vt 0.009766 0.163574
vt 0.005127 0.164062
vt 0.006104 0.163330
vt 0.002197 0.160645
vt 0.004639 0.164062
vt 0.492188 0.913086
vt 0.532227 0.891113
vt 0.529053 0.906250
vt 0.495605 0.878174
vt 0.459473 0.890625
vt 0.510254 0.875977
vt 0.521973 0.860840
vt 0.523926 0.839844
vt 0.542236 0.878418
vt 0.538086 0.890625
vt 0.540771 0.914795
vt 0.548828 0.903320
vt 0.548828 0.896240
vt 0.552246 0.897705
vt 0.551270 0.903564
vt 0.556396 0.903076
vt 0.558838 0.906738
vt 0.566406 0.901611
vt 0.564697 0.906982
vt 0.828125 0.592529
vt 0.834961 0.591064
vt 0.837158 0.596680
vt 0.844482 0.600830
vt 0.842285 0.626709
vt 0.841553 0.594482
vt 0.859619 0.584229
vt 0.862793 0.593994
vt 0.863281 0.598145
vt 0.840088 0.583740
vt 0.860352 0.576660
vt 0.838379 0.576416
vt 0.832031 0.582031
vt 0.838379 0.561279
vt 0.436768 0.981934
vt 0.437744 0.974365
vt 0.440674 0.971436
vt 0.988525 0.170654
vt 0.994629 0.166260
vt 0.999512 0.172852
vt 0.410889 0.006836
vt 0.404785 0.009033
vt 0.405762 0.003418
vt 0.411133 0.016357
vt 0.405273 0.017334
vt 0.852539 0.008301
vt 0.851807 0.005615
vt 0.855957 0.007080
vt 0.854248 0.006348
vt 0.856445 0.005859
vt 0.858643 0.007324
vt 0.859131 0.008301
vt 0.860840 0.008545
vt 0.859619 0.005127
vt 0.863525 0.008545
vt 0.861572 0.014404
vt 0.863525 0.013428
vt 0.864746 0.010742
vt 0.864014 0.016602
vt 0.862305 0.019531
vt 0.865723 0.013428
vt 0.860107 0.016357
vt 0.860107 0.014648
vt 0.854736 0.016846
vt 0.858643 0.008789
vt 0.850098 0.017578
vt 0.855225 0.015381
vt 0.853760 0.009277
vt 0.869141 0.015381
vt 0.868896 0.013428
vt 0.872559 0.013428
vt 0.871094 0.011475
vt 0.876465 0.010742
vt 0.879150 0.012695
vt 0.877930 0.011230
vt 0.871826 0.009766
vt 0.875977 0.008545
vt 0.878418 0.008301
vt 0.879883 0.008301
vt 0.876709 0.005859
vt 0.875977 0.007080
vt 0.875977 0.005859
vt 0.871826 0.007324
vt 0.871094 0.008301
vt 0.870117 0.007080
vt 0.870605 0.005615
vt 0.867920 0.006592
vt 0.868408 0.008545
vt 0.865234 0.008057
vt 0.867676 0.005859
vt 0.864746 0.005859
vt 0.594727 0.994629
vt 0.597168 0.996582
vt 0.592529 0.995117
vt 0.597168 0.990479
vt 0.991699 0.480713
vt 0.991699 0.481934
vt 0.988525 0.482422
vt 0.992676 0.482666
vt 0.991699 0.865479
vt 0.990479 0.864990
vt 0.993164 0.861572
vt 0.995605 0.859619
vt 0.998535 0.863525
vt 0.995117 0.859375
vt 0.993164 0.858398
vt 0.992676 0.857666
vt 0.015869 0.464355
vt 0.013428 0.465088
vt 0.010254 0.463867
vt 0.004639 0.468506
vt 0.004395 0.463379
vt 0.020020 0.464600
vt 0.020264 0.464111
vt 0.002930 0.350342
vt 0.003906 0.350586
vt 0.001465 0.355713
vt 0.000244 0.349121
vt 0.002441 0.356201
vt 0.004395 0.350830
vt 0.006348 0.357422
vt 0.000977 0.360107
vt 0.007568 0.351562
vt 0.014160 0.353271
vt 0.016357 0.348633
vt 0.013428 0.359131
vt 0.006592 0.361572
vt 0.232666 0.034912
vt 0.222656 0.026123
vt 0.236572 0.030273
vt 0.237549 0.038818
vt 0.255127 0.027832
vt 0.256348 0.033203
vt 0.239502 0.045898
vt 0.259033 0.038086
vt 0.242188 0.049316
vt 0.235352 0.066650
vt 0.237549 0.069824
vt 0.678223 0.211914
vt 0.684326 0.219482
vt 0.675049 0.214600
vt 0.668945 0.206543
vt 0.665039 0.215332
vt 0.654785 0.206299
vt 0.689941 0.215820
vt 0.683838 0.225098
vt 0.674072 0.220947
vt 0.647217 0.213379
vt 0.646729 0.206543
vt 0.651123 0.187988
vt 0.638672 0.206787
vt 0.642822 0.197510
vt 0.628662 0.188477
vt 0.622559 0.198486
vt 0.631836 0.215576
vt 0.620605 0.225342
vt 0.621094 0.216797
vt 0.612793 0.225586
vt 0.614258 0.229492
vt 0.606689 0.224121
vt 0.956299 0.031250
vt 0.965332 0.035889
vt 0.952148 0.046143
vt 0.949463 0.038818
vt 0.953125 0.029785
vt 0.943115 0.042969
vt 0.946289 0.056641
vt 0.953857 0.060059
vt 0.947266 0.059082
vt 0.951416 0.064453
vt 0.942871 0.068848
vt 0.970459 0.041504
vt 0.979004 0.029053
vt 0.970947 0.055420
vt 0.975098 0.040039
vt 0.440430 0.995605
vt 0.437500 0.991211
vt 0.440674 0.991211
vt 0.437500 0.986572
vt 0.436523 0.990723
vt 0.977783 0.523926
vt 0.975830 0.525879
vt 0.976562 0.521484
vt 0.988281 0.525635
vt 0.993652 0.521729
vt 0.951172 0.305908
vt 0.945312 0.304688
vt 0.951416 0.302490
vt 0.958740 0.304688
vt 0.945557 0.307861
vt 0.942139 0.310303
vt 0.951172 0.299561
vt 0.951416 0.299316
vt 0.959229 0.301514
vt 0.966309 0.303955
vt 0.959961 0.298828
vt 0.960205 0.298096
vt 0.945312 0.302246
vt 0.941162 0.306885
vt 0.951172 0.296387
vt 0.952881 0.295654
vt 0.952637 0.292969
vt 0.961914 0.292236
vt 0.951172 0.295654
vt 0.947754 0.297607
vt 0.963867 0.284912
vt 0.952637 0.288818
vt 0.953857 0.281982
vt 0.968994 0.277100
vt 0.953125 0.279785
vt 0.951904 0.271240
vt 0.945312 0.299805
vt 0.944580 0.299316
vt 0.944336 0.300049
vt 0.942627 0.301514
vt 0.939209 0.304443
vt 0.997070 0.009277
vt 0.999023 0.014893
vt 0.996094 0.014648
vt 0.998047 0.020508
vt 1.000000 0.015625
vt 0.993652 0.919434
vt 0.987793 0.941406
vt 0.987549 0.916260
vt 0.871826 0.721680
vt 0.845947 0.733887
vt 0.862061 0.707764
vt 0.871826 0.718750
vt 0.884766 0.710693
vt 0.895020 0.724365
vt 0.875488 0.726318
vt 0.856201 0.737793
vt 0.842529 0.739502
vt 0.839111 0.738525
vt 0.987549 0.726562
vt 0.984375 0.717773
vt 0.988037 0.718262
vt 0.992920 0.703613
vt 0.984375 0.708984
vt 0.981201 0.708496
vt 0.975586 0.703857
vt 0.649414 0.112549
vt 0.655518 0.128174
vt 0.652588 0.134033
vt 0.653564 0.117676
vt 0.647217 0.109619
vt 0.658936 0.096191
vt 0.660645 0.103516
vt 0.650146 0.098877
vt 0.646240 0.103516
vt 0.640869 0.114502
vt 0.641357 0.105957
vt 0.638916 0.098145
vt 0.652832 0.089600
vt 0.656494 0.078369
vt 0.648926 0.087402
vt 0.629150 0.078369
vt 0.648193 0.076416
vt 0.657715 0.073730
vt 0.650146 0.071777
vt 0.373291 0.161621
vt 0.391113 0.165527
vt 0.375732 0.166504
vt 0.396240 0.172119
vt 0.372070 0.173828
vt 0.395508 0.179688
vt 0.408447 0.166748
vt 0.416016 0.178223
vt 0.410400 0.170898
vt 0.425537 0.169922
vt 0.428467 0.164551
vt 0.435547 0.175293
vt 0.440918 0.166504
vt 0.448975 0.165771
vt 0.635254 0.836670
vt 0.635986 0.834229
vt 0.653809 0.828613
vt 0.637451 0.821045
vt 0.631348 0.820068
vt 0.652100 0.813232
vt 0.670166 0.821533
vt 0.634521 0.818115
vt 0.630127 0.812988
vt 0.628418 0.816162
vt 0.641602 0.806396
vt 0.647705 0.811279
vt 0.666016 0.802979
vt 0.661621 0.800781
vt 0.660400 0.791992
vt 0.669434 0.814453
vt 0.685547 0.823486
vt 0.673584 0.791260
vt 0.686523 0.786865
vt 0.684570 0.782227
vt 0.681641 0.779785
vt 0.680420 0.772705
vt 0.670410 0.772949
vt 0.681396 0.763916
vt 0.677979 0.748047
vt 0.683594 0.769775
vt 0.684082 0.774414
vt 0.686035 0.770996
vt 0.687988 0.768799
vt 0.302734 0.348145
vt 0.286133 0.336914
vt 0.291504 0.334473
vt 0.285156 0.329834
vt 0.290283 0.329834
vt 0.294678 0.330811
vt 0.290039 0.326904
vt 0.297607 0.326416
vt 0.293945 0.320801
vt 0.300293 0.324463
vt 0.290527 0.318359
vt 0.291260 0.314209
vt 0.284912 0.323730
vt 0.288086 0.311768
vt 0.290039 0.303223
vt 0.285400 0.321045
vt 0.285889 0.305176
vt 0.285156 0.297852
vt 0.283691 0.310791
vt 0.280273 0.302979
vt 0.280518 0.311279
vt 0.279053 0.321045
vt 0.278564 0.323730
vt 0.281250 0.325684
vt 0.271240 0.322998
vt 0.280029 0.328125
vt 0.256592 0.333740
vt 0.257324 0.338867
vt 0.261719 0.362549
vt 0.256348 0.339844
vt 0.253418 0.326904
vt 0.266602 0.320068
vt 0.250000 0.324219
vt 0.276123 0.317627
vt 0.245850 0.310303
vt 0.276123 0.311035
vt 0.272705 0.303711
vt 0.259277 0.299561
vt 0.238281 0.307373
vt 0.238037 0.297852
vt 0.225342 0.304932
vt 0.223633 0.300781
vt 0.264893 0.290039
vt 0.286133 0.289551
vt 0.286621 0.294678
vt 0.299805 0.284180
vt 0.290039 0.295654
vt 0.284912 0.288086
vt 0.267334 0.287598
vt 0.268799 0.273926
vt 0.244873 0.293701
vt 0.230957 0.267822
vt 0.260986 0.260498
vt 0.237305 0.294434
vt 0.231689 0.291016
vt 0.232910 0.281006
vt 0.229492 0.281006
vt 0.011475 0.247070
vt 0.016113 0.262207
vt 0.013184 0.263916
vt 0.007812 0.251221
vt 0.000488 0.247070
vt 0.010010 0.239502
vt 0.017334 0.239990
vt 0.126709 0.942627
vt 0.104736 0.960449
vt 0.103760 0.945312
vt 0.096924 0.954590
vt 0.097168 0.958740
vt 0.090576 0.953125
vt 0.103760 0.964600
vt 0.090332 0.948486
vt 0.084473 0.953369
vt 0.082031 0.959961
vt 0.087158 0.960938
vt 0.089355 0.969482
vt 0.094727 0.971436
vt 0.093018 0.963135
vt 0.099609 0.970459
vt 0.102783 0.969238
vt 0.103271 0.973633
vt 0.100586 0.975098
vt 0.270264 0.184082
vt 0.275146 0.179932
vt 0.273682 0.182617
vt 0.268799 0.187744
vt 0.263184 0.183594
vt 0.272705 0.178711
vt 0.268555 0.177734
vt 0.263916 0.178467
vt 0.273926 0.175537
vt 0.269775 0.174316
vt 0.271240 0.170654
vt 0.287354 0.170410
vt 0.278076 0.170166
vt 0.273926 0.166748
vt 0.264893 0.163330
vt 0.291016 0.163574
vt 0.286621 0.163574
vt 0.284912 0.160645
vt 0.264404 0.158691
vt 0.300781 0.169189
vt 0.289795 0.158203
vt 0.283203 0.156738
vt 0.263428 0.152588
vt 0.300293 0.160400
vt 0.293701 0.153809
vt 0.314453 0.166992
vt 0.309814 0.175049
vt 0.303467 0.157471
vt 0.285156 0.153320
vt 0.289795 0.154297
vt 0.281738 0.152344
vt 0.287354 0.149658
vt 0.277588 0.147217
vt 0.272217 0.144043
vt 0.268066 0.146973
vt 0.283936 0.144287
vt 0.269775 0.138916
vt 0.263916 0.135742
vt 0.275635 0.136230
vt 0.287354 0.142822
vt 0.287842 0.136963
vt 0.295898 0.146484
vt 0.298096 0.139160
vt 0.304688 0.143555
vt 0.307373 0.133789
vt 0.302490 0.153320
vt 0.310059 0.135742
vt 0.313965 0.146973
vt 0.313232 0.137939
vt 0.316650 0.133789
vt 0.314697 0.141846
vt 0.319092 0.143311
vt 0.319336 0.147949
vt 0.336182 0.139893
vt 0.314697 0.149170
vt 0.329834 0.153320
vt 0.313232 0.156982
vt 0.330811 0.156250
vt 0.315674 0.158203
vt 0.334961 0.157471
vt 0.324707 0.164062
vt 0.011963 0.535645
vt 0.008545 0.532959
vt 0.014893 0.527588
vt 0.006592 0.535400
vt 0.016846 0.529297
vt 0.010254 0.538574
vt 0.001953 0.540039
vt 0.015625 0.537354
vt 0.014893 0.540527
vt 0.019775 0.537109
vt 0.019775 0.527832
vt 0.020264 0.540283
vt 0.024658 0.540771
vt 0.297852 0.005371
vt 0.306396 0.008057
vt 0.298828 0.016113
vt 0.295410 0.003906
vt 0.287842 0.002441
vt 0.313232 0.007080
vt 0.313721 0.010010
vt 0.314453 0.013184
vt 0.299561 0.016846
vt 0.296631 0.024170
vt 0.295410 0.026367
vt 0.870117 0.649414
vt 0.834229 0.646973
vt 0.848633 0.631836
vt 0.874268 0.646973
vt 0.861816 0.634766
vt 0.850586 0.623779
vt 0.868164 0.630859
vt 0.880615 0.641846
vt 0.856445 0.618896
vt 0.858887 0.617676
vt 0.880859 0.635986
vt 0.889648 0.622314
vt 0.863037 0.603760
vt 0.873535 0.606689
vt 0.891846 0.616943
vt 0.892822 0.624756
vt 0.886230 0.629639
vt 0.117188 0.256348
vt 0.135742 0.278076
vt 0.129150 0.278320
vt 0.136475 0.284912
vt 0.130859 0.283936
vt 0.133057 0.272217
vt 0.137695 0.277832
vt 0.125977 0.257324
vt 0.145020 0.280029
vt 0.130615 0.287842
vt 0.124756 0.290527
vt 0.138672 0.285400
vt 0.126953 0.295166
vt 0.122070 0.293213
vt 0.136963 0.295654
vt 0.129395 0.305420
vt 0.139893 0.295166
vt 0.154297 0.287109
vt 0.173340 0.280029
vt 0.171631 0.264893
vt 0.199219 0.275635
vt 0.178711 0.285889
vt 0.167969 0.295410
vt 0.140381 0.299316
vt 0.219482 0.261719
vt 0.215332 0.274170
vt 0.213623 0.278564
vt 0.200684 0.284424
vt 0.213623 0.285400
vt 0.205566 0.286865
vt 0.209473 0.286621
vt 0.206543 0.291016
vt 0.203857 0.294678
vt 0.183350 0.294189
vt 0.190186 0.298340
vt 0.203369 0.297852
vt 0.204346 0.300537
vt 0.209717 0.307617
vt 0.172119 0.299072
vt 0.172852 0.316406
vt 0.179932 0.321533
vt 0.203857 0.316895
vt 0.170166 0.316895
vt 0.165039 0.322021
vt 0.170654 0.329102
vt 0.152100 0.330811
vt 0.168213 0.332275
vt 0.149902 0.321289
vt 0.145996 0.334229
vt 0.144043 0.314941
vt 0.147217 0.326660
vt 0.143555 0.329346
vt 0.143555 0.324707
vt 0.142090 0.322754
vt 0.136475 0.330322
vt 0.141357 0.333984
vt 0.139893 0.323486
vt 0.116455 0.316650
vt 0.130859 0.311279
vt 0.123535 0.331543
vt 0.135986 0.303467
vt 0.119141 0.302490
vt 0.127441 0.332764
vt 0.118164 0.332764
vt 0.131592 0.344727
vt 0.137207 0.340332
vt 0.136230 0.348877
vt 0.129639 0.354980
vt 0.127930 0.351074
vt 0.125977 0.356201
vt 0.121338 0.351074
vt 0.117188 0.348633
vt 0.124756 0.351807
vt 0.123535 0.355225
vt 0.121826 0.358887
vt 0.122559 0.354492
vt 0.119385 0.355469
vt 0.116211 0.356934
vt 0.115967 0.351562
vt 0.712402 0.006104
vt 0.708496 0.002441
vt 0.709717 0.001221
vt 0.707520 0.004883
vt 0.705566 0.003174
vt 0.703857 0.004883
vt 0.704834 0.007812
vt 0.706543 0.009521
vt 0.712158 0.009277
vt 0.705566 0.010498
vt 0.713867 0.005371
vt 0.711426 0.000244
vt 0.713623 0.000732
vt 0.715088 0.004639
vt 0.720703 0.002930
vt 0.715332 0.006348
vt 0.714355 0.007324
vt 0.714844 0.009277
vt 0.716553 0.013916
vt 0.714355 0.015625
vt 0.712646 0.015137
vt 0.711670 0.012939
vt 0.704834 0.012451
vt 0.700684 0.013916
vt 0.996582 0.662598
vt 0.990479 0.659180
vt 0.990967 0.658691
vt 0.997314 0.661621
vt 0.999512 0.660889
vt 0.998535 0.656250
vt 0.991211 0.657959
vt 0.988770 0.656982
vt 0.989014 0.656738
vt 0.996338 0.664307
vt 0.990967 0.664307
vt 0.993164 0.667236
vt 0.989990 0.663818
vt 0.988525 0.667236
vt 0.989014 0.660645
vt 0.989258 0.664062
vt 0.180908 0.984375
vt 0.180420 0.979492
vt 0.181641 0.979736
vt 0.182617 0.980469
vt 0.181152 0.987793
vt 0.430420 0.928955
vt 0.418213 0.925537
vt 0.445801 0.888672
vt 0.464844 0.904297
vt 0.460205 0.912842
vt 0.434326 0.934570
vt 0.416016 0.932373
vt 0.428467 0.877930
vt 0.410645 0.925537
vt 0.403564 0.926758
vt 0.416992 0.912354
vt 0.421387 0.875244
vt 0.425537 0.876953
vt 0.424561 0.863281
vt 0.422119 0.859619
vt 0.390625 0.783447
vt 0.368652 0.799805
vt 0.374268 0.793213
vt 0.389648 0.837646
vt 0.399170 0.787354
vt 0.393066 0.844482
vt 0.369629 0.827637
vt 0.358887 0.809326
vt 0.357666 0.815186
vt 0.383301 0.843506
vt 0.374756 0.847412
vt 0.358887 0.826416
vt 0.387207 0.849854
vt 0.395996 0.845947
vt 0.399414 0.851318
vt 0.402588 0.850830
vt 0.403320 0.856689
vt 0.388672 0.861084
vt 0.402588 0.862061
vt 0.399658 0.865234
vt 0.381592 0.866211
vt 0.371826 0.858398
vt 0.352051 0.826660
vt 0.363525 0.854736
vt 0.341797 0.858398
vt 0.327148 0.866455
vt 0.321045 0.824219
vt 0.315918 0.852051
vt 0.078613 0.564941
vt 0.076416 0.593018
vt 0.073730 0.559082
vt 0.085938 0.604004
vt 0.072510 0.606201
vt 0.075684 0.611084
vt 0.077637 0.625977
vt 0.076172 0.648682
vt 0.089600 0.602783
vt 0.085938 0.560059
vt 0.127441 0.565674
vt 0.130127 0.582520
vt 0.579834 0.814453
vt 0.583984 0.821777
vt 0.574707 0.819824
vt 0.618896 0.810791
vt 0.593750 0.807373
vt 0.584961 0.803955
vt 0.570557 0.819092
vt 0.569580 0.830078
vt 0.571777 0.807617
vt 0.578125 0.800537
vt 0.568604 0.812500
vt 0.562256 0.819092
vt 0.553711 0.830566
vt 0.563965 0.802246
vt 0.557129 0.810547
vt 0.550537 0.816162
vt 0.549072 0.825684
vt 0.544922 0.826172
vt 0.540527 0.835693
vt 0.527100 0.829834
vt 0.512695 0.833984
vt 0.532227 0.817383
vt 0.540283 0.816895
vt 0.540771 0.810303
vt 0.531738 0.809570
vt 0.539307 0.796631
vt 0.535645 0.797852
vt 0.527100 0.783447
vt 0.542969 0.789795
vt 0.558838 0.804932
vt 0.558838 0.794189
vt 0.540283 0.783203
vt 0.553711 0.781982
vt 0.557617 0.773682
vt 0.568115 0.796143
vt 0.577148 0.793701
vt 0.587402 0.784912
vt 0.595703 0.786377
vt 0.601074 0.395264
vt 0.595947 0.391602
vt 0.619141 0.378906
vt 0.648926 0.366455
vt 0.645264 0.365234
vt 0.625488 0.371582
vt 0.639160 0.357422
vt 0.605469 0.359863
vt 0.591797 0.389160
vt 0.598877 0.411377
vt 0.567139 0.369873
vt 0.561279 0.354248
vt 0.563477 0.394287
vt 0.532959 0.359863
vt 0.521240 0.391357
vt 0.544678 0.411377
vt 0.360596 0.546143
vt 0.409912 0.521484
vt 0.385498 0.538086
vt 0.360596 0.551270
vt 0.347412 0.538086
vt 0.408691 0.525391
vt 0.415039 0.530273
vt 0.393799 0.551758
vt 0.408936 0.531250
vt 0.367920 0.587891
vt 0.397461 0.557129
vt 0.396729 0.571533
vt 0.373291 0.589600
vt 0.378174 0.592041
vt 0.357422 0.624756
vt 0.356934 0.620850
vt 0.355469 0.624268
vt 0.348877 0.641113
vt 0.361816 0.625244
vt 0.350830 0.641113
vt 0.383057 0.594238
vt 0.402100 0.571777
vt 0.389893 0.614746
vt 0.361816 0.628662
vt 0.349854 0.648438
vt 0.387207 0.624512
vt 0.392090 0.616455
vt 0.384521 0.622070
vt 0.587891 0.238037
vt 0.555420 0.245361
vt 0.544922 0.235352
vt 0.585938 0.241455
vt 0.522461 0.228027
vt 0.523682 0.226074
vt 0.564941 0.229736
vt 0.586670 0.230713
vt 0.534668 0.225586
vt 0.531738 0.222656
vt 0.500977 0.221924
vt 0.551270 0.222412
vt 0.577637 0.221191
vt 0.590820 0.219727
vt 0.594971 0.230957
vt 0.989502 0.251709
vt 0.989990 0.250732
vt 0.990479 0.251709
vt 0.987305 0.251953
vt 0.989258 0.253174
vt 0.990967 0.247070
vt 0.988525 0.248291
vt 0.993408 0.252930
vt 0.994141 0.251465
vt 0.993652 0.248047
vt 0.992676 0.246582
vt 0.995850 0.244385
vt 0.698975 0.986816
vt 0.691650 0.989990
vt 0.697998 0.985840
vt 0.700928 0.988281
vt 0.699951 0.983643
vt 0.701172 0.976318
vt 0.992188 0.236084
vt 0.997803 0.238525
vt 0.991699 0.239258
vt 0.994873 0.235352
vt 0.990967 0.236328
vt 0.989014 0.238037
vt 0.986328 0.241943
vt 0.988770 0.237305
vt 0.989990 0.234863
vt 0.044189 0.967773
vt 0.021973 0.966797
vt 0.043945 0.961670
vt 0.055664 0.964600
vt 0.067871 0.963379
vt 0.067383 0.968018
vt 0.046143 0.970947
vt 0.649902 0.418945
vt 0.631592 0.385742
vt 0.656006 0.392822
vt 0.664062 0.400146
vt 0.679199 0.414062
vt 0.671875 0.452637
vt 0.658203 0.474365
vt 0.670166 0.485596
vt 0.678223 0.468018
vt 0.673828 0.493652
vt 0.951904 0.850342
vt 0.953369 0.854980
vt 0.938477 0.847168
vt 0.923828 0.870361
vt 0.925781 0.824951
vt 0.002441 0.851074
vt 0.009277 0.851562
vt 0.008789 0.856445
vt 0.016357 0.853516
vt 0.027344 0.848877
vt 0.016113 0.856445
vt 0.008057 0.863281
vt 0.994629 0.787109
vt 0.995850 0.792236
vt 0.994629 0.788818
vt 0.989746 0.787109
vt 0.992188 0.784912
vt 0.988525 0.782471
vt 0.993896 0.782715
vt 0.995361 0.784668
vt 0.998779 0.784424
vt 0.998779 0.784180
vt 0.372314 0.046875
vt 0.377197 0.054443
vt 0.374023 0.053955
vt 0.382080 0.066650
vt 0.379639 0.065674
vt 0.359131 0.100830
vt 0.381348 0.051025
vt 0.375977 0.047119
vt 0.375488 0.042725
vt 0.382080 0.047119
vt 0.387451 0.062012
vt 0.386230 0.062988
vt 0.407471 0.066650
vt 0.404785 0.064209
vt 0.010742 0.003662
vt 0.005127 0.000732
vt 0.005371 0.000488
vt 0.014648 0.000488
vt 0.513672 0.992676
vt 0.513672 0.989502
vt 0.514893 0.990234
vt 0.247070 0.153320
vt 0.251953 0.146973
vt 0.258057 0.159912
vt 0.245117 0.150879
vt 0.240723 0.153564
vt 0.243652 0.163086
vt 0.243652 0.147461
vt 0.248779 0.145752
vt 0.247314 0.142578
vt 0.248779 0.137207
vt 0.243896 0.142090
vt 0.240479 0.141357
vt 0.234863 0.143799
vt 0.239014 0.137695
vt 0.240967 0.136230
vt 0.269775 0.125244
vt 0.268555 0.121582
vt 0.271484 0.113770
vt 0.269287 0.101562
vt 0.256836 0.098145
vt 0.245361 0.104004
vt 0.236816 0.118164
vt 0.235596 0.133057
vt 0.225586 0.133789
vt 0.230957 0.143555
vt 0.228516 0.127930
vt 0.219238 0.130859
vt 0.218018 0.133789
vt 0.217529 0.126709
vt 0.226318 0.128662
vt 0.229248 0.114258
vt 0.219971 0.110352
vt 0.211182 0.120117
vt 0.217773 0.100830
vt 0.233643 0.098633
vt 0.235352 0.111084
vt 0.227539 0.106445
vt 0.233154 0.106689
vt 0.236816 0.103516
vt 0.953369 0.220459
vt 0.935791 0.226074
vt 0.948730 0.215088
vt 0.950195 0.244385
vt 0.927002 0.229980
vt 0.922852 0.253418
vt 0.912109 0.241943
vt 0.925293 0.262695
vt 0.940674 0.267578
vt 0.949463 0.261230
vt 0.947266 0.266602
vt 0.937256 0.259033
vt 0.942139 0.249512
vt 0.233643 0.875732
vt 0.254150 0.852295
vt 0.257080 0.859863
vt 0.232666 0.862305
vt 0.244873 0.848877
vt 0.211914 0.886475
vt 0.224854 0.890869
vt 0.220459 0.873291
vt 0.210693 0.872070
vt 0.200195 0.886230
vt 0.223389 0.858398
vt 0.209229 0.864014
vt 0.225098 0.851562
vt 0.195068 0.884277
vt 0.196533 0.877197
vt 0.237061 0.843994
vt 0.238281 0.839111
vt 0.223145 0.847656
vt 0.235352 0.836182
vt 0.224609 0.843018
vt 0.211670 0.847656
vt 0.218750 0.840576
vt 0.209717 0.857666
vt 0.201660 0.854492
vt 0.203613 0.863525
vt 0.193359 0.872803
vt 0.198975 0.864746
vt 0.176270 0.846436
vt 0.173340 0.837646
vt 0.182617 0.841797
vt 0.199463 0.847656
vt 0.439453 0.474854
vt 0.454834 0.439453
vt 0.456055 0.475098
vt 0.446533 0.441895
vt 0.448975 0.431152
vt 0.456543 0.410645
vt 0.445312 0.435303
vt 0.440674 0.435059
vt 0.435303 0.439697
vt 0.430176 0.444092
vt 0.433838 0.478271
vt 0.431152 0.466309
vt 0.424316 0.439697
vt 0.440674 0.406982
vt 0.432617 0.426514
vt 0.426270 0.428467
vt 0.422119 0.438477
vt 0.420898 0.437744
vt 0.427979 0.424316
vt 0.431396 0.415527
vt 0.421631 0.408936
vt 0.426758 0.403809
vt 0.418701 0.402832
vt 0.458740 0.397217
vt 0.425049 0.401123
vt 0.413330 0.395020
vt 0.402100 0.399902
vt 0.405029 0.391846
vt 0.396729 0.393066
vt 0.419922 0.392822
vt 0.420166 0.386963
vt 0.426025 0.392578
vt 0.423096 0.391602
vt 0.430908 0.357666
vt 0.461914 0.386230
vt 0.465820 0.370117
vt 0.464355 0.386963
vt 0.473389 0.383545
vt 0.482666 0.356445
vt 0.488525 0.375977
vt 0.469727 0.388672
vt 0.472168 0.396240
vt 0.463623 0.394287
vt 0.465332 0.398682
vt 0.464355 0.401855
vt 0.462402 0.406982
vt 0.017822 0.602051
vt 0.016846 0.607910
vt 0.011719 0.600098
vt 0.008057 0.600342
vt 0.029053 0.592529
vt 0.016113 0.585693
vt 0.006104 0.590088
vt 0.031982 0.575195
vt 0.033203 0.587402
vt 0.042236 0.568604
vt 0.035645 0.565674
vt 0.022949 0.566895
vt 0.035400 0.541504
vt 0.021729 0.549072
vt 0.015381 0.570557
vt 0.006348 0.559082
vt 0.008789 0.573730
vt 0.039062 0.158447
vt 0.053467 0.158447
vt 0.043457 0.168213
vt 0.022705 0.167480
vt 0.061523 0.163330
vt 0.066895 0.160889
vt 0.034180 0.185303
vt 0.056641 0.175781
vt 0.069336 0.176025
vt 0.072754 0.176758
vt 0.081787 0.167480
vt 0.086914 0.186768
vt 0.069580 0.197510
vt 0.047363 0.176514
vt 0.064941 0.188965
vt 0.052734 0.189697
vt 0.042725 0.188232
vt 0.054199 0.196777
vt 0.046143 0.216553
vt 0.035400 0.215332
vt 0.041260 0.194092
vt 0.029053 0.199463
vt 0.027344 0.212646
vt 0.019531 0.207275
vt 0.021729 0.178467
vt 0.013916 0.185791
vt 0.016357 0.209473
vt 0.900635 0.359619
vt 0.900146 0.367676
vt 0.889404 0.363281
vt 0.896240 0.371826
vt 0.915527 0.345703
vt 0.892578 0.352783
vt 0.908691 0.356689
vt 0.916260 0.354004
vt 0.922607 0.341553
vt 0.916748 0.363281
vt 0.915771 0.373291
vt 0.907959 0.366943
vt 0.906006 0.374268
vt 0.900391 0.381104
vt 0.880615 0.393311
vt 0.904785 0.384521
vt 0.911377 0.379395
vt 0.918213 0.375732
vt 0.912842 0.389160
vt 0.917480 0.381592
vt 0.925537 0.385254
vt 0.920410 0.389404
vt 0.919189 0.393066
vt 0.924561 0.391357
vt 0.915039 0.415527
vt 0.907227 0.415771
vt 0.917480 0.407959
vt 0.929932 0.412354
vt 0.939209 0.427734
vt 0.939941 0.434082
vt 0.942627 0.412354
vt 0.949707 0.422852
vt 0.953369 0.423584
vt 0.950928 0.407471
vt 0.667236 0.992920
vt 0.660156 0.992188
vt 0.650391 0.976807
vt 0.645508 0.984375
vt 0.645264 0.975830
vt 0.646973 0.962646
vt 0.919189 0.136719
vt 0.913330 0.129639
vt 0.917480 0.129639
vt 0.915283 0.128906
vt 0.927734 0.110840
vt 0.907715 0.146729
vt 0.888428 0.138428
vt 0.899902 0.147217
vt 0.745117 0.149414
vt 0.764893 0.133789
vt 0.756836 0.144287
vt 0.764160 0.145996
vt 0.757080 0.150391
vt 0.744629 0.152588
vt 0.733643 0.149170
vt 0.733398 0.155273
vt 0.736572 0.158936
vt 0.743896 0.159424
vt 0.770508 0.162354
vt 0.770508 0.145508
vt 0.754395 0.153809
vt 0.756104 0.158447
vt 0.750732 0.158203
vt 0.761963 0.169434
vt 0.758057 0.176025
vt 0.791992 0.187500
vt 0.785889 0.172607
vt 0.796875 0.188721
vt 0.781494 0.145508
vt 0.791016 0.170654
vt 0.793945 0.157471
vt 0.781738 0.140381
vt 0.075195 0.940674
vt 0.079102 0.919434
vt 0.077393 0.943359
vt 0.063477 0.925781
vt 0.066406 0.941650
vt 0.063477 0.944336
vt 0.077637 0.966797
vt 0.383301 0.873291
vt 0.375244 0.879395
vt 0.378174 0.870605
vt 0.374268 0.872803
vt 0.385498 0.890869
vt 0.366943 0.880615
vt 0.373047 0.894531
vt 0.382568 0.902588
vt 0.372314 0.906982
vt 0.367432 0.895264
vt 0.339600 0.888672
vt 0.366699 0.908936
vt 0.378418 0.916992
vt 0.343262 0.895020
vt 0.342773 0.903076
vt 0.356201 0.918701
vt 0.340820 0.895020
vt 0.327881 0.887695
vt 0.338379 0.905273
vt 0.330566 0.910889
vt 0.332764 0.898193
vt 0.329834 0.901123
vt 0.324463 0.894531
vt 0.324463 0.905762
vt 0.321777 0.917725
vt 0.310791 0.903076
vt 0.903320 0.533691
vt 0.913574 0.533936
vt 0.914062 0.536621
vt 0.929932 0.517578
vt 0.925293 0.530518
vt 0.905518 0.551270
vt 0.898193 0.550537
vt 0.903809 0.559082
vt 0.918945 0.546143
vt 0.922363 0.544434
vt 0.938721 0.542969
vt 0.932861 0.554932
vt 0.921387 0.555664
vt 0.922607 0.565918
vt 0.940674 0.561523
vt 0.914307 0.564697
vt 0.917480 0.575439
vt 0.903320 0.567139
vt 0.052490 0.994385
vt 0.060791 0.993164
vt 0.059326 0.995850
vt 0.054932 0.975342
vt 0.082275 0.992188
vt 0.063477 0.976562
vt 0.075684 0.989502
vt 0.082764 0.975342
vt 0.083984 0.984863
vt 0.092773 0.976807
vt 0.086670 0.978027
vt 0.982422 0.882812
vt 0.994385 0.875488
vt 0.997803 0.892334
vt 0.988281 0.900879
vt 0.985107 0.899658
vt 0.980469 0.884277
vt 0.140137 0.933105
vt 0.135010 0.943604
vt 0.132080 0.936279
vt 0.140625 0.935547
vt 0.145996 0.935791
vt 0.138672 0.924316
vt 0.112793 0.935791
vt 0.109619 0.931396
vt 0.086670 0.943359
vt 0.130615 0.914307
vt 0.111084 0.921631
vt 0.120850 0.901123
vt 0.108643 0.908203
vt 0.105225 0.911377
vt 0.101074 0.923096
vt 0.102783 0.927979
vt 0.083496 0.937988
vt 0.015625 0.433105
vt 0.011475 0.433594
vt 0.014404 0.429199
vt 0.001221 0.428223
vt 0.003418 0.434082
vt 0.845215 0.762939
vt 0.843506 0.750977
vt 0.849609 0.749268
vt 0.826172 0.740967
vt 0.852295 0.764648
vt 0.856689 0.793213
vt 0.861328 0.757812
vt 0.858154 0.752686
vt 0.860352 0.746826
vt 0.872070 0.744629
vt 0.870361 0.750488
vt 0.863770 0.788574
vt 0.864990 0.799072
vt 0.882080 0.800049
vt 0.871582 0.785400
vt 0.869385 0.755859
vt 0.866699 0.765137
vt 0.879639 0.749512
vt 0.873291 0.774414
vt 0.875488 0.769775
vt 0.675049 0.009033
vt 0.676270 0.012695
vt 0.673828 0.009033
vt 0.676270 0.006104
vt 0.009277 0.199951
vt 0.010010 0.199463
vt 0.008789 0.202881
vt 0.009521 0.203369
vt 0.010742 0.201904
vt 0.008057 0.201660
vt 0.008789 0.197998
vt 0.007812 0.197021
vt 0.006104 0.199707
vt 0.008057 0.195312
vt 0.009033 0.196045
vt 0.994873 0.213867
vt 0.994873 0.216553
vt 0.990479 0.215820
vt 0.996582 0.218994
vt 0.993652 0.217773
vt 0.993164 0.219238
vt 0.990234 0.377197
vt 0.992920 0.377686
vt 0.992432 0.378662
vt 0.991699 0.375977
vt 0.992432 0.869385
vt 0.992920 0.870361
vt 0.990234 0.870117
vt 0.993652 0.730225
vt 0.993652 0.731689
vt 0.991455 0.731445
vt 0.764648 0.113281
vt 0.779053 0.103516
vt 0.778320 0.104736
vt 0.769531 0.113037
vt 0.762695 0.120605
vt 0.756592 0.101074
vt 0.750244 0.125977
vt 0.772705 0.129150
vt 0.744385 0.108398
vt 0.738525 0.126953
vt 0.739990 0.131592
vt 0.735596 0.127441
vt 0.732178 0.108154
vt 0.727295 0.117920
vt 0.721436 0.134277
vt 0.731689 0.137451
vt 0.729980 0.144287
vt 0.881104 0.120361
vt 0.884521 0.117432
vt 0.883545 0.130615
vt 0.875732 0.119629
vt 0.871094 0.126221
vt 0.866455 0.116699
vt 0.881104 0.134521
vt 0.857910 0.117432
vt 0.853027 0.123779
vt 0.854492 0.115967
vt 0.858887 0.130615
vt 0.871582 0.136719
vt 0.867676 0.140625
vt 0.855469 0.146729
vt 0.878174 0.149414
vt 0.884766 0.146973
vt 0.882324 0.173828
vt 0.874023 0.170410
vt 0.872803 0.175781
vt 0.878662 0.170898
vt 0.850830 0.799561
vt 0.852295 0.804443
vt 0.845215 0.805664
vt 0.836182 0.810547
vt 0.834961 0.805420
vt 0.846436 0.818359
vt 0.856689 0.825439
vt 0.858643 0.802979
vt 0.839355 0.823242
vt 0.835938 0.832031
vt 0.825928 0.813477
vt 0.844238 0.830078
vt 0.850830 0.835693
vt 0.842041 0.837158
vt 0.833740 0.839111
vt 0.851074 0.852783
vt 0.856201 0.861084
vt 0.846191 0.855225
vt 0.843506 0.861084
vt 0.015381 0.844971
vt 0.015625 0.845459
vt 0.010010 0.845459
vt 0.003174 0.292480
vt 0.009766 0.287354
vt 0.003174 0.294678
vt 0.016357 0.296631
vt 0.015381 0.297363
vt 0.003174 0.295654
vt 0.021484 0.300537
vt 0.023438 0.301270
vt 0.042969 0.001709
vt 0.052490 0.001465
vt 0.048828 0.002197
vt 0.055908 0.002441
vt 0.059570 0.001709
vt 0.063965 0.001709
vt 0.987305 0.840820
vt 0.998779 0.840820
vt 0.991699 0.849609
vt 0.806396 0.712891
vt 0.805420 0.702393
vt 0.810547 0.710205
vt 0.803955 0.706787
vt 0.811768 0.712402
vt 0.802979 0.709473
vt 0.797607 0.711670
vt 0.817627 0.707031
vt 0.812500 0.716309
vt 0.800293 0.718506
vt 0.798096 0.730957
vt 0.794189 0.726807
vt 0.794678 0.730713
vt 0.801514 0.727539
vt 0.805664 0.721680
vt 0.808838 0.720947
vt 0.817383 0.725098
vt 0.813477 0.715088
vt 0.822754 0.720215
vt 0.818359 0.734863
vt 0.816406 0.734863
vt 0.819824 0.738525
vt 0.810303 0.732910
vt 0.804688 0.735840
vt 0.814453 0.742676
vt 0.821289 0.747070
vt 0.815918 0.746338
vt 0.813477 0.739990
vt 0.799316 0.749512
vt 0.802002 0.743408
vt 0.794434 0.746338
vt 0.791016 0.744141
vt 0.786377 0.739014
vt 0.782959 0.745117
vt 0.796143 0.751221
vt 0.797363 0.755127
vt 0.799072 0.759033
vt 0.792725 0.750732
vt 0.791992 0.757324
vt 0.798340 0.762695
vt 0.779053 0.753174
vt 0.783203 0.759521
vt 0.786377 0.761719
vt 0.783691 0.761475
vt 0.793945 0.767822
vt 0.798584 0.768555
vt 0.781738 0.757324
vt 0.770752 0.758301
vt 0.767578 0.755371
vt 0.771973 0.749512
vt 0.772461 0.744873
vt 0.966064 0.918457
vt 0.962158 0.934326
vt 0.957275 0.926270
vt 0.974365 0.941406
vt 0.956055 0.923584
vt 0.945068 0.924316
vt 0.967529 0.916016
vt 0.978271 0.928223
vt 0.981934 0.918945
vt 0.216309 0.987305
vt 0.215820 0.991455
vt 0.211670 0.993652
vt 0.209229 0.989014
vt 0.210449 0.984619
vt 0.212891 0.980469
vt 0.208008 0.978760
vt 0.203613 0.989746
vt 0.213867 0.977051
vt 0.200684 0.986084
vt 0.197510 0.987793
vt 0.201904 0.980469
vt 0.205322 0.973633
vt 0.207520 0.969727
vt 0.190186 0.958740
vt 0.197266 0.969482
vt 0.189697 0.963379
vt 0.197998 0.976562
vt 0.188965 0.969727
vt 0.193604 0.979492
vt 0.192871 0.983398
vt 0.188232 0.994385
vt 0.191406 0.996826
vt 0.010986 0.458984
vt 0.007812 0.458008
vt 0.008789 0.458008
vt 0.987549 0.823975
vt 0.979736 0.822754
vt 0.992676 0.819580
vt 0.995361 0.814209
vt 0.995605 0.824707
vt 0.993896 0.264893
vt 0.975586 0.264893
vt 0.982910 0.260742
vt 0.990967 0.259277
vt 0.006348 0.371582
vt 0.005859 0.370605
vt 0.009766 0.367432
vt 0.004150 0.368652
vt 0.008301 0.893311
vt 0.009277 0.894531
vt 0.004150 0.896973
vt 0.009521 0.896973
vt 0.961914 0.875977
vt 0.960693 0.878174
vt 0.958740 0.875732
vt 0.965088 0.882812
vt 0.961670 0.881836
vt 0.958252 0.885254
vt 0.960938 0.887207
vt 0.955566 0.879639
vt 0.958496 0.888428
vt 0.952881 0.880127
vt 0.958252 0.870361
vt 0.954834 0.868652
vt 0.953369 0.870361
vt 0.951172 0.879883
vt 0.939453 0.889893
vt 0.953369 0.884033
vt 0.954102 0.885986
vt 0.935059 0.895508
vt 0.948486 0.890137
vt 0.938477 0.896240
vt 0.948242 0.908447
vt 0.961426 0.902100
vt 0.951660 0.915771
vt 0.333008 0.960693
vt 0.335205 0.960449
vt 0.338623 0.962646
vt 0.338867 0.961670
vt 0.332764 0.956787
vt 0.334473 0.955078
vt 0.328613 0.952881
vt 0.330811 0.953125
vt 0.328369 0.954834
vt 0.327637 0.958984
vt 0.323975 0.958984
vt 0.330078 0.966797
vt 0.322998 0.956299
vt 0.323242 0.959961
vt 0.327637 0.968994
vt 0.309082 0.968506
vt 0.309326 0.961670
vt 0.309326 0.963135
vt 0.300537 0.963379
vt 0.298584 0.968262
vt 0.298340 0.965088
vt 0.297363 0.963135
vt 0.293701 0.967773
vt 0.292236 0.967285
vt 0.302734 0.958740
vt 0.304688 0.957275
vt 0.306641 0.937500
vt 0.305908 0.933350
vt 0.322021 0.951416
vt 0.318604 0.933105
vt 0.333008 0.951904
vt 0.006836 0.913086
vt 0.008545 0.913818
vt 0.006348 0.913818
vt 0.989746 0.613525
vt 0.989258 0.612793
vt 0.992188 0.613281
vt 0.989258 0.614990
vt 0.995850 0.615234
vt 0.992676 0.607422
vt 0.782715 0.844727
vt 0.782959 0.856934
vt 0.772949 0.859131
vt 0.770508 0.858887
vt 0.782471 0.842773
vt 0.771484 0.866211
vt 0.773926 0.865967
vt 0.764160 0.866455
vt 0.762695 0.865234
vt 0.764893 0.871094
vt 0.761475 0.867920
vt 0.759521 0.864258
vt 0.757080 0.865479
vt 0.758057 0.868896
vt 0.754883 0.864746
vt 0.771240 0.874756
vt 0.760254 0.873779
vt 0.752930 0.871582
vt 0.756836 0.875732
vt 0.763184 0.880859
vt 0.756104 0.878906
vt 0.783203 0.893311
vt 0.778076 0.891113
vt 0.770752 0.879639
vt 0.777588 0.893799
vt 0.769287 0.882080
vt 0.766113 0.882568
vt 0.765869 0.896729
vt 0.776123 0.903076
vt 0.777344 0.906982
vt 0.766602 0.910400
vt 0.764648 0.907227
vt 0.762207 0.881592
vt 0.765381 0.916748
vt 0.762939 0.909180
vt 0.760742 0.882568
vt 0.762207 0.911133
vt 0.760254 0.904297
vt 0.786621 0.986816
vt 0.784424 0.986084
vt 0.787354 0.985596
vt 0.786621 0.989258
vt 0.788086 0.981445
vt 0.789551 0.986816
vt 0.790283 0.984619
vt 0.795166 0.983154
vt 0.793457 0.984619
vt 0.794678 0.985840
vt 0.790039 0.992188
vt 0.786865 0.998779
vt 0.791504 0.993652
vt 0.795166 0.991211
vt 0.010742 0.875488
vt 0.009277 0.879150
vt 0.007568 0.874512
vt 0.009766 0.869629
vt 0.006348 0.875488
vt 0.007568 0.878418
vt 0.002441 0.872559
vt 0.000977 0.874023
vt 0.010498 0.339111
vt 0.008789 0.340820
vt 0.006592 0.339355
vt 0.008789 0.342529
vt 0.014404 0.343018
vt 0.011963 0.339844
vt 0.005371 0.335693
vt 0.009033 0.334229
vt 0.001465 0.337402
vt 0.006348 0.333984
vt 0.003418 0.335205
vt 0.005859 0.330566
vt 0.007324 0.993652
vt 0.002197 0.988525
vt 0.006592 0.989990
vt 0.002686 0.985596
vt 0.001953 0.994141
vt 0.007568 0.995605
vt 0.001221 0.994629
vt 0.000977 0.989258
vt 0.000244 0.995117
vt 0.001709 0.986084
vt 0.002686 0.982910
vt 0.001709 0.981689
vt 0.000732 0.986572
vt 0.810791 0.298584
vt 0.812256 0.292480
vt 0.825195 0.296387
vt 0.830811 0.295898
vt 0.812500 0.289795
vt 0.834473 0.294678
vt 0.838623 0.300781
vt 0.832764 0.301514
vt 0.822266 0.304199
vt 0.805420 0.308594
vt 0.830566 0.301025
vt 0.806885 0.311035
vt 0.829834 0.303467
vt 0.831055 0.305420
vt 0.833008 0.309570
vt 0.819336 0.310059
vt 0.806885 0.312744
vt 0.830566 0.309326
vt 0.820557 0.322021
vt 0.822510 0.311279
vt 0.806885 0.314941
vt 0.798584 0.308350
vt 0.806641 0.328125
vt 0.799805 0.326904
vt 0.799561 0.335449
vt 0.811279 0.332764
vt 0.811279 0.335693
vt 0.799316 0.342285
vt 0.797119 0.342773
vt 0.801514 0.343994
vt 0.795410 0.350098
vt 0.796875 0.349854
vt 0.920166 0.507568
vt 0.914795 0.523682
vt 0.917480 0.509521
vt 0.916748 0.489258
vt 0.914551 0.513916
vt 0.914062 0.493896
vt 0.913086 0.521484
vt 0.909668 0.526123
vt 0.910400 0.523438
vt 0.911133 0.505615
vt 0.901367 0.497070
vt 0.912598 0.491699
vt 0.923340 0.475342
vt 0.907471 0.483887
vt 0.914551 0.479248
vt 0.912598 0.476807
vt 0.899170 0.491455
vt 0.907471 0.482910
vt 0.901123 0.480225
vt 0.894775 0.474854
vt 0.902344 0.475586
vt 0.870850 0.185547
vt 0.879150 0.202148
vt 0.869141 0.188965
vt 0.874512 0.202637
vt 0.874512 0.203369
vt 0.877441 0.208008
vt 0.864746 0.216309
vt 0.873779 0.225098
vt 0.866943 0.226562
vt 0.866211 0.187256
vt 0.863281 0.222656
vt 0.858887 0.231201
vt 0.861816 0.220947
vt 0.859619 0.222900
vt 0.862549 0.214844
vt 0.864990 0.198730
vt 0.856689 0.229248
vt 0.859619 0.241211
vt 0.857178 0.236328
vt 0.855469 0.229980
vt 0.851074 0.222656
vt 0.862305 0.200195
vt 0.848145 0.216309
vt 0.847412 0.222168
vt 0.857666 0.214355
vt 0.859375 0.214111
vt 0.857178 0.206055
vt 0.841064 0.208984
vt 0.841309 0.217285
vt 0.850830 0.193604
vt 0.863770 0.187500
vt 0.862305 0.184814
vt 0.841064 0.199219
vt 0.863525 0.179932
vt 0.865967 0.185303
vt 0.870605 0.183838
vt 0.871826 0.182861
vt 0.847412 0.193115
vt 0.846191 0.191895
vt 0.846191 0.193359
vt 0.860596 0.177490
vt 0.836670 0.196777
vt 0.846436 0.186035
vt 0.859619 0.174561
vt 0.829102 0.194092
vt 0.844482 0.182129
vt 0.856934 0.172363
vt 0.861328 0.169189
vt 0.857666 0.167236
vt 0.854492 0.170166
vt 0.842529 0.182129
vt 0.853516 0.172119
vt 0.829102 0.188721
vt 0.993164 0.993896
vt 0.993896 0.996582
vt 0.992432 0.995361
vt 0.987305 0.996826
vt 0.991211 0.994141
vt 0.989990 0.992676
vt 0.989502 0.993652
vt 0.987793 0.986328
vt 0.546387 0.001953
vt 0.545654 0.002686
vt 0.545410 0.001221
vt 0.544434 0.002930
vt 0.547852 0.008789
vt 0.543945 0.002441
vt 0.540771 0.007324
vt 0.537109 0.001221
vt 0.990967 0.555420
vt 0.985596 0.554443
vt 0.988770 0.553711
vt 0.974609 0.554932
vt 0.989258 0.550293
vt 0.985840 0.804199
vt 0.997803 0.802734
vt 0.979492 0.815430
vt 0.979492 0.786865
vt 0.996582 0.966797
vt 0.995850 0.987549
vt 0.991943 0.967773
vt 0.987549 0.969971
vt 0.964600 0.911621
vt 0.974854 0.882568
vt 0.970215 0.907715
vt 0.978516 0.910156
vt 0.992676 0.911865
vt 0.367188 0.022217
vt 0.345459 0.024658
vt 0.363037 0.017090
vt 0.358398 0.012939
vt 0.367676 0.010010
vt 0.362793 0.003174
vt 0.356689 0.008789
vt 0.356934 0.011719
vt 0.012451 0.499023
vt 0.006104 0.494629
vt 0.008545 0.484863
vt 0.008789 0.502197
vt 0.003418 0.492188
vt 0.001221 0.492432
vt 0.800049 0.070801
vt 0.796875 0.060547
vt 0.803467 0.059326
vt 0.808594 0.065186
vt 0.795654 0.099365
vt 0.794922 0.071777
vt 0.791260 0.102539
vt 0.787842 0.098389
vt 0.792236 0.062012
vt 0.792236 0.058105
vt 0.789307 0.057861
vt 0.808838 0.096436
vt 0.812500 0.066650
vt 0.813965 0.058350
vt 0.816162 0.064453
vt 0.819580 0.064209
vt 0.824463 0.058105
vt 0.825195 0.069824
vt 0.826416 0.060791
vt 0.830811 0.094482
vt 0.819336 0.102051
vt 0.827393 0.069580
vt 0.833252 0.077148
vt 0.831055 0.066162
vt 0.836182 0.061279
vt 0.837158 0.067383
vt 0.839111 0.072021
vt 0.833740 0.094238
vt 0.836670 0.076660
vt 0.848145 0.071777
vt 0.973145 0.672119
vt 0.963623 0.681396
vt 0.964844 0.678467
vt 0.983643 0.670410
vt 0.957764 0.667725
vt 0.979980 0.662598
vt 0.984131 0.657227
vt 0.976074 0.658691
vt 0.956543 0.648926
vt 0.394775 0.668701
vt 0.400635 0.675049
vt 0.398438 0.683838
vt 0.403320 0.671875
vt 0.394043 0.677002
vt 0.394775 0.683594
vt 0.387451 0.683350
vt 0.379150 0.676514
vt 0.379639 0.684082
vt 0.387695 0.664062
vt 0.377197 0.682861
vt 0.373779 0.671631
vt 0.366211 0.653564
vt 0.364502 0.654297
vt 0.365234 0.662109
vt 0.368164 0.677002
vt 0.376953 0.647705
vt 0.364502 0.652100
vt 0.377686 0.646240
vt 0.388672 0.657715
vt 0.401367 0.632080
vt 0.362793 0.653320
vt 0.343018 0.655273
vt 0.342773 0.656982
vt 0.322754 0.653809
vt 0.353027 0.668701
vt 0.339355 0.680176
vt 0.350586 0.679443
vt 0.364746 0.685547
vt 0.347900 0.688477
vt 0.330322 0.692871
vt 0.407715 0.645752
vt 0.406006 0.628662
vt 0.412598 0.666748
vt 0.405762 0.672119
vt 0.417480 0.643555
vt 0.426270 0.660400
vt 0.428467 0.658447
vt 0.439453 0.664551
vt 0.420898 0.645020
vt 0.422852 0.644287
vt 0.433105 0.658203
vt 0.445801 0.663574
vt 0.442139 0.655518
vt 0.436035 0.656738
vt 0.416992 0.619629
vt 0.434814 0.655762
vt 0.437988 0.648438
vt 0.433838 0.642578
vt 0.436035 0.632812
vt 0.430908 0.634766
vt 0.431641 0.626709
vt 0.437012 0.628174
vt 0.436279 0.632324
vt 0.994141 0.093506
vt 0.996094 0.102051
vt 0.988037 0.104492
vt 0.992188 0.087158
vt 0.996826 0.089844
vt 0.984375 0.083740
vt 0.983398 0.097412
vt 0.995605 0.076416
vt 0.266113 0.255859
vt 0.266357 0.251709
vt 0.279053 0.253906
vt 0.254883 0.245117
vt 0.239502 0.240967
vt 0.262451 0.234131
vt 0.252686 0.230957
vt 0.245117 0.234131
vt 0.283691 0.246094
vt 0.256348 0.226807
vt 0.286133 0.229980
vt 0.293701 0.238281
vt 0.300049 0.231445
vt 0.282227 0.221924
vt 0.302002 0.224609
vt 0.283203 0.218506
vt 0.267578 0.218018
vt 0.256104 0.221436
vt 0.240234 0.222656
vt 0.252441 0.217773
vt 0.260498 0.212158
vt 0.251709 0.212646
vt 0.268555 0.214111
vt 0.281250 0.213379
vt 0.252441 0.203613
vt 0.260986 0.201172
vt 0.269531 0.208008
vt 0.318848 0.220215
vt 0.333252 0.222168
vt 0.306152 0.230469
vt 0.315918 0.230713
vt 0.320312 0.232910
vt 0.314453 0.235107
vt 0.307129 0.234375
vt 0.301270 0.236328
vt 0.310547 0.239258
vt 0.918213 0.902832
vt 0.922363 0.890869
vt 0.923584 0.902832
vt 0.926514 0.894775
vt 0.924072 0.891602
vt 0.931152 0.888916
vt 0.928955 0.883789
vt 0.924316 0.878906
vt 0.934326 0.884766
vt 0.930176 0.875488
vt 0.937256 0.879150
vt 0.930420 0.874023
vt 0.942383 0.869385
vt 0.945068 0.874512
vt 0.947266 0.867676
vt 0.951416 0.573242
vt 0.949463 0.581787
vt 0.941895 0.575439
vt 0.925781 0.579590
vt 0.944824 0.566162
vt 0.953613 0.567139
vt 0.959961 0.571045
vt 0.955811 0.580078
vt 0.963379 0.592041
vt 0.010010 0.784180
vt 0.001953 0.768066
vt 0.006836 0.766846
vt 0.014893 0.784180
vt 0.011475 0.767090
vt 0.009766 0.761963
vt 0.018799 0.781982
vt 0.016357 0.765869
vt 0.019775 0.765625
vt 0.019531 0.762695
vt 0.450684 0.195312
vt 0.456787 0.199707
vt 0.449463 0.205566
vt 0.437988 0.199951
vt 0.444336 0.212891
vt 0.444336 0.192139
vt 0.449219 0.189941
vt 0.443115 0.187256
vt 0.432373 0.191162
vt 0.431885 0.202393
vt 0.423828 0.192139
vt 0.429199 0.215576
vt 0.445557 0.215576
vt 0.426025 0.202148
vt 0.421143 0.196777
vt 0.418213 0.195068
vt 0.431885 0.184326
vt 0.418213 0.197266
vt 0.418457 0.218994
vt 0.426025 0.228271
vt 0.419434 0.229492
vt 0.415283 0.197754
vt 0.416748 0.229248
vt 0.411621 0.246094
vt 0.414307 0.215088
vt 0.413330 0.228760
vt 0.403809 0.242432
vt 0.407959 0.228516
vt 0.404541 0.225098
vt 0.390869 0.243896
vt 0.392822 0.251221
vt 0.387939 0.253906
vt 0.389160 0.235107
vt 0.381104 0.242920
vt 0.387939 0.233398
vt 0.400146 0.224609
vt 0.409180 0.216309
vt 0.405273 0.218018
vt 0.387939 0.223633
vt 0.406982 0.207520
vt 0.402588 0.201172
vt 0.383057 0.208984
vt 0.399658 0.197266
vt 0.403564 0.188965
vt 0.382812 0.187256
vt 0.378662 0.193848
vt 0.383057 0.196289
vt 0.382812 0.201660
vt 0.365967 0.190430
vt 0.380615 0.207275
vt 0.377197 0.210449
vt 0.382568 0.216553
vt 0.383301 0.219971
vt 0.385742 0.223145
vt 0.384033 0.226562
vt 0.368652 0.212891
vt 0.378174 0.237549
vt 0.386475 0.229492
vt 0.254395 0.917969
vt 0.263428 0.921143
vt 0.248291 0.924316
vt 0.249023 0.917725
vt 0.245117 0.922852
vt 0.253418 0.911621
vt 0.248047 0.914307
vt 0.241455 0.912842
vt 0.244629 0.908936
vt 0.245850 0.905762
vt 0.261963 0.901855
vt 0.238525 0.900635
vt 0.258057 0.895264
vt 0.268311 0.894531
vt 0.265625 0.908447
vt 0.281494 0.899658
vt 0.281982 0.894531
vt 0.299072 0.902344
vt 0.281982 0.912598
vt 0.298096 0.911377
vt 0.270996 0.919434
vt 0.269775 0.922363
vt 0.284180 0.922363
vt 0.309570 0.920654
vt 0.269043 0.924316
vt 0.294189 0.924316
vt 0.891846 0.320557
vt 0.909424 0.328613
vt 0.907227 0.330322
vt 0.890137 0.321777
vt 0.910645 0.309814
vt 0.888428 0.321045
vt 0.904785 0.304199
vt 0.915771 0.306152
vt 0.890625 0.317383
vt 0.917725 0.302002
vt 0.891846 0.303223
vt 0.890381 0.293945
vt 0.911377 0.300781
vt 0.914062 0.298828
vt 0.894287 0.297119
vt 0.901123 0.291504
vt 0.907715 0.289062
vt 0.916504 0.288574
vt 0.904297 0.278076
vt 0.903809 0.281006
vt 0.896240 0.284180
vt 0.889160 0.280518
vt 0.893555 0.285156
vt 0.892822 0.290039
vt 0.892578 0.293945
vt 0.891846 0.298096
vt 0.400635 0.911621
vt 0.402100 0.897705
vt 0.406250 0.905762
vt 0.403809 0.898193
vt 0.404541 0.889648
vt 0.402832 0.890869
vt 0.402344 0.890381
vt 0.401611 0.887939
vt 0.394287 0.885010
vt 0.394043 0.883789
vt 0.402588 0.882324
vt 0.394287 0.880859
vt 0.399414 0.877197
vt 0.402100 0.879395
vt 0.407227 0.874756
vt 0.412354 0.861084
vt 0.414551 0.861816
vt 0.415039 0.855957
vt 0.425049 0.836182
vt 0.934326 0.795654
vt 0.931396 0.806641
vt 0.914551 0.798828
vt 0.911621 0.810303
vt 0.929199 0.812256
vt 0.902344 0.797607
vt 0.904053 0.813477
vt 0.890381 0.795410
vt 0.885742 0.805664
vt 0.894287 0.814453
vt 0.896973 0.818848
vt 0.971680 0.560059
vt 0.991699 0.562744
vt 0.992676 0.568604
vt 0.735840 0.565186
vt 0.720215 0.576172
vt 0.720459 0.572510
vt 0.731201 0.571533
vt 0.733154 0.559570
vt 0.738525 0.569336
vt 0.736328 0.574463
vt 0.740479 0.563232
vt 0.734619 0.538330
vt 0.738281 0.551514
vt 0.738525 0.535645
vt 0.755371 0.559814
vt 0.757812 0.540283
vt 0.758057 0.520020
vt 0.738525 0.512207
vt 0.759033 0.545166
vt 0.755127 0.570312
vt 0.768555 0.545410
vt 0.763672 0.524658
vt 0.762207 0.523682
vt 0.763916 0.513428
vt 0.761719 0.510742
vt 0.767578 0.515381
vt 0.770264 0.516846
vt 0.769531 0.524658
vt 0.775391 0.542236
vt 0.774414 0.520508
vt 0.777344 0.529785
vt 0.600830 0.004395
vt 0.601318 0.011719
vt 0.591553 0.023193
vt 0.618896 0.004883
vt 0.619141 0.018799
vt 0.442383 0.023682
vt 0.439453 0.043945
vt 0.436035 0.046631
vt 0.433838 0.031982
vt 0.441406 0.046875
vt 0.449463 0.044922
vt 0.442627 0.053467
vt 0.450684 0.051270
vt 0.428711 0.041016
vt 0.405762 0.057373
vt 0.426758 0.038086
vt 0.396973 0.057373
vt 0.975830 0.338135
vt 0.965576 0.326904
vt 0.973389 0.333740
vt 0.964355 0.323242
vt 0.968018 0.319580
vt 0.965088 0.317383
vt 0.962158 0.317627
vt 0.966553 0.308594
vt 0.948730 0.320068
vt 0.936035 0.321289
vt 0.937744 0.317871
vt 0.981689 0.598633
vt 0.995605 0.598633
vt 0.994141 0.602295
vt 0.989746 0.353760
vt 0.978760 0.350830
vt 0.993652 0.350586
vt 0.995605 0.333008
vt 0.980713 0.333008
vt 0.993896 0.327881
vt 0.725098 0.760742
vt 0.732910 0.762939
vt 0.731201 0.765137
vt 0.727295 0.745361
vt 0.711182 0.735107
vt 0.711426 0.758057
vt 0.709717 0.767334
vt 0.704590 0.771973
vt 0.729980 0.769043
vt 0.733887 0.765625
vt 0.740723 0.766846
vt 0.709229 0.769531
vt 0.723633 0.771729
vt 0.718018 0.787354
vt 0.724365 0.783936
vt 0.702148 0.788330
vt 0.698975 0.786621
vt 0.717773 0.789062
vt 0.699707 0.789551
vt 0.688721 0.802490
vt 0.690674 0.801758
vt 0.709473 0.791748
vt 0.717529 0.793945
vt 0.720703 0.797363
vt 0.708496 0.804932
vt 0.712158 0.811279
vt 0.704834 0.817627
vt 0.714111 0.818848
vt 0.449951 0.017334
vt 0.418457 0.017334
vt 0.447754 0.015137
vt 0.425537 0.149902
vt 0.418457 0.146484
vt 0.421875 0.139160
vt 0.424072 0.154785
vt 0.428955 0.154297
vt 0.428955 0.159912
vt 0.436768 0.151855
vt 0.441650 0.154053
vt 0.435303 0.146240
vt 0.443604 0.161133
vt 0.449219 0.159180
vt 0.445557 0.153809
vt 0.441895 0.150391
vt 0.445557 0.146973
vt 0.427246 0.137939
vt 0.446289 0.137207
vt 0.459961 0.143799
vt 0.434814 0.138916
vt 0.439697 0.118408
vt 0.459229 0.135010
vt 0.454590 0.117188
vt 0.465820 0.118408
vt 0.446533 0.119629
vt 0.449463 0.099854
vt 0.458496 0.108887
vt 0.436768 0.102783
vt 0.434570 0.109619
vt 0.429688 0.099121
vt 0.418701 0.099121
vt 0.421143 0.114258
vt 0.419678 0.106445
vt 0.413086 0.100830
vt 0.417480 0.124268
vt 0.413086 0.110840
vt 0.402588 0.106934
vt 0.410156 0.124268
vt 0.406006 0.122559
vt 0.417236 0.144775
vt 0.416016 0.146240
vt 0.415527 0.149658
vt 0.270020 0.989502
vt 0.264404 0.962891
vt 0.275879 0.988525
vt 0.264160 0.991211
vt 0.280029 0.986084
vt 0.285645 0.992676
vt 0.820312 0.959961
vt 0.815674 0.979736
vt 0.812744 0.975342
vt 0.808838 0.972168
vt 0.803223 0.982178
vt 0.808105 0.984131
vt 0.804688 0.983887
vt 0.810303 0.988037
vt 0.816650 0.983643
vt 0.819336 0.988770
vt 0.813232 0.992676
vt 0.803223 0.995605
vt 0.822998 0.993164
vt 0.816406 0.997559
vt 0.537109 0.989746
vt 0.553467 0.978271
vt 0.554932 0.982910
vt 0.556885 0.987305
vt 0.556396 0.992432
vt 0.555420 0.997070
vt 0.006592 0.608643
vt 0.013672 0.613770
vt 0.005127 0.613281
vt 0.387207 0.288086
vt 0.385010 0.296143
vt 0.380615 0.285645
vt 0.379150 0.279785
vt 0.371826 0.273438
vt 0.391602 0.300537
vt 0.391846 0.290283
vt 0.374512 0.302002
vt 0.368896 0.276611
vt 0.358398 0.270020
vt 0.359375 0.293701
vt 0.353516 0.282715
vt 0.350098 0.280029
vt 0.357178 0.293213
vt 0.352539 0.288818
vt 0.346191 0.293213
vt 0.349365 0.300293
vt 0.358887 0.300537
vt 0.361084 0.302246
vt 0.353516 0.308838
vt 0.355225 0.309082
vt 0.368652 0.314209
vt 0.374268 0.317627
vt 0.363037 0.315674
vt 0.346191 0.306152
vt 0.343506 0.293701
vt 0.340576 0.298584
vt 0.344482 0.307617
vt 0.338623 0.306152
vt 0.341553 0.317139
vt 0.335938 0.298584
vt 0.338135 0.280762
vt 0.336914 0.278809
vt 0.344482 0.283447
vt 0.364258 0.327637
vt 0.359619 0.327148
vt 0.338867 0.323975
vt 0.374756 0.322266
vt 0.358398 0.333740
vt 0.374512 0.340332
vt 0.389893 0.336914
vt 0.387939 0.344482
vt 0.389404 0.329346
vt 0.371338 0.349365
vt 0.371582 0.355225
vt 0.348145 0.350098
vt 0.355469 0.337891
vt 0.335938 0.339355
vt 0.338379 0.344971
vt 0.333252 0.336426
vt 0.336426 0.325195
vt 0.329346 0.335449
vt 0.324707 0.347168
vt 0.325439 0.349854
vt 0.324463 0.353516
vt 0.322021 0.345703
vt 0.317139 0.345459
vt 0.319580 0.351074
vt 0.320068 0.361816
vt 0.312988 0.352539
vt 0.637939 0.684326
vt 0.622070 0.695557
vt 0.619141 0.688965
vt 0.635254 0.680664
vt 0.643311 0.679688
vt 0.636230 0.676025
vt 0.644287 0.676025
vt 0.612305 0.693359
vt 0.614014 0.697266
vt 0.631592 0.667725
vt 0.637939 0.674072
vt 0.645508 0.672607
vt 0.638916 0.670898
vt 0.606201 0.703613
vt 0.609863 0.703857
vt 0.609131 0.709473
vt 0.635498 0.661865
vt 0.636719 0.663574
vt 0.639160 0.658691
vt 0.638428 0.661621
vt 0.637451 0.665527
vt 0.630615 0.665039
vt 0.621582 0.659912
vt 0.618408 0.660889
vt 0.619385 0.657715
vt 0.620605 0.654053
vt 0.616699 0.657715
vt 0.613525 0.653076
vt 0.610352 0.655762
vt 0.602783 0.671143
vt 0.606689 0.675293
vt 0.603271 0.674561
vt 0.593994 0.684326
vt 0.595459 0.670166
vt 0.592041 0.671143
vt 0.581787 0.680420
vt 0.586670 0.681641
vt 0.569092 0.688721
vt 0.589600 0.682617
vt 0.570068 0.693604
vt 0.566406 0.692383
vt 0.576660 0.691895
vt 0.585449 0.689453
vt 0.568848 0.698486
vt 0.553223 0.705566
vt 0.560059 0.706787
vt 0.547363 0.716797
vt 0.531494 0.712402
vt 0.565918 0.704102
vt 0.570068 0.702393
vt 0.577637 0.695557
vt 0.574951 0.700684
vt 0.580322 0.703125
vt 0.583008 0.707275
vt 0.591553 0.705322
vt 0.590576 0.688232
vt 0.593750 0.687012
vt 0.601562 0.707764
vt 0.602783 0.716797
vt 0.589844 0.712891
vt 0.598633 0.135254
vt 0.601807 0.133301
vt 0.614502 0.146729
vt 0.598389 0.129639
vt 0.591309 0.134033
vt 0.616699 0.143555
vt 0.587646 0.129395
vt 0.633545 0.159912
vt 0.586670 0.123535
vt 0.578125 0.125732
vt 0.592773 0.122803
vt 0.603516 0.125977
vt 0.594971 0.117676
vt 0.603027 0.117920
vt 0.597168 0.106934
vt 0.607910 0.125000
vt 0.621338 0.143066
vt 0.612305 0.125244
vt 0.625000 0.143066
vt 0.627197 0.141357
vt 0.615967 0.125000
vt 0.766846 0.402832
vt 0.766846 0.400146
vt 0.789062 0.396484
vt 0.742920 0.407227
vt 0.765381 0.397949
vt 0.790283 0.390381
vt 0.794189 0.391113
vt 0.798584 0.405762
vt 0.793213 0.383789
vt 0.786377 0.385254
vt 0.796631 0.372559
vt 0.801270 0.366211
vt 0.147949 0.601562
vt 0.147461 0.584961
vt 0.153564 0.585205
vt 0.154297 0.601318
vt 0.153320 0.568848
vt 0.145508 0.580078
vt 0.165771 0.600098
vt 0.155518 0.604248
vt 0.171143 0.601807
vt 0.175049 0.598877
vt 0.151611 0.566162
vt 0.146973 0.562988
vt 0.162842 0.565430
vt 0.154053 0.563232
vt 0.155029 0.553223
vt 0.163574 0.559814
vt 0.171143 0.552734
vt 0.169678 0.575439
vt 0.169189 0.564209
vt 0.182373 0.552490
vt 0.182373 0.565674
vt 0.168701 0.584229
vt 0.185303 0.583740
vt 0.180176 0.598389
vt 0.175293 0.613281
vt 0.199951 0.597900
vt 0.170898 0.603271
vt 0.172852 0.615479
vt 0.171143 0.616699
vt 0.168213 0.605469
vt 0.183350 0.601562
vt 0.184814 0.603516
vt 0.200684 0.601807
vt 0.215332 0.599854
vt 0.214111 0.595947
vt 0.221680 0.599609
vt 0.197266 0.583496
vt 0.218994 0.595459
vt 0.222412 0.594971
vt 0.219238 0.588379
vt 0.208252 0.590088
vt 0.207275 0.582764
vt 0.210205 0.568115
vt 0.192383 0.566406
vt 0.199219 0.568359
vt 0.202637 0.550049
vt 0.211426 0.547607
vt 0.189941 0.541016
vt 0.185547 0.536865
vt 0.205078 0.536377
vt 0.197754 0.526611
vt 0.188232 0.532227
vt 0.181152 0.529541
vt 0.188477 0.530029
vt 0.192871 0.518066
vt 0.199707 0.525146
vt 0.193359 0.514648
vt 0.200928 0.523438
vt 0.201660 0.507812
vt 0.210938 0.529785
vt 0.220215 0.515381
vt 0.218750 0.531738
vt 0.208252 0.532715
vt 0.215088 0.534668
vt 0.211670 0.537354
vt 0.215332 0.537109
vt 0.468262 0.416504
vt 0.462158 0.415527
vt 0.469238 0.409912
vt 0.466553 0.421387
vt 0.473877 0.416992
vt 0.484619 0.420166
vt 0.472168 0.422363
vt 0.471191 0.431396
vt 0.475342 0.420898
vt 0.480957 0.431396
vt 0.489014 0.438965
vt 0.486328 0.427246
vt 0.487061 0.426025
vt 0.502930 0.434814
vt 0.501221 0.431641
vt 0.519043 0.437500
vt 0.497803 0.447510
vt 0.516846 0.440186
vt 0.479248 0.460205
vt 0.522705 0.441650
vt 0.487549 0.463867
vt 0.521484 0.444824
vt 0.472656 0.483887
vt 0.464844 0.463623
vt 0.460449 0.483887
vt 0.470703 0.501709
vt 0.465332 0.500000
vt 0.467041 0.505127
vt 0.470703 0.509277
vt 0.465332 0.510010
vt 0.487305 0.503174
vt 0.486572 0.506348
vt 0.508789 0.503906
vt 0.486328 0.500488
vt 0.510498 0.501221
vt 0.513916 0.503418
vt 0.486328 0.484863
vt 0.506592 0.498779
vt 0.506592 0.485840
vt 0.508789 0.471436
vt 0.513672 0.484619
vt 0.514160 0.500977
vt 0.528809 0.499268
vt 0.527588 0.501709
vt 0.550537 0.498779
vt 0.550781 0.495850
vt 0.517578 0.498047
vt 0.550293 0.494141
vt 0.558594 0.497559
vt 0.527588 0.497314
vt 0.527100 0.485107
vt 0.518066 0.474365
vt 0.529785 0.478271
vt 0.551270 0.484619
vt 0.514648 0.457275
vt 0.558350 0.494629
vt 0.572266 0.496582
vt 0.577148 0.493896
vt 0.558105 0.487061
vt 0.560059 0.479492
vt 0.553955 0.473145
vt 0.533691 0.470459
vt 0.521484 0.449951
vt 0.525146 0.457275
vt 0.539062 0.461426
vt 0.529541 0.451416
vt 0.538818 0.455566
vt 0.542236 0.454102
vt 0.526855 0.437500
vt 0.554199 0.469727
vt 0.531494 0.432129
vt 0.556152 0.468750
vt 0.561279 0.477295
vt 0.557617 0.449707
vt 0.555420 0.443115
vt 0.548584 0.427979
vt 0.546387 0.419678
vt 0.559570 0.424072
vt 0.565430 0.412598
vt 0.566162 0.466309
vt 0.573975 0.446045
vt 0.577393 0.416260
vt 0.578369 0.411377
vt 0.576416 0.422852
vt 0.580322 0.414551
vt 0.581543 0.410645
vt 0.583740 0.410645
vt 0.582764 0.414551
vt 0.593018 0.411865
vt 0.582764 0.423096
vt 0.579834 0.422852
vt 0.581787 0.444336
vt 0.598877 0.426025
vt 0.578613 0.440918
vt 0.577637 0.446533
vt 0.578125 0.457520
vt 0.577393 0.462891
vt 0.578857 0.460449
vt 0.580322 0.463379
vt 0.595459 0.446777
vt 0.586914 0.466064
vt 0.585693 0.475098
vt 0.591309 0.474609
vt 0.585205 0.485352
vt 0.580322 0.492676
vt 0.596680 0.495850
vt 0.579590 0.475342
vt 0.577637 0.489258
vt 0.577393 0.476562
vt 0.575684 0.475342
vt 0.574463 0.464600
vt 0.567627 0.474609
vt 0.523438 0.949951
vt 0.535400 0.955811
vt 0.521240 0.955811
vt 0.528564 0.948486
vt 0.525391 0.947998
vt 0.526611 0.931396
vt 0.528809 0.931152
vt 0.543945 0.950439
vt 0.560059 0.957031
vt 0.546387 0.934326
vt 0.561523 0.949951
vt 0.563721 0.956543
vt 0.533447 0.929688
vt 0.570801 0.932861
vt 0.546631 0.926025
vt 0.545898 0.921631
vt 0.563477 0.922363
vt 0.563721 0.914307
vt 0.554443 0.922119
vt 0.162842 0.036377
vt 0.157471 0.008545
vt 0.162842 0.008057
vt 0.151611 0.009766
vt 0.146729 0.012695
vt 0.399658 0.304199
vt 0.402588 0.293213
vt 0.406006 0.304932
vt 0.395752 0.320068
vt 0.407227 0.307861
vt 0.401123 0.318848
vt 0.395752 0.327148
vt 0.394043 0.316895
vt 0.387939 0.326172
vt 0.392090 0.311768
vt 0.385742 0.299805
vt 0.390137 0.313232
vt 0.386719 0.323242
vt 0.375977 0.318848
vt 0.382324 0.309082
vt 0.380371 0.308350
vt 0.522705 0.083496
vt 0.557861 0.082031
vt 0.529785 0.087646
vt 0.519043 0.084229
vt 0.495605 0.081543
vt 0.207764 0.958984
vt 0.212158 0.957031
vt 0.217529 0.969971
vt 0.195068 0.953857
vt 0.219238 0.964844
vt 0.215576 0.954590
vt 0.220459 0.953857
vt 0.223877 0.965088
vt 0.226318 0.951172
vt 0.228027 0.967529
vt 0.229004 0.950928
vt 0.238037 0.941162
vt 0.632080 0.058350
vt 0.611816 0.053711
vt 0.624512 0.050049
vt 0.610840 0.047852
vt 0.589600 0.050293
vt 0.610840 0.043213
vt 0.625244 0.033203
vt 0.592773 0.044678
vt 0.590820 0.043701
vt 0.588623 0.045166
vt 0.591309 0.028564
vt 0.578613 0.025635
vt 0.594727 0.029053
vt 0.609863 0.037109
vt 0.609131 0.029785
vt 0.606689 0.026855
vt 0.612793 0.030518
vt 0.616455 0.028076
vt 0.619629 0.023926
vt 0.630371 0.024902
vt 0.668457 0.012451
vt 0.672363 0.022217
vt 0.661133 0.021973
vt 0.668457 0.035400
vt 0.658447 0.027100
vt 0.647461 0.028564
vt 0.659668 0.018311
vt 0.659180 0.005127
vt 0.654541 0.023193
vt 0.656006 0.017090
vt 0.651367 0.017822
vt 0.645264 0.010010
vt 0.910156 0.273682
vt 0.921875 0.272461
vt 0.923584 0.285156
vt 0.931396 0.282471
vt 0.929199 0.285400
vt 0.921875 0.293457
vt 0.926270 0.294678
vt 0.923828 0.317139
vt 0.937744 0.284180
vt 0.946777 0.280518
vt 0.948486 0.283936
vt 0.943848 0.286133
vt 0.939209 0.289062
vt 0.931641 0.294922
vt 0.936035 0.297363
vt 0.934326 0.286377
vt 0.740723 0.272217
vt 0.740234 0.297607
vt 0.728760 0.282959
vt 0.754150 0.287842
vt 0.763916 0.275635
vt 0.770264 0.281006
vt 0.761719 0.291016
vt 0.767090 0.308105
vt 0.738770 0.307373
vt 0.733643 0.303955
vt 0.726318 0.310547
vt 0.737305 0.311035
vt 0.731201 0.315186
vt 0.723877 0.305176
vt 0.725586 0.298828
vt 0.719482 0.308105
vt 0.724609 0.315430
vt 0.724609 0.317871
vt 0.721924 0.316895
vt 0.701660 0.316162
vt 0.714600 0.325195
vt 0.717285 0.320801
vt 0.717041 0.317139
vt 0.491455 0.925537
vt 0.476318 0.912354
vt 0.498779 0.923584
vt 0.475342 0.915771
vt 0.488037 0.933105
vt 0.496826 0.951172
vt 0.500488 0.935547
vt 0.508545 0.932373
vt 0.514893 0.915283
vt 0.523438 0.925781
vt 0.525635 0.913574
vt 0.634521 0.614746
vt 0.634033 0.630615
vt 0.630859 0.625244
vt 0.638184 0.649170
vt 0.645508 0.635742
vt 0.630371 0.631836
vt 0.625488 0.648682
vt 0.615234 0.645996
vt 0.628418 0.616943
vt 0.619141 0.616211
vt 0.610352 0.630859
vt 0.625244 0.609131
vt 0.632568 0.605225
vt 0.622559 0.599365
vt 0.609863 0.602783
vt 0.619873 0.612061
vt 0.601807 0.604736
vt 0.588379 0.603516
vt 0.589600 0.600586
vt 0.586182 0.599854
vt 0.580811 0.603271
vt 0.598389 0.605957
vt 0.605713 0.610107
vt 0.593018 0.607666
vt 0.603760 0.620605
vt 0.611084 0.620605
vt 0.595703 0.622559
vt 0.602051 0.623535
vt 0.594971 0.624756
vt 0.593262 0.630615
vt 0.594971 0.632568
vt 0.606689 0.647705
vt 0.617432 0.646973
vt 0.604980 0.649414
vt 0.599365 0.648193
vt 0.597900 0.650635
vt 0.597412 0.655762
vt 0.587402 0.634521
vt 0.587402 0.655029
vt 0.585693 0.621094
vt 0.580566 0.633301
vt 0.580566 0.654053
vt 0.576904 0.614258
vt 0.575928 0.634277
vt 0.578613 0.653320
vt 0.572998 0.600830
vt 0.564209 0.634521
vt 0.563721 0.650391
vt 0.567627 0.616699
vt 0.556885 0.649414
vt 0.565674 0.609619
vt 0.560547 0.616455
vt 0.548828 0.636963
vt 0.552490 0.652832
vt 0.548584 0.618408
vt 0.559082 0.610840
vt 0.536865 0.638184
vt 0.536377 0.653076
vt 0.542725 0.615479
vt 0.533691 0.619385
vt 0.515381 0.640381
vt 0.515381 0.651367
vt 0.508789 0.637939
vt 0.508789 0.652100
vt 0.512695 0.625488
vt 0.502441 0.640381
vt 0.495361 0.651367
vt 0.492432 0.632080
vt 0.470947 0.646729
vt 0.522949 0.622559
vt 0.526611 0.601807
vt 0.507324 0.612305
vt 0.496338 0.614502
vt 0.500244 0.606445
vt 0.505859 0.598877
vt 0.495605 0.611084
vt 0.485352 0.624268
vt 0.498291 0.603516
vt 0.482422 0.615723
vt 0.466553 0.627930
vt 0.498047 0.599854
vt 0.479736 0.613770
vt 0.469238 0.637451
vt 0.466064 0.625732
vt 0.460205 0.634033
vt 0.463379 0.646729
vt 0.469238 0.649170
vt 0.463135 0.648926
vt 0.449219 0.654297
vt 0.442627 0.648682
vt 0.458008 0.632568
vt 0.458252 0.629883
vt 0.456543 0.619385
vt 0.452393 0.625977
vt 0.479004 0.610596
vt 0.495361 0.598145
vt 0.500977 0.597168
vt 0.466797 0.601318
vt 0.451660 0.597656
vt 0.493652 0.591064
vt 0.474854 0.575928
vt 0.459473 0.570801
vt 0.473877 0.568359
vt 0.482178 0.581543
vt 0.489990 0.572754
vt 0.492920 0.564209
vt 0.499023 0.566895
vt 0.506348 0.562500
vt 0.500000 0.579834
vt 0.507324 0.579102
vt 0.498047 0.582031
vt 0.519531 0.569580
vt 0.502930 0.587646
vt 0.515869 0.585693
vt 0.503662 0.593994
vt 0.531006 0.576904
vt 0.504395 0.595947
vt 0.518311 0.588135
vt 0.528320 0.582275
vt 0.533203 0.581543
vt 0.519043 0.590820
vt 0.540283 0.595215
vt 0.538330 0.583496
vt 0.535156 0.572021
vt 0.543701 0.593262
vt 0.537598 0.570801
vt 0.536133 0.561768
vt 0.539307 0.569824
vt 0.541260 0.569092
vt 0.542969 0.580811
vt 0.545410 0.579102
vt 0.552002 0.591064
vt 0.563477 0.584961
vt 0.557129 0.574951
vt 0.557129 0.602539
vt 0.547119 0.602051
vt 0.547363 0.611084
vt 0.302246 0.886475
vt 0.320068 0.882568
vt 0.299072 0.894775
vt 0.296387 0.894043
vt 0.312988 0.876221
vt 0.312256 0.873047
vt 0.323486 0.884033
vt 0.323486 0.873535
vt 0.307617 0.854248
vt 0.295654 0.856445
vt 0.300781 0.865967
vt 0.288818 0.876709
vt 0.285889 0.887939
vt 0.292969 0.854736
vt 0.287354 0.840088
vt 0.285156 0.840332
vt 0.278564 0.862305
vt 0.261719 0.849121
vt 0.263428 0.845215
vt 0.264404 0.856934
vt 0.274170 0.872070
vt 0.260986 0.864990
vt 0.276123 0.879150
vt 0.281738 0.889160
vt 0.275635 0.883789
vt 0.272949 0.883545
vt 0.268066 0.872559
vt 0.272217 0.874512
vt 0.265869 0.880371
vt 0.253662 0.886963
vt 0.253174 0.889893
vt 0.241455 0.892090
vt 0.259277 0.879883
vt 0.262451 0.872314
vt 0.255615 0.871582
vt 0.259277 0.870117
vt 0.817139 0.611572
vt 0.813965 0.602295
vt 0.822510 0.610596
vt 0.823730 0.601318
vt 0.809814 0.597900
vt 0.825684 0.597656
vt 0.827148 0.600830
vt 0.825928 0.608887
vt 0.825684 0.614990
vt 0.833008 0.605957
vt 0.831299 0.615479
vt 0.827637 0.619385
vt 0.806396 0.613281
vt 0.822510 0.624756
vt 0.817139 0.618408
vt 0.816162 0.643799
vt 0.805908 0.646484
vt 0.824463 0.646729
vt 0.830566 0.622559
vt 0.822021 0.646973
vt 0.837646 0.661133
vt 0.807617 0.666260
vt 0.800293 0.664551
vt 0.773438 0.417969
vt 0.772949 0.419434
vt 0.751953 0.411865
vt 0.781494 0.420410
vt 0.799561 0.418457
vt 0.800049 0.420166
vt 0.818359 0.411865
vt 0.788818 0.437988
vt 0.819336 0.413086
vt 0.808350 0.437256
vt 0.821533 0.416992
vt 0.679199 0.940918
vt 0.683105 0.948730
vt 0.675049 0.951172
vt 0.666992 0.938232
vt 0.671875 0.934814
vt 0.678955 0.937256
vt 0.680176 0.916504
vt 0.680908 0.904541
vt 0.607910 0.239502
vt 0.613770 0.245117
vt 0.592773 0.236328
vt 0.609863 0.243896
vt 0.616211 0.237793
vt 0.606201 0.246094
vt 0.605469 0.242188
vt 0.601807 0.245605
vt 0.608398 0.250488
vt 0.592285 0.246338
vt 0.620361 0.246826
vt 0.633057 0.227051
vt 0.612793 0.252197
vt 0.591553 0.260254
vt 0.630615 0.234131
vt 0.637451 0.228027
vt 0.624756 0.254150
vt 0.614258 0.256348
vt 0.613281 0.260742
vt 0.620605 0.259766
vt 0.613037 0.264893
vt 0.619385 0.263184
vt 0.619141 0.264404
vt 0.632812 0.235840
vt 0.643311 0.262207
vt 0.630371 0.246338
vt 0.643555 0.268311
vt 0.636475 0.279297
vt 0.639893 0.285645
vt 0.656738 0.280518
vt 0.661621 0.281250
vt 0.653809 0.268066
vt 0.654785 0.248779
vt 0.637451 0.233643
vt 0.671387 0.256348
vt 0.658691 0.246094
vt 0.637695 0.230469
vt 0.659424 0.243164
vt 0.671875 0.261475
vt 0.669189 0.276855
vt 0.676514 0.260986
vt 0.681152 0.274658
vt 0.694336 0.270508
vt 0.692871 0.262451
vt 0.692627 0.259033
vt 0.675293 0.252197
vt 0.678223 0.250488
vt 0.686523 0.249023
vt 0.667480 0.239502
vt 0.669922 0.232178
vt 0.685547 0.240234
vt 0.649414 0.228271
vt 0.648926 0.219971
vt 0.642578 0.223633
vt 0.947754 0.023438
vt 0.948242 0.017578
vt 0.973389 0.021973
vt 0.950684 0.012451
vt 0.976318 0.023438
vt 0.958008 0.003174
vt 0.794189 0.145264
vt 0.804443 0.138428
vt 0.799805 0.148682
vt 0.803711 0.146484
vt 0.820801 0.145752
vt 0.802490 0.128906
vt 0.791016 0.141113
vt 0.824219 0.120117
vt 0.827148 0.142822
vt 0.828857 0.145752
vt 0.828369 0.155029
vt 0.828369 0.160156
vt 0.840088 0.170898
vt 0.834229 0.156982
vt 0.845215 0.159668
vt 0.830322 0.146973
vt 0.836426 0.141113
vt 0.833984 0.137939
vt 0.834473 0.113525
vt 0.843018 0.128418
vt 0.845215 0.103027
vt 0.824951 0.111816
vt 0.819336 0.113770
vt 0.811279 0.110596
vt 0.805420 0.113281
vt 0.812988 0.107666
vt 0.798096 0.129150
vt 0.792969 0.127197
vt 0.800293 0.114746
vt 0.800049 0.104736
vt 0.794189 0.114502
vt 0.777832 0.114014
vt 0.915039 0.325684
vt 0.921387 0.326904
vt 0.918457 0.330811
vt 0.927490 0.321533
vt 0.935059 0.329590
vt 0.927490 0.337646
vt 0.937012 0.335449
vt 0.936768 0.336426
vt 0.952393 0.327881
vt 0.928711 0.340820
vt 0.930664 0.350586
vt 0.936279 0.357910
vt 0.931641 0.361328
vt 0.937256 0.370850
vt 0.140869 0.032715
vt 0.121826 0.030273
vt 0.123047 0.026367
vt 0.126953 0.022949
vt 0.143555 0.030029
vt 0.156006 0.041260
vt 0.147949 0.027588
vt 0.025879 0.156250
vt 0.011963 0.151123
vt 0.042969 0.143311
vt 0.045410 0.149414
vt 0.043701 0.141113
vt 0.011963 0.133057
vt 0.061523 0.145508
vt 0.063232 0.150391
vt 0.082031 0.160156
vt 0.081299 0.154785
vt 0.062500 0.143799
vt 0.082031 0.152588
vt 0.058594 0.121826
vt 0.043945 0.127197
vt 0.045898 0.108398
vt 0.051758 0.106201
vt 0.047119 0.104248
vt 0.048828 0.102783
vt 0.042725 0.107666
vt 0.041504 0.126953
vt 0.041016 0.108887
vt 0.028076 0.105713
vt 0.026123 0.109619
vt 0.012695 0.109131
vt 0.919678 0.670410
vt 0.915039 0.672852
vt 0.909424 0.666748
vt 0.910645 0.676758
vt 0.910645 0.682129
vt 0.917725 0.676270
vt 0.916504 0.681641
vt 0.922607 0.676758
vt 0.929932 0.666992
vt 0.931152 0.673828
vt 0.950195 0.655273
vt 0.315186 0.650146
vt 0.311768 0.644043
vt 0.326172 0.632080
vt 0.316650 0.656982
vt 0.324219 0.664551
vt 0.313721 0.676270
vt 0.310791 0.664062
vt 0.312256 0.685059
vt 0.307617 0.671631
vt 0.308594 0.681885
vt 0.308350 0.697754
vt 0.302979 0.674561
vt 0.306152 0.691162
vt 0.305664 0.697266
vt 0.306152 0.724854
vt 0.309082 0.723145
vt 0.312256 0.702637
vt 0.307129 0.748779
vt 0.311035 0.724121
vt 0.316162 0.707520
vt 0.312744 0.729004
vt 0.298828 0.652832
vt 0.295898 0.661865
vt 0.302246 0.653076
vt 0.288086 0.632324
vt 0.290771 0.633057
vt 0.307129 0.652832
vt 0.293701 0.634033
vt 0.298096 0.635742
vt 0.207520 0.929199
vt 0.209473 0.950439
vt 0.193359 0.945557
vt 0.190186 0.932373
vt 0.198730 0.924316
vt 0.194824 0.906006
vt 0.210449 0.922852
vt 0.221436 0.939209
vt 0.223145 0.927002
vt 0.229736 0.937744
vt 0.236084 0.934326
vt 0.019775 0.218506
vt 0.014160 0.218506
vt 0.014893 0.215332
vt 0.002441 0.209961
vt 0.017578 0.224121
vt 0.048096 0.224854
vt 0.016846 0.232178
vt 0.944092 0.500732
vt 0.941895 0.495361
vt 0.947266 0.495850
vt 0.953613 0.506104
vt 0.957275 0.506104
vt 0.934082 0.509277
vt 0.933105 0.488037
vt 0.924072 0.499512
vt 0.930420 0.470947
vt 0.058105 0.583740
vt 0.060547 0.605713
vt 0.048828 0.621338
vt 0.041748 0.587646
vt 0.042969 0.643311
vt 0.045654 0.647217
vt 0.039795 0.667480
vt 0.054199 0.650879
vt 0.071533 0.619873
vt 0.046875 0.664795
vt 0.051758 0.666504
vt 0.066406 0.653809
vt 0.052490 0.670166
vt 0.057373 0.670410
vt 0.080811 0.654541
vt 0.634766 0.494629
vt 0.643555 0.512695
vt 0.644775 0.545654
vt 0.648682 0.539307
vt 0.640137 0.472656
vt 0.635254 0.467773
vt 0.647461 0.445801
vt 0.630615 0.469727
vt 0.642578 0.429199
vt 0.614502 0.464600
vt 0.638184 0.410645
vt 0.620361 0.428955
vt 0.608643 0.462402
vt 0.866943 0.816406
vt 0.880859 0.804688
vt 0.873535 0.830811
vt 0.869385 0.863037
vt 0.878418 0.847412
vt 0.174316 0.912109
vt 0.145020 0.921631
vt 0.150391 0.906982
vt 0.190674 0.917725
vt 0.130859 0.899170
vt 0.140869 0.906738
vt 0.981934 0.587402
vt 0.985840 0.593750
vt 0.978760 0.586914
vt 0.991943 0.575439
vt 0.972168 0.593994
vt 0.967773 0.592529
vt 0.969482 0.572266
vt 0.962646 0.563232
vt 0.823730 0.035156
vt 0.797363 0.026367
vt 0.819092 0.029785
vt 0.824219 0.029785
vt 0.825439 0.030762
vt 0.835449 0.025146
vt 0.832275 0.040771
vt 0.826660 0.049316
vt 0.835205 0.051514
vt 0.842529 0.054932
vt 0.252441 0.937988
vt 0.260254 0.952148
vt 0.243652 0.950195
vt 0.263672 0.945068
vt 0.258057 0.929688
vt 0.250244 0.930176
vt 0.258545 0.937256
vt 0.260498 0.933838
vt 0.266602 0.933594
vt 0.273193 0.930420
vt 0.266846 0.947998
vt 0.274902 0.937256
vt 0.285889 0.941162
vt 0.296875 0.928955
vt 0.299316 0.930908
vt 0.273438 0.955078
vt 0.272949 0.961182
vt 0.276611 0.944092
vt 0.272461 0.949463
vt 0.282471 0.951660
vt 0.275146 0.962402
vt 0.280518 0.959961
vt 0.289307 0.961182
vt 0.288818 0.944336
vt 0.470459 0.009277
vt 0.455078 0.015625
vt 0.453613 0.009033
vt 0.471191 0.005371
vt 0.472168 0.013184
vt 0.486084 0.005615
vt 0.474854 0.015137
vt 0.477783 0.017334
vt 0.964600 0.515869
vt 0.958740 0.487061
vt 0.973633 0.516602
vt 0.970947 0.488525
vt 0.980957 0.517090
vt 0.990723 0.511719
vt 0.990723 0.486816
vt 0.491699 0.520508
vt 0.518311 0.524902
vt 0.516602 0.527100
vt 0.527832 0.528809
vt 0.521484 0.532959
vt 0.532227 0.530518
vt 0.510498 0.530518
vt 0.528320 0.540771
vt 0.510742 0.538330
vt 0.500488 0.543701
vt 0.539795 0.530518
vt 0.513916 0.544434
vt 0.497314 0.545654
vt 0.516846 0.548584
vt 0.483643 0.547607
vt 0.530762 0.544922
vt 0.530273 0.549072
vt 0.545166 0.550781
vt 0.544678 0.540527
vt 0.548828 0.546143
vt 0.545166 0.554199
vt 0.550049 0.532227
vt 0.543945 0.527100
vt 0.547363 0.557373
vt 0.551514 0.523926
vt 0.543213 0.522949
vt 0.546143 0.513184
vt 0.541016 0.508301
vt 0.549561 0.514160
vt 0.552734 0.519531
vt 0.559570 0.514893
vt 0.559082 0.517822
vt 0.552490 0.529785
vt 0.559570 0.523926
vt 0.559814 0.543701
vt 0.563232 0.525391
vt 0.565918 0.523682
vt 0.572754 0.504395
vt 0.546875 0.565918
vt 0.554199 0.564209
vt 0.565918 0.559570
vt 0.568115 0.546631
vt 0.583984 0.562256
vt 0.567139 0.543213
vt 0.569580 0.535645
vt 0.577148 0.545166
vt 0.573730 0.520752
vt 0.582275 0.532715
vt 0.584229 0.547119
vt 0.590820 0.525146
vt 0.580322 0.507080
vt 0.581299 0.499512
vt 0.604980 0.530762
vt 0.582031 0.503174
vt 0.596924 0.504883
vt 0.600342 0.504150
vt 0.601807 0.507080
vt 0.613525 0.494629
vt 0.614258 0.496338
vt 0.628906 0.488770
vt 0.616699 0.497070
vt 0.617676 0.500244
vt 0.605957 0.511475
vt 0.610596 0.513428
vt 0.598145 0.550049
vt 0.606934 0.554199
vt 0.597168 0.563721
vt 0.613770 0.565186
vt 0.595947 0.576904
vt 0.614014 0.580322
vt 0.627686 0.583008
vt 0.591309 0.574219
vt 0.620850 0.586670
vt 0.627930 0.595215
vt 0.617676 0.595215
vt 0.606445 0.594971
vt 0.597168 0.587402
vt 0.597900 0.580566
vt 0.595459 0.587158
vt 0.237549 0.926514
vt 0.235596 0.922607
vt 0.245361 0.933594
vt 0.232422 0.924805
vt 0.229004 0.918213
vt 0.230469 0.913086
vt 0.225830 0.915771
vt 0.211670 0.903320
vt 0.208984 0.906738
vt 0.232666 0.907227
vt 0.194824 0.893311
vt 0.212158 0.898926
vt 0.232910 0.902832
vt 0.212891 0.895752
vt 0.883057 0.086426
vt 0.893311 0.084961
vt 0.889404 0.087891
vt 0.891113 0.093506
vt 0.901367 0.074219
vt 0.886475 0.092285
vt 0.903320 0.077393
vt 0.904297 0.071777
vt 0.896729 0.096436
vt 0.893066 0.100830
vt 0.886963 0.095947
vt 0.881592 0.102539
vt 0.916260 0.104980
vt 0.893311 0.109863
vt 0.895508 0.115967
vt 0.917480 0.111816
vt 0.899902 0.127686
vt 0.890869 0.121582
vt 0.891846 0.131104
vt 0.620850 0.971924
vt 0.633789 0.957520
vt 0.630615 0.974854
vt 0.627930 0.979004
vt 0.631836 0.979004
vt 0.614502 0.965820
vt 0.609863 0.977295
vt 0.610352 0.956787
vt 0.622559 0.937988
vt 0.600342 0.963623
vt 0.607422 0.970703
vt 0.604980 0.974121
vt 0.594971 0.968506
vt 0.588867 0.963379
vt 0.603760 0.971924
vt 0.597412 0.978027
vt 0.594482 0.974854
vt 0.649902 0.886475
vt 0.656738 0.880127
vt 0.652588 0.889160
vt 0.657715 0.882324
vt 0.653076 0.892334
vt 0.656494 0.888184
vt 0.659668 0.889160
vt 0.657715 0.877441
vt 0.651123 0.882080
vt 0.660889 0.881104
vt 0.665771 0.883789
vt 0.660156 0.895264
vt 0.660645 0.870361
vt 0.651855 0.872559
vt 0.672852 0.875977
vt 0.670166 0.882568
vt 0.665527 0.895996
vt 0.669434 0.893066
vt 0.668945 0.896729
vt 0.669922 0.895996
vt 0.678955 0.870850
vt 0.670898 0.848633
vt 0.658936 0.849609
vt 0.680908 0.852783
vt 0.684570 0.860107
vt 0.684082 0.871094
vt 0.689697 0.865479
vt 0.692383 0.867188
vt 0.689941 0.858643
vt 0.692871 0.863525
vt 0.695068 0.852295
vt 0.681396 0.844238
vt 0.670654 0.840332
vt 0.674072 0.831543
vt 0.681641 0.834961
vt 0.696045 0.824463
vt 0.695801 0.843018
vt 0.705078 0.843262
vt 0.707031 0.826660
vt 0.470947 0.922119
vt 0.456543 0.932373
vt 0.461670 0.920898
vt 0.464600 0.929443
vt 0.466553 0.927734
vt 0.458740 0.933105
vt 0.463623 0.933838
vt 0.479736 0.937988
vt 0.441895 0.941406
vt 0.439453 0.942627
vt 0.438965 0.945068
vt 0.435791 0.945068
vt 0.478271 0.942139
vt 0.452148 0.968262
vt 0.475586 0.951660
vt 0.481201 0.944580
vt 0.486572 0.945312
vt 0.475586 0.955322
vt 0.493164 0.958496
vt 0.483398 0.957031
vt 0.480957 0.963379
vt 0.689453 0.931885
vt 0.689697 0.933594
vt 0.685547 0.933350
vt 0.687256 0.918457
vt 0.685547 0.912109
vt 0.693604 0.929688
vt 0.694824 0.937256
vt 0.706055 0.936279
vt 0.700195 0.917725
vt 0.692139 0.906494
vt 0.712158 0.916748
vt 0.713867 0.937500
vt 0.720703 0.939209
vt 0.716553 0.915527
vt 0.734375 0.933594
vt 0.734863 0.925537
vt 0.044922 0.478271
vt 0.040771 0.454346
vt 0.049072 0.459473
vt 0.052490 0.452148
vt 0.065186 0.466309
vt 0.069824 0.455322
vt 0.070801 0.450439
vt 0.042725 0.445312
vt 0.029053 0.446289
vt 0.052002 0.448486
vt 0.053955 0.444824
vt 0.044678 0.442383
vt 0.068848 0.441162
vt 0.088623 0.448730
vt 0.083984 0.443604
vt 0.056396 0.439941
vt 0.075928 0.430664
vt 0.067139 0.426025
vt 0.050537 0.436523
vt 0.065186 0.423828
vt 0.036621 0.439697
vt 0.047363 0.433350
vt 0.057373 0.418701
vt 0.043457 0.409180
vt 0.040283 0.436768
vt 0.020996 0.437500
vt 0.028564 0.424316
vt 0.021484 0.441406
vt 0.017334 0.440186
vt 0.029053 0.421631
vt 0.039062 0.405029
vt 0.028564 0.406982
vt 0.025635 0.424805
vt 0.020752 0.432617
vt 0.019287 0.418701
vt 0.023926 0.394775
vt 0.018555 0.394043
vt 0.638916 0.140137
vt 0.643555 0.140381
vt 0.643799 0.149902
vt 0.642090 0.133057
vt 0.637939 0.131836
vt 0.632080 0.120850
vt 0.632568 0.130127
vt 0.634521 0.140381
vt 0.633301 0.139893
vt 0.631104 0.132568
vt 0.625000 0.120605
vt 0.625977 0.117676
vt 0.630615 0.110107
vt 0.634033 0.111084
vt 0.635986 0.106689
vt 0.615723 0.108643
vt 0.612549 0.111572
vt 0.603516 0.099365
vt 0.618408 0.104736
vt 0.630371 0.106201
vt 0.619629 0.100342
vt 0.079834 0.330566
vt 0.080322 0.325684
vt 0.099121 0.332275
vt 0.085449 0.335449
vt 0.095947 0.333740
vt 0.076904 0.338379
vt 0.075195 0.332520
vt 0.061523 0.341064
vt 0.097900 0.333496
vt 0.087402 0.336426
vt 0.100586 0.334717
vt 0.082764 0.338135
vt 0.085205 0.339600
vt 0.089600 0.348389
vt 0.078125 0.341797
vt 0.077637 0.340332
vt 0.076416 0.339600
vt 0.075684 0.340820
vt 0.063721 0.343750
vt 0.081543 0.347900
vt 0.062988 0.347412
vt 0.054688 0.346924
vt 0.041992 0.352051
vt 0.047119 0.351562
vt 0.042236 0.354736
vt 0.043213 0.356445
vt 0.051025 0.368408
vt 0.044678 0.368164
vt 0.040283 0.382324
vt 0.067871 0.362061
vt 0.071777 0.358887
vt 0.086670 0.353760
vt 0.080811 0.368652
vt 0.056152 0.375488
vt 0.051025 0.381592
vt 0.046143 0.386719
vt 0.038574 0.396240
vt 0.059082 0.394775
vt 0.059570 0.388916
vt 0.066895 0.384277
vt 0.063721 0.391846
vt 0.073730 0.382324
vt 0.069824 0.390381
vt 0.071289 0.387207
vt 0.075439 0.385742
vt 0.066162 0.399902
vt 0.058105 0.410645
vt 0.067871 0.402344
vt 0.073486 0.389404
vt 0.075195 0.392090
vt 0.070557 0.402588
vt 0.077393 0.391113
vt 0.083496 0.368896
vt 0.078857 0.385010
vt 0.081543 0.386719
vt 0.080566 0.406738
vt 0.075439 0.416992
vt 0.093750 0.416992
vt 0.082031 0.419922
vt 0.094727 0.421143
vt 0.095703 0.409912
vt 0.087646 0.391113
vt 0.099854 0.395996
vt 0.087158 0.381836
vt 0.086426 0.369141
vt 0.099365 0.375244
vt 0.105469 0.379395
vt 0.107666 0.388916
vt 0.115479 0.382812
vt 0.118164 0.383789
vt 0.113525 0.375977
vt 0.117676 0.381348
vt 0.120605 0.382080
vt 0.116699 0.372314
vt 0.114990 0.372314
vt 0.108398 0.354736
vt 0.113525 0.374512
vt 0.107178 0.355957
vt 0.105957 0.356689
vt 0.105225 0.351074
vt 0.106689 0.350098
vt 0.103516 0.350830
vt 0.098633 0.356934
vt 0.098145 0.351318
vt 0.090576 0.355469
vt 0.092529 0.349854
vt 0.091309 0.348389
vt 0.088379 0.355469
vt 0.031738 0.612549
vt 0.037354 0.613037
vt 0.018066 0.612549
vt 0.228271 0.221436
vt 0.232178 0.217285
vt 0.231689 0.225342
vt 0.227539 0.220215
vt 0.236084 0.212891
vt 0.232422 0.213867
vt 0.229492 0.214355
vt 0.232910 0.211426
vt 0.236816 0.210693
vt 0.242432 0.215332
vt 0.241455 0.205811
vt 0.238770 0.202637
vt 0.235840 0.201660
vt 0.242188 0.197754
vt 0.244385 0.194336
vt 0.247314 0.193115
vt 0.243652 0.194824
vt 0.244873 0.189697
vt 0.245117 0.192627
vt 0.257324 0.184082
vt 0.259033 0.186279
vt 0.255859 0.182129
vt 0.239014 0.175293
vt 0.244385 0.177246
vt 0.248047 0.175537
vt 0.235840 0.166504
vt 0.236572 0.164795
vt 0.227783 0.150635
vt 0.233643 0.166992
vt 0.236816 0.175537
vt 0.229248 0.164551
vt 0.232666 0.174316
vt 0.760010 0.044189
vt 0.746582 0.044189
vt 0.756104 0.036621
vt 0.725586 0.045410
vt 0.742432 0.058350
vt 0.757080 0.061523
vt 0.725830 0.064209
vt 0.752686 0.069336
vt 0.756836 0.069092
vt 0.743896 0.068115
vt 0.761475 0.093262
vt 0.739502 0.073975
vt 0.754395 0.083252
vt 0.724121 0.074951
vt 0.751465 0.080811
vt 0.737793 0.076416
vt 0.739014 0.078369
vt 0.753174 0.088867
vt 0.751465 0.093994
vt 0.749023 0.082764
vt 0.747314 0.084229
vt 0.927734 0.691406
vt 0.921631 0.709473
vt 0.913818 0.700439
vt 0.929932 0.708252
vt 0.907227 0.707520
vt 0.932129 0.714600
vt 0.937012 0.707275
vt 0.941406 0.713623
vt 0.930908 0.720459
vt 0.916016 0.714600
vt 0.904053 0.715088
vt 0.902344 0.732910
vt 0.921875 0.729492
vt 0.930664 0.735107
vt 0.940430 0.722656
vt 0.923828 0.748779
vt 0.214355 0.184082
vt 0.213135 0.179688
vt 0.223145 0.193115
vt 0.213135 0.193604
vt 0.202881 0.193115
vt 0.205811 0.172607
vt 0.212891 0.174072
vt 0.176758 0.187012
vt 0.203369 0.168457
vt 0.210205 0.167725
vt 0.209961 0.162842
vt 0.204346 0.165527
vt 0.209717 0.160889
vt 0.197754 0.162354
vt 0.178711 0.160156
vt 0.176758 0.159668
vt 0.174072 0.186279
vt 0.168457 0.150635
vt 0.161621 0.144775
vt 0.028320 0.991943
vt 0.034912 0.986572
vt 0.036621 0.994385
vt 0.035645 0.997803
vt 0.022705 0.995361
vt 0.009033 0.981689
vt 0.048340 0.995850
vt 0.048096 0.981445
vt 0.056885 0.737793
vt 0.057861 0.732910
vt 0.064453 0.731201
vt 0.067871 0.733887
vt 0.070312 0.729980
vt 0.066895 0.723633
vt 0.052979 0.732666
vt 0.055176 0.700195
vt 0.048340 0.727295
vt 0.045166 0.741211
vt 0.050293 0.712158
vt 0.049072 0.697021
vt 0.062744 0.687012
vt 0.058105 0.687744
vt 0.060303 0.682617
vt 0.037109 0.732422
vt 0.033447 0.757080
vt 0.030518 0.747314
vt 0.044678 0.710205
vt 0.037598 0.713135
vt 0.033203 0.738037
vt 0.027100 0.747559
vt 0.033936 0.695557
vt 0.037109 0.671875
vt 0.035889 0.716797
vt 0.018555 0.731689
vt 0.022461 0.746826
vt 0.016846 0.758301
vt 0.021729 0.699463
vt 0.017822 0.685791
vt 0.878418 0.658203
vt 0.872314 0.665283
vt 0.868896 0.654541
vt 0.879395 0.655518
vt 0.873779 0.668213
vt 0.879883 0.664551
vt 0.869629 0.674561
vt 0.867676 0.678955
vt 0.880615 0.671875
vt 0.880859 0.683105
vt 0.871094 0.686035
vt 0.867432 0.690430
vt 0.863770 0.693604
vt 0.873047 0.691162
vt 0.877441 0.692871
vt 0.873779 0.694092
vt 0.869385 0.704834
vt 0.878906 0.695312
vt 0.885498 0.681396
vt 0.883789 0.693115
vt 0.885254 0.688721
vt 0.891846 0.701416
vt 0.889893 0.704834
vt 0.895020 0.699951
vt 0.891846 0.691895
vt 0.901855 0.680664
vt 0.905762 0.699707
vt 0.889160 0.667725
vt 0.904541 0.669922
vt 0.903320 0.654541
vt 0.890137 0.655518
vt 0.882080 0.649414
vt 0.979248 0.617188
vt 0.988525 0.621338
vt 0.982178 0.625488
vt 0.978516 0.638916
vt 0.974609 0.628418
vt 0.968750 0.621338
vt 0.970947 0.628662
vt 0.967773 0.638672
vt 0.962891 0.640869
vt 0.961670 0.644287
vt 0.960693 0.642334
vt 0.968018 0.642334
vt 0.973145 0.642334
vt 0.976318 0.648193
vt 0.978516 0.647705
vt 0.990723 0.651855
vt 0.979492 0.650635
vt 0.699463 0.402100
vt 0.706055 0.453613
vt 0.701904 0.437256
vt 0.704346 0.405273
vt 0.691895 0.389160
vt 0.708740 0.355469
vt 0.694336 0.356689
vt 0.289551 0.014893
vt 0.285889 0.028076
vt 0.285156 0.015625
vt 0.289307 0.027344
vt 0.280029 0.028809
vt 0.280029 0.015869
vt 0.275146 0.016846
vt 0.276123 0.029541
vt 0.280762 0.032471
vt 0.270508 0.018311
vt 0.270752 0.030029
vt 0.265869 0.027588
vt 0.269531 0.031738
vt 0.264648 0.029785
vt 0.265381 0.016357
vt 0.260986 0.027344
vt 0.260254 0.015381
vt 0.347900 0.039062
vt 0.337891 0.045410
vt 0.336670 0.022949
vt 0.317627 0.040527
vt 0.322021 0.031494
vt 0.318604 0.023438
vt 0.310791 0.023193
vt 0.918701 0.886230
vt 0.916748 0.885986
vt 0.917236 0.872803
vt 0.919922 0.863770
vt 0.904785 0.880127
vt 0.911133 0.890381
vt 0.900391 0.888428
vt 0.880371 0.876709
vt 0.911865 0.893311
vt 0.898682 0.889893
vt 0.911133 0.898926
vt 0.911377 0.921631
vt 0.212402 0.675537
vt 0.212158 0.676270
vt 0.208496 0.668701
vt 0.219727 0.664062
vt 0.209473 0.662109
vt 0.214355 0.676514
vt 0.196777 0.693115
vt 0.226318 0.651367
vt 0.201660 0.689697
vt 0.202393 0.695801
vt 0.221436 0.665283
vt 0.219971 0.677734
vt 0.227051 0.657715
vt 0.206299 0.696289
vt 0.229736 0.650635
vt 0.209229 0.640869
vt 0.238525 0.648682
vt 0.219482 0.683838
vt 0.225098 0.696045
vt 0.235840 0.660156
vt 0.231445 0.673828
vt 0.223145 0.687988
vt 0.228271 0.693359
vt 0.238525 0.684570
vt 0.242188 0.677979
vt 0.239502 0.666260
vt 0.244141 0.671875
vt 0.240967 0.663818
vt 0.247314 0.671631
vt 0.248535 0.675049
vt 0.252197 0.657959
vt 0.264404 0.668701
vt 0.260498 0.685303
vt 0.250244 0.650146
vt 0.266602 0.641846
vt 0.251465 0.644775
vt 0.273438 0.648193
vt 0.276611 0.656494
vt 0.277344 0.649170
vt 0.279053 0.664062
vt 0.280273 0.666260
vt 0.274414 0.677246
vt 0.281738 0.670410
vt 0.267090 0.692871
vt 0.281982 0.686768
vt 0.271729 0.697754
vt 0.289307 0.682617
vt 0.292969 0.682373
vt 0.297852 0.697998
vt 0.299561 0.694336
vt 0.281494 0.629395
vt 0.265381 0.631836
vt 0.279297 0.621094
vt 0.248047 0.643311
vt 0.234863 0.646484
vt 0.253662 0.635010
vt 0.276611 0.620361
vt 0.293457 0.608643
vt 0.294678 0.615234
vt 0.297607 0.609131
vt 0.296875 0.601807
vt 0.294434 0.601562
vt 0.292480 0.606445
vt 0.291748 0.603760
vt 0.284180 0.610352
vt 0.278076 0.598389
vt 0.273193 0.618408
vt 0.257812 0.624268
vt 0.274658 0.614746
vt 0.275879 0.605957
vt 0.267090 0.607910
vt 0.267822 0.591309
vt 0.266357 0.614990
vt 0.260254 0.620850
vt 0.254883 0.612793
vt 0.255127 0.598389
vt 0.247559 0.587891
vt 0.256836 0.582764
vt 0.251709 0.602295
vt 0.247314 0.593750
vt 0.253418 0.615967
vt 0.258301 0.621826
vt 0.250732 0.611816
vt 0.253906 0.621582
vt 0.250977 0.634277
vt 0.242920 0.594727
vt 0.242188 0.587891
vt 0.247070 0.624023
vt 0.242920 0.607666
vt 0.247803 0.618164
vt 0.244141 0.621582
vt 0.240723 0.612305
vt 0.239746 0.621094
vt 0.236084 0.603271
vt 0.239014 0.594238
vt 0.233887 0.617432
vt 0.226074 0.627197
vt 0.234619 0.637939
vt 0.233154 0.644287
vt 0.232666 0.640137
vt 0.220459 0.627441
vt 0.216309 0.618652
vt 0.223633 0.644043
vt 0.222656 0.640625
vt 0.198486 0.614990
vt 0.214844 0.619385
vt 0.226318 0.613281
vt 0.219727 0.609375
vt 0.231201 0.609619
vt 0.224854 0.606445
vt 0.229248 0.606934
vt 0.232910 0.603760
vt 0.233887 0.596924
vt 0.888672 0.437744
vt 0.902344 0.437744
vt 0.901123 0.454102
vt 0.884521 0.449219
vt 0.902832 0.425293
vt 0.914551 0.444336
vt 0.910889 0.454590
vt 0.918213 0.431885
vt 0.898682 0.402832
vt 0.903076 0.422607
vt 0.919922 0.430908
vt 0.920654 0.432617
vt 0.922607 0.431396
vt 0.917480 0.452637
vt 0.921631 0.450439
vt 0.918213 0.460449
vt 0.918945 0.464600
vt 0.914062 0.455078
vt 0.931885 0.959229
vt 0.926270 0.955811
vt 0.927246 0.942871
vt 0.914062 0.939209
vt 0.910645 0.951660
vt 0.930176 0.929932
vt 0.934814 0.922852
vt 0.940430 0.927002
vt 0.938477 0.910156
vt 0.935547 0.911377
vt 0.924805 0.911865
vt 0.921143 0.923340
vt 0.918457 0.926025
vt 0.913574 0.927246
vt 0.911621 0.938721
vt 0.910889 0.941650
vt 0.906738 0.952148
vt 0.897461 0.957520
vt 0.907471 0.941650
vt 0.903320 0.929199
vt 0.902832 0.926514
vt 0.898682 0.934570
vt 0.901123 0.935303
vt 0.904053 0.941895
vt 0.894287 0.940186
vt 0.897705 0.946045
vt 0.901855 0.945312
vt 0.902344 0.949707
vt 0.934326 0.388916
vt 0.929932 0.387939
vt 0.934326 0.378906
vt 0.934814 0.395264
vt 0.945068 0.381836
vt 0.942383 0.375000
vt 0.940430 0.394531
vt 0.935791 0.400146
vt 0.943604 0.387939
vt 0.943848 0.392578
vt 0.944824 0.398438
vt 0.953125 0.398682
vt 0.951660 0.388428
vt 0.959961 0.391357
vt 0.958984 0.386719
vt 0.956543 0.382568
vt 0.963623 0.384277
vt 0.964600 0.393311
vt 0.961670 0.379150
vt 0.966309 0.383057
vt 0.963379 0.376221
vt 0.957764 0.373047
vt 0.948975 0.368164
vt 0.942627 0.367676
vt 0.944824 0.358643
vt 0.957031 0.368408
vt 0.952393 0.366211
vt 0.957764 0.361328
vt 0.955811 0.364258
vt 0.960449 0.364990
vt 0.983154 0.995605
vt 0.972656 0.985107
vt 0.976807 0.985107
vt 0.975586 0.968994
vt 0.979004 0.968262
vt 0.975830 0.958740
vt 0.972168 0.968994
vt 0.969238 0.968018
vt 0.968506 0.984131
vt 0.965088 0.982422
vt 0.954590 0.988525
vt 0.794678 0.936279
vt 0.796875 0.931641
vt 0.807861 0.937256
vt 0.784424 0.926514
vt 0.807861 0.927246
vt 0.782959 0.929199
vt 0.772705 0.923340
vt 0.790039 0.938965
vt 0.775146 0.929199
vt 0.785645 0.939941
vt 0.785156 0.948975
vt 0.800049 0.955566
vt 0.813477 0.954102
vt 0.820557 0.926025
vt 0.814941 0.921875
vt 0.819824 0.937256
vt 0.821533 0.946777
vt 0.821777 0.954590
vt 0.084961 0.815430
vt 0.096924 0.818359
vt 0.088379 0.823486
vt 0.085938 0.811768
vt 0.068359 0.809082
vt 0.074463 0.826416
vt 0.079834 0.804688
vt 0.093506 0.812012
vt 0.066162 0.825684
vt 0.054199 0.818848
vt 0.052002 0.825439
vt 0.047852 0.816895
vt 0.042969 0.810547
vt 0.051514 0.814453
vt 0.044922 0.806152
vt 0.041504 0.807373
vt 0.043701 0.801025
vt 0.047607 0.801270
vt 0.051025 0.782227
vt 0.054688 0.806885
vt 0.069824 0.799316
vt 0.054443 0.782471
vt 0.069336 0.786865
vt 0.083252 0.780273
vt 0.070068 0.780029
vt 0.062744 0.763428
vt 0.053711 0.764648
vt 0.051270 0.764893
vt 0.054199 0.757080
vt 0.050781 0.744141
vt 0.075195 0.734131
vt 0.078369 0.735596
vt 0.074219 0.750732
vt 0.080078 0.716797
vt 0.076904 0.716064
vt 0.080566 0.709961
vt 0.074707 0.709473
vt 0.087646 0.725342
vt 0.083984 0.717041
vt 0.080078 0.695557
vt 0.076904 0.694824
vt 0.091797 0.716553
vt 0.094482 0.697021
vt 0.080078 0.680908
vt 0.077393 0.685303
vt 0.074951 0.680664
vt 0.097656 0.684082
vt 0.112061 0.700928
vt 0.104736 0.720947
vt 0.125488 0.711426
vt 0.132324 0.701660
vt 0.135254 0.718506
vt 0.122559 0.734619
vt 0.114746 0.728271
vt 0.121338 0.739014
vt 0.109131 0.732178
vt 0.118408 0.739990
vt 0.108887 0.747803
vt 0.094482 0.739014
vt 0.092041 0.761475
vt 0.085693 0.738281
vt 0.084717 0.756348
vt 0.075928 0.752441
vt 0.076416 0.759766
vt 0.087646 0.766113
vt 0.072510 0.771240
vt 0.359863 0.028076
vt 0.371826 0.037109
vt 0.368164 0.040771
vt 0.374756 0.032959
vt 0.385498 0.028076
vt 0.356201 0.031006
vt 0.353271 0.033691
vt 0.365234 0.046143
vt 0.361328 0.048340
vt 0.360840 0.062988
vt 0.074463 0.206055
vt 0.097412 0.207275
vt 0.100342 0.213379
vt 0.068115 0.223389
vt 0.067139 0.208496
vt 0.135010 0.227051
vt 0.113281 0.207031
vt 0.141357 0.227539
vt 0.123047 0.230957
vt 0.139160 0.231934
vt 0.135254 0.235107
vt 0.139160 0.242188
vt 0.084229 0.241699
vt 0.119873 0.241211
vt 0.067871 0.251953
vt 0.084717 0.260010
vt 0.072754 0.262695
vt 0.069336 0.289551
vt 0.065430 0.295410
vt 0.069336 0.260742
vt 0.066895 0.261230
vt 0.997559 0.156982
vt 0.981689 0.165771
vt 0.989990 0.156982
vt 0.987305 0.149658
vt 0.978516 0.008057
vt 0.967285 0.002197
vt 0.985596 0.002197
vt 0.973633 0.009521
vt 0.987793 0.009277
vt 0.980713 0.013672
vt 0.991943 0.011963
vt 0.989502 0.022461
vt 0.984131 0.049316
vt 0.983398 0.021973
vt 0.995850 0.026611
vt 0.089355 0.280518
vt 0.078125 0.316895
vt 0.076416 0.311279
vt 0.082031 0.313965
vt 0.103271 0.268799
vt 0.112793 0.252441
vt 0.090820 0.322998
vt 0.103760 0.322510
vt 0.111572 0.270752
vt 0.105957 0.321777
vt 0.109863 0.321777
vt 0.113525 0.342041
vt 0.170654 0.850098
vt 0.179932 0.862793
vt 0.160400 0.889893
vt 0.153809 0.887207
vt 0.132568 0.893799
vt 0.190430 0.906494
vt 0.108154 0.896973
vt 0.640625 0.031738
vt 0.640625 0.052490
vt 0.635498 0.051758
vt 0.762207 0.421631
vt 0.745850 0.456787
vt 0.741455 0.428223
vt 0.739014 0.453125
vt 0.764404 0.468506
vt 0.749023 0.494385
vt 0.972900 0.741943
vt 0.971191 0.725098
vt 0.979004 0.720703
vt 0.975830 0.716797
vt 0.975342 0.712402
vt 0.965820 0.719971
vt 0.965088 0.708252
vt 0.969727 0.731934
vt 0.968994 0.737549
vt 0.963379 0.736572
vt 0.972168 0.756592
vt 0.955811 0.742432
vt 0.964355 0.712402
vt 0.960693 0.717773
vt 0.966309 0.723633
vt 0.962891 0.724609
vt 0.961914 0.734131
vt 0.957031 0.733398
vt 0.940918 0.731934
vt 0.958984 0.732178
vt 0.949463 0.731445
vt 0.953857 0.725342
vt 0.954834 0.720215
vt 0.952881 0.715332
vt 0.797119 0.879883
vt 0.794434 0.868652
vt 0.799316 0.869629
vt 0.802734 0.868652
vt 0.800049 0.881836
vt 0.788086 0.882080
vt 0.788330 0.895752
vt 0.804199 0.880127
vt 0.805908 0.874268
vt 0.809814 0.875488
vt 0.825439 0.866455
vt 0.808594 0.879883
vt 0.801270 0.884766
vt 0.797852 0.892578
vt 0.812500 0.890869
vt 0.790039 0.903320
vt 0.785889 0.902100
vt 0.802246 0.894043
vt 0.788818 0.913086
vt 0.802490 0.896484
vt 0.804932 0.901123
vt 0.811768 0.894287
vt 0.790771 0.914551
vt 0.783447 0.919189
vt 0.789062 0.918213
vt 0.800293 0.923828
vt 0.801758 0.921143
vt 0.796631 0.909180
vt 0.797119 0.914795
vt 0.810303 0.907471
vt 0.810791 0.916992
vt 0.814453 0.911621
vt 0.816162 0.898193
vt 0.816162 0.910156
vt 0.817871 0.913818
vt 0.818604 0.910156
vt 0.817383 0.893066
vt 0.814697 0.890137
vt 0.827637 0.899658
vt 0.827881 0.910156
vt 0.822510 0.891846
vt 0.811768 0.882324
vt 0.828369 0.886963
vt 0.812988 0.878174
vt 0.816162 0.876953
vt 0.825928 0.871094
vt 0.830811 0.858154
vt 0.834717 0.854492
vt 0.831787 0.866699
vt 0.832275 0.883057
vt 0.837158 0.888184
vt 0.831787 0.895752
vt 0.837646 0.904297
vt 0.835938 0.894287
vt 0.840576 0.898682
vt 0.599365 0.065918
vt 0.600342 0.060303
vt 0.604980 0.057617
vt 0.597656 0.065430
vt 0.592529 0.063477
vt 0.598633 0.070068
vt 0.603271 0.069092
vt 0.590820 0.077393
vt 0.584473 0.061768
vt 0.598145 0.076172
vt 0.601562 0.069824
vt 0.604004 0.075195
vt 0.605713 0.076416
vt 0.609131 0.072998
vt 0.608643 0.077637
vt 0.610107 0.080078
vt 0.617188 0.076416
vt 0.606689 0.084961
vt 0.600098 0.084961
vt 0.593262 0.086670
vt 0.585938 0.117432
vt 0.586670 0.089600
vt 0.579834 0.093506
vt 0.579346 0.112305
vt 0.574463 0.089600
vt 0.572510 0.099121
vt 0.583252 0.079102
vt 0.577393 0.084717
vt 0.564941 0.093750
vt 0.570312 0.075684
vt 0.561768 0.091309
vt 0.575195 0.073486
vt 0.569092 0.062988
vt 0.576660 0.069336
vt 0.569580 0.058105
vt 0.400635 0.012939
vt 0.397461 0.018555
vt 0.372070 0.005127
vt 0.377686 0.009766
vt 0.107422 0.680664
vt 0.104492 0.682373
vt 0.105713 0.677490
vt 0.100342 0.667725
vt 0.113037 0.677979
vt 0.107666 0.663818
vt 0.098877 0.649902
vt 0.121338 0.678711
vt 0.104980 0.647949
vt 0.098145 0.644043
vt 0.122803 0.661377
vt 0.120850 0.649658
vt 0.105469 0.640381
vt 0.097412 0.626709
vt 0.125732 0.673096
vt 0.131348 0.658936
vt 0.131104 0.686035
vt 0.134521 0.695068
vt 0.133545 0.682861
vt 0.137451 0.688965
vt 0.142090 0.692627
vt 0.144775 0.685547
vt 0.137451 0.682861
vt 0.137207 0.671875
vt 0.139893 0.656494
vt 0.136963 0.666260
vt 0.134521 0.652344
vt 0.133301 0.639648
vt 0.139648 0.640625
vt 0.145508 0.639893
vt 0.139404 0.621338
vt 0.138672 0.630127
vt 0.121826 0.637451
vt 0.123047 0.620117
vt 0.130859 0.608643
vt 0.147949 0.606934
vt 0.127686 0.606689
vt 0.126221 0.603516
vt 0.110107 0.599609
vt 0.115479 0.635010
vt 0.113037 0.615723
vt 0.106201 0.616699
vt 0.101318 0.613770
vt 0.103027 0.617188
vt 0.743408 0.688965
vt 0.734619 0.697510
vt 0.736572 0.690186
vt 0.731689 0.705078
vt 0.730225 0.697998
vt 0.725830 0.690430
vt 0.738037 0.699219
vt 0.727295 0.688965
vt 0.724121 0.680664
vt 0.735107 0.682129
vt 0.755371 0.694092
vt 0.770264 0.716309
vt 0.748535 0.685303
vt 0.786133 0.706787
vt 0.784424 0.711914
vt 0.779785 0.720703
vt 0.788330 0.724609
vt 0.768555 0.694336
vt 0.784912 0.696777
vt 0.772217 0.686523
vt 0.753418 0.680176
vt 0.780029 0.682373
vt 0.791504 0.692871
vt 0.794189 0.683594
vt 0.791504 0.671631
vt 0.776855 0.665527
vt 0.791504 0.656738
vt 0.764404 0.661621
vt 0.771484 0.649170
vt 0.754395 0.669189
vt 0.749023 0.681885
vt 0.745850 0.675537
vt 0.738770 0.671387
vt 0.740479 0.680420
vt 0.640869 0.005127
vt 0.640869 0.025391
vt 0.632324 0.018066
vt 0.393311 0.945068
vt 0.398682 0.941406
vt 0.397461 0.951660
vt 0.384277 0.963623
vt 0.403320 0.945068
vt 0.392822 0.961670
vt 0.404053 0.954102
vt 0.396240 0.963623
vt 0.411621 0.947021
vt 0.401367 0.962158
vt 0.409180 0.956787
vt 0.415527 0.966064
vt 0.422119 0.947998
vt 0.430908 0.971191
vt 0.421143 0.944580
vt 0.430664 0.939941
vt 0.000977 0.719482
vt 0.015869 0.708740
vt 0.012207 0.732422
vt 0.020752 0.908691
vt 0.004883 0.908691
vt 0.005859 0.903320
vt 0.886719 0.456543
vt 0.889648 0.464600
vt 0.888428 0.466309
vt 0.870850 0.470947
vt 0.877930 0.484131
vt 0.890625 0.490234
vt 0.863281 0.475342
vt 0.863525 0.462402
vt 0.875000 0.491699
vt 0.887207 0.497803
vt 0.890869 0.498291
vt 0.863037 0.495361
vt 0.885254 0.504639
vt 0.896729 0.500732
vt 0.861572 0.476318
vt 0.852051 0.468018
vt 0.861084 0.487305
vt 0.855713 0.479492
vt 0.852295 0.479004
vt 0.860840 0.497559
vt 0.850098 0.480957
vt 0.845947 0.484131
vt 0.855225 0.498535
vt 0.859375 0.506592
vt 0.865234 0.500488
vt 0.865479 0.512451
vt 0.864502 0.523682
vt 0.869629 0.521240
vt 0.867432 0.511475
vt 0.870605 0.514404
vt 0.871826 0.518066
vt 0.869141 0.507812
vt 0.872314 0.516357
vt 0.883789 0.511719
vt 0.894043 0.514160
vt 0.896973 0.502197
vt 0.879150 0.505371
vt 0.877441 0.498047
vt 0.866699 0.500732
vt 0.875977 0.496826
vt 0.885986 0.561768
vt 0.885742 0.568604
vt 0.882568 0.565674
vt 0.867676 0.568359
vt 0.864990 0.572754
vt 0.863037 0.565186
vt 0.890381 0.571289
vt 0.873535 0.578125
vt 0.890381 0.574707
vt 0.897949 0.574463
vt 0.892578 0.553711
vt 0.877686 0.554688
vt 0.884521 0.543945
vt 0.878662 0.552734
vt 0.868896 0.556641
vt 0.866943 0.548584
vt 0.859131 0.546875
vt 0.892578 0.541504
vt 0.878662 0.542236
vt 0.861572 0.528320
vt 0.881592 0.543457
vt 0.880615 0.527832
vt 0.891602 0.520752
vt 0.892578 0.523193
vt 0.895264 0.523438
vt 0.900635 0.523682
vt 0.204102 0.491211
vt 0.206787 0.474854
vt 0.212891 0.473877
vt 0.210205 0.459229
vt 0.204346 0.459717
vt 0.201416 0.448242
vt 0.207764 0.443359
vt 0.202148 0.430420
vt 0.216553 0.458252
vt 0.222412 0.437256
vt 0.208008 0.433594
vt 0.208008 0.428711
vt 0.202148 0.426514
vt 0.221436 0.429932
vt 0.205811 0.412842
vt 0.199707 0.411133
vt 0.214844 0.412109
vt 0.204590 0.398438
vt 0.197754 0.390137
vt 0.204346 0.395264
vt 0.197998 0.385986
vt 0.216064 0.395996
vt 0.219238 0.410400
vt 0.233154 0.431396
vt 0.218994 0.398682
vt 0.218994 0.385254
vt 0.229248 0.418945
vt 0.231445 0.417725
vt 0.231445 0.408936
vt 0.220703 0.386719
vt 0.218262 0.371338
vt 0.222900 0.398926
vt 0.222168 0.385986
vt 0.223145 0.382080
vt 0.225342 0.395508
vt 0.230957 0.393555
vt 0.225586 0.393555
vt 0.224609 0.391357
vt 0.230225 0.390869
vt 0.226318 0.466064
vt 0.218750 0.471680
vt 0.228516 0.469727
vt 0.224609 0.453125
vt 0.232666 0.463623
vt 0.236084 0.448730
vt 0.236328 0.465576
vt 0.238037 0.432861
vt 0.239502 0.432861
vt 0.248047 0.435791
vt 0.248291 0.447998
vt 0.249756 0.457764
vt 0.268066 0.452148
vt 0.267334 0.442627
vt 0.274414 0.451904
vt 0.271240 0.461670
vt 0.275879 0.464600
vt 0.251709 0.459717
vt 0.270752 0.465088
vt 0.250732 0.463379
vt 0.238525 0.465820
vt 0.238037 0.468750
vt 0.237061 0.474609
vt 0.239502 0.469238
vt 0.008301 0.795410
vt 0.017578 0.795898
vt 0.009521 0.805664
vt 0.002930 0.812500
vt 0.013428 0.806152
vt 0.021973 0.802002
vt 0.012207 0.811279
vt 0.020508 0.821777
vt 0.016602 0.808105
vt 0.023682 0.813965
vt 0.535400 0.264160
vt 0.535400 0.262695
vt 0.552002 0.261719
vt 0.552246 0.273193
vt 0.566650 0.273193
vt 0.533203 0.265381
vt 0.566406 0.285400
vt 0.531738 0.258545
vt 0.515869 0.257812
vt 0.510498 0.265869
vt 0.493164 0.256348
vt 0.482178 0.266846
vt 0.531006 0.264648
vt 0.489014 0.269043
vt 0.481689 0.268311
vt 0.481445 0.303467
vt 0.510986 0.267578
vt 0.484863 0.312012
vt 0.514160 0.281250
vt 0.509033 0.296143
vt 0.502441 0.303223
vt 0.497070 0.308838
vt 0.536621 0.280273
vt 0.524170 0.284912
vt 0.533691 0.284424
vt 0.541992 0.286865
vt 0.537354 0.287598
vt 0.537109 0.291992
vt 0.550781 0.291992
vt 0.536377 0.295654
vt 0.548340 0.292480
vt 0.530518 0.297363
vt 0.544434 0.291504
vt 0.541504 0.299072
vt 0.544434 0.297852
vt 0.552002 0.301025
vt 0.555908 0.303223
vt 0.545166 0.301758
vt 0.536621 0.299561
vt 0.536377 0.305908
vt 0.553711 0.305420
vt 0.545166 0.309570
vt 0.542725 0.312500
vt 0.556396 0.314453
vt 0.547119 0.315918
vt 0.548584 0.320068
vt 0.539551 0.318115
vt 0.558105 0.315918
vt 0.565430 0.315674
vt 0.576172 0.310303
vt 0.567383 0.317871
vt 0.556885 0.327148
vt 0.565186 0.326172
vt 0.575928 0.322754
vt 0.567139 0.332031
vt 0.562256 0.332764
vt 0.576416 0.332520
vt 0.566895 0.345703
vt 0.579346 0.328857
vt 0.560791 0.342285
vt 0.583740 0.301025
vt 0.583740 0.313232
vt 0.576660 0.292725
vt 0.573730 0.281250
vt 0.570801 0.282227
vt 0.574219 0.269287
vt 0.576172 0.269287
vt 0.579102 0.268555
vt 0.587158 0.258301
vt 0.582520 0.268555
vt 0.559082 0.332520
vt 0.556641 0.341553
vt 0.549805 0.333008
vt 0.549316 0.345215
vt 0.550781 0.350586
vt 0.539551 0.344238
vt 0.548340 0.341309
vt 0.540527 0.339111
vt 0.544922 0.337158
vt 0.542969 0.332520
vt 0.536377 0.342529
vt 0.538818 0.349121
vt 0.538574 0.335693
vt 0.539307 0.328857
vt 0.534424 0.335205
vt 0.534912 0.344971
vt 0.537842 0.321777
vt 0.534424 0.321777
vt 0.533447 0.318115
vt 0.532715 0.328857
vt 0.530273 0.332275
vt 0.527100 0.302246
vt 0.530029 0.322021
vt 0.526367 0.325439
vt 0.529785 0.319824
vt 0.527344 0.313965
vt 0.525635 0.312256
vt 0.524902 0.303223
vt 0.530273 0.293945
vt 0.529053 0.286133
vt 0.522705 0.290771
vt 0.518311 0.290771
vt 0.520752 0.292236
vt 0.519531 0.302002
vt 0.517822 0.298584
vt 0.514893 0.306152
vt 0.514648 0.297852
vt 0.512695 0.305176
vt 0.506836 0.307373
vt 0.511963 0.308838
vt 0.516846 0.319092
vt 0.502686 0.306396
vt 0.503906 0.311279
vt 0.514404 0.317871
vt 0.500244 0.309082
vt 0.499268 0.322266
vt 0.502441 0.320068
vt 0.510498 0.322510
vt 0.509766 0.326660
vt 0.503906 0.325928
vt 0.514893 0.333496
vt 0.501221 0.336182
vt 0.499268 0.328125
vt 0.497070 0.325439
vt 0.497803 0.334229
vt 0.491211 0.328369
vt 0.486328 0.324219
vt 0.482666 0.319092
vt 0.491455 0.343750
vt 0.485352 0.351562
vt 0.479980 0.343994
vt 0.490723 0.352783
vt 0.496582 0.349609
vt 0.500000 0.344238
vt 0.502441 0.351807
vt 0.503906 0.342041
vt 0.511719 0.351562
vt 0.504395 0.354248
vt 0.509521 0.345703
vt 0.513184 0.337402
vt 0.527344 0.335449
vt 0.518799 0.344238
vt 0.529541 0.337646
vt 0.532715 0.340088
vt 0.522461 0.344727
vt 0.526855 0.345947
vt 0.531006 0.351318
vt 0.521240 0.355957
vt 0.719727 0.656006
vt 0.721680 0.645996
vt 0.732422 0.669189
vt 0.733154 0.658936
vt 0.711426 0.646729
vt 0.714111 0.654053
vt 0.708008 0.651855
vt 0.729004 0.653320
vt 0.735352 0.658203
vt 0.736816 0.656006
vt 0.740479 0.640137
vt 0.718750 0.633057
vt 0.735596 0.618164
vt 0.738770 0.607422
vt 0.738525 0.597412
vt 0.736816 0.584961
vt 0.715820 0.611816
vt 0.715576 0.628662
vt 0.705811 0.631836
vt 0.700928 0.620117
vt 0.696045 0.590820
vt 0.687744 0.600586
vt 0.688721 0.607422
vt 0.701416 0.635742
vt 0.682861 0.608154
vt 0.693115 0.625732
vt 0.702637 0.647705
vt 0.701416 0.657227
vt 0.698730 0.650391
vt 0.694824 0.645020
vt 0.684082 0.639648
vt 0.687500 0.645020
vt 0.690918 0.651611
vt 0.685059 0.657227
vt 0.489258 0.077637
vt 0.481689 0.070312
vt 0.481445 0.062988
vt 0.489746 0.080811
vt 0.496582 0.064697
vt 0.479492 0.059082
vt 0.480957 0.058105
vt 0.488037 0.056396
vt 0.480957 0.049316
vt 0.479492 0.046875
vt 0.474854 0.048828
vt 0.482422 0.043213
vt 0.493896 0.050293
vt 0.472656 0.047852
vt 0.469971 0.050537
vt 0.474854 0.047607
vt 0.470703 0.042236
vt 0.468018 0.043945
vt 0.456299 0.038086
vt 0.470215 0.039062
vt 0.470703 0.035889
vt 0.481445 0.039307
vt 0.480713 0.036377
vt 0.484131 0.039307
vt 0.486328 0.028564
vt 0.488770 0.029053
vt 0.487061 0.041992
vt 0.496826 0.023926
vt 0.495850 0.048828
vt 0.501709 0.031494
vt 0.498779 0.026123
vt 0.503418 0.027832
vt 0.503174 0.030029
vt 0.505859 0.030762
vt 0.515381 0.030762
vt 0.509766 0.032959
vt 0.513672 0.035400
vt 0.514893 0.040771
vt 0.513916 0.041992
vt 0.520996 0.042969
vt 0.504150 0.055176
vt 0.502197 0.053467
vt 0.501465 0.055420
vt 0.458984 0.540527
vt 0.464355 0.530762
vt 0.500977 0.531982
vt 0.474854 0.542969
vt 0.461182 0.543701
vt 0.444580 0.543945
vt 0.455322 0.537598
vt 0.461182 0.531250
vt 0.474121 0.519287
vt 0.447510 0.538574
vt 0.451416 0.536865
vt 0.470947 0.517578
vt 0.454590 0.531982
vt 0.461670 0.526611
vt 0.456543 0.514648
vt 0.439209 0.530518
vt 0.441406 0.542236
vt 0.457520 0.509277
vt 0.455078 0.514160
vt 0.448975 0.505859
vt 0.446533 0.513672
vt 0.442383 0.518799
vt 0.443848 0.507324
vt 0.445801 0.496094
vt 0.442627 0.516846
vt 0.434570 0.508789
vt 0.434082 0.513428
vt 0.437988 0.498291
vt 0.428467 0.515625
vt 0.432129 0.506348
vt 0.436523 0.492920
vt 0.438232 0.491211
vt 0.431885 0.504150
vt 0.428955 0.489990
vt 0.426758 0.511963
vt 0.423340 0.510010
vt 0.427734 0.521729
vt 0.434814 0.532715
vt 0.422607 0.529541
vt 0.430908 0.537598
vt 0.420898 0.513672
vt 0.417725 0.518311
vt 0.408203 0.503418
vt 0.412842 0.499512
vt 0.411621 0.500488
vt 0.398438 0.484131
vt 0.397461 0.488037
vt 0.394043 0.483887
vt 0.422363 0.534912
vt 0.406738 0.488525
vt 0.435059 0.545166
vt 0.432373 0.551758
vt 0.425049 0.548828
vt 0.417725 0.548096
vt 0.427246 0.559814
vt 0.434814 0.553467
vt 0.438965 0.555420
vt 0.422607 0.562744
vt 0.411865 0.570312
vt 0.423096 0.575195
vt 0.433594 0.557861
vt 0.438232 0.557861
vt 0.428223 0.562988
vt 0.438477 0.573486
vt 0.433594 0.569336
vt 0.443848 0.548584
vt 0.446533 0.544922
vt 0.443848 0.564209
vt 0.442627 0.561279
vt 0.443604 0.577881
vt 0.437988 0.595703
vt 0.442871 0.602295
vt 0.434082 0.599121
vt 0.434814 0.600830
vt 0.434326 0.583984
vt 0.428467 0.604004
vt 0.425781 0.608398
vt 0.426514 0.604980
vt 0.424561 0.605957
vt 0.423584 0.603271
vt 0.427734 0.586914
vt 0.422607 0.590820
vt 0.422119 0.587646
vt 0.420654 0.584961
vt 0.418213 0.587402
vt 0.415039 0.578613
vt 0.405518 0.584717
vt 0.407959 0.596436
vt 0.417969 0.591797
vt 0.408936 0.611084
vt 0.401611 0.603516
vt 0.405273 0.610107
vt 0.403809 0.613770
vt 0.401611 0.613525
vt 0.397705 0.614502
vt 0.398193 0.616943
vt 0.412842 0.496094
vt 0.419922 0.502197
vt 0.421631 0.501953
vt 0.417480 0.494141
vt 0.421875 0.491211
vt 0.417236 0.490234
vt 0.420654 0.483154
vt 0.427246 0.482666
vt 0.414795 0.484619
vt 0.409668 0.480713
vt 0.415283 0.473389
vt 0.420166 0.475342
vt 0.405518 0.471924
vt 0.413330 0.472168
vt 0.413574 0.469482
vt 0.406982 0.465088
vt 0.410645 0.463867
vt 0.404541 0.460205
vt 0.400879 0.479492
vt 0.405518 0.478516
vt 0.404541 0.484375
vt 0.402100 0.482666
vt 0.898682 0.261719
vt 0.891846 0.241211
vt 0.901611 0.251953
vt 0.913330 0.261719
vt 0.904541 0.240723
vt 0.889893 0.243164
vt 0.876465 0.237549
vt 0.893799 0.236816
vt 0.877197 0.235596
vt 0.864746 0.235596
vt 0.876465 0.233643
vt 0.874756 0.230957
vt 0.892334 0.232666
vt 0.899658 0.229980
vt 0.914551 0.227539
vt 0.905029 0.220215
vt 0.902100 0.221680
vt 0.903076 0.218018
vt 0.500244 0.976807
vt 0.503418 0.975586
vt 0.505859 0.987793
vt 0.507324 0.975342
vt 0.509277 0.988281
vt 0.506592 0.995850
vt 0.502686 0.988525
vt 0.496826 0.978271
vt 0.500732 0.990234
vt 0.470215 0.095215
vt 0.469238 0.081055
vt 0.474609 0.092285
vt 0.470947 0.075195
vt 0.474365 0.083740
vt 0.477295 0.077637
vt 0.470947 0.067383
vt 0.461426 0.069580
vt 0.468262 0.062012
vt 0.439453 0.094727
vt 0.460449 0.062744
vt 0.455566 0.063232
vt 0.456055 0.058594
vt 0.446533 0.065674
vt 0.437744 0.077637
vt 0.437012 0.088623
vt 0.437500 0.095703
vt 0.436035 0.095459
vt 0.430908 0.074463
vt 0.425781 0.065918
vt 0.437744 0.067627
vt 0.442383 0.062256
vt 0.448730 0.057617
vt 0.438232 0.063721
vt 0.440918 0.060303
vt 0.434814 0.062744
vt 0.428223 0.065918
vt 0.430664 0.062744
vt 0.431641 0.061523
vt 0.424805 0.064697
vt 0.425781 0.058594
vt 0.417725 0.062500
vt 0.419922 0.060059
vt 0.094238 0.069580
vt 0.103516 0.066650
vt 0.100342 0.072021
vt 0.111816 0.071289
vt 0.110596 0.063965
vt 0.102051 0.079346
vt 0.098145 0.076416
vt 0.110107 0.081299
vt 0.114258 0.060059
vt 0.108887 0.062500
vt 0.122070 0.081055
vt 0.127686 0.090820
vt 0.133545 0.069336
vt 0.134521 0.079834
vt 0.132324 0.091553
vt 0.138672 0.082764
vt 0.134766 0.093018
vt 0.149414 0.075684
vt 0.144531 0.074463
vt 0.153809 0.070068
vt 0.144531 0.068848
vt 0.151123 0.063965
vt 0.143555 0.064453
vt 0.150879 0.062012
vt 0.132812 0.063477
vt 0.118164 0.056641
vt 0.131836 0.057373
vt 0.109619 0.057617
vt 0.111816 0.053955
vt 0.115234 0.054932
vt 0.117432 0.051514
vt 0.118896 0.053223
vt 0.128418 0.052002
vt 0.116943 0.049561
vt 0.116943 0.045898
vt 0.120117 0.043213
vt 0.152344 0.051514
vt 0.161865 0.057617
vt 0.142822 0.048340
vt 0.139160 0.042969
vt 0.156982 0.047119
vt 0.129150 0.045898
vt 0.133789 0.038818
vt 0.122559 0.040039
vt 0.127197 0.037354
vt 0.120117 0.036621
vt 0.117920 0.042236
vt 0.624023 0.018311
vt 0.623291 0.006348
vt 0.627686 0.012939
vt 0.628906 0.009033
vt 0.277588 0.000977
vt 0.279053 0.009033
vt 0.273438 0.011963
vt 0.282959 0.004639
vt 0.283447 0.010986
vt 0.979492 0.544434
vt 0.985596 0.540283
vt 0.987793 0.543701
vt 0.979736 0.547852
vt 0.973389 0.539307
vt 0.993164 0.537354
vt 0.992676 0.545654
vt 0.989990 0.536377
vt 0.994385 0.534424
vt 0.993164 0.533691
vt 0.997803 0.531982
vt 0.989746 0.532471
vt 0.987305 0.533447
vt 0.981934 0.531494
vt 0.981689 0.539551
vt 0.977295 0.535645
vt 0.980469 0.541748
vt 0.976807 0.539307
vt 0.975098 0.535156
vt 0.015869 0.743652
vt 0.010986 0.756592
vt 0.008545 0.749268
vt 0.000000 0.754150
vt 0.006104 0.742920
vt 0.979248 0.781738
vt 0.984131 0.779785
vt 0.984131 0.781494
vt 0.981445 0.777588
vt 0.980469 0.772705
vt 0.975830 0.782227
vt 0.978027 0.773438
vt 0.974365 0.775146
vt 0.978027 0.762695
vt 0.975830 0.764160
vt 0.977783 0.745117
vt 0.982178 0.748779
vt 0.055908 0.011963
vt 0.053711 0.009521
vt 0.059814 0.009277
vt 0.039551 0.017334
vt 0.055420 0.013428
vt 0.039795 0.013916
vt 0.035645 0.023438
vt 0.059082 0.018799
vt 0.058594 0.023926
vt 0.031982 0.025146
vt 0.036865 0.011475
vt 0.036377 0.009521
vt 0.989990 0.905273
vt 0.986816 0.905762
vt 0.983398 0.905273
vt 0.971680 0.482178
vt 0.970703 0.481201
vt 0.983887 0.481445
s 1
usemtl tripo_mat_e7ee9d91-335c-413a-9d22-c0ecd390ceca
f 4758/1 4779/2 4987/3
f 4987/3 4779/2 5018/4
f 4779/2 4758/1 4740/5
f 5018/4 4779/2 4762/6
f 5018/4 4762/6 5085/7
f 5085/7 4762/6 4851/8
f 4987/3 5018/4 5029/9
f 4987/3 5029/9 4758/1
f 4740/5 4758/1 4636/10
f 4636/10 4758/1 4600/11
f 4758/1 5029/9 4966/12
f 4966/12 5029/9 5067/13
f 4600/11 4758/1 4858/14
f 4600/11 4858/14 4631/15
f 4758/1 4966/12 4965/16
f 4758/1 4965/16 4858/14
f 4966/12 5067/13 5055/17
f 4966/12 5055/17 4965/16
f 5055/17 5067/13 5103/18
f 5103/18 5067/13 5139/19
f 4965/16 5055/17 5044/20
f 4776/21 4631/15 4858/14
f 4631/15 4776/21 4860/22
f 4776/21 4858/14 4813/23
f 4776/21 4813/23 4860/22
f 4860/22 4813/23 4848/24
f 4848/24 4813/23 4858/14
f 4860/22 4848/24 4829/25
f 4848/24 4858/14 4832/26
f 4848/24 4832/26 4829/25
f 4832/26 4858/14 4965/16
f 4829/25 4832/26 4884/27
f 4832/26 4965/16 4887/28
f 4887/28 4965/16 5044/20
f 4832/26 4887/28 4884/27
f 4887/28 5044/20 4831/29
f 4887/28 4831/29 4884/27
f 4884/27 4831/29 4833/30
f 4833/30 4831/29 4828/31
f 4833/30 4828/31 4884/27
f 5029/32 5085/33 5069/34
f 5085/33 5029/32 5018/35
f 5029/32 5069/34 5067/36
f 4970/37 5085/33 4851/38
f 5085/33 4970/37 5037/39
f 5085/33 5037/39 5069/34
f 5037/39 4970/37 5105/40
f 5067/36 5069/34 5096/41
f 5096/41 5069/34 5037/39
f 5096/41 5037/39 5105/40
f 5067/36 5096/41 5139/42
f 5139/42 5096/41 5105/40
f 5139/42 5105/40 5075/43
f 5139/42 5075/43 5103/44
f 5050/45 4963/46 5105/40
f 5105/40 4963/46 5007/47
f 5105/40 5007/47 5075/43
f 5007/47 4963/46 4928/48
f 5075/43 5007/47 4980/49
f 5103/44 5075/43 5015/50
f 5015/50 5075/43 4980/49
f 5103/44 5015/50 4944/51
f 5103/44 4944/51 5055/52
f 5015/50 4980/49 4945/53
f 4945/53 4980/49 5007/47
f 5015/50 4945/53 4944/51
f 4945/53 5007/47 4928/48
f 4944/51 4945/53 4917/54
f 4917/54 4945/53 4875/55
f 4875/55 4945/53 4921/56
f 4875/55 4921/56 4854/57
f 4945/53 4928/48 4881/58
f 4945/53 4881/58 4921/56
f 4921/56 4881/58 4854/57
f 4881/58 4928/48 4796/59
f 4881/58 4796/59 4854/57
f 4831/60 5044/61 4959/62
f 4959/62 5044/61 5055/63
f 4959/62 5055/63 4944/64
f 4831/60 4959/62 4727/65
f 4831/60 4727/65 4828/66
f 4959/62 4944/64 4687/67
f 4959/62 4687/67 4727/65
f 4687/67 4944/64 4778/68
f 4687/67 4778/68 4750/69
f 4687/67 4750/69 4653/70
f 4828/66 4727/65 4693/71
f 4693/71 4727/65 4687/67
f 4828/66 4693/71 4722/72
f 4722/72 4693/71 4681/73
f 4693/71 4687/67 4657/74
f 4657/74 4687/67 4653/70
f 4693/71 4657/74 4681/73
f 4657/74 4653/70 4602/75
f 4681/73 4657/74 4656/76
f 4656/76 4657/74 4602/75
f 4681/73 4656/76 4560/77
f 4560/77 4656/76 4602/75
f 4778/78 4944/79 4787/80
f 4787/80 4944/79 4917/81
f 4787/80 4917/81 4770/82
f 4770/82 4917/81 4875/83
f 4770/82 4875/83 4803/84
f 4803/84 4875/83 4854/85
f 4803/84 4854/85 4796/86
f 4803/84 4796/86 4770/82
f 4787/80 4770/82 4912/87
f 4912/87 4770/82 4796/86
f 4929/88 4778/78 4787/80
f 4929/88 4787/80 4912/87
f 4778/78 4929/88 4767/89
f 4778/78 4767/89 4750/90
f 4750/90 4767/89 4749/91
f 4749/91 4767/89 4773/92
f 4773/92 4767/89 4826/93
f 4929/88 4912/87 4918/94
f 4929/88 4918/94 4767/89
f 4918/94 4912/87 4796/86
f 4767/89 4918/94 4826/93
f 4918/94 4796/86 4765/95
f 4918/94 4765/95 4826/93
f 4600/96 4631/97 4586/98
f 4600/96 4586/98 4487/99
f 4487/99 4586/98 4631/97
f 4600/96 4487/99 4636/100
f 4636/100 4487/99 4631/97
f 4636/100 4631/97 4762/101
f 4762/101 4631/97 4851/102
f 4636/100 4762/101 4740/103
f 4740/103 4762/101 4779/104
f 3972/105 3889/106 4047/107
f 4047/107 3889/106 3935/108
f 3972/105 4047/107 4109/109
f 3889/106 3972/105 3788/110
f 3889/106 3788/110 3542/111
f 3788/110 3972/105 3976/112
f 3889/106 3542/111 3680/113
f 3889/106 3680/113 3935/108
f 3680/113 3542/111 3520/114
f 3972/105 4109/109 4064/115
f 3972/105 4064/115 3976/112
f 4064/115 4109/109 4078/116
f 4078/116 4109/109 4168/117
f 4078/116 4168/117 4122/118
f 4064/115 4078/116 4039/119
f 4064/115 4039/119 3976/112
f 4039/119 4078/116 4146/120
f 4039/119 4146/120 4058/121
f 4039/119 4058/121 3976/112
f 3976/112 4058/121 3991/122
f 3377/123 3680/113 3520/114
f 3377/123 3520/114 3120/124
f 3377/123 3120/124 3255/125
f 3255/125 3120/124 56/126
f 3377/123 3255/125 3413/127
f 3377/123 3413/127 3668/128
f 3377/123 3668/128 3680/113
f 3668/128 3413/127 3658/129
f 3668/128 3658/129 3677/130
f 3680/113 3668/128 3688/131
f 3688/131 3668/128 3677/130
f 3680/113 3688/131 3935/108
f 3688/131 3677/130 3990/132
f 3688/131 3990/132 3935/108
f 4109/133 4047/134 4138/135
f 4138/135 4047/134 4136/136
f 4138/135 4136/136 4186/137
f 4109/133 4138/135 4173/138
f 4173/138 4138/135 4186/137
f 4109/133 4173/138 4168/139
f 4168/139 4173/138 4246/140
f 4246/140 4173/138 4186/137
f 4168/139 4246/140 4336/141
f 4246/140 4186/137 4307/142
f 4307/142 4186/137 4177/143
f 4246/140 4307/142 4336/141
f 4336/141 4307/142 4383/144
f 4550/145 4603/146 4336/141
f 4550/145 4336/141 4393/147
f 4393/147 4336/141 4383/144
f 4550/145 4393/147 4625/148
f 4393/147 4383/144 4501/149
f 4393/147 4501/149 4625/148
f 4501/149 4383/144 4496/150
f 4625/148 4501/149 4571/151
f 4571/151 4501/149 4496/150
f 4625/148 4571/151 4750/152
f 4750/152 4571/151 4653/153
f 4653/153 4571/151 4602/154
f 4571/151 4496/150 4569/155
f 4571/151 4569/155 4602/154
f 4569/155 4496/150 4560/156
f 4569/155 4560/156 4602/154
f 4094/157 4136/158 4047/159
f 4136/158 4094/157 4186/160
f 4094/157 4047/159 3935/161
f 4094/157 3935/161 4081/162
f 4081/162 3935/161 3990/163
f 4186/160 4094/157 4183/164
f 4186/160 4183/164 4177/165
f 4094/157 4081/162 4102/166
f 4102/166 4081/162 3990/163
f 4094/157 4102/166 4183/164
f 4177/165 4183/164 4141/167
f 4183/164 4102/166 4128/168
f 4183/164 4128/168 4141/167
f 4128/168 4102/166 3990/163
f 4141/167 4128/168 4112/169
f 4112/169 4128/168 3990/163
f 4112/169 3990/163 3968/170
f 3910/171 3825/172 4013/173
f 4013/173 3825/172 3980/174
f 3980/174 3825/172 3837/175
f 3825/172 3910/171 3723/176
f 4013/173 3980/174 4006/177
f 3980/174 3837/175 3882/178
f 3980/174 3882/178 4006/177
f 3882/178 3837/175 3810/179
f 3810/179 3837/175 3755/180
f 3810/179 3755/180 3835/181
f 3882/178 3810/179 3831/182
f 3831/182 3810/179 3835/181
f 4006/177 3882/178 3904/183
f 3904/183 3882/178 3831/182
f 4042/184 4013/173 4006/177
f 4013/173 4042/184 3910/171
f 4042/184 4006/177 3904/183
f 3784/185 3911/186 3835/181
f 3835/181 3911/186 3909/187
f 3835/181 3909/187 3831/182
f 3909/187 3911/186 3930/188
f 3909/187 3930/188 3983/189
f 3909/187 3983/189 3894/190
f 3909/187 3894/190 3831/182
f 3831/182 3894/190 3747/191
f 3831/182 3747/191 3904/183
f 3747/191 3894/190 3847/192
f 3747/191 3847/192 3904/183
f 3952/193 4042/184 3904/183
f 3904/183 3847/192 3875/194
f 3904/183 3875/194 3952/193
f 4042/184 3952/193 3884/195
f 3884/195 3952/193 3875/194
f 4042/184 3884/195 3910/171
f 3910/171 3884/195 3744/196
f 3744/196 3884/195 3875/194
f 3910/171 3744/196 3723/176
f 3845/197 3875/194 3847/192
f 3845/197 3847/192 3777/198
f 3777/198 3847/192 3706/199
f 3875/194 3845/197 3757/200
f 3757/200 3845/197 3777/198
f 3875/194 3757/200 3744/196
f 3757/200 3777/198 3695/201
f 3757/200 3695/201 3685/202
f 3744/196 3757/200 3646/203
f 3744/196 3646/203 3723/176
f 3646/203 3757/200 3685/202
f 3723/176 3646/203 3590/204
f 3646/203 3685/202 3623/205
f 3646/203 3623/205 3590/204
f 3623/205 3685/202 3541/206
f 3623/205 3541/206 3590/204
f 4545/207 4344/208 4509/209
f 4509/209 4344/208 4226/210
f 4545/207 4509/209 4557/211
f 4509/209 4226/210 4331/212
f 4509/209 4331/212 4557/211
f 4545/207 4557/211 4530/213
f 4545/207 4530/213 4434/214
f 4557/211 4331/212 4465/215
f 4557/211 4465/215 4530/213
f 4331/212 4226/210 4085/216
f 4085/216 4226/210 4040/217
f 4465/215 4331/212 4220/218
f 4220/218 4331/212 4085/216
f 4530/213 4465/215 4437/219
f 4437/219 4465/215 4220/218
f 4530/213 4437/219 4386/220
f 4386/220 4437/219 4235/221
f 4235/221 4437/219 4220/218
f 4235/221 4220/218 4167/222
f 4167/222 4220/218 4085/216
f 4235/221 4167/222 4301/223
f 4167/222 4085/216 4146/224
f 4167/222 4146/224 4301/223
f 4146/224 4085/216 4058/225
f 4301/223 4146/224 4170/226
f 4344/227 4166/228 4226/229
f 4226/229 4166/228 4040/230
f 4040/230 4166/228 4068/231
f 4166/228 4344/227 4205/232
f 4166/228 4205/232 4068/231
f 4040/230 4068/231 4181/233
f 4181/233 4068/231 4205/232
f 4040/230 4181/233 4111/234
f 4205/232 4344/227 4356/235
f 4356/235 4344/227 4545/236
f 4181/233 4205/232 4339/237
f 4339/237 4205/232 4356/235
f 4111/234 4181/233 4208/238
f 4208/238 4181/233 4339/237
f 4111/234 4208/238 4204/239
f 4356/235 4545/236 4434/240
f 4356/235 4434/240 4339/237
f 4339/237 4434/240 4208/238
f 4204/239 4208/238 4257/241
f 4257/241 4208/238 4247/242
f 4247/242 4208/238 4434/240
f 4257/241 4247/242 4270/243
f 4247/242 4434/240 4422/244
f 4270/243 4247/242 4341/245
f 4341/245 4247/242 4422/244
f 4270/243 4341/245 4366/246
f 4270/243 4366/246 4386/247
f 4341/245 4422/244 4495/248
f 4341/245 4495/248 4366/246
f 4495/248 4422/244 4434/240
f 4366/246 4495/248 4386/247
f 4495/248 4434/240 4454/249
f 4495/248 4454/249 4386/247
f 4454/249 4434/240 4530/250
f 4454/249 4530/250 4386/247
f 3991/251 3817/252 3939/253
f 3991/251 3939/253 3976/254
f 3939/253 3817/252 3778/255
f 3939/253 3778/255 3859/256
f 3778/255 3817/252 3740/257
f 3778/255 3740/257 3859/256
f 3740/257 3817/252 3729/258
f 3740/257 3729/258 3558/259
f 3558/259 3729/258 3563/260
f 3859/256 3740/257 3733/261
f 3733/261 3740/257 3558/259
f 3859/256 3733/261 3714/262
f 3859/256 3714/262 3775/263
f 3775/263 3714/262 3589/264
f 3558/259 3563/260 3496/265
f 3496/265 3563/260 3369/266
f 3369/266 3563/260 3340/267
f 3496/265 3369/266 3331/268
f 3331/268 3369/266 3340/267
f 3496/265 3331/268 3558/259
f 3331/268 3340/267 3321/269
f 3558/259 3331/268 3571/270
f 3558/259 3571/270 3733/261
f 3571/270 3331/268 3525/271
f 3571/270 3525/271 3733/261
f 3733/261 3525/271 3714/262
f 3525/271 3331/268 3179/272
f 3525/271 3179/272 3163/273
f 3714/262 3525/271 3506/274
f 3506/274 3525/271 3163/273
f 3714/262 3506/274 3589/264
f 3506/274 3163/273 3312/275
f 3506/274 3312/275 3589/264
f 3589/264 3312/275 3542/276
f 3542/276 3312/275 3200/277
f 3200/277 3312/275 3158/278
f 3542/276 3200/277 3520/279
f 3520/279 3200/277 3120/280
f 3120/280 3200/277 4/281
f 3817/282 3991/283 3917/284
f 3817/282 3917/284 3784/285
f 3784/285 3917/284 3957/286
f 3784/285 3957/286 3911/287
f 3917/284 3991/283 4065/288
f 3917/284 4065/288 3957/286
f 4065/288 3991/283 4111/289
f 4111/289 3991/283 4040/290
f 4040/290 3991/283 4058/291
f 4040/290 4058/291 4085/292
f 4065/288 4111/289 4143/293
f 4143/293 4111/289 4204/294
f 4143/293 4204/294 4214/295
f 4143/293 4214/295 4180/296
f 4065/288 4143/293 4061/297
f 4065/288 4061/297 3957/286
f 4143/293 4180/296 4033/298
f 4143/293 4033/298 4061/297
f 3957/286 4061/297 4055/299
f 4055/299 4061/297 4033/298
f 4055/299 4033/298 3957/286
f 3957/286 4033/298 3911/287
f 3911/287 4033/298 3930/300
f 3930/300 4033/298 4070/301
f 4070/301 4033/298 4180/296
f 3930/300 4070/301 3969/302
f 3969/302 4070/301 3842/303
f 3842/303 4070/301 3924/304
f 3842/303 3924/304 3764/305
f 3764/305 3924/304 3966/306
f 3966/306 3924/304 4160/307
f 4160/307 3924/304 4070/301
f 4070/301 4180/296 4279/308
f 4070/301 4279/308 4160/307
f 4279/308 4180/296 4345/309
f 4160/307 4279/308 4303/310
f 4279/308 4345/309 4338/311
f 4279/308 4338/311 4303/310
f 3939/312 3859/313 3976/314
f 3976/314 3859/313 3788/315
f 3788/315 3859/313 3775/316
f 3788/315 3775/316 3701/317
f 3788/315 3701/317 3542/318
f 3542/318 3701/317 3775/316
f 3542/318 3775/316 3589/319
f 4750/320 4749/321 4736/322
f 4750/320 4736/322 4675/323
f 4675/323 4736/322 4749/321
f 4750/320 4675/323 4625/324
f 4625/324 4675/323 4629/325
f 4629/325 4675/323 4749/321
f 4629/325 4749/321 4681/326
f 4629/325 4681/326 4560/327
f 4629/325 4560/327 4496/328
f 4629/325 4496/328 4546/329
f 4546/329 4496/328 4383/330
f 4546/329 4383/330 4307/331
f 4546/329 4307/331 4594/332
f 4625/333 4629/334 4552/335
f 4625/333 4552/335 4550/336
f 4552/335 4629/334 4546/337
f 4550/336 4552/335 4607/338
f 4550/336 4607/338 4603/339
f 4603/339 4607/338 4616/340
f 4607/338 4552/335 4506/341
f 4506/341 4552/335 4546/337
f 4616/340 4607/338 4482/342
f 4607/338 4506/341 4508/343
f 4607/338 4508/343 4482/342
f 4482/342 4508/343 4506/341
f 4616/340 4482/342 4588/344
f 4588/344 4482/342 4621/345
f 4621/345 4482/342 4456/346
f 4482/342 4506/341 4503/347
f 4503/347 4506/341 4546/337
f 4503/347 4546/337 4614/348
f 4503/347 4614/348 4587/349
f 4614/348 4546/337 4594/350
f 4587/349 4614/348 4622/351
f 4622/351 4614/348 4594/350
f 4622/351 4594/350 4613/352
f 4336/353 4603/354 4621/355
f 4336/353 4621/355 4168/356
f 4168/356 4621/355 4190/357
f 4168/356 4190/357 4082/358
f 4168/356 4082/358 4101/359
f 4101/359 4082/358 4190/357
f 4168/356 4101/359 4122/360
f 4101/359 4190/357 4195/361
f 4101/359 4195/361 4170/362
f 4101/359 4170/362 4122/360
f 4122/360 4170/362 4146/363
f 4122/360 4146/363 4078/364
f 4195/361 4190/357 4265/365
f 4265/365 4190/357 4621/355
f 4265/365 4621/355 4456/366
f 4265/365 4456/366 4439/367
f 4265/365 4439/367 4263/368
f 4439/367 4456/366 4474/369
f 4439/367 4474/369 4613/370
f 4574/371 4409/372 4367/373
f 4430/374 4214/375 4409/372
f 4409/372 4214/375 4204/376
f 4409/372 4204/376 4367/373
f 4430/374 4409/372 4620/377
f 4620/377 4409/372 4574/371
f 4367/373 4204/376 4257/378
f 4620/377 4574/371 4842/379
f 4620/377 4842/379 4840/380
f 4840/380 4842/379 4907/381
f 4907/381 4842/379 4880/382
f 4907/381 4880/382 4609/383
f 4609/383 4880/382 4842/379
f 4609/383 4842/379 4574/371
f 4609/383 4574/371 4520/384
f 4520/384 4574/371 4367/373
f 4404/385 4367/373 4257/378
f 4367/373 4404/385 4520/384
f 4404/385 4257/378 4360/386
f 4404/385 4360/386 4493/387
f 4450/388 4493/387 4520/384
f 4450/388 4520/384 4404/385
f 4404/385 4493/387 4384/389
f 4384/389 4493/387 4450/388
f 4384/389 4450/388 4404/385
f 4051/390 3920/391 4137/392
f 4051/390 4137/392 4304/393
f 4304/393 4137/392 4139/394
f 4051/390 4304/393 4278/395
f 4051/390 4278/395 4114/396
f 4051/390 4114/396 4023/397
f 4023/397 4114/396 3936/398
f 4051/390 4023/397 3869/399
f 3869/399 4023/397 3936/398
f 4051/390 3869/399 3920/391
f 3869/399 3936/398 3683/400
f 4045/401 4139/394 4137/392
f 4045/401 4137/392 3920/391
f 4139/394 4045/401 4129/402
f 4129/402 4045/401 4016/403
f 4016/403 4045/401 3847/404
f 3847/404 4045/401 3920/391
f 4016/403 3847/404 3894/405
f 3847/404 3920/391 3725/406
f 3847/404 3725/406 3706/407
f 3762/408 3920/391 3869/399
f 3920/391 3762/408 3725/406
f 3725/406 3762/408 3690/409
f 3725/406 3690/409 3706/407
f 3762/408 3869/399 3666/410
f 3762/408 3666/410 3690/409
f 3690/409 3666/410 3706/407
f 3666/410 3869/399 3683/400
f 3706/407 3666/410 3631/411
f 3631/411 3666/410 3683/400
f 3631/411 3683/400 3653/412
f 3631/411 3653/412 3594/413
f 3947/414 4016/415 3894/416
f 3947/414 3894/416 3983/417
f 4016/415 3947/414 4129/418
f 3947/414 3983/417 4005/419
f 4005/419 3983/417 3930/420
f 4005/419 3930/420 3969/421
f 3947/414 4005/419 3942/422
f 3942/422 4005/419 3969/421
f 3947/414 3942/422 4129/418
f 3942/422 3969/421 3842/423
f 4129/418 3942/422 4072/424
f 4072/424 3942/422 3993/425
f 3993/425 3942/422 3842/423
f 4129/418 4072/424 4121/426
f 4121/426 4072/424 3993/425
f 4129/418 4121/426 4139/427
f 3993/425 3842/423 3936/428
f 4139/427 4121/426 4171/429
f 4171/429 4121/426 3993/425
f 3993/425 3936/428 4114/430
f 3993/425 4114/430 4171/429
f 4171/429 4114/430 4278/431
f 3936/428 3842/423 3715/432
f 3936/428 3715/432 3683/433
f 3715/432 3842/423 3734/434
f 3734/434 3842/423 3764/435
f 3683/433 3715/432 3653/436
f 3653/436 3715/432 3734/434
f 3653/436 3734/434 3764/435
f 3653/436 3764/435 3655/437
f 3653/436 3655/437 3594/438
f 3594/438 3655/437 3097/439
f 4355/440 4171/429 4278/431
f 4171/429 4355/440 4378/441
f 4378/441 4355/440 4278/431
f 4171/429 4378/441 4139/427
f 4378/441 4278/431 4304/442
f 4378/441 4304/442 4139/427
f 4603/443 4616/444 4621/445
f 4588/446 4579/447 4616/444
f 4616/444 4579/447 4587/448
f 4616/444 4587/448 4622/449
f 4616/444 4622/449 4613/450
f 4616/444 4613/450 4621/445
f 4621/445 4613/450 4588/451
f 4588/451 4613/450 4579/452
f 4579/452 4613/450 4587/453
f 4587/453 4613/450 4474/454
f 4587/453 4474/454 4503/455
f 4503/455 4474/454 4482/456
f 4482/456 4474/454 4456/457
f 4737/458 4436/459 4429/460
f 4737/458 4429/460 4732/461
f 4720/462 4427/463 4431/464
f 4429/465 4389/466 4427/463
f 4427/463 4389/466 4265/467
f 4265/467 4389/466 4261/468
f 4427/463 4265/467 4431/464
f 4265/467 4261/468 4195/469
f 4195/469 4261/468 4170/470
f 4170/470 4261/468 4254/471
f 4431/464 4265/467 4363/472
f 4363/472 4265/467 4263/473
f 4363/472 4263/473 4388/474
f 4363/472 4388/474 4412/475
f 4363/472 4412/475 4442/476
f 4363/472 4442/476 4431/464
f 4442/476 4412/475 4592/477
f 4442/476 4592/477 4721/478
f 4431/464 4442/476 4526/479
f 4526/479 4442/476 4721/478
f 4431/464 4526/479 4720/462
f 4526/479 4721/478 4726/480
f 4526/479 4726/480 4720/462
f 4720/462 4726/480 4713/481
f 4720/462 4713/481 4427/463
f 4427/463 4713/481 4645/482
f 4427/463 4645/482 4466/483
f 4645/482 4713/481 4733/484
f 4645/482 4733/484 4466/483
f 4733/484 4713/481 4889/485
f 4466/483 4733/484 4647/486
f 4466/483 4647/486 4448/487
f 4448/487 4647/486 4499/488
f 4733/484 4889/485 4936/489
f 4936/489 4889/485 5129/490
f 5129/490 4889/485 5128/491
f 4733/484 4936/489 4916/492
f 4733/484 4916/492 4785/493
f 4785/493 4916/492 4914/494
f 4916/492 4936/489 5124/495
f 5124/495 4936/489 5129/490
f 4916/492 5124/495 4914/494
f 5124/495 5129/490 5128/491
f 4914/494 5124/495 5127/496
f 5127/496 5124/495 5128/491
f 5127/496 5128/491 4855/497
f 4731/498 4713/499 4726/500
f 4713/499 4731/498 4899/501
f 4713/499 4899/501 4889/502
f 4731/498 4726/500 4723/503
f 4723/503 4726/500 4721/504
f 4723/503 4721/504 4611/505
f 4611/505 4721/504 4592/506
f 4731/498 4723/503 4818/507
f 4731/498 4818/507 4899/501
f 4818/507 4723/503 4855/508
f 5012/509 4889/502 4899/501
f 5012/509 4899/501 4818/507
f 5012/509 4818/507 4855/508
f 4889/502 5012/509 5128/510
f 5128/510 5012/509 4855/508
f 4321/511 4389/512 4436/513
f 4436/513 4389/512 4429/514
f 4389/512 4321/511 4261/515
f 4732/516 4486/517 4436/513
f 4436/513 4486/517 4321/511
f 4261/515 4321/511 4254/518
f 4321/511 4486/517 4392/519
f 4392/519 4486/517 4515/520
f 4254/518 4321/511 4353/521
f 4353/521 4321/511 4392/519
f 4392/519 4515/520 4414/522
f 4392/519 4414/522 4353/521
f 4414/522 4515/520 4472/523
f 4414/522 4472/523 4433/524
f 4414/522 4433/524 4365/525
f 4414/522 4365/525 4359/526
f 4359/526 4365/525 4345/527
f 4353/521 4414/522 4379/528
f 4379/528 4414/522 4359/526
f 4353/521 4379/528 4254/518
f 4379/528 4359/526 4360/529
f 4254/518 4379/528 4301/530
f 4301/530 4379/528 4360/529
f 4254/518 4301/530 4170/531
f 4301/530 4360/529 4270/532
f 4270/532 4360/529 4257/533
f 4301/530 4270/532 4235/534
f 4235/534 4270/532 4386/535
f 2945/536 3058/537 3132/538
f 2945/536 3132/538 2962/539
f 3132/538 3058/537 3146/540
f 3132/538 3146/540 3205/541
f 3146/540 3058/537 3068/542
f 3068/542 3058/537 54/543
f 3205/541 3146/540 3125/544
f 3068/542 54/543 13/545
f 13/545 54/543 3019/546
f 13/545 3019/546 3068/542
f 3205/541 3125/544 3060/547
f 3060/547 3125/544 3146/540
f 3060/547 3146/540 3068/542
f 3060/547 3068/542 3019/546
f 3205/541 3060/547 3075/548
f 3060/547 3019/546 46/549
f 3060/547 46/549 3075/548
f 3075/548 46/549 97/550
f 3205/551 3075/552 3082/553
f 3082/553 3075/552 3106/554
f 3205/551 3082/553 3136/555
f 3136/555 3082/553 3106/554
f 3205/551 3136/555 3307/556
f 3136/555 3106/554 3134/557
f 3307/556 3136/555 3206/558
f 3206/558 3136/555 3134/557
f 3307/556 3206/558 3292/559
f 3206/558 3134/557 3199/560
f 3206/558 3199/560 3292/559
f 3199/560 3134/557 207/561
f 207/561 3134/557 149/562
f 3199/560 207/561 3287/563
f 3199/560 3287/563 3292/559
f 3287/563 207/561 284/564
f 3307/556 3292/559 3124/565
f 3307/556 3124/565 3187/566
f 3124/565 3292/559 2968/567
f 3187/566 3124/565 2996/568
f 3124/565 2968/567 2989/569
f 3124/565 2989/569 2996/568
f 2989/569 2968/567 132/570
f 2989/569 132/570 2996/568
f 132/570 2968/567 278/571
f 2996/568 132/570 180/572
f 132/570 278/571 248/573
f 180/572 132/570 292/574
f 292/574 132/570 248/573
f 50/575 3058/576 2945/577
f 3058/576 50/575 54/578
f 50/575 2945/577 123/579
f 123/579 2945/577 2962/580
f 54/578 50/575 158/581
f 158/581 50/575 123/579
f 54/578 158/581 88/582
f 54/578 88/582 3019/583
f 3019/583 88/582 46/584
f 46/584 88/582 162/585
f 162/585 88/582 158/581
f 46/584 162/585 97/586
f 162/585 158/581 233/587
f 233/587 158/581 123/579
f 97/586 162/585 106/588
f 106/588 162/585 233/587
f 3106/589 3075/590 97/586
f 97/586 106/588 125/591
f 97/586 125/591 3106/589
f 3106/589 125/591 149/592
f 3106/589 149/592 3134/593
f 149/592 125/591 140/594
f 140/594 125/591 106/588
f 149/592 140/594 207/595
f 292/596 106/588 233/587
f 106/588 292/596 140/594
f 292/596 233/587 123/579
f 207/595 140/594 248/597
f 248/597 140/594 292/596
f 207/595 248/597 284/598
f 292/596 123/579 180/599
f 180/599 123/579 2996/600
f 2996/600 123/579 2962/580
f 2996/600 2962/580 3187/601
f 3187/601 2962/580 3132/602
f 3187/601 3132/602 3205/603
f 3187/601 3205/603 3307/604
f 3297/605 3288/606 3287/607
f 3297/605 3287/607 284/608
f 3297/605 284/608 288/609
f 3297/605 288/609 3288/606
f 288/609 284/608 277/610
f 3288/606 288/609 3274/611
f 3274/611 288/609 277/610
f 3287/607 3288/606 3284/612
f 3284/612 3288/606 3274/611
f 3287/607 3284/612 3291/613
f 3287/607 3291/613 3292/614
f 3292/614 3291/613 3054/615
f 3054/615 3291/613 3037/616
f 3274/611 277/610 271/617
f 271/617 277/610 244/618
f 271/617 244/618 3269/619
f 271/617 3269/619 3274/611
f 3269/619 244/618 3254/620
f 3269/619 3254/620 3274/611
f 3274/611 3254/620 3251/621
f 3278/622 3284/612 3274/611
f 3278/622 3274/611 3251/621
f 3284/612 3278/622 267/623
f 267/623 3278/622 3251/621
f 267/623 3251/621 234/624
f 267/623 234/624 244/625
f 3054/626 2968/627 3292/628
f 2968/627 3054/626 126/629
f 2968/627 126/629 278/630
f 278/630 126/629 219/631
f 126/629 3054/626 3037/632
f 126/629 3037/632 219/631
f 219/631 3037/632 252/633
f 252/633 3037/632 2983/634
f 2983/634 3037/632 3291/635
f 252/633 2983/634 3119/636
f 3119/636 2983/634 3291/635
f 3242/637 3291/638 222/639
f 3291/638 3242/637 3119/640
f 3119/640 3242/637 222/639
f 3119/640 222/639 252/641
f 252/641 222/639 219/642
f 219/642 222/639 3291/638
f 219/642 3291/638 3284/643
f 3825/644 3721/645 3724/646
f 3721/645 3825/644 3723/647
f 3721/645 3723/647 3590/648
f 3721/645 3590/648 3541/649
f 3721/645 3541/649 3724/646
f 3825/644 3724/646 3837/650
f 3837/650 3724/646 3755/651
f 3724/646 3541/649 3567/652
f 3567/652 3541/649 3685/653
f 3755/651 3724/646 3632/654
f 3632/654 3724/646 3567/652
f 3755/651 3632/654 3729/655
f 3755/651 3729/655 3817/656
f 3755/651 3817/656 3835/657
f 3835/657 3817/656 3784/658
f 3729/655 3632/654 3563/659
f 3632/654 3567/652 3529/660
f 3632/654 3529/660 3563/659
f 3529/660 3567/652 3685/653
f 3332/661 3340/662 3563/659
f 3332/661 3563/659 3529/660
f 3332/661 3529/660 3329/663
f 3329/663 3529/660 3494/664
f 3329/663 3494/664 3456/665
f 3494/664 3529/660 3556/666
f 3494/664 3556/666 3456/665
f 3329/663 3456/665 3431/667
f 3431/667 3456/665 3556/666
f 3329/663 3431/667 3379/668
f 3379/668 3431/667 3349/669
f 3349/669 3431/667 3452/670
f 3452/670 3431/667 3556/666
f 3349/669 3452/670 3444/671
f 3601/672 3556/666 3529/660
f 3601/672 3529/660 3685/653
f 3452/670 3556/666 3594/673
f 3556/666 3601/672 3631/674
f 3556/666 3631/674 3594/673
f 3452/670 3594/673 3457/675
f 3457/675 3594/673 3271/676
f 3474/677 3444/671 3452/670
f 3474/677 3452/670 3457/675
f 3444/671 3474/677 3342/678
f 3474/677 3457/675 3461/679
f 3474/677 3461/679 3402/680
f 3728/681 3631/674 3601/672
f 3728/681 3601/672 3685/653
f 3631/674 3728/681 3706/682
f 3728/681 3685/653 3695/683
f 3706/682 3728/681 3777/684
f 3777/684 3728/681 3695/683
f 3363/685 3251/686 3254/687
f 3363/685 3254/687 244/688
f 3363/685 244/688 342/689
f 3363/685 342/689 336/690
f 336/690 342/689 327/691
f 3363/685 336/690 3147/692
f 3147/692 336/690 327/691
f 3237/693 3214/694 3251/686
f 3237/693 3251/686 3217/695
f 3237/693 3217/695 3228/696
f 3228/696 3217/695 3334/697
f 3334/697 3217/695 3350/698
f 3350/698 3217/695 3251/686
f 3334/697 3350/698 3344/699
f 3350/698 3251/686 3352/700
f 3350/698 3352/700 3344/699
f 3352/700 3251/686 3363/685
f 3352/700 3363/685 3344/699
f 3329/701 3379/702 3344/699
f 3329/701 3344/699 3332/703
f 3332/703 3344/699 3363/685
f 3332/703 3363/685 3340/704
f 3340/704 3363/685 3147/692
f 3340/704 3147/692 3174/705
f 3340/704 3174/705 3321/706
f 3321/706 3174/705 3162/707
f 3162/707 3174/705 3147/692
f 3321/706 3162/707 3331/708
f 3331/708 3162/707 3179/709
f 3179/709 3162/707 3163/710
f 3162/707 3147/692 144/711
f 3163/710 3162/707 171/712
f 171/712 3162/707 144/711
f 144/711 3147/692 327/691
f 171/712 144/711 172/713
f 172/713 144/711 310/714
f 172/713 310/714 171/712
f 310/714 144/711 327/691
f 310/714 327/691 325/715
f 310/714 325/715 171/712
f 325/715 327/691 380/716
f 380/716 327/691 518/717
f 518/717 327/691 340/718
f 518/717 340/718 505/719
f 518/717 505/719 605/720
f 380/716 518/717 533/721
f 380/716 533/721 325/715
f 533/721 518/717 593/722
f 325/715 533/721 557/723
f 557/723 533/721 593/722
f 325/715 557/723 171/712
f 557/723 593/722 690/724
f 557/723 690/724 510/725
f 510/725 690/724 724/726
f 510/725 724/726 622/727
f 557/723 510/725 188/728
f 557/723 188/728 171/712
f 510/725 622/727 499/729
f 510/725 499/729 188/728
f 171/712 188/728 192/730
f 192/730 188/728 499/729
f 171/712 192/730 3163/710
f 499/729 622/727 195/731
f 499/729 195/731 192/730
f 192/730 195/731 3163/710
f 3163/710 195/731 3312/732
f 195/731 622/727 542/733
f 195/731 542/733 541/734
f 242/735 3237/736 3228/737
f 3237/736 242/735 237/738
f 242/735 3228/737 324/739
f 242/735 324/739 350/740
f 242/735 350/740 234/741
f 237/738 242/735 221/742
f 221/742 242/735 234/741
f 221/742 234/741 3251/743
f 221/742 3251/743 3214/744
f 221/742 3214/744 3201/745
f 221/742 3201/745 205/746
f 3201/747 3214/748 3237/749
f 3201/747 3237/749 3188/750
f 3201/747 3188/750 205/751
f 3188/750 3237/749 3334/752
f 3188/750 3334/752 3344/753
f 3188/750 3344/753 3379/754
f 3188/750 3379/754 361/755
f 361/755 3379/754 3349/756
f 3081/757 3032/758 82/759
f 3032/758 3081/757 3170/760
f 3032/758 3170/760 3088/761
f 3088/761 3170/760 3035/762
f 3088/761 3035/762 127/763
f 127/763 3035/762 129/764
f 127/763 129/764 161/765
f 161/765 129/764 216/766
f 3035/762 3170/760 3139/767
f 3139/767 3170/760 3209/768
f 3209/768 3170/760 3081/757
f 3139/767 3209/768 3234/769
f 3234/769 3209/768 3081/757
f 3234/769 3081/757 3014/770
f 3234/769 3014/770 3221/771
f 3234/769 3221/771 3240/772
f 3221/773 227/774 3266/775
f 227/774 3221/773 3014/776
f 227/774 3014/776 223/777
f 223/777 3014/776 82/778
f 82/778 3014/776 3081/779
f 223/777 82/778 216/780
f 216/780 82/778 161/781
f 161/781 82/778 3032/782
f 161/781 3032/782 127/783
f 127/783 3032/782 3088/784
f 3402/785 3342/786 3474/787
f 3342/786 3402/785 3386/788
f 3386/788 3402/785 3461/789
f 3342/786 3386/788 3415/790
f 3342/786 3415/790 3444/791
f 3349/792 3444/793 3266/794
f 3253/795 3266/796 3444/797
f 3266/796 3253/795 3221/798
f 3253/795 3444/797 3414/799
f 3221/798 3253/795 3240/800
f 3271/801 3414/799 3457/802
f 3414/799 3271/801 3098/803
f 3414/799 3098/803 3253/795
f 3253/795 3098/803 3240/800
f 3240/800 3098/803 3061/804
f 3240/800 3061/804 3234/805
f 3234/805 3061/804 3139/806
f 3061/804 3098/803 196/807
f 196/807 3098/803 186/808
f 196/807 186/808 273/809
f 196/807 273/809 223/810
f 196/807 223/810 216/811
f 3139/806 3061/804 130/812
f 130/812 3061/804 196/807
f 130/812 196/807 216/811
f 3139/806 130/812 3035/813
f 130/812 216/811 129/814
f 130/812 129/814 3035/813
f 3266/815 257/816 3349/817
f 3349/817 257/816 361/818
f 361/818 257/816 428/819
f 428/819 257/816 427/820
f 257/816 3266/815 227/821
f 427/820 257/816 273/822
f 273/822 257/816 227/821
f 273/822 227/821 223/823
f 3312/824 195/825 3158/826
f 3158/826 195/825 165/827
f 3158/826 165/827 4/828
f 3158/826 4/828 3200/829
f 4/828 165/827 151/830
f 151/830 165/827 195/825
f 4/828 151/830 3120/831
f 3120/831 151/830 56/832
f 151/830 195/825 357/833
f 357/833 195/825 541/834
f 357/833 541/834 151/830
f 151/830 541/834 353/835
f 56/832 151/830 281/836
f 281/836 151/830 353/835
f 56/832 281/836 112/837
f 281/836 353/835 293/838
f 281/836 293/838 112/837
f 293/838 353/835 393/839
f 293/838 393/839 300/840
f 112/837 293/838 90/841
f 90/841 293/838 159/842
f 3413/843 3255/844 3301/845
f 3413/843 3301/845 3394/846
f 3301/845 3255/844 3222/847
f 3222/847 3255/844 3131/848
f 3131/848 3255/844 56/849
f 3131/848 56/849 112/850
f 3131/848 112/850 90/851
f 3222/847 3131/848 3095/852
f 3222/847 3095/852 3301/845
f 3095/852 3131/848 90/851
f 3279/853 3394/846 3301/845
f 3279/853 3301/845 3095/852
f 3394/846 3279/853 3123/854
f 3095/852 90/851 3069/855
f 3095/852 3069/855 3279/853
f 3279/853 3069/855 3123/854
f 3069/855 90/851 159/856
f 3069/855 159/856 3123/854
f 3394/846 3123/854 3559/857
f 3123/854 159/856 11/858
f 3123/854 11/858 3176/859
f 3123/854 3176/859 3559/857
f 3176/859 11/858 177/860
f 3176/859 177/860 3126/861
f 3126/861 177/860 174/862
f 3559/857 3176/859 3213/863
f 3213/863 3176/859 3126/861
f 3213/863 3126/861 174/862
f 3559/857 3213/863 3656/864
f 3213/863 174/862 3173/865
f 3173/865 174/862 190/866
f 3213/863 3173/865 3526/867
f 3213/863 3526/867 3656/864
f 3656/864 3526/867 3707/868
f 4840/869 4907/870 4651/871
f 4651/871 4907/870 4633/872
f 4633/872 4907/870 4609/873
f 4633/872 4609/873 4520/874
f 4651/871 4633/872 4478/875
f 4478/875 4633/872 4520/874
f 4840/869 4651/871 4617/876
f 4840/869 4617/876 4620/877
f 4620/877 4617/876 4430/878
f 4430/878 4617/876 4553/879
f 4553/879 4617/876 4651/871
f 4553/879 4651/871 4478/875
f 4553/879 4478/875 4345/880
f 4345/880 4478/875 4359/881
f 4359/881 4478/875 4360/882
f 4360/882 4478/875 4520/874
f 4360/882 4520/874 4493/883
f 4430/884 4553/885 4230/886
f 4230/886 4553/885 4345/887
f 4230/886 4345/887 4180/888
f 4430/884 4230/886 4214/889
f 4230/886 4180/888 4211/890
f 4230/886 4211/890 4214/889
f 4214/889 4211/890 4182/891
f 4214/889 4182/891 4180/892
f 4515/893 4463/894 4472/895
f 4472/895 4463/894 4411/896
f 4472/895 4411/896 4397/897
f 4463/894 4515/893 4438/898
f 4438/898 4515/893 4486/899
f 4438/898 4486/899 4732/900
f 4438/898 4732/900 4429/901
f 4438/898 4429/901 4427/902
f 4438/898 4427/902 4463/894
f 4463/894 4427/902 4466/903
f 4463/894 4466/903 4448/904
f 4463/894 4448/904 4479/905
f 4489/906 4411/896 4463/894
f 4489/906 4463/894 4479/905
f 4411/896 4489/906 4397/897
f 4489/906 4479/905 4517/907
f 4517/907 4479/905 4555/908
f 4489/906 4517/907 4376/909
f 4489/906 4376/909 4397/897
f 4397/897 4376/909 4320/910
f 4320/910 4376/909 4130/911
f 4130/911 4376/909 4084/912
f 4130/911 4084/912 4009/913
f 4130/911 4009/913 4320/910
f 4320/910 4009/913 4325/914
f 4320/910 4325/914 4397/897
f 4325/914 4009/913 4018/915
f 4018/915 4009/913 3018/916
f 4018/915 3018/916 3454/917
f 4018/915 3454/917 3606/918
f 4397/897 4325/914 4433/919
f 4397/897 4433/919 4472/895
f 4433/919 4325/914 4300/920
f 4300/920 4325/914 4018/915
f 4433/919 4300/920 4272/921
f 4272/921 4300/920 4018/915
f 4433/919 4272/921 4365/922
f 4272/921 4018/915 4250/923
f 4365/922 4272/921 4410/924
f 4365/922 4410/924 4345/925
f 4345/925 4410/924 4338/926
f 4338/926 4410/924 4303/927
f 4303/927 4410/924 4272/921
f 4303/927 4272/921 4250/923
f 4303/927 4250/923 4241/928
f 4241/928 4250/923 4018/915
f 4303/927 4241/928 4160/929
f 4241/928 4018/915 3922/930
f 4241/928 3922/930 4160/929
f 3922/930 4018/915 3606/918
f 4160/929 3922/930 3966/931
f 3966/931 3922/930 3901/932
f 3966/931 3901/932 3764/933
f 3922/930 3606/918 3786/934
f 3922/930 3786/934 3901/932
f 3901/932 3786/934 3764/933
f 3786/934 3606/918 3655/935
f 3786/934 3655/935 3764/933
f 4737/936 4732/937 4436/938
f 4730/939 4677/940 4785/941
f 4785/941 4677/940 4733/942
f 4730/939 4785/941 4914/943
f 4733/942 4677/940 4647/944
f 4730/939 4914/943 4715/945
f 4677/940 4730/939 4573/946
f 4677/940 4573/946 4584/947
f 4677/940 4584/947 4647/944
f 4573/946 4730/939 4567/948
f 4647/944 4584/947 4555/949
f 4555/949 4584/947 4525/950
f 4647/944 4555/949 4479/951
f 4647/944 4479/951 4567/952
f 4647/944 4567/952 4499/953
f 4567/952 4479/951 4573/954
f 4573/954 4479/951 4584/955
f 4469/956 4567/948 4730/939
f 4469/956 4730/939 4715/945
f 4567/948 4469/956 4499/957
f 4499/957 4469/956 4448/958
f 4469/956 4715/945 4611/959
f 4611/959 4715/945 4723/960
f 4469/956 4611/959 4452/961
f 4180/962 4182/963 4211/964
f 4517/965 4555/966 4525/967
f 4584/968 4479/969 4525/967
f 4525/967 4479/969 4507/970
f 4517/965 4525/967 4419/971
f 4517/965 4419/971 4376/972
f 4525/967 4507/970 4416/973
f 4525/967 4416/973 4419/971
f 4485/974 4372/975 4507/970
f 4507/970 4372/975 4416/973
f 4416/973 4372/975 4097/976
f 4376/972 4419/971 4113/977
f 4376/972 4113/977 4084/978
f 4419/971 4416/973 4391/979
f 4419/971 4391/979 4113/977
f 4416/973 4097/976 4120/980
f 4416/973 4120/980 4391/979
f 4090/981 4097/976 4084/978
f 4090/981 4084/978 4113/977
f 4097/976 4090/981 4120/980
f 4113/977 4391/979 4142/982
f 4113/977 4142/982 4090/981
f 4142/982 4391/979 4120/980
f 4120/980 4090/981 4124/983
f 4124/983 4090/981 4142/982
f 4124/983 4142/982 4120/980
f 4084/984 3645/985 4009/986
f 3645/985 4084/984 3887/987
f 3887/987 4084/984 4097/988
f 3887/987 4097/988 4328/989
f 4328/989 4097/988 4372/990
f 3645/985 3887/987 3493/991
f 3645/985 3493/991 3524/992
f 4009/986 3645/985 3505/993
f 3505/993 3645/985 3524/992
f 3524/992 3493/991 3491/994
f 3524/992 3491/994 3505/993
f 4009/986 3505/993 3018/995
f 3018/995 3505/993 3276/996
f 3276/996 3505/993 3425/997
f 3425/997 3505/993 3491/994
f 3276/996 3425/997 20/998
f 20/998 3425/997 67/999
f 67/999 3425/997 3178/1000
f 3178/1000 3425/997 3491/994
f 3178/1000 3491/994 3190/1001
f 3178/1000 3190/1001 3281/1002
f 3281/1002 3190/1001 3135/1003
f 3178/1000 3281/1002 3325/1004
f 3178/1000 3325/1004 48/1005
f 4198/1006 4240/1007 4294/1008
f 4240/1007 4198/1006 4209/1009
f 4209/1009 4198/1006 4125/1010
f 4240/1007 4209/1009 4242/1011
f 4198/1006 4294/1008 4145/1012
f 4240/1007 4242/1011 4475/1013
f 4475/1013 4242/1011 4467/1014
f 4240/1007 4475/1013 4294/1008
f 4294/1008 4475/1013 4424/1015
f 4424/1015 4475/1013 4512/1016
f 4424/1015 4512/1016 4467/1017
f 4424/1015 4467/1017 4242/1018
f 4424/1015 4242/1018 4382/1019
f 4424/1015 4382/1019 4334/1020
f 4424/1015 4334/1020 4294/1008
f 4382/1019 4242/1018 4286/1021
f 4294/1008 4334/1020 4286/1021
f 4334/1020 4382/1019 4298/1022
f 4298/1022 4382/1019 4286/1021
f 4298/1022 4286/1021 4334/1020
f 4286/1021 4242/1018 4209/1023
f 4294/1008 4286/1021 4315/1024
f 4286/1021 4209/1023 4249/1025
f 4286/1021 4249/1025 4315/1024
f 4315/1024 4249/1025 4294/1008
f 4249/1025 4209/1023 4140/1026
f 4294/1008 4249/1025 4145/1012
f 4145/1012 4249/1025 4140/1026
f 3797/1027 3720/1028 3897/1029
f 3797/1027 3897/1029 3872/1030
f 3797/1027 3872/1030 3850/1031
f 3897/1029 3720/1028 3813/1032
f 3897/1029 3813/1032 3829/1033
f 3829/1033 3813/1032 3820/1034
f 3820/1034 3813/1032 3763/1035
f 3763/1035 3813/1032 3720/1028
f 3763/1035 3720/1028 3704/1036
f 3763/1035 3704/1036 3811/1037
f 3913/1038 3872/1030 3897/1029
f 3913/1038 3897/1029 3881/1039
f 3913/1038 3881/1039 3827/1040
f 3913/1038 3827/1040 3860/1041
f 3893/1042 3850/1031 3872/1030
f 3893/1042 3872/1030 3913/1038
f 3850/1031 3893/1042 3792/1043
f 3792/1043 3893/1042 3820/1044
f 3893/1042 3913/1038 3899/1045
f 3893/1042 3899/1045 3929/1046
f 3929/1046 3899/1045 3913/1038
f 3873/1047 3913/1038 3860/1041
f 3913/1038 3873/1047 3929/1046
f 3873/1047 3860/1041 3893/1048
f 3873/1047 3893/1048 3864/1049
f 3873/1047 3864/1049 3929/1046
f 3929/1046 3864/1049 3878/1050
f 3929/1046 3878/1050 3938/1051
f 3651/1052 3797/1053 3758/1054
f 3797/1053 3651/1052 3573/1055
f 3797/1053 3573/1055 3720/1056
f 3720/1056 3573/1055 3669/1057
f 3720/1056 3669/1057 3704/1058
f 3669/1057 3573/1055 3512/1059
f 3573/1055 3651/1052 3408/1060
f 3573/1055 3408/1060 3512/1059
f 3512/1059 3408/1060 3114/1061
f 3512/1059 3114/1061 3510/1062
f 3408/1060 3651/1052 3399/1063
f 3399/1063 3651/1052 3568/1064
f 3568/1064 3651/1052 3758/1054
f 3399/1063 3568/1064 3355/1065
f 3355/1065 3568/1064 3510/1066
f 3568/1064 3758/1054 3674/1067
f 3674/1067 3758/1054 3713/1068
f 3674/1067 3713/1068 3669/1069
f 3674/1067 3669/1069 3512/1070
f 3674/1067 3512/1070 3546/1071
f 3674/1067 3546/1071 3568/1064
f 3568/1064 3546/1071 3510/1066
f 3510/1066 3546/1071 3509/1072
f 3509/1072 3546/1071 3550/1073
f 3700/1074 3759/1075 3801/1076
f 3801/1076 3759/1075 3771/1077
f 3801/1076 3771/1077 3783/1078
f 3783/1078 3771/1077 3759/1075
f 3801/1076 3783/1078 3792/1079
f 3792/1079 3783/1078 3763/1080
f 3783/1078 3759/1075 3667/1081
f 3667/1081 3759/1075 3700/1074
f 3783/1078 3667/1081 3673/1082
f 3783/1078 3673/1082 3819/1083
f 3819/1083 3673/1082 3647/1084
f 3647/1084 3673/1082 3473/1085
f 3473/1085 3673/1082 3667/1081
f 3647/1084 3473/1085 3462/1086
f 3667/1081 3700/1074 3554/1087
f 3667/1081 3554/1087 3473/1085
f 3554/1087 3700/1074 3550/1088
f 3550/1088 3700/1074 3484/1089
f 3550/1088 3484/1089 3509/1090
f 3554/1087 3550/1088 3518/1091
f 3518/1091 3550/1088 3546/1092
f 3518/1091 3546/1092 3512/1093
f 3518/1091 3512/1093 3510/1094
f 3518/1091 3510/1094 3509/1095
f 3518/1091 3509/1095 3554/1087
f 3554/1087 3509/1095 3473/1085
f 3473/1085 3509/1095 8/1096
f 8/1096 3509/1095 3484/1097
f 3801/1098 3712/1099 3700/1100
f 3700/1100 3712/1099 3484/1101
f 3903/1102 3801/1098 3879/1103
f 3801/1098 3903/1102 3712/1099
f 3484/1101 3712/1099 3490/1104
f 3712/1099 3903/1102 3746/1105
f 3746/1105 3903/1102 3944/1106
f 3490/1104 3712/1099 3515/1107
f 3515/1107 3712/1099 3746/1105
f 3490/1104 3515/1107 2965/1108
f 3746/1105 3944/1106 3808/1109
f 3746/1105 3808/1109 3515/1107
f 3808/1109 3944/1106 4017/1110
f 3515/1107 3808/1109 3565/1111
f 3565/1111 3808/1109 3868/1112
f 3515/1107 3565/1111 2998/1113
f 3758/1114 3797/1115 3850/1116
f 3758/1114 3850/1116 3792/1117
f 3758/1114 3792/1117 3704/1118
f 3704/1118 3792/1117 3811/1119
f 3758/1114 3704/1118 3713/1120
f 3713/1120 3704/1118 3765/1121
f 3765/1121 3704/1118 3660/1122
f 3660/1122 3704/1118 3669/1123
f 3765/1121 3660/1122 3761/1124
f 3765/1121 3761/1124 3713/1120
f 3713/1120 3761/1124 3669/1125
f 3763/1126 3783/1127 3811/1128
f 3811/1128 3783/1127 3819/1129
f 3811/1130 3801/1131 3792/1132
f 3801/1131 3811/1130 3879/1133
f 3879/1133 3811/1130 3877/1134
f 3879/1133 3877/1134 3950/1135
f 3950/1135 3877/1134 3938/1136
f 3879/1133 3950/1135 3903/1137
f 3903/1137 3950/1135 3963/1138
f 3950/1135 3938/1136 3876/1139
f 3876/1139 3938/1136 3790/1140
f 3876/1139 3790/1140 3528/1141
f 3876/1139 3528/1141 3799/1142
f 3876/1139 3799/1142 3698/1143
f 3963/1138 3950/1135 3890/1144
f 3890/1144 3950/1135 3876/1139
f 3903/1137 3963/1138 3973/1145
f 3973/1145 3963/1138 3890/1144
f 3903/1137 3973/1145 3944/1146
f 3876/1139 3698/1143 3717/1147
f 3876/1139 3717/1147 3890/1144
f 3717/1147 3698/1143 3489/1148
f 3717/1147 3489/1148 3753/1149
f 3717/1147 3753/1149 3890/1144
f 3890/1144 3753/1149 3956/1150
f 3890/1144 3956/1150 3973/1145
f 3956/1150 3753/1149 4087/1151
f 4012/1152 3944/1146 3973/1145
f 4012/1152 3973/1145 3956/1150
f 4012/1152 3956/1150 4087/1151
f 3944/1146 4012/1152 4017/1153
f 4012/1152 4087/1151 4105/1154
f 4012/1152 4105/1154 4017/1153
f 4105/1154 4087/1151 4165/1155
f 4017/1153 4105/1154 4095/1156
f 4095/1156 4105/1154 4165/1155
f 4628/1157 4467/1158 4512/1159
f 3929/1160 3877/1161 3893/1162
f 3877/1161 3929/1160 3938/1163
f 3893/1162 3877/1161 3864/1164
f 3864/1164 3877/1161 3878/1165
f 3878/1165 3877/1161 3874/1166
f 3874/1166 3877/1161 3811/1167
f 3874/1166 3811/1167 3819/1168
f 3878/1165 3874/1166 3818/1169
f 3878/1165 3818/1169 3938/1170
f 3818/1169 3874/1166 3883/1171
f 3883/1171 3874/1166 3819/1168
f 3818/1169 3883/1171 3821/1172
f 3883/1171 3819/1168 3791/1173
f 3791/1173 3819/1168 3647/1174
f 3821/1172 3883/1171 3862/1175
f 3862/1175 3883/1171 3791/1173
f 3821/1172 3862/1175 3789/1176
f 3789/1176 3862/1175 3843/1177
f 3843/1177 3862/1175 3791/1173
f 3789/1176 3843/1177 3732/1178
f 3732/1178 3843/1177 3791/1173
f 3789/1176 3732/1178 3684/1179
f 3684/1179 3732/1178 3275/1180
f 3275/1180 3732/1178 3189/1181
f 3732/1178 3791/1173 3689/1182
f 3189/1181 3732/1178 3580/1183
f 3580/1183 3732/1178 3689/1182
f 3580/1183 3689/1182 3791/1173
f 3580/1183 3791/1173 3647/1174
f 3189/1181 3580/1183 3418/1184
f 3580/1183 3647/1174 3462/1185
f 3580/1183 3462/1185 3418/1184
f 3792/1186 3820/1187 3763/1188
f 3893/1189 3860/1190 3820/1191
f 3820/1191 3860/1190 3768/1192
f 3820/1191 3768/1192 3829/1193
f 3827/1194 3782/1195 3860/1190
f 3860/1190 3782/1195 3768/1192
f 3768/1192 3782/1195 3654/1196
f 3829/1193 3768/1192 3774/1197
f 3829/1193 3774/1197 3897/1198
f 3768/1192 3654/1196 3625/1199
f 3625/1199 3654/1196 3527/1200
f 3774/1197 3768/1192 3633/1201
f 3633/1201 3768/1192 3625/1199
f 3897/1198 3774/1197 3692/1202
f 3692/1202 3774/1197 3633/1201
f 3897/1198 3692/1202 3881/1203
f 3625/1199 3527/1200 3449/1204
f 3625/1199 3449/1204 3633/1201
f 3449/1204 3527/1200 3528/1205
f 3881/1203 3692/1202 3804/1206
f 3881/1203 3804/1206 3827/1207
f 3827/1207 3804/1206 3652/1208
f 3652/1208 3804/1206 3692/1202
f 3449/1204 3528/1205 2972/1209
f 3652/1208 3692/1202 3570/1210
f 3570/1210 3692/1202 3633/1201
f 3652/1208 3570/1210 3443/1211
f 3443/1211 3570/1210 3422/1212
f 3422/1212 3570/1210 3633/1201
f 3443/1211 3422/1212 3026/1213
f 3026/1213 3422/1212 7/1214
f 3422/1212 3633/1201 3424/1215
f 3424/1215 3633/1201 3449/1204
f 3422/1212 3424/1215 7/1214
f 3424/1215 3449/1204 3031/1216
f 3424/1215 3031/1216 7/1214
f 3031/1216 3449/1204 2972/1209
f 7/1214 3031/1216 354/1217
f 354/1217 3031/1216 316/1218
f 316/1218 3031/1216 2972/1209
f 316/1218 2972/1209 478/1219
f 478/1219 2972/1209 345/1220
f 3461/1221 3415/1222 3386/1223
f 3415/1224 3414/1225 3444/1226
f 3414/1225 3415/1224 3457/1227
f 3457/1227 3415/1224 3461/1228
f 3655/1229 3547/1230 3447/1231
f 3655/1229 3447/1231 3097/1232
f 3447/1231 3547/1230 3575/1233
f 3447/1231 3575/1233 32/1234
f 3547/1230 3655/1229 3606/1235
f 3547/1230 3606/1235 3575/1233
f 3575/1233 3606/1235 3545/1236
f 3545/1236 3606/1235 3482/1237
f 3545/1236 3482/1237 3376/1238
f 3376/1238 3482/1237 3308/1239
f 3482/1237 3606/1235 3454/1240
f 3308/1239 3482/1237 3360/1241
f 3360/1241 3482/1237 3454/1240
f 3360/1241 3454/1240 3018/1242
f 3097/1243 3271/1244 3594/1245
f 3271/1244 3097/1243 14/1246
f 14/1246 3097/1243 3048/1247
f 3048/1247 3097/1243 3447/1248
f 3271/1244 14/1246 291/1249
f 14/1246 3048/1247 44/1250
f 14/1246 44/1250 291/1249
f 3048/1247 3447/1248 3033/1251
f 3033/1251 3447/1248 32/1252
f 3048/1247 3033/1251 3024/1253
f 3048/1247 3024/1253 44/1250
f 3024/1253 3033/1251 61/1254
f 61/1254 3033/1251 32/1252
f 3024/1253 61/1254 39/1255
f 3024/1253 39/1255 44/1250
f 39/1255 61/1254 32/1252
f 39/1255 32/1252 44/1250
f 485/1256 291/1249 44/1250
f 485/1256 44/1250 32/1252
f 388/1257 3271/1244 291/1249
f 3271/1244 388/1257 3098/1258
f 388/1257 291/1249 633/1259
f 633/1259 291/1249 485/1256
f 388/1257 633/1259 582/1260
f 388/1257 582/1260 454/1261
f 633/1259 485/1256 560/1262
f 388/1257 454/1261 421/1263
f 421/1263 454/1261 315/1264
f 315/1264 454/1261 389/1265
f 421/1263 315/1264 352/1266
f 315/1264 389/1265 390/1267
f 352/1266 315/1264 297/1268
f 297/1268 315/1264 390/1267
f 558/1269 560/1262 485/1256
f 560/1262 558/1269 562/1270
f 558/1269 485/1256 473/1271
f 562/1270 558/1269 477/1272
f 477/1272 558/1269 473/1271
f 562/1270 477/1272 471/1273
f 473/1271 485/1256 32/1252
f 471/1273 477/1272 402/1274
f 3575/1275 3315/1276 32/1252
f 32/1252 3315/1276 3047/1277
f 473/1271 32/1252 341/1278
f 341/1278 32/1252 3047/1277
f 398/1279 477/1272 473/1271
f 398/1279 473/1271 341/1278
f 477/1272 398/1279 343/1280
f 358/1281 402/1274 477/1272
f 358/1281 477/1272 343/1280
f 402/1274 358/1281 42/1282
f 42/1282 358/1281 3360/1283
f 3360/1283 358/1281 343/1280
f 3360/1283 343/1280 3308/1284
f 372/1285 398/1279 341/1278
f 398/1279 372/1285 425/1286
f 425/1286 372/1285 366/1287
f 366/1287 372/1285 392/1288
f 392/1288 372/1285 341/1278
f 392/1288 341/1278 303/1289
f 392/1288 303/1289 351/1290
f 303/1289 341/1278 3047/1277
f 303/1289 3047/1277 201/1291
f 201/1291 3047/1277 3011/1292
f 303/1289 201/1291 229/1293
f 201/1291 3011/1292 220/1294
f 201/1291 220/1294 229/1293
f 3049/1295 3102/1296 3149/1297
f 3049/1295 3149/1297 43/1298
f 3149/1297 3102/1296 3185/1299
f 3049/1295 43/1298 108/1300
f 108/1300 43/1298 99/1301
f 108/1300 99/1301 197/1302
f 108/1300 197/1302 3049/1295
f 3049/1295 197/1302 3102/1296
f 3185/1299 3102/1296 3112/1303
f 3185/1299 3112/1303 3245/1304
f 3102/1296 197/1302 191/1305
f 191/1305 197/1302 230/1306
f 3112/1303 3102/1296 38/1307
f 38/1307 3102/1296 191/1305
f 3245/1304 3112/1303 3203/1308
f 3203/1308 3112/1303 38/1307
f 3191/1309 3245/1304 3233/1310
f 3233/1310 3245/1304 3248/1311
f 3248/1311 3245/1304 3203/1308
f 3248/1311 3203/1308 3259/1312
f 3203/1308 38/1307 3011/1313
f 220/1314 38/1307 191/1305
f 220/1314 191/1305 230/1306
f 38/1307 220/1314 3011/1313
f 220/1314 230/1306 250/1315
f 220/1314 250/1315 229/1316
f 3203/1308 3011/1313 3195/1317
f 3203/1308 3195/1317 3259/1312
f 3195/1317 3011/1313 3047/1318
f 3195/1317 3047/1318 3315/1319
f 3195/1317 3315/1319 3323/1320
f 3195/1317 3323/1320 3259/1312
f 3323/1320 3315/1319 3359/1321
f 3323/1320 3359/1321 3396/1322
f 3323/1320 3396/1322 3259/1312
f 3259/1312 3396/1322 3356/1323
f 3245/1324 3191/1325 3185/1326
f 3185/1326 3191/1325 30/1327
f 3185/1326 30/1327 65/1328
f 3185/1326 65/1328 3149/1329
f 3149/1329 65/1328 99/1330
f 3149/1329 99/1330 43/1331
f 99/1330 65/1328 197/1332
f 197/1332 65/1328 230/1333
f 230/1333 65/1328 30/1327
f 110/1334 30/1327 3191/1325
f 30/1327 110/1334 230/1333
f 110/1334 3191/1325 3083/1335
f 3083/1335 3191/1325 3233/1336
f 230/1333 110/1334 181/1337
f 230/1333 181/1337 250/1338
f 250/1338 181/1337 229/1339
f 181/1337 110/1334 37/1340
f 37/1340 110/1334 3083/1335
f 181/1337 37/1340 229/1339
f 3083/1335 3233/1336 3192/1341
f 3083/1335 3192/1341 37/1340
f 3192/1341 3233/1336 3248/1342
f 3192/1341 3248/1342 3259/1343
f 3192/1341 3259/1343 3356/1344
f 3192/1341 3356/1344 37/1340
f 229/1339 37/1340 351/1345
f 351/1345 37/1340 3356/1344
f 229/1339 351/1345 303/1346
f 3409/1347 3406/1348 3356/1344
f 3356/1344 3406/1348 3300/1349
f 3356/1344 3300/1349 351/1345
f 3300/1349 3406/1348 3361/1350
f 351/1345 3300/1349 375/1351
f 351/1345 375/1351 392/1352
f 392/1352 375/1351 366/1353
f 3300/1349 3361/1350 3268/1354
f 375/1351 3300/1349 355/1355
f 355/1355 3300/1349 3268/1354
f 375/1351 355/1355 366/1353
f 3268/1354 3361/1350 3357/1356
f 3268/1354 3357/1356 355/1355
f 3450/1357 3373/1358 3361/1350
f 3361/1350 3373/1358 3357/1356
f 3357/1356 3373/1358 3384/1359
f 366/1353 355/1355 371/1360
f 366/1353 371/1360 425/1361
f 371/1360 355/1355 373/1362
f 371/1360 373/1362 356/1363
f 3372/1364 373/1362 3384/1359
f 373/1362 355/1355 309/1365
f 309/1365 355/1355 3357/1356
f 3310/1366 3357/1356 3384/1359
f 3357/1356 3310/1366 309/1365
f 3310/1366 3384/1359 373/1362
f 373/1362 309/1365 302/1367
f 373/1362 302/1367 3310/1366
f 3310/1366 302/1367 309/1365
f 3575/1368 3397/1369 3315/1370
f 3397/1369 3575/1368 3545/1371
f 3315/1370 3397/1369 3359/1372
f 3397/1369 3545/1371 3376/1373
f 3397/1369 3376/1373 3359/1372
f 3308/1374 3372/1375 3376/1373
f 3376/1373 3372/1375 3384/1376
f 3376/1373 3384/1376 3373/1377
f 3376/1373 3373/1377 3438/1378
f 3376/1373 3438/1378 3359/1372
f 3438/1378 3373/1377 3450/1379
f 3438/1378 3450/1379 3359/1372
f 3359/1372 3450/1379 3361/1380
f 3359/1372 3361/1380 3406/1381
f 3359/1372 3406/1381 3409/1382
f 3359/1372 3409/1382 3396/1383
f 3396/1383 3409/1382 3356/1384
f 3021/1385 58/1386 3399/1387
f 3021/1385 3399/1387 3355/1388
f 3021/1385 3355/1388 29/1389
f 3021/1385 29/1389 2984/1390
f 3021/1385 2984/1390 381/1391
f 3021/1385 381/1391 58/1386
f 58/1386 381/1391 406/1392
f 3399/1387 58/1386 3408/1393
f 58/1386 406/1392 470/1394
f 3408/1393 58/1386 26/1395
f 26/1395 58/1386 470/1394
f 3408/1393 26/1395 3114/1396
f 26/1395 470/1394 377/1397
f 26/1395 377/1397 3114/1396
f 3484/1398 2978/1399 8/1400
f 8/1400 2978/1399 460/1401
f 8/1400 460/1401 472/1402
f 2978/1399 3484/1398 2965/1403
f 2965/1403 3484/1398 3490/1404
f 2978/1399 2965/1403 460/1401
f 472/1402 460/1401 508/1405
f 508/1405 460/1401 667/1406
f 460/1401 2965/1403 464/1407
f 460/1401 464/1407 667/1406
f 464/1407 2965/1403 3001/1408
f 3001/1408 2965/1403 3515/1409
f 3001/1408 3515/1409 2998/1410
f 464/1407 3001/1408 501/1411
f 501/1411 3001/1408 2998/1410
f 667/1406 464/1407 677/1412
f 677/1412 464/1407 501/1411
f 667/1406 677/1412 864/1413
f 667/1406 864/1413 832/1414
f 667/1406 832/1414 750/1415
f 750/1415 832/1414 770/1416
f 864/1413 677/1412 914/1417
f 914/1417 677/1412 710/1418
f 710/1418 677/1412 501/1411
f 914/1417 710/1418 985/1419
f 710/1418 501/1411 774/1420
f 710/1418 774/1420 985/1419
f 2955/1421 501/1411 2998/1410
f 2955/1421 2998/1410 3565/1422
f 501/1411 2955/1421 546/1423
f 501/1411 546/1423 774/1420
f 2955/1421 3565/1422 3028/1424
f 2955/1421 3028/1424 546/1423
f 985/1419 774/1420 934/1425
f 985/1419 934/1425 920/1426
f 920/1426 934/1425 774/1420
f 985/1419 920/1426 1047/1427
f 920/1426 774/1420 846/1428
f 920/1426 846/1428 1047/1427
f 846/1428 774/1420 546/1423
f 1047/1427 846/1428 1046/1429
f 1046/1429 846/1428 820/1430
f 820/1430 846/1428 546/1423
f 820/1430 546/1423 537/1431
f 537/1431 546/1423 3028/1424
f 820/1430 537/1431 589/1432
f 589/1432 537/1431 3028/1424
f 820/1430 589/1432 1205/1433
f 589/1432 3028/1424 40/1434
f 40/1434 3028/1424 2946/1435
f 589/1432 40/1434 76/1436
f 76/1436 40/1434 2946/1435
f 2946/1435 3028/1424 3051/1437
f 3051/1437 3028/1424 3659/1438
f 2946/1435 3051/1437 3034/1439
f 589/1432 76/1436 662/1440
f 589/1432 662/1440 1205/1433
f 662/1440 76/1436 688/1441
f 1205/1433 662/1440 716/1442
f 716/1442 662/1440 688/1441
f 1205/1433 716/1442 1279/1443
f 716/1442 688/1441 769/1444
f 769/1444 688/1441 848/1445
f 769/1444 848/1445 716/1442
f 3355/1446 3510/1447 2984/1448
f 3355/1446 2984/1448 29/1449
f 2984/1448 3510/1447 3114/1450
f 2984/1448 3114/1450 377/1451
f 2984/1448 377/1451 491/1452
f 491/1452 377/1451 568/1453
f 491/1452 568/1453 735/1454
f 2984/1448 491/1452 381/1455
f 491/1452 735/1454 529/1456
f 491/1452 529/1456 381/1455
f 381/1455 529/1456 406/1457
f 3473/1458 8/1459 21/1460
f 3473/1458 21/1460 3462/1461
f 3462/1461 21/1460 27/1462
f 27/1462 21/1460 437/1463
f 21/1460 8/1459 472/1464
f 437/1463 21/1460 449/1465
f 449/1465 21/1460 472/1464
f 437/1463 449/1465 639/1466
f 437/1463 639/1466 619/1467
f 619/1467 639/1466 792/1468
f 792/1468 639/1466 732/1469
f 792/1468 732/1469 770/1470
f 770/1470 732/1469 779/1471
f 779/1471 732/1469 722/1472
f 722/1472 732/1469 735/1473
f 735/1473 732/1469 750/1474
f 750/1474 732/1469 667/1475
f 732/1469 639/1466 626/1476
f 732/1469 626/1476 667/1475
f 626/1476 639/1466 449/1465
f 667/1475 626/1476 508/1477
f 626/1476 449/1465 487/1478
f 626/1476 487/1478 508/1477
f 487/1478 449/1465 472/1464
f 496/1479 472/1464 508/1477
f 472/1464 496/1479 487/1478
f 487/1478 496/1479 508/1477
f 3018/1480 42/1481 3360/1482
f 42/1481 3018/1480 402/1483
f 402/1483 3018/1480 3276/1484
f 402/1483 3276/1484 359/1485
f 359/1485 3276/1484 20/1486
f 402/1483 359/1485 535/1487
f 402/1483 535/1487 903/1488
f 535/1487 359/1485 429/1489
f 429/1489 359/1485 20/1486
f 429/1489 20/1486 209/1490
f 209/1490 20/1486 67/1491
f 209/1490 67/1491 48/1492
f 48/1492 67/1491 3178/1493
f 209/1490 48/1492 204/1494
f 204/1494 48/1492 3029/1495
f 3308/1496 187/1497 3372/1498
f 187/1497 3308/1496 343/1499
f 3372/1498 187/1497 367/1500
f 367/1500 187/1497 343/1499
f 3372/1498 367/1500 373/1501
f 373/1501 367/1500 356/1502
f 356/1502 367/1500 343/1499
f 356/1502 343/1499 398/1503
f 356/1502 398/1503 425/1504
f 356/1502 425/1504 371/1505
f 3257/1506 48/1507 3325/1508
f 3257/1506 3325/1508 3433/1509
f 3257/1506 3433/1509 3281/1510
f 3257/1506 3281/1510 3135/1511
f 48/1507 3257/1506 3029/1512
f 3257/1506 3135/1511 3059/1513
f 3029/1512 3257/1506 3154/1514
f 3154/1514 3257/1506 3059/1513
f 3029/1512 3154/1514 3142/1515
f 3142/1515 3154/1514 3113/1516
f 3154/1514 3059/1513 3223/1517
f 3223/1517 3059/1513 3197/1518
f 3113/1516 3154/1514 3303/1519
f 3303/1519 3154/1514 3223/1517
f 3303/1519 3223/1517 3197/1518
f 3113/1516 3303/1519 3181/1520
f 3181/1520 3303/1519 3197/1518
f 3181/1520 3197/1518 3022/1521
f 3281/1522 3405/1523 3433/1524
f 3405/1523 3281/1522 3398/1525
f 3433/1524 3405/1523 3429/1526
f 3429/1526 3405/1523 3398/1525
f 3433/1524 3429/1526 3403/1527
f 3429/1526 3398/1525 3407/1528
f 3429/1526 3407/1528 3403/1527
f 3403/1527 3407/1528 3371/1529
f 3371/1529 3407/1528 3327/1530
f 3371/1529 3327/1530 3403/1527
f 3398/1531 3281/1532 3325/1533
f 3398/1531 3325/1533 3407/1534
f 3407/1534 3325/1533 3327/1535
f 3327/1535 3325/1533 3433/1536
f 3327/1535 3433/1536 3403/1537
f 3142/1538 136/1539 3029/1540
f 136/1539 3142/1538 3113/1541
f 136/1539 3113/1541 120/1542
f 136/1539 120/1542 166/1543
f 136/1539 166/1543 3029/1540
f 3029/1540 166/1543 141/1544
f 3348/1545 3324/1546 142/1547
f 3348/1545 142/1547 3177/1548
f 3324/1546 3348/1545 3216/1549
f 3216/1549 3348/1545 3177/1548
f 3216/1549 3177/1548 3039/1550
f 3216/1549 3039/1550 3324/1546
f 3039/1550 3177/1548 145/1551
f 3324/1546 3039/1550 85/1552
f 3324/1546 85/1552 24/1553
f 24/1554 142/1555 3324/1556
f 142/1555 24/1554 85/1557
f 142/1555 85/1557 164/1558
f 164/1558 85/1557 3039/1559
f 164/1558 3039/1559 145/1560
f 164/1558 145/1560 142/1555
f 142/1555 145/1560 3177/1561
f 121/1562 3113/1563 3181/1564
f 3074/1565 3007/1566 53/1567
f 3074/1565 53/1567 3020/1568
f 3020/1568 53/1567 3007/1566
f 3020/1568 3007/1566 3013/1569
f 3013/1569 3007/1566 3038/1570
f 3013/1569 3038/1570 41/1571
f 41/1571 3038/1570 3036/1572
f 3013/1569 41/1571 3085/1573
f 3085/1573 41/1571 3036/1572
f 3108/1574 3085/1575 3101/1576
f 3101/1576 3085/1575 3036/1577
f 3101/1576 3036/1577 3038/1578
f 3101/1576 3038/1578 3108/1574
f 3085/1575 3108/1574 3013/1579
f 3013/1579 3108/1574 3020/1580
f 3020/1580 3108/1574 3074/1581
f 3074/1581 3108/1574 3038/1578
f 3074/1581 3038/1578 3007/1582
f 3172/1583 3023/1584 3067/1585
f 3172/1583 3067/1585 3017/1586
f 3017/1586 3067/1585 3023/1584
f 3023/1584 3172/1583 10/1587
f 10/1587 3172/1583 3186/1588
f 3017/1586 3023/1584 210/1589
f 210/1589 3023/1584 10/1587
f 10/1587 3186/1588 12/1590
f 12/1590 3186/1588 3198/1591
f 10/1587 12/1590 200/1592
f 10/1587 200/1592 210/1589
f 200/1592 12/1590 262/1593
f 3017/1586 210/1589 294/1594
f 294/1594 210/1589 200/1592
f 294/1594 200/1592 262/1593
f 3017/1586 294/1594 70/1595
f 294/1594 262/1593 319/1596
f 70/1595 294/1594 295/1597
f 295/1597 294/1594 319/1596
f 295/1597 319/1596 263/1598
f 263/1598 319/1596 239/1599
f 295/1597 263/1598 272/1600
f 263/1598 239/1599 182/1601
f 263/1598 182/1601 272/1600
f 182/1601 239/1599 16/1602
f 272/1600 182/1601 74/1603
f 74/1603 182/1601 16/1602
f 3283/1604 3186/1605 3172/1606
f 3186/1605 3283/1604 3294/1607
f 3186/1605 3294/1607 3198/1608
f 3283/1604 3172/1606 3289/1609
f 3289/1609 3172/1606 3017/1610
f 3289/1609 3017/1610 70/1611
f 3289/1609 70/1611 3395/1612
f 3395/1612 70/1611 3262/1613
f 3262/1613 70/1611 155/1614
f 3395/1612 3262/1613 3380/1615
f 3380/1615 3262/1613 3392/1616
f 3262/1613 155/1614 74/1617
f 3262/1613 74/1617 3250/1618
f 3250/1618 74/1617 16/1619
f 3250/1618 16/1619 3230/1620
f 3230/1620 16/1619 33/1621
f 33/1621 16/1619 239/1622
f 3230/1620 33/1621 3167/1623
f 3167/1623 33/1621 217/1624
f 3289/1625 3395/1626 3296/1627
f 3289/1625 3296/1627 3283/1628
f 3296/1627 3395/1626 3400/1629
f 3400/1629 3395/1626 3380/1630
f 3283/1631 3296/1632 3295/1633
f 3283/1631 3295/1633 3294/1634
f 3294/1634 3295/1633 3306/1635
f 3294/1634 3306/1635 3309/1636
f 3306/1635 3295/1633 3298/1637
f 3306/1635 3298/1637 3309/1636
f 3298/1637 3295/1633 3296/1632
f 3309/1636 3298/1637 3167/1638
f 3167/1638 3298/1637 3230/1639
f 3230/1639 3298/1637 3250/1640
f 3250/1640 3298/1637 3296/1632
f 3250/1640 3296/1632 3380/1641
f 3380/1641 3296/1632 3400/1642
f 3250/1640 3380/1641 3392/1643
f 3669/1644 3761/1645 3660/1646
f 3419/1647 3436/1648 3445/1649
f 3445/1649 3436/1648 3448/1650
f 3419/1647 3445/1649 3412/1651
f 3445/1649 3448/1650 3305/1652
f 3412/1651 3445/1649 3387/1653
f 3445/1649 3305/1652 3182/1654
f 3387/1653 3445/1649 3313/1655
f 3445/1649 3182/1654 3141/1656
f 3445/1649 3141/1656 3313/1655
f 3313/1655 3141/1656 3121/1657
f 3436/1658 3419/1659 3423/1660
f 3423/1660 3419/1659 3412/1661
f 3436/1658 3423/1660 3448/1662
f 3423/1660 3412/1661 3387/1663
f 3423/1660 3387/1663 3448/1662
f 3448/1662 3387/1663 3305/1664
f 3305/1664 3387/1663 3313/1665
f 3166/1666 3198/1667 3294/1668
f 3166/1666 3294/1668 3309/1669
f 3166/1666 3309/1669 3105/1670
f 3105/1670 3309/1669 3167/1671
f 3166/1666 3105/1670 49/1672
f 217/1673 84/1674 3167/1671
f 3167/1671 84/1674 3044/1675
f 3167/1671 3044/1675 3105/1670
f 3105/1670 3044/1675 49/1672
f 79/1676 3121/1677 3044/1675
f 3044/1675 3121/1677 3141/1678
f 3044/1675 3141/1678 49/1672
f 49/1672 3141/1678 3182/1679
f 49/1672 3182/1679 3040/1680
f 12/1681 3198/1682 3166/1683
f 12/1681 3166/1683 206/1684
f 206/1684 3166/1683 49/1685
f 12/1681 206/1684 262/1686
f 206/1684 49/1685 84/1687
f 262/1686 206/1684 319/1688
f 206/1684 84/1687 217/1689
f 206/1684 217/1689 319/1688
f 319/1688 217/1689 239/1690
f 239/1690 217/1689 33/1691
f 5972/1692 5976/1693 5983/1694
f 5983/1694 5976/1693 5974/1695
f 5983/1694 5974/1695 5972/1692
f 5902/1696 5898/1697 5909/1698
f 5902/1696 5909/1698 5891/1699
f 5891/1699 5909/1698 5898/1697
f 5898/1697 5902/1696 5887/1700
f 5891/1699 5898/1697 5886/1701
f 5886/1701 5898/1697 5887/1700
f 5886/1701 5887/1700 5869/1702
f 5894/1703 5895/1704 5940/1705
f 5895/1704 5894/1703 5891/1706
f 5891/1706 5894/1703 5884/1707
f 5891/1706 5884/1707 5902/1708
f 5902/1708 5884/1707 5887/1709
f 5887/1709 5884/1707 5869/1710
f 5940/1711 5895/1712 5924/1713
f 5924/1713 5895/1712 5866/1714
f 5940/1711 5924/1713 5934/1715
f 5934/1715 5924/1713 5866/1714
f 5940/1711 5934/1715 5964/1716
f 5934/1715 5866/1714 5833/1717
f 5934/1715 5833/1717 5928/1718
f 5928/1718 5833/1717 5879/1719
f 5879/1719 5833/1717 5802/1720
f 5934/1715 5928/1718 5947/1721
f 5934/1715 5947/1721 5964/1716
f 5928/1718 5879/1719 5929/1722
f 5929/1722 5879/1719 5802/1720
f 5928/1718 5929/1722 5947/1721
f 5964/1716 5947/1721 5966/1723
f 5964/1716 5966/1723 5974/1724
f 5947/1721 5929/1722 5926/1725
f 5947/1721 5926/1725 5966/1723
f 5929/1722 5802/1720 5803/1726
f 5803/1726 5802/1720 5795/1727
f 5974/1724 5966/1723 5962/1728
f 5974/1724 5962/1728 5972/1729
f 5962/1728 5966/1723 5958/1730
f 5962/1728 5958/1730 5955/1731
f 5958/1730 5966/1723 5950/1732
f 5958/1730 5950/1732 5955/1731
f 5950/1732 5966/1723 5926/1725
f 5955/1731 5950/1732 5951/1733
f 5951/1733 5950/1732 5970/1734
f 5970/1734 5950/1732 5948/1735
f 5948/1735 5950/1732 5926/1725
f 5970/1734 5948/1735 5978/1736
f 5948/1735 5926/1725 5908/1737
f 5978/1736 5948/1735 5953/1738
f 5978/1736 5953/1738 5981/1739
f 5981/1739 5953/1738 5986/1740
f 5986/1740 5953/1738 5946/1741
f 5908/1737 5926/1725 5830/1742
f 5830/1742 5926/1725 5867/1743
f 5867/1743 5926/1725 5929/1722
f 5867/1743 5929/1722 5803/1726
f 5830/1742 5867/1743 5800/1744
f 5800/1744 5867/1743 5803/1726
f 5830/1742 5800/1744 5795/1727
f 5795/1727 5800/1744 5803/1726
f 5974/1745 5976/1746 5964/1747
f 5964/1747 5976/1746 5959/1748
f 5959/1748 5976/1746 5972/1749
f 5964/1747 5959/1748 5940/1750
f 5959/1748 5972/1749 5962/1751
f 5940/1750 5959/1748 5943/1752
f 5940/1750 5943/1752 5912/1753
f 5940/1750 5912/1753 5894/1754
f 5943/1752 5959/1748 5921/1755
f 5921/1755 5959/1748 5962/1751
f 5894/1754 5912/1753 5857/1756
f 5943/1752 5921/1755 5911/1757
f 5943/1752 5911/1757 5912/1753
f 5921/1755 5962/1751 5917/1758
f 5857/1756 5912/1753 5796/1759
f 5857/1756 5796/1759 5846/1760
f 5912/1753 5911/1757 5805/1761
f 5912/1753 5805/1761 5796/1759
f 5911/1757 5921/1755 5845/1762
f 5911/1757 5845/1762 5805/1761
f 5845/1762 5921/1755 5917/1758
f 5846/1760 5796/1759 5723/1763
f 5723/1763 5796/1759 5805/1761
f 5805/1761 5845/1762 5768/1764
f 5805/1761 5768/1764 5723/1763
f 5768/1764 5845/1762 5831/1765
f 5831/1765 5845/1762 5917/1758
f 5723/1763 5768/1764 5634/1766
f 5846/1760 5723/1763 5701/1767
f 5701/1767 5723/1763 5634/1766
f 5846/1760 5701/1767 5844/1768
f 5844/1768 5701/1767 5850/1769
f 5850/1769 5701/1767 5703/1770
f 5703/1770 5701/1767 5634/1766
f 5850/1769 5703/1770 5809/1771
f 5809/1771 5703/1770 5785/1772
f 5785/1772 5703/1770 5717/1773
f 5703/1770 5634/1766 5601/1774
f 5601/1774 5634/1766 5533/1775
f 5717/1773 5703/1770 5663/1776
f 5663/1776 5703/1770 5601/1774
f 5663/1776 5601/1774 5717/1773
f 5717/1773 5601/1774 5662/1777
f 5601/1774 5533/1775 5612/1778
f 5601/1774 5612/1778 5662/1777
f 5783/1779 5768/1764 5831/1765
f 5768/1764 5783/1779 5721/1780
f 5783/1779 5831/1765 5871/1781
f 5871/1781 5831/1765 5917/1758
f 5783/1779 5871/1781 5792/1782
f 5783/1779 5792/1782 5721/1780
f 5871/1781 5917/1758 5922/1783
f 5792/1782 5871/1781 5903/1784
f 5903/1784 5871/1781 5922/1783
f 5792/1782 5903/1784 5721/1780
f 5922/1783 5917/1758 5938/1785
f 5922/1783 5938/1785 5903/1784
f 5938/1785 5917/1758 5962/1751
f 5938/1785 5962/1751 5955/1786
f 5938/1785 5955/1786 5951/1787
f 5903/1784 5938/1785 5941/1788
f 5941/1788 5938/1785 5951/1787
f 5901/1789 5721/1780 5903/1784
f 5901/1789 5903/1784 5941/1788
f 5941/1788 5951/1787 5978/1790
f 5978/1790 5951/1787 5970/1791
f 5941/1788 5978/1790 5968/1792
f 5941/1788 5968/1792 5901/1789
f 5968/1792 5978/1790 5981/1793
f 5968/1792 5981/1793 5987/1794
f 5968/1792 5987/1794 5971/1795
f 5971/1795 5987/1794 5986/1796
f 5901/1789 5968/1792 5927/1797
f 5927/1797 5968/1792 5971/1795
f 5971/1795 5986/1796 5935/1798
f 5971/1795 5935/1798 5927/1797
f 5935/1798 5986/1796 5946/1799
f 5901/1789 5927/1797 5899/1800
f 5899/1800 5927/1797 5935/1798
f 5901/1789 5899/1800 5842/1801
f 5901/1789 5842/1801 5721/1780
f 5899/1800 5935/1798 5910/1802
f 5910/1802 5935/1798 5946/1799
f 5899/1800 5910/1802 5842/1801
f 5721/1780 5842/1801 5728/1803
f 5910/1802 5946/1799 5914/1804
f 5914/1804 5946/1799 5953/1805
f 5914/1804 5953/1805 5948/1806
f 5914/1804 5948/1806 5908/1807
f 5914/1804 5908/1807 5864/1808
f 5914/1804 5864/1808 5910/1802
f 5864/1808 5908/1807 5830/1809
f 5864/1808 5830/1809 5795/1810
f 5762/1811 5728/1803 5795/1810
f 5910/1802 5864/1808 5849/1812
f 5849/1812 5864/1808 5795/1810
f 5849/1812 5795/1810 5728/1803
f 5910/1802 5849/1812 5842/1801
f 5842/1801 5849/1812 5728/1803
f 5880/1813 5891/1814 5886/1815
f 5880/1813 5886/1815 5829/1816
f 5880/1813 5829/1816 5851/1817
f 5851/1817 5829/1816 5810/1818
f 5880/1813 5851/1817 5861/1819
f 5880/1813 5861/1819 5888/1820
f 5880/1813 5888/1820 5891/1814
f 5888/1820 5861/1819 5875/1821
f 5888/1820 5875/1821 5878/1822
f 5888/1820 5878/1822 5891/1814
f 5891/1814 5878/1822 5895/1823
f 5895/1823 5878/1822 5866/1824
f 5884/1825 5870/1826 5869/1827
f 5870/1826 5884/1825 5894/1828
f 5870/1826 5894/1828 5857/1829
f 5870/1826 5857/1829 5846/1830
f 5870/1826 5846/1830 5844/1831
f 5870/1826 5844/1831 5850/1832
f 5870/1826 5850/1832 5869/1827
f 5829/1833 5886/1834 5869/1827
f 5829/1833 5869/1827 5812/1835
f 5869/1827 5850/1832 5824/1836
f 5869/1827 5824/1836 5812/1835
f 5824/1836 5850/1832 5809/1837
f 5824/1836 5809/1837 5785/1838
f 5824/1836 5785/1838 5812/1835
f 5812/1835 5785/1838 5690/1839
f 5690/1839 5785/1838 5717/1840
f 5812/1835 5690/1839 5729/1841
f 5729/1841 5690/1839 5597/1842
f 5690/1839 5717/1840 5662/1843
f 5597/1842 5690/1839 5620/1844
f 5690/1839 5662/1843 5654/1845
f 5690/1839 5654/1845 5620/1844
f 5654/1845 5662/1843 5612/1846
f 5620/1844 5654/1845 5482/1847
f 5654/1845 5612/1846 5667/1848
f 5654/1845 5667/1848 5482/1847
f 5866/1849 5878/1850 5875/1851
f 5866/1849 5875/1851 5827/1852
f 5866/1849 5827/1852 5833/1853
f 5827/1852 5875/1851 5826/1854
f 5833/1853 5827/1852 5779/1855
f 5779/1855 5827/1852 5826/1854
f 5833/1853 5779/1855 5802/1856
f 5826/1854 5875/1851 5807/1857
f 5826/1854 5807/1857 5779/1855
f 5807/1857 5875/1851 5861/1858
f 5802/1856 5779/1855 5764/1859
f 5802/1856 5764/1859 5795/1860
f 5779/1855 5807/1857 5699/1861
f 5779/1855 5699/1861 5764/1859
f 5795/1860 5764/1859 5762/1862
f 5807/1857 5861/1858 5801/1863
f 5807/1857 5801/1863 5699/1861
f 5801/1863 5861/1858 5851/1864
f 5801/1863 5851/1864 5794/1865
f 5801/1863 5794/1865 5699/1861
f 5794/1865 5851/1864 5810/1866
f 5762/1862 5764/1859 5739/1867
f 5762/1862 5739/1867 5635/1868
f 5635/1868 5739/1867 5590/1869
f 5739/1867 5764/1859 5710/1870
f 5710/1870 5764/1859 5699/1861
f 5699/1861 5794/1865 5691/1871
f 5699/1861 5691/1871 5710/1870
f 5691/1871 5794/1865 5745/1872
f 5691/1871 5745/1872 5741/1873
f 5691/1871 5741/1873 5710/1870
f 5739/1867 5710/1870 5652/1874
f 5652/1874 5710/1870 5741/1873
f 5739/1867 5652/1874 5590/1869
f 5652/1874 5741/1873 5718/1875
f 5652/1874 5718/1875 5669/1876
f 5669/1876 5718/1875 5682/1877
f 5590/1869 5652/1874 5486/1878
f 5652/1874 5669/1876 5583/1879
f 5652/1874 5583/1879 5486/1878
f 5583/1879 5669/1876 5482/1880
f 5590/1869 5486/1878 5370/1881
f 5583/1879 5482/1880 5368/1882
f 5583/1879 5368/1882 5486/1878
f 5368/1882 5482/1880 5367/1883
f 5370/1881 5486/1878 5396/1884
f 5396/1884 5486/1878 5368/1882
f 5370/1881 5396/1884 5406/1885
f 5406/1885 5396/1884 5368/1882
f 5406/1885 5368/1882 5367/1883
f 5370/1881 5406/1885 5315/1886
f 5406/1885 5367/1883 5344/1887
f 5406/1885 5344/1887 5315/1886
f 5812/1888 5729/1889 5790/1890
f 5812/1888 5790/1890 5823/1891
f 5812/1888 5823/1891 5829/1892
f 5829/1892 5823/1891 5786/1893
f 5786/1893 5823/1891 5790/1890
f 5829/1892 5786/1893 5816/1894
f 5816/1894 5786/1893 5790/1890
f 5829/1892 5816/1894 5810/1895
f 5810/1895 5816/1894 5794/1896
f 5794/1896 5816/1894 5790/1890
f 5794/1896 5790/1890 5745/1897
f 5745/1897 5790/1890 5729/1889
f 5745/1897 5729/1889 5741/1898
f 5741/1898 5729/1889 5695/1899
f 5695/1899 5729/1889 5597/1900
f 5741/1898 5695/1899 5718/1901
f 5695/1899 5597/1900 5620/1902
f 5718/1901 5695/1899 5682/1903
f 5682/1903 5695/1899 5620/1902
f 5682/1903 5620/1902 5482/1904
f 5682/1903 5482/1904 5669/1905
f 5533/1906 5667/1907 5612/1908
f 5667/1907 5533/1906 5557/1909
f 5667/1907 5557/1909 5460/1910
f 5667/1907 5460/1910 5482/1911
f 5557/1909 5533/1906 5393/1912
f 5557/1909 5393/1912 5460/1910
f 5482/1911 5460/1910 5343/1913
f 5343/1913 5460/1910 5360/1914
f 5360/1914 5460/1910 5393/1912
f 5343/1913 5360/1914 5293/1915
f 5293/1915 5360/1914 5393/1912
f 5343/1913 5293/1915 5297/1916
f 5343/1913 5297/1916 5314/1917
f 5297/1916 5293/1915 5217/1918
f 5297/1916 5217/1918 5190/1919
f 5297/1916 5190/1919 5259/1920
f 5217/1918 5293/1915 5270/1921
f 5270/1921 5293/1915 5393/1912
f 5217/1918 5270/1921 5192/1922
f 5270/1921 5393/1912 5439/1923
f 5439/1923 5393/1912 5533/1906
f 5270/1921 5439/1923 5339/1924
f 5270/1921 5339/1924 5269/1925
f 5439/1923 5533/1906 5525/1926
f 5525/1926 5533/1906 5634/1927
f 5525/1926 5634/1927 5768/1928
f 5525/1926 5768/1928 5721/1929
f 5269/1925 5339/1924 5421/1930
f 5339/1924 5439/1923 5466/1931
f 5466/1931 5439/1923 5525/1926
f 5339/1924 5466/1931 5421/1930
f 5269/1925 5421/1930 5325/1932
f 5421/1930 5466/1931 5474/1933
f 5474/1933 5466/1931 5525/1926
f 5325/1932 5421/1930 5463/1934
f 5463/1934 5421/1930 5474/1933
f 5325/1932 5463/1934 5429/1935
f 5325/1932 5429/1935 5341/1936
f 5341/1936 5429/1935 5370/1937
f 5370/1937 5429/1935 5590/1938
f 5590/1938 5429/1935 5564/1939
f 5564/1939 5429/1935 5463/1934
f 5590/1938 5564/1939 5635/1940
f 5564/1939 5463/1934 5523/1941
f 5523/1941 5463/1934 5474/1933
f 5564/1939 5523/1941 5635/1940
f 5523/1941 5474/1933 5536/1942
f 5523/1941 5536/1942 5635/1940
f 5536/1942 5474/1933 5525/1926
f 5635/1940 5536/1942 5551/1943
f 5635/1940 5551/1943 5622/1944
f 5551/1943 5536/1942 5520/1945
f 5520/1945 5536/1942 5525/1926
f 5551/1943 5520/1945 5622/1944
f 5635/1940 5622/1944 5762/1946
f 5520/1945 5525/1926 5685/1947
f 5685/1947 5525/1926 5721/1929
f 5685/1947 5721/1929 5728/1948
f 5520/1945 5685/1947 5524/1949
f 5520/1945 5524/1949 5622/1944
f 5685/1947 5728/1948 5641/1950
f 5685/1947 5641/1950 5524/1949
f 5641/1950 5728/1948 5720/1951
f 5641/1950 5720/1951 5676/1952
f 5524/1949 5641/1950 5549/1953
f 5549/1953 5641/1950 5676/1952
f 5524/1949 5549/1953 5543/1954
f 5524/1949 5543/1954 5659/1955
f 5659/1955 5543/1954 5549/1953
f 5524/1949 5659/1955 5622/1944
f 5549/1953 5676/1952 5688/1956
f 5549/1953 5688/1956 5659/1955
f 5688/1956 5676/1952 5819/1957
f 5688/1956 5819/1957 5770/1958
f 5659/1955 5688/1956 5715/1959
f 5715/1959 5688/1956 5770/1958
f 5715/1959 5770/1958 5659/1955
f 5754/1960 5622/1944 5659/1955
f 5754/1960 5659/1955 5770/1958
f 5622/1944 5754/1960 5762/1946
f 5754/1960 5770/1958 5720/1961
f 5762/1946 5754/1960 5728/1962
f 5728/1962 5754/1960 5720/1961
f 5367/1963 5482/1964 5343/1965
f 5297/1966 5259/1967 5314/1968
f 5314/1968 5259/1967 5193/1969
f 5193/1969 5259/1967 5203/1970
f 5193/1969 5203/1970 5247/1971
f 5193/1969 5247/1971 5314/1968
f 5314/1968 5247/1971 5344/1972
f 5314/1968 5344/1972 5367/1973
f 5314/1968 5367/1973 5343/1974
f 5190/1975 5203/1976 5259/1977
f 5203/1976 5190/1975 5192/1978
f 5192/1978 5190/1975 5217/1979
f 5203/1976 5192/1978 5262/1980
f 5262/1980 5192/1978 5162/1981
f 5203/1976 5262/1980 5247/1982
f 5315/1983 5344/1984 5247/1982
f 5315/1983 5247/1982 5262/1980
f 5315/1983 5262/1980 5370/1985
f 5370/1985 5262/1980 5341/1986
f 5262/1980 5162/1981 5175/1987
f 5262/1980 5175/1987 5341/1986
f 5175/1987 5162/1981 5093/1988
f 5175/1987 5093/1988 5074/1989
f 5074/1989 5093/1988 5001/1990
f 5074/1989 5001/1990 4939/1991
f 5074/1989 4939/1991 5056/1992
f 5074/1989 5056/1992 5108/1993
f 5074/1989 5108/1993 5175/1987
f 5108/1993 5056/1992 5052/1994
f 5108/1993 5052/1994 5100/1995
f 5108/1993 5100/1995 5107/1996
f 5108/1993 5107/1996 5111/1997
f 5111/1997 5107/1996 5150/1998
f 5111/1997 5150/1998 5108/1993
f 5108/1993 5150/1998 5175/1987
f 5150/1998 5107/1996 5134/1999
f 5150/1998 5134/1999 5184/2000
f 5175/1987 5150/1998 5214/2001
f 5214/2001 5150/1998 5184/2000
f 5175/1987 5214/2001 5341/1986
f 5184/2000 5134/1999 5170/2002
f 5341/1986 5214/2001 5206/2003
f 5206/2003 5214/2001 5184/2000
f 5341/1986 5206/2003 5325/2004
f 5325/2004 5206/2003 5269/2005
f 5269/2005 5206/2003 5184/2000
f 5269/2005 5184/2000 5270/2006
f 5270/2006 5184/2000 5170/2002
f 5270/2006 5170/2002 5162/2007
f 5270/2006 5162/2007 5192/2008
f 5170/2009 5093/2010 5162/2011
f 5093/2010 5170/2009 5033/2012
f 5033/2012 5170/2009 5134/2013
f 5093/2010 5033/2012 5001/2014
f 5033/2012 5134/2013 5107/2015
f 5001/2014 5033/2012 4839/2016
f 5001/2014 4839/2016 4939/2017
f 4839/2016 5033/2012 4800/2018
f 4939/2017 4839/2016 4807/2019
f 4807/2019 4839/2016 4800/2018
f 4939/2017 4807/2019 4915/2020
f 4915/2020 4807/2019 4714/2021
f 4915/2020 4714/2021 4806/2022
f 4714/2021 4807/2019 4688/2023
f 4714/2021 4688/2023 4806/2022
f 4688/2023 4807/2019 4800/2018
f 4806/2022 4688/2023 4689/2024
f 4934/2025 4800/2018 5033/2012
f 4934/2025 5033/2012 5032/2026
f 5032/2026 5033/2012 5107/2015
f 4800/2018 4934/2025 4766/2027
f 4766/2027 4934/2025 5032/2026
f 5032/2026 5107/2015 5089/2028
f 5089/2028 5107/2015 5100/2029
f 5032/2026 5089/2028 4975/2030
f 4975/2030 5089/2028 5100/2029
f 5032/2026 4975/2030 4766/2027
f 4975/2030 5100/2029 4971/2031
f 4971/2031 5100/2029 5052/2032
f 4766/2027 4975/2030 4793/2033
f 4766/2027 4793/2033 4849/2034
f 4849/2034 4793/2033 4824/2035
f 4824/2035 4793/2033 4975/2030
f 4824/2035 4975/2030 4971/2031
f 4971/2031 5052/2032 4935/2036
f 4971/2031 4935/2036 4824/2035
f 4935/2036 5052/2032 5056/2037
f 4824/2035 4935/2036 4925/2038
f 4925/2038 4935/2036 5056/2037
f 4925/2038 5056/2037 4939/2039
f 4701/2040 4800/2018 4766/2027
f 4800/2018 4701/2040 4688/2023
f 4701/2040 4766/2027 4691/2041
f 4701/2040 4691/2041 4632/2042
f 4688/2023 4701/2040 4615/2043
f 4615/2043 4701/2040 4632/2042
f 4632/2042 4691/2041 4608/2044
f 4632/2042 4608/2044 4615/2043
f 4608/2044 4691/2041 4601/2045
f 4608/2044 4601/2045 4500/2046
f 4615/2043 4608/2044 4563/2047
f 4563/2047 4608/2044 4500/2046
f 4688/2023 4615/2043 4568/2048
f 4615/2043 4563/2047 4529/2049
f 4529/2049 4563/2047 4500/2046
f 4615/2043 4529/2049 4568/2048
f 4529/2049 4500/2046 4432/2050
f 4688/2023 4568/2048 4689/2024
f 4529/2049 4432/2050 4275/2051
f 4529/2049 4275/2051 4568/2048
f 4689/2024 4568/2048 4605/2052
f 4605/2052 4568/2048 4275/2051
f 4689/2024 4605/2052 4649/2053
f 4649/2053 4605/2052 4642/2054
f 4642/2054 4605/2052 4565/2055
f 4605/2052 4275/2051 4498/2056
f 4605/2052 4498/2056 4565/2055
f 4498/2056 4275/2051 4153/2057
f 4498/2056 4153/2057 4565/2055
f 4565/2055 4153/2057 3760/2058
f 4691/2059 4766/2060 4536/2061
f 4691/2059 4536/2061 4601/2062
f 4601/2062 4536/2061 4500/2063
f 4536/2061 4766/2060 4542/2064
f 4542/2064 4766/2060 4534/2065
f 4534/2065 4766/2060 4849/2066
f 4536/2061 4542/2064 4043/2067
f 4536/2061 4043/2067 4500/2063
f 4542/2064 4534/2065 4134/2068
f 4542/2064 4134/2068 4043/2067
f 4134/2068 4534/2065 4028/2069
f 4134/2068 4028/2069 3844/2070
f 4134/2068 3844/2070 4043/2067
f 3844/2070 4028/2069 3664/2071
f 3844/2070 3664/2071 3446/2072
f 4210/2073 4500/2063 4043/2067
f 4500/2063 4210/2073 4432/2074
f 4210/2073 4043/2067 3974/2075
f 4043/2067 3844/2070 3773/2076
f 4043/2067 3773/2076 3974/2075
f 3844/2070 3446/2072 3469/2077
f 3844/2070 3469/2077 3773/2076
f 3469/2077 3446/2072 3437/2078
f 3437/2078 3446/2072 2987/2079
f 2987/2079 3446/2072 418/2080
f 3469/2077 3437/2078 3430/2081
f 3430/2081 3437/2078 2987/2079
f 3469/2077 3430/2081 3773/2076
f 3430/2081 2987/2079 419/2082
f 3430/2081 419/2082 445/2083
f 3430/2081 445/2083 2940/2084
f 3430/2081 2940/2084 3164/2085
f 3430/2081 3164/2085 3773/2076
f 3773/2076 3164/2085 3650/2086
f 3650/2086 3164/2085 3270/2087
f 3650/2086 3270/2087 3252/2088
f 3773/2076 3650/2086 3948/2089
f 3773/2076 3948/2089 3974/2075
f 3974/2075 3948/2089 4210/2073
f 3948/2089 3650/2086 3743/2090
f 3743/2090 3650/2086 3252/2088
f 4210/2073 3948/2089 4169/2091
f 4169/2091 3948/2089 3743/2090
f 4210/2073 4169/2091 4432/2074
f 4432/2074 4169/2091 4275/2092
f 4169/2091 3743/2090 3961/2093
f 4169/2091 3961/2093 4275/2092
f 3743/2090 3252/2088 3534/2094
f 3743/2090 3534/2094 3961/2093
f 3534/2094 3252/2088 3025/2095
f 4275/2092 3961/2093 3895/2096
f 3895/2096 3961/2093 3534/2094
f 4275/2092 3895/2096 4153/2097
f 4153/2097 3895/2096 3806/2098
f 3534/2094 3025/2095 3293/2099
f 3534/2094 3293/2099 3895/2096
f 3293/2099 3025/2095 3034/2100
f 3895/2096 3293/2099 3826/2101
f 3826/2101 3293/2099 3034/2100
f 3895/2096 3826/2101 3787/2102
f 3826/2101 3034/2100 3051/2103
f 3168/2104 211/2105 160/2106
f 160/2106 211/2105 236/2107
f 160/2106 236/2107 137/2108
f 160/2106 137/2108 3025/2109
f 160/2106 3025/2109 3168/2104
f 3025/2109 137/2108 323/2110
f 3025/2109 323/2110 60/2111
f 3025/2109 60/2111 3034/2112
f 3034/2112 60/2111 2946/2113
f 3168/2104 3025/2109 3252/2114
f 3168/2104 3252/2114 3183/2115
f 3168/2104 3183/2115 211/2105
f 3183/2115 3252/2114 3270/2116
f 3183/2115 3270/2116 3164/2117
f 3183/2115 3164/2117 2940/2118
f 3183/2115 2940/2118 211/2105
f 211/2105 2940/2118 256/2119
f 4649/2120 4642/2121 4471/2122
f 4649/2120 4471/2122 4689/2123
f 4299/2124 4565/2125 4191/2126
f 4191/2126 4565/2125 4221/2127
f 4221/2127 4565/2125 3760/2128
f 4221/2127 3760/2128 3659/2129
f 4221/2127 3659/2129 3643/2130
f 3643/2130 3659/2129 3593/2131
f 3643/2130 3593/2131 4221/2127
f 4191/2126 4221/2127 3857/2132
f 3857/2132 4221/2127 3593/2131
f 3593/2131 3659/2129 3564/2133
f 3593/2131 3564/2133 3857/2132
f 3564/2133 3659/2129 3028/2134
f 3564/2133 3028/2134 3565/2135
f 3564/2133 3565/2135 3868/2136
f 3564/2133 3868/2136 3857/2132
f 4191/2126 3857/2132 4022/2137
f 4191/2126 4022/2137 4299/2124
f 4022/2137 3857/2132 4197/2138
f 4197/2138 3857/2132 4088/2139
f 4022/2137 4197/2138 4282/2140
f 4282/2140 4197/2138 4088/2139
f 4022/2137 4282/2140 4299/2124
f 4282/2140 4088/2139 4663/2141
f 4663/2141 4088/2139 4157/2142
f 4282/2140 4663/2141 4459/2143
f 4282/2140 4459/2143 4299/2124
f 4459/2143 4663/2141 4612/2144
f 4459/2143 4612/2144 4549/2145
f 4459/2143 4549/2145 4299/2124
f 4299/2124 4549/2145 4735/2146
f 4689/2147 4685/2148 4769/2149
f 4685/2148 4689/2147 4642/2150
f 4689/2147 4769/2149 4856/2151
f 4689/2147 4856/2151 4806/2152
f 4806/2152 4856/2151 4915/2153
f 4769/2149 4685/2148 4834/2154
f 4834/2154 4685/2148 4747/2155
f 4769/2149 4834/2154 4820/2156
f 4820/2156 4834/2154 5017/2157
f 5017/2157 4834/2154 4808/2158
f 5017/2157 4808/2158 4820/2156
f 4808/2158 4834/2154 4747/2155
f 4820/2156 4808/2158 4769/2149
f 4808/2158 4747/2155 5064/2159
f 5064/2159 4747/2155 5030/2160
f 4769/2149 4808/2158 4835/2161
f 4835/2161 4808/2158 5064/2159
f 4769/2149 4835/2161 4903/2162
f 4835/2161 5064/2159 4798/2163
f 4835/2161 4798/2163 4903/2162
f 4769/2149 4903/2162 4846/2164
f 4769/2149 4846/2164 4856/2151
f 4856/2151 4846/2164 4938/2165
f 4846/2164 4903/2162 4904/2166
f 4846/2164 4904/2166 4938/2165
f 4856/2151 4938/2165 4900/2167
f 4900/2167 4938/2165 4904/2166
f 4904/2166 4903/2162 4864/2168
f 4864/2168 4903/2162 4798/2163
f 4904/2166 4864/2168 4861/2169
f 4904/2166 4861/2169 4900/2167
f 4864/2168 4798/2163 5019/2170
f 4864/2168 5019/2170 4861/2169
f 4856/2151 4900/2167 4946/2171
f 4856/2151 4946/2171 4915/2153
f 4915/2153 4946/2171 4939/2172
f 4939/2172 4946/2171 4925/2173
f 4925/2173 4946/2171 4900/2167
f 4925/2173 4900/2167 4824/2174
f 4824/2174 4900/2167 4861/2169
f 4824/2174 4861/2169 4990/2175
f 4990/2175 4861/2169 5144/2176
f 5144/2176 4861/2169 5019/2170
f 4824/2174 4990/2175 5061/2177
f 5061/2177 4990/2175 5144/2176
f 4824/2174 5061/2177 4849/2178
f 5061/2177 5144/2176 5177/2179
f 5061/2177 5177/2179 5252/2180
f 5252/2180 5177/2179 5296/2181
f 5252/2180 5296/2181 5282/2182
f 5282/2182 5296/2181 5355/2183
f 5355/2183 5296/2181 5372/2184
f 5296/2181 5177/2179 5244/2185
f 5244/2185 5177/2179 5144/2176
f 5372/2184 5296/2181 5329/2186
f 5329/2186 5296/2181 5244/2185
f 5372/2184 5329/2186 5397/2187
f 5397/2187 5329/2186 5361/2188
f 5244/2185 5144/2176 5202/2189
f 5244/2185 5202/2189 5329/2186
f 5202/2189 5144/2176 5019/2170
f 5361/2188 5329/2186 5280/2190
f 5329/2186 5202/2189 5233/2191
f 5329/2186 5233/2191 5280/2190
f 5202/2189 5019/2170 5151/2192
f 5202/2189 5151/2192 5233/2191
f 5151/2192 5019/2170 4798/2163
f 5151/2192 4798/2163 5097/2193
f 5097/2193 4798/2163 5064/2159
f 5233/2191 5151/2192 5147/2194
f 5147/2194 5151/2192 5097/2193
f 5174/2195 5280/2190 5233/2191
f 5174/2195 5233/2191 5147/2194
f 5097/2193 5064/2159 5153/2196
f 5097/2193 5153/2196 5147/2194
f 5153/2196 5064/2159 5030/2160
f 5174/2195 5147/2194 5199/2197
f 5199/2197 5147/2194 5153/2196
f 5280/2190 5174/2195 5245/2198
f 5245/2198 5174/2195 5199/2197
f 5153/2196 5030/2160 5131/2199
f 5153/2196 5131/2199 5199/2197
f 5131/2199 5030/2160 5077/2200
f 5199/2197 5131/2199 5160/2201
f 5160/2201 5131/2199 5077/2200
f 5245/2198 5199/2197 5191/2202
f 5191/2202 5199/2197 5160/2201
f 5261/2203 5280/2190 5245/2198
f 5280/2190 5261/2203 5264/2204
f 5264/2204 5261/2203 5236/2205
f 5261/2203 5245/2198 5231/2206
f 5261/2203 5231/2206 5236/2205
f 5231/2206 5245/2198 5191/2202
f 5231/2206 5191/2202 5236/2205
f 5236/2205 5191/2202 5187/2207
f 5112/2208 5191/2202 5160/2201
f 5191/2202 5112/2208 5187/2207
f 5112/2208 5160/2201 5077/2200
f 5187/2207 5112/2208 5159/2209
f 5112/2208 5077/2200 5048/2210
f 5048/2210 5077/2200 4680/2211
f 5112/2208 5048/2210 5053/2212
f 5053/2212 5048/2210 4974/2213
f 5112/2208 5053/2212 5072/2214
f 4747/2215 4685/2216 4735/2217
f 4735/2217 4685/2216 4565/2218
f 4565/2218 4685/2216 4642/2219
f 4735/2217 4565/2218 4299/2220
f 4747/2221 4735/2222 5030/2223
f 5030/2223 4735/2222 4976/2224
f 4976/2224 4735/2222 4549/2225
f 5030/2223 4976/2224 5077/2226
f 5077/2226 4976/2224 4734/2227
f 4348/2228 4460/2229 4157/2230
f 4157/2230 4460/2229 4680/2231
f 4348/2228 4157/2230 4131/2232
f 4131/2232 4157/2230 4165/2233
f 4460/2229 4348/2228 4640/2234
f 4348/2228 4131/2232 4154/2235
f 4154/2235 4131/2232 4165/2233
f 4348/2228 4154/2235 4640/2234
f 4154/2235 4165/2233 4099/2236
f 4099/2236 4165/2233 4087/2237
f 4640/2234 4154/2235 4350/2238
f 4350/2238 4154/2235 4099/2236
f 4099/2236 4087/2237 4062/2239
f 4062/2239 4087/2237 3861/2240
f 4062/2239 3861/2240 4099/2236
f 4640/2234 4350/2238 4591/2241
f 4640/2234 4591/2241 4639/2242
f 4350/2238 4099/2236 4025/2243
f 4025/2243 4099/2236 3861/2240
f 4350/2238 4025/2243 4591/2241
f 4025/2243 3861/2240 4056/2244
f 4056/2244 3861/2240 4049/2245
f 4025/2243 4056/2244 4302/2246
f 4025/2243 4302/2246 4591/2241
f 4056/2244 4049/2245 4306/2247
f 4056/2244 4306/2247 4302/2246
f 4306/2247 4049/2245 4239/2248
f 4306/2247 4239/2248 4577/2249
f 4306/2247 4577/2249 4302/2246
f 4591/2241 4302/2246 4662/2250
f 4662/2250 4302/2246 4741/2251
f 4591/2241 4662/2250 4729/2252
f 4729/2252 4662/2250 4932/2253
f 4591/2241 4729/2252 4648/2254
f 4591/2241 4648/2254 4639/2242
f 4639/2242 4648/2254 4729/2252
f 4639/2242 4729/2252 5072/2255
f 4680/2256 4460/2257 4690/2258
f 4690/2258 4460/2257 4640/2259
f 4680/2256 4690/2258 4974/2260
f 4680/2256 4974/2260 5048/2261
f 4974/2260 4690/2258 5053/2262
f 5053/2262 4690/2258 4706/2263
f 4706/2263 4690/2258 4640/2259
f 4706/2263 4640/2259 4639/2264
f 4706/2263 4639/2264 5072/2265
f 4663/2266 4157/2267 4680/2268
f 4663/2266 4680/2268 5077/2269
f 4663/2266 5077/2269 4734/2270
f 4663/2266 4734/2270 4612/2271
f 4612/2271 4734/2270 4549/2272
f 4549/2272 4734/2270 4976/2273
f 5478/2274 5507/2275 5534/2276
f 5534/2276 5507/2275 5571/2277
f 5507/2275 5478/2274 5499/2278
f 5534/2276 5571/2277 5585/2279
f 5534/2276 5585/2279 5608/2280
f 5534/2276 5608/2280 5478/2274
f 5608/2280 5585/2279 5609/2281
f 5608/2280 5609/2281 5640/2282
f 5608/2280 5640/2282 5672/2283
f 5478/2274 5608/2280 5512/2284
f 5512/2284 5608/2280 5672/2283
f 5478/2274 5512/2284 5499/2278
f 5512/2284 5672/2283 5580/2285
f 5512/2284 5580/2285 5499/2278
f 5580/2285 5672/2283 5675/2286
f 5499/2278 5580/2285 5579/2287
f 5579/2287 5580/2285 5625/2288
f 3051/2289 3659/2290 3726/2291
f 3051/2289 3726/2291 3826/2292
f 3726/2291 3659/2290 3760/2293
f 3826/2292 3726/2291 3787/2294
f 3787/2294 3726/2291 3760/2293
f 3787/2294 3760/2293 3806/2295
f 3806/2295 3760/2293 4153/2296
f 3787/2294 3806/2295 3895/2297
f 4017/2298 3955/2299 3808/2300
f 3808/2300 3955/2299 3934/2301
f 3934/2301 3955/2299 4017/2298
f 3808/2300 3934/2301 3868/2302
f 3934/2301 4017/2298 4095/2303
f 3868/2302 3934/2301 4020/2304
f 4020/2304 3934/2301 4095/2303
f 3868/2302 4020/2304 3857/2305
f 3857/2305 4020/2304 4088/2306
f 4088/2306 4020/2304 4095/2303
f 4088/2306 4095/2303 4157/2307
f 4157/2307 4095/2303 4165/2308
f 27/2309 3418/2310 3462/2311
f 3418/2310 27/2309 31/2312
f 3418/2310 31/2312 3189/2313
f 31/2312 27/2309 407/2314
f 407/2314 27/2309 437/2315
f 3189/2313 31/2312 176/2316
f 176/2316 31/2312 407/2314
f 3189/2313 176/2316 92/2317
f 407/2314 437/2315 564/2318
f 407/2314 564/2318 176/2316
f 564/2318 437/2315 619/2319
f 92/2317 176/2316 243/2320
f 176/2316 564/2318 579/2321
f 176/2316 579/2321 243/2320
f 564/2318 619/2319 652/2322
f 564/2318 652/2322 579/2321
f 652/2322 619/2319 751/2323
f 652/2322 751/2323 754/2324
f 754/2324 751/2323 805/2325
f 652/2322 754/2324 684/2326
f 652/2322 684/2326 579/2321
f 754/2324 805/2325 646/2327
f 754/2324 646/2327 684/2326
f 684/2326 646/2327 579/2321
f 646/2327 805/2325 747/2328
f 646/2327 747/2328 554/2329
f 646/2327 554/2329 579/2321
f 554/2329 747/2328 617/2330
f 554/2329 617/2330 403/2331
f 403/2331 617/2330 439/2332
f 403/2331 439/2332 2995/2333
f 403/2331 2995/2333 214/2334
f 403/2331 214/2334 554/2329
f 554/2329 214/2334 579/2321
f 579/2321 214/2334 243/2320
f 243/2320 214/2334 138/2335
f 138/2335 214/2334 3148/2336
f 243/2320 138/2335 198/2337
f 198/2337 138/2335 3055/2338
f 198/2337 3055/2338 3003/2339
f 198/2337 3003/2339 104/2340
f 243/2320 198/2337 122/2341
f 122/2341 198/2337 104/2340
f 122/2341 104/2340 87/2342
f 243/2320 122/2341 92/2317
f 92/2317 122/2341 3171/2343
f 3118/2344 3182/2345 3305/2346
f 3182/2345 3118/2344 3040/2347
f 3118/2344 3305/2346 3121/2348
f 3121/2348 3305/2346 3313/2349
f 3040/2347 3118/2344 3080/2350
f 3118/2344 3121/2348 3003/2351
f 3118/2344 3003/2351 3080/2350
f 3003/2351 3121/2348 79/2352
f 3040/2347 3080/2350 3224/2353
f 3224/2353 3080/2350 3003/2351
f 3040/2347 3224/2353 3171/2354
f 3224/2353 3003/2351 3055/2355
f 3189/2356 92/2357 3171/2354
f 3189/2356 3171/2354 3212/2358
f 3212/2358 3171/2354 3224/2353
f 3189/2356 3212/2358 3275/2359
f 3224/2353 3055/2355 3129/2360
f 3224/2353 3129/2360 3212/2358
f 3212/2358 3129/2360 3275/2359
f 3129/2360 3055/2355 138/2361
f 3275/2359 3129/2360 3148/2362
f 3148/2362 3129/2360 138/2361
f 3171/2363 122/2364 3040/2365
f 3040/2365 122/2364 87/2366
f 3040/2365 87/2366 49/2367
f 49/2367 87/2366 119/2368
f 49/2367 119/2368 84/2369
f 84/2369 119/2368 79/2370
f 84/2369 79/2370 3044/2371
f 278/2372 284/2373 248/2374
f 284/2373 278/2372 274/2375
f 274/2375 278/2372 219/2376
f 274/2375 219/2376 3284/2377
f 284/2373 274/2375 277/2378
f 274/2375 3284/2377 267/2379
f 274/2375 267/2379 277/2378
f 277/2378 267/2379 244/2380
f 324/2381 340/2382 350/2383
f 340/2382 324/2381 361/2384
f 340/2382 361/2384 395/2385
f 350/2383 340/2382 327/2386
f 350/2383 327/2386 342/2387
f 350/2383 342/2387 234/2388
f 234/2388 342/2387 244/2389
f 340/2382 395/2385 338/2390
f 338/2390 395/2385 476/2391
f 340/2382 338/2390 505/2392
f 338/2390 476/2391 465/2393
f 465/2393 476/2391 505/2392
f 465/2393 505/2392 338/2390
f 3334/2394 324/2395 3228/2396
f 324/2395 3334/2394 3237/2397
f 324/2395 3237/2397 237/2398
f 324/2395 237/2398 205/2399
f 205/2399 237/2398 221/2400
f 324/2395 205/2399 349/2401
f 324/2395 349/2401 361/2402
f 361/2402 349/2401 205/2399
f 361/2402 205/2399 3188/2403
f 706/2404 577/2405 685/2406
f 706/2404 685/2406 788/2407
f 577/2405 706/2404 544/2408
f 577/2405 544/2408 515/2409
f 685/2410 858/2411 788/2412
f 788/2412 858/2411 1002/2413
f 858/2411 685/2410 887/2414
f 858/2411 887/2414 1002/2413
f 887/2414 685/2410 707/2415
f 707/2415 685/2410 637/2416
f 637/2416 685/2410 577/2417
f 887/2414 707/2415 840/2418
f 840/2418 707/2415 778/2419
f 778/2419 707/2415 637/2416
f 887/2414 840/2418 930/2420
f 930/2420 840/2418 778/2419
f 887/2414 930/2420 1002/2413
f 637/2416 577/2417 515/2421
f 778/2419 637/2416 656/2422
f 637/2416 515/2421 631/2423
f 637/2416 631/2423 656/2422
f 631/2423 515/2421 552/2424
f 656/2422 631/2423 712/2425
f 656/2422 712/2425 721/2426
f 712/2425 631/2423 594/2427
f 594/2427 631/2423 552/2424
f 712/2425 594/2427 607/2428
f 656/2422 721/2426 650/2429
f 650/2429 721/2426 794/2430
f 656/2422 650/2429 738/2431
f 738/2431 650/2429 794/2430
f 656/2422 738/2431 778/2419
f 607/2428 594/2427 530/2432
f 530/2432 594/2427 552/2424
f 607/2428 530/2432 618/2433
f 738/2431 794/2430 828/2434
f 778/2419 738/2431 859/2435
f 859/2435 738/2431 828/2434
f 778/2419 859/2435 930/2420
f 828/2434 794/2430 836/2436
f 828/2434 836/2436 859/2435
f 836/2436 794/2430 718/2437
f 859/2435 836/2436 930/2420
f 930/2420 836/2436 812/2438
f 930/2420 812/2438 929/2439
f 930/2420 929/2439 1002/2413
f 929/2439 812/2438 854/2440
f 1002/2413 929/2439 975/2441
f 975/2441 929/2439 854/2440
f 854/2440 812/2438 727/2442
f 1002/2413 975/2441 962/2443
f 962/2443 975/2441 854/2440
f 1002/2413 962/2443 788/2412
f 962/2443 854/2440 796/2444
f 962/2443 796/2444 788/2412
f 796/2444 854/2440 727/2442
f 788/2412 796/2444 706/2445
f 706/2445 796/2444 727/2442
f 706/2445 727/2442 605/2446
f 706/2445 605/2446 544/2447
f 633/2448 618/2433 582/2449
f 582/2449 618/2433 530/2432
f 582/2449 530/2432 454/2450
f 454/2450 530/2432 428/2451
f 428/2451 530/2432 408/2452
f 428/2451 408/2452 361/2453
f 361/2453 408/2452 395/2454
f 395/2454 408/2452 530/2432
f 395/2454 530/2432 476/2455
f 476/2455 530/2432 552/2424
f 476/2455 552/2424 505/2456
f 505/2456 552/2424 548/2457
f 548/2457 552/2424 515/2421
f 505/2456 548/2457 605/2458
f 548/2457 515/2421 544/2459
f 548/2457 544/2459 605/2458
f 427/2460 352/2461 297/2462
f 352/2461 427/2460 421/2463
f 427/2460 297/2462 390/2464
f 421/2463 427/2460 388/2465
f 388/2465 427/2460 273/2466
f 388/2465 273/2466 186/2467
f 388/2465 186/2467 3098/2468
f 427/2460 390/2464 440/2469
f 440/2469 390/2464 389/2470
f 427/2460 440/2469 428/2471
f 440/2469 389/2470 454/2472
f 440/2469 454/2472 428/2471
f 658/2473 630/2474 680/2475
f 630/2474 658/2473 712/2476
f 712/2476 658/2473 680/2475
f 712/2476 680/2475 721/2477
f 721/2477 680/2475 911/2478
f 721/2477 911/2478 794/2479
f 794/2479 911/2478 974/2480
f 974/2480 911/2478 1071/2481
f 1071/2481 911/2478 1023/2482
f 1071/2481 1023/2482 1260/2483
f 1260/2483 1023/2482 1235/2484
f 974/2480 1071/2481 1098/2485
f 1071/2481 1260/2483 1323/2486
f 1323/2486 1260/2483 1235/2484
f 1071/2481 1323/2486 1098/2485
f 974/2480 1098/2485 1105/2487
f 1105/2487 1098/2485 1323/2486
f 974/2480 1105/2487 1013/2488
f 1323/2486 1235/2484 1315/2489
f 1323/2486 1315/2489 1105/2487
f 1315/2489 1235/2484 1127/2490
f 1315/2489 1127/2490 1105/2487
f 1013/2488 1105/2487 988/2491
f 988/2491 1105/2487 1127/2490
f 988/2491 1127/2490 1010/2492
f 630/2493 911/2494 680/2495
f 911/2494 630/2493 733/2496
f 911/2494 733/2496 847/2497
f 911/2494 847/2497 990/2498
f 911/2494 990/2498 1023/2499
f 1023/2499 990/2498 1235/2500
f 1235/2500 990/2498 1010/2501
f 1235/2500 1010/2501 1127/2502
f 690/2503 799/2504 724/2505
f 542/2506 622/2507 724/2505
f 542/2506 724/2505 541/2508
f 541/2508 724/2505 678/2509
f 678/2509 724/2505 752/2510
f 678/2509 752/2510 541/2508
f 752/2510 724/2505 799/2504
f 541/2508 752/2510 625/2511
f 541/2508 625/2511 643/2512
f 541/2508 643/2512 353/2513
f 353/2513 643/2512 627/2514
f 353/2513 627/2514 393/2515
f 643/2512 625/2511 830/2516
f 830/2516 625/2511 752/2510
f 643/2512 830/2516 897/2517
f 897/2517 830/2516 925/2518
f 925/2518 830/2516 752/2510
f 925/2518 752/2510 909/2519
f 909/2519 752/2510 799/2504
f 925/2518 909/2519 1035/2520
f 925/2518 1035/2520 1061/2521
f 909/2519 799/2504 964/2522
f 909/2519 964/2522 1035/2520
f 964/2522 799/2504 730/2523
f 730/2523 799/2504 697/2524
f 697/2524 799/2504 690/2503
f 697/2524 690/2503 593/2525
f 730/2523 697/2524 787/2526
f 730/2523 787/2526 964/2522
f 697/2524 593/2525 694/2527
f 697/2524 694/2527 787/2526
f 694/2527 593/2525 518/2528
f 694/2527 518/2528 605/2529
f 694/2527 605/2529 727/2530
f 694/2527 727/2530 787/2526
f 964/2522 787/2526 956/2531
f 964/2522 956/2531 1006/2532
f 1006/2532 956/2531 1022/2533
f 1006/2532 1022/2533 1085/2534
f 964/2522 1006/2532 1014/2535
f 1006/2532 1085/2534 1063/2536
f 1006/2532 1063/2536 1014/2535
f 1063/2536 1085/2534 1106/2537
f 964/2522 1014/2535 1035/2520
f 1035/2520 1014/2535 1063/2536
f 1035/2520 1063/2536 1106/2537
f 1035/2520 1106/2537 1088/2538
f 1035/2520 1088/2538 1093/2539
f 627/2540 635/2541 393/2542
f 635/2541 627/2540 643/2543
f 635/2541 643/2543 897/2544
f 393/2542 635/2541 623/2545
f 393/2542 623/2545 300/2546
f 635/2541 897/2544 634/2547
f 635/2541 634/2547 623/2545
f 300/2546 623/2545 344/2548
f 344/2548 623/2545 634/2547
f 300/2546 344/2548 332/2549
f 300/2546 332/2549 159/2550
f 300/2546 159/2550 293/2551
f 159/2550 332/2549 523/2552
f 523/2552 332/2549 344/2548
f 523/2552 344/2548 634/2547
f 523/2552 634/2547 739/2553
f 523/2552 739/2553 666/2554
f 739/2553 634/2547 855/2555
f 739/2553 855/2555 834/2556
f 739/2553 834/2556 725/2557
f 855/2555 634/2547 1030/2558
f 1030/2558 634/2547 897/2544
f 1030/2558 897/2544 1039/2559
f 1039/2559 897/2544 925/2560
f 1039/2559 925/2560 1061/2561
f 1030/2558 1039/2559 1033/2562
f 855/2555 1030/2558 997/2563
f 997/2563 1030/2558 1033/2562
f 855/2555 997/2563 834/2556
f 1016/2564 725/2557 834/2556
f 1016/2564 834/2556 997/2563
f 725/2557 1016/2564 896/2565
f 997/2563 1033/2562 1058/2566
f 997/2563 1058/2566 1016/2564
f 1058/2566 1033/2562 1095/2567
f 896/2565 1016/2564 983/2568
f 1058/2566 1095/2567 1086/2569
f 983/2568 1016/2564 1001/2570
f 983/2568 1001/2570 1021/2571
f 1016/2564 1058/2566 1041/2572
f 1041/2572 1058/2566 1086/2569
f 1016/2564 1041/2572 1001/2570
f 1021/2571 1001/2570 1115/2573
f 1115/2573 1001/2570 1041/2572
f 1021/2571 1115/2573 1065/2574
f 1041/2572 1086/2569 1090/2575
f 1041/2572 1090/2575 1115/2573
f 1065/2574 1115/2573 1149/2576
f 1090/2575 1086/2569 1121/2577
f 1149/2576 1115/2573 1167/2578
f 1149/2576 1167/2578 1265/2579
f 1115/2573 1090/2575 1066/2580
f 1115/2573 1066/2580 1167/2578
f 1090/2575 1121/2577 1074/2581
f 1090/2575 1074/2581 1066/2580
f 1167/2578 1066/2580 1201/2582
f 1167/2578 1201/2582 1283/2583
f 1066/2580 1074/2581 1160/2584
f 1160/2584 1074/2581 1121/2577
f 1201/2582 1066/2580 1169/2585
f 1169/2585 1066/2580 1160/2584
f 1201/2582 1169/2585 1272/2586
f 1272/2586 1169/2585 1219/2587
f 1219/2587 1169/2585 1160/2584
f 1219/2587 1160/2584 1121/2577
f 1219/2587 1121/2577 1376/2588
f 812/2589 836/2590 871/2591
f 812/2589 871/2591 727/2592
f 727/2592 871/2591 795/2593
f 727/2592 795/2593 787/2594
f 787/2594 795/2593 743/2595
f 787/2594 743/2595 956/2596
f 795/2593 871/2591 791/2597
f 795/2593 791/2597 743/2595
f 743/2595 791/2597 935/2598
f 743/2595 935/2598 956/2596
f 791/2597 871/2591 863/2599
f 791/2597 863/2599 935/2598
f 956/2596 935/2598 1038/2600
f 1038/2600 935/2598 863/2599
f 956/2596 1038/2600 1096/2601
f 1096/2601 1038/2600 1125/2602
f 1038/2600 863/2599 992/2603
f 1038/2600 992/2603 1125/2602
f 922/2604 863/2599 871/2591
f 922/2604 871/2591 836/2590
f 992/2603 863/2599 1007/2605
f 992/2603 1007/2605 1125/2602
f 863/2599 922/2604 924/2606
f 863/2599 924/2606 1007/2605
f 922/2604 836/2590 843/2607
f 843/2607 836/2590 718/2608
f 843/2607 718/2608 794/2609
f 843/2607 794/2609 974/2610
f 922/2604 843/2607 905/2611
f 905/2611 843/2607 974/2610
f 922/2604 905/2611 924/2606
f 905/2611 974/2610 1013/2612
f 905/2611 1013/2612 850/2613
f 850/2613 1013/2612 955/2614
f 905/2611 850/2613 888/2615
f 924/2606 905/2611 946/2616
f 946/2616 905/2611 888/2615
f 924/2606 946/2616 1007/2605
f 946/2616 888/2615 1197/2617
f 1007/2605 946/2616 1126/2618
f 1126/2618 946/2616 1197/2617
f 1007/2605 1126/2618 1125/2602
f 1125/2602 1126/2618 1148/2619
f 1125/2602 1148/2619 1172/2620
f 1172/2620 1148/2619 1170/2621
f 1170/2621 1148/2619 1126/2618
f 1172/2620 1170/2621 1176/2622
f 1176/2622 1170/2621 1126/2618
f 1176/2622 1126/2618 1197/2617
f 1176/2622 1197/2617 1285/2623
f 1176/2622 1285/2623 1311/2624
f 1446/2625 1540/2626 1585/2627
f 1585/2627 1540/2626 1709/2628
f 1446/2625 1585/2627 1717/2629
f 1717/2629 1585/2627 1709/2628
f 1446/2625 1717/2629 1639/2630
f 1639/2630 1717/2629 1830/2631
f 1639/2630 1830/2631 1801/2632
f 1801/2632 1830/2631 1771/2633
f 1830/2631 1717/2629 1918/2634
f 1830/2631 1918/2634 1771/2633
f 1717/2629 1709/2628 1978/2635
f 1771/2633 1918/2634 1950/2636
f 1918/2634 1717/2629 1925/2637
f 1925/2637 1717/2629 1978/2635
f 1918/2634 1925/2637 1950/2636
f 1771/2633 1950/2636 1843/2638
f 1978/2635 1709/2628 2040/2639
f 2040/2639 1709/2628 1980/2640
f 2040/2639 1980/2640 2004/2641
f 2040/2639 2004/2641 2022/2642
f 2022/2642 2004/2641 2096/2643
f 1978/2635 2040/2639 2003/2644
f 2003/2644 2040/2639 2022/2642
f 2003/2644 2022/2642 2096/2643
f 1978/2635 2003/2644 1925/2637
f 2003/2644 2096/2643 2065/2645
f 2003/2644 2065/2645 2014/2646
f 2003/2644 2014/2646 1925/2637
f 1925/2637 2014/2646 1950/2636
f 1950/2636 2014/2646 2006/2647
f 1950/2636 2006/2647 1843/2638
f 2006/2647 2014/2646 1900/2648
f 1843/2638 2006/2647 1767/2649
f 2006/2647 1900/2648 1690/2650
f 2006/2647 1690/2650 1767/2649
f 1446/2651 1577/2652 1540/2653
f 1577/2652 1446/2651 1639/2654
f 1577/2652 1639/2654 1703/2655
f 1577/2652 1703/2655 1540/2653
f 1703/2655 1639/2654 1801/2656
f 1540/2653 1703/2655 1808/2657
f 1540/2653 1808/2657 1709/2658
f 1709/2658 1808/2657 1980/2659
f 1808/2657 1703/2655 1810/2660
f 1810/2660 1703/2655 1801/2656
f 1810/2660 1801/2656 1770/2661
f 1770/2661 1801/2656 1771/2662
f 1810/2660 1770/2661 1773/2663
f 1773/2663 1770/2661 1771/2662
f 1808/2657 1810/2660 1935/2664
f 1935/2664 1810/2660 1773/2663
f 1924/2665 1980/2659 1808/2657
f 1924/2665 1808/2657 1935/2664
f 1980/2659 1924/2665 2004/2666
f 1773/2663 1771/2662 1844/2667
f 1773/2663 1844/2667 1935/2664
f 1844/2667 1771/2662 1843/2668
f 1844/2667 1843/2668 1779/2669
f 1779/2669 1843/2668 1767/2670
f 1844/2667 1779/2669 2001/2671
f 1844/2667 2001/2671 1935/2664
f 2001/2671 1779/2669 1688/2672
f 2001/2671 1688/2672 1916/2673
f 2001/2671 1916/2673 2011/2674
f 2001/2671 2011/2674 1935/2664
f 1935/2664 2011/2674 1924/2665
f 1924/2665 2011/2674 2004/2666
f 2004/2666 2011/2674 2063/2675
f 2004/2666 2063/2675 2096/2676
f 1605/2677 1539/2678 1498/2679
f 1539/2678 1605/2677 1603/2680
f 1605/2677 1498/2679 1627/2681
f 1605/2677 1627/2681 1603/2680
f 1498/2679 1539/2678 1517/2682
f 1539/2678 1603/2680 1505/2683
f 1539/2678 1505/2683 1517/2682
f 1603/2680 1627/2681 1632/2684
f 1603/2680 1632/2684 1505/2683
f 1632/2684 1627/2681 1690/2685
f 1690/2685 1627/2681 1688/2686
f 1690/2685 1688/2686 1767/2687
f 1767/2687 1688/2686 1779/2688
f 1632/2684 1690/2685 1745/2689
f 1745/2689 1690/2685 1900/2690
f 1632/2684 1745/2689 1711/2691
f 1632/2684 1711/2691 1505/2683
f 1505/2683 1711/2691 1574/2692
f 1505/2683 1574/2692 1500/2693
f 1505/2683 1500/2693 1429/2694
f 1505/2683 1429/2694 1517/2682
f 1429/2694 1500/2693 1331/2695
f 1517/2682 1429/2694 1428/2696
f 1428/2696 1429/2694 1331/2695
f 1517/2682 1428/2696 1498/2679
f 1428/2696 1331/2695 1337/2697
f 1498/2679 1428/2696 1333/2698
f 1333/2698 1428/2696 1337/2697
f 1627/2699 1861/2700 1688/2701
f 1688/2701 1861/2700 1916/2702
f 2011/2703 1916/2702 2063/2704
f 2063/2704 1916/2702 1966/2705
f 1966/2705 1916/2702 1861/2700
f 1966/2705 1861/2700 1883/2706
f 1966/2705 1883/2706 1903/2707
f 1903/2707 1883/2706 1863/2708
f 1863/2708 1883/2706 1744/2709
f 1863/2708 1744/2709 1828/2710
f 1828/2710 1744/2709 1806/2711
f 1806/2711 1744/2709 1909/2712
f 1744/2709 1883/2706 1734/2713
f 1734/2713 1883/2706 1861/2700
f 1744/2709 1734/2713 1909/2712
f 1909/2712 1734/2713 1845/2714
f 1734/2713 1861/2700 1737/2715
f 1734/2713 1737/2715 1845/2714
f 1909/2712 1845/2714 1823/2716
f 1823/2716 1845/2714 1737/2715
f 1909/2712 1823/2716 1880/2717
f 1737/2715 1861/2700 1627/2699
f 1880/2717 1823/2716 1733/2718
f 1733/2718 1823/2716 1737/2715
f 1880/2717 1733/2718 1745/2719
f 1745/2719 1733/2718 1711/2720
f 1733/2718 1737/2715 1712/2721
f 1733/2718 1712/2721 1711/2720
f 1737/2715 1627/2699 1579/2722
f 1737/2715 1579/2722 1712/2721
f 1711/2720 1712/2721 1637/2723
f 1637/2723 1712/2721 1579/2722
f 1711/2720 1637/2723 1574/2724
f 1574/2724 1637/2723 1579/2722
f 1579/2722 1627/2699 1498/2725
f 1574/2724 1579/2722 1500/2726
f 1579/2722 1498/2725 1502/2727
f 1579/2722 1502/2727 1500/2726
f 1502/2727 1498/2725 1333/2728
f 1502/2727 1333/2728 1461/2729
f 1500/2726 1502/2727 1520/2730
f 1500/2726 1520/2730 1515/2731
f 1502/2727 1461/2729 1549/2732
f 1502/2727 1549/2732 1520/2730
f 1549/2732 1461/2729 1383/2733
f 1549/2732 1383/2733 1563/2734
f 1549/2732 1563/2734 1569/2735
f 1549/2732 1569/2735 1520/2730
f 1520/2730 1569/2735 1513/2736
f 1442/2737 1515/2731 1520/2730
f 1520/2730 1513/2736 1431/2738
f 1438/2739 1431/2738 1442/2737
f 1431/2738 1438/2739 1520/2730
f 1520/2730 1438/2739 1442/2737
f 1061/2740 1107/2741 1083/2742
f 1093/2743 1061/2740 1035/2744
f 1061/2740 1093/2743 1135/2745
f 1061/2740 1135/2745 1107/2741
f 1061/2740 1083/2742 1039/2746
f 1107/2741 1135/2745 1136/2747
f 1107/2741 1136/2747 1083/2742
f 1083/2742 1136/2747 1039/2746
f 1136/2747 1135/2745 1250/2748
f 1039/2746 1136/2747 1130/2749
f 1039/2746 1130/2749 1033/2750
f 1033/2750 1130/2749 1104/2751
f 1033/2750 1104/2751 1095/2752
f 1095/2752 1104/2751 1130/2749
f 1095/2752 1130/2749 1146/2753
f 1146/2753 1130/2749 1136/2747
f 1146/2753 1136/2747 1250/2748
f 1095/2752 1146/2753 1086/2754
f 1086/2754 1146/2753 1121/2755
f 1333/2756 1337/2757 1250/2748
f 1250/2748 1337/2757 1331/2758
f 1146/2753 1250/2748 1255/2759
f 1255/2759 1250/2748 1331/2758
f 1146/2753 1255/2759 1121/2755
f 1255/2759 1331/2758 1471/2760
f 1255/2759 1471/2760 1121/2755
f 1471/2760 1331/2758 1500/2761
f 1471/2760 1500/2761 1545/2762
f 1471/2760 1545/2762 1121/2755
f 1121/2755 1545/2762 1376/2763
f 1376/2763 1545/2762 1554/2764
f 2063/2765 2015/2766 2096/2767
f 2096/2767 2015/2766 2065/2768
f 2015/2766 2063/2765 1966/2769
f 2015/2766 1966/2769 1994/2770
f 1994/2770 1966/2769 1976/2771
f 2015/2766 1994/2770 1957/2772
f 2015/2766 1957/2772 2065/2768
f 1957/2772 1994/2770 1976/2771
f 1976/2771 1966/2769 1903/2773
f 1976/2771 1903/2773 1957/2772
f 2065/2768 1957/2772 1900/2774
f 2065/2768 1900/2774 2014/2775
f 1957/2772 1903/2773 1877/2776
f 1957/2772 1877/2776 1900/2774
f 1877/2776 1903/2773 1781/2777
f 1781/2777 1903/2773 1863/2778
f 1781/2777 1863/2778 1828/2779
f 1781/2777 1828/2779 1806/2780
f 1877/2776 1781/2777 1722/2781
f 1877/2776 1722/2781 1900/2774
f 1722/2781 1781/2777 1806/2780
f 1900/2774 1722/2781 1745/2782
f 1745/2782 1722/2781 1880/2783
f 1880/2783 1722/2781 1806/2780
f 1880/2783 1806/2780 1909/2784
f 1134/2785 1027/2786 1128/2787
f 1134/2785 1128/2787 1295/2788
f 1128/2787 1027/2786 1171/2789
f 1295/2788 1128/2787 1310/2790
f 1310/2790 1128/2787 1171/2789
f 1171/2789 1027/2786 1072/2791
f 1295/2788 1310/2790 1484/2792
f 1171/2789 1072/2791 1154/2793
f 1154/2793 1072/2791 1096/2794
f 1096/2794 1072/2791 956/2795
f 1171/2789 1154/2793 1228/2796
f 1171/2789 1228/2796 1310/2790
f 1154/2793 1096/2794 1186/2797
f 1154/2793 1186/2797 1228/2796
f 1186/2797 1096/2794 1164/2798
f 1164/2798 1096/2794 1125/2799
f 1186/2797 1164/2798 1215/2800
f 1186/2797 1215/2800 1228/2796
f 1228/2796 1215/2800 1334/2801
f 1228/2796 1334/2801 1310/2790
f 1454/2802 1484/2792 1310/2790
f 1484/2792 1454/2802 1506/2803
f 1506/2803 1454/2802 1468/2804
f 1454/2802 1310/2790 1387/2805
f 1387/2805 1310/2790 1334/2801
f 1454/2802 1387/2805 1468/2804
f 1387/2805 1334/2801 1418/2806
f 1468/2804 1387/2805 1352/2807
f 1352/2807 1387/2805 1418/2806
f 1468/2804 1352/2807 1378/2808
f 1378/2808 1352/2807 1185/2809
f 1185/2809 1352/2807 1239/2810
f 1418/2806 1334/2801 1230/2811
f 1418/2806 1230/2811 1352/2807
f 1352/2807 1230/2811 1239/2810
f 1230/2811 1334/2801 1275/2812
f 1185/2809 1239/2810 1288/2813
f 1288/2813 1239/2810 1230/2811
f 1230/2811 1275/2812 1213/2814
f 1230/2811 1213/2814 1288/2813
f 1213/2814 1275/2812 1329/2815
f 1213/2814 1329/2815 1288/2813
f 1288/2813 1329/2815 1212/2816
f 1212/2816 1329/2815 1313/2817
f 1281/2818 1134/2819 1295/2820
f 1281/2818 1295/2820 1335/2821
f 1134/2819 1281/2818 1162/2822
f 1162/2822 1281/2818 1335/2821
f 1134/2819 1162/2822 1027/2823
f 1335/2821 1295/2820 1484/2824
f 1335/2821 1484/2824 1479/2825
f 1479/2825 1484/2824 1506/2826
f 1162/2822 1335/2821 1194/2827
f 1162/2822 1194/2827 1027/2823
f 1335/2821 1479/2825 1402/2828
f 1402/2828 1479/2825 1506/2826
f 1335/2821 1402/2828 1194/2827
f 1402/2828 1506/2826 1468/2829
f 1402/2828 1468/2829 1378/2830
f 1027/2823 1194/2827 1022/2831
f 1027/2823 1022/2831 1072/2832
f 1072/2832 1022/2831 956/2833
f 1022/2831 1194/2827 1085/2834
f 1402/2828 1378/2830 1185/2835
f 1188/2836 1194/2827 1402/2828
f 1194/2827 1188/2836 1085/2834
f 1188/2836 1402/2828 1185/2835
f 1188/2836 1185/2835 1085/2834
f 1085/2834 1185/2835 1174/2837
f 1174/2837 1185/2835 1288/2838
f 1174/2837 1288/2838 1212/2839
f 1085/2834 1174/2837 1106/2840
f 1174/2837 1212/2839 1147/2841
f 1174/2837 1147/2841 1106/2840
f 1106/2840 1147/2841 1050/2842
f 1106/2840 1050/2842 1088/2843
f 1088/2844 1050/2845 1077/2846
f 1077/2846 1050/2845 1152/2847
f 1088/2844 1077/2846 1143/2848
f 1143/2848 1077/2846 1152/2847
f 1088/2844 1143/2848 1093/2849
f 1093/2849 1143/2848 1135/2850
f 1143/2848 1152/2847 1383/2851
f 1143/2848 1383/2851 1135/2850
f 1383/2851 1152/2847 1233/2852
f 1135/2850 1383/2851 1250/2853
f 1461/2854 1333/2855 1250/2853
f 1461/2854 1250/2853 1383/2851
f 1383/2851 1233/2852 1376/2856
f 1376/2856 1233/2852 1219/2857
f 1383/2851 1376/2856 1431/2858
f 1431/2858 1376/2856 1434/2859
f 1431/2858 1434/2859 1442/2860
f 1383/2851 1431/2858 1513/2861
f 1383/2851 1513/2861 1563/2862
f 1561/2863 1600/2864 1423/2865
f 1600/2864 1561/2863 1790/2866
f 1423/2865 1600/2864 1476/2867
f 1423/2865 1476/2867 1334/2868
f 1476/2867 1600/2864 1643/2869
f 1600/2864 1790/2866 1858/2870
f 1600/2864 1858/2870 1643/2869
f 1858/2870 1790/2866 1849/2871
f 1849/2871 1790/2866 1794/2872
f 1849/2871 1794/2872 1623/2873
f 1849/2871 1623/2873 1524/2874
f 1849/2871 1524/2874 1858/2870
f 1858/2870 1524/2874 1643/2869
f 1643/2869 1524/2874 1476/2867
f 1476/2867 1524/2874 1449/2875
f 1476/2867 1449/2875 1334/2868
f 1449/2875 1524/2874 1397/2876
f 1334/2868 1449/2875 1385/2877
f 1334/2868 1385/2877 1275/2878
f 1449/2875 1397/2876 1379/2879
f 1449/2875 1379/2879 1385/2877
f 1379/2879 1397/2876 1328/2880
f 1275/2878 1385/2877 1309/2881
f 1275/2878 1309/2881 1329/2882
f 1309/2881 1385/2877 1377/2883
f 1377/2883 1385/2877 1379/2879
f 1309/2881 1377/2883 1329/2882
f 1379/2879 1328/2880 1307/2884
f 1379/2879 1307/2884 1377/2883
f 1307/2884 1328/2880 1370/2885
f 1307/2884 1370/2885 1377/2883
f 1377/2883 1370/2885 1329/2882
f 1370/2885 1328/2880 1386/2886
f 1329/2882 1370/2885 1313/2887
f 1404/2888 1561/2889 1423/2890
f 1561/2889 1404/2888 1558/2891
f 1561/2889 1558/2891 1790/2892
f 1790/2892 1558/2891 1794/2893
f 1794/2893 1558/2891 1623/2894
f 1623/2894 1558/2891 1474/2895
f 1623/2894 1474/2895 1524/2896
f 1558/2891 1404/2888 1411/2897
f 1558/2891 1411/2897 1474/2895
f 1344/2898 1404/2888 1423/2890
f 1404/2888 1344/2898 1411/2897
f 1344/2898 1423/2890 1334/2899
f 1344/2898 1334/2899 1215/2900
f 1344/2898 1215/2900 1164/2901
f 1344/2898 1164/2901 1172/2902
f 1172/2902 1164/2901 1125/2903
f 1411/2897 1344/2898 1345/2904
f 1345/2904 1344/2898 1172/2902
f 1411/2897 1345/2904 1474/2895
f 1345/2904 1172/2902 1176/2905
f 1345/2904 1176/2905 1474/2895
f 1474/2895 1176/2905 1397/2906
f 1397/2906 1176/2905 1311/2907
f 1474/2895 1397/2906 1493/2908
f 1474/2895 1493/2908 1524/2896
f 1524/2896 1493/2908 1397/2906
f 1397/2906 1311/2907 1328/2909
f 1328/2909 1311/2907 1327/2910
f 1327/2910 1311/2907 1353/2911
f 1328/2909 1327/2910 1386/2912
f 1327/2910 1353/2911 1249/2913
f 1386/2912 1327/2910 1298/2914
f 1298/2914 1327/2910 1249/2913
f 1147/2915 1152/2916 1050/2917
f 1152/2916 1147/2915 1229/2918
f 1229/2918 1147/2915 1212/2919
f 1152/2916 1229/2918 1277/2920
f 1152/2916 1277/2920 1233/2921
f 1229/2918 1212/2919 1284/2922
f 1229/2918 1284/2922 1277/2920
f 1284/2922 1212/2919 1338/2923
f 1338/2923 1212/2919 1313/2924
f 1277/2920 1284/2922 1362/2925
f 1284/2922 1338/2923 1392/2926
f 1284/2922 1392/2926 1362/2925
f 1392/2926 1338/2923 1396/2927
f 1392/2926 1396/2927 1573/2928
f 1392/2926 1573/2928 1674/2929
f 1674/2929 1573/2928 1675/2930
f 1277/2920 1362/2925 1304/2931
f 1277/2920 1304/2931 1233/2921
f 1233/2921 1304/2931 1219/2932
f 1219/2932 1304/2931 1374/2933
f 1374/2933 1304/2931 1380/2934
f 1362/2935 1392/2936 1665/2937
f 1665/2937 1392/2936 1674/2938
f 1665/2937 1674/2938 1675/2939
f 1362/2935 1665/2937 1552/2940
f 1552/2940 1665/2937 1675/2939
f 1362/2935 1552/2940 1399/2941
f 1552/2940 1675/2939 1573/2942
f 1552/2940 1573/2942 1399/2941
f 1544/2943 1496/2944 1513/2945
f 1544/2943 1513/2945 1569/2946
f 1513/2945 1496/2944 1554/2947
f 1544/2943 1569/2946 1554/2948
f 1554/2948 1569/2946 1563/2949
f 1554/2948 1563/2949 1513/2950
f 1544/2943 1554/2948 1568/2951
f 1544/2943 1568/2951 1496/2944
f 1568/2951 1554/2948 1545/2952
f 1568/2951 1545/2952 1500/2953
f 1568/2951 1500/2953 1496/2944
f 1496/2944 1500/2953 1441/2954
f 1441/2954 1500/2953 1515/2955
f 1441/2954 1515/2955 1442/2956
f 1496/2944 1441/2954 1437/2957
f 1437/2957 1441/2954 1442/2956
f 1496/2944 1437/2957 1554/2947
f 1437/2957 1442/2956 1434/2958
f 1554/2947 1437/2957 1376/2959
f 1376/2959 1437/2957 1434/2958
f 1304/2960 1375/2961 1380/2962
f 1375/2961 1304/2960 1362/2963
f 1375/2961 1362/2963 1399/2964
f 1380/2962 1375/2961 1514/2965
f 1380/2962 1514/2965 1668/2966
f 1514/2965 1375/2961 1417/2967
f 1668/2966 1514/2965 1672/2968
f 1672/2968 1514/2965 1417/2967
f 1672/2968 1417/2967 1691/2969
f 1691/2969 1417/2967 1699/2970
f 1699/2970 1417/2967 1588/2971
f 1699/2970 1588/2971 1606/2972
f 1691/2969 1699/2970 1829/2973
f 1829/2973 1699/2970 1836/2974
f 1672/2968 1691/2969 1870/2975
f 1870/2975 1691/2969 1829/2973
f 1672/2968 1870/2975 1859/2976
f 1870/2975 1829/2973 1913/2977
f 1913/2977 1829/2973 1836/2974
f 1870/2975 1913/2977 1859/2976
f 1913/2977 1836/2974 1897/2978
f 1897/2978 1836/2974 1862/2979
f 1897/2978 1862/2979 2086/2980
f 2086/2980 1862/2979 2093/2981
f 1897/2978 2086/2980 2090/2982
f 2090/2982 2086/2980 2093/2981
f 1897/2978 2090/2982 1913/2977
f 2090/2982 2093/2981 2091/2983
f 2091/2983 2093/2981 1938/2984
f 1913/2977 2090/2982 2087/2985
f 2087/2985 2090/2982 2091/2983
f 1913/2977 2087/2985 1859/2976
f 2087/2985 2091/2983 1938/2984
f 2087/2985 1938/2984 1859/2976
f 1380/2986 1580/2987 1374/2988
f 1580/2987 1380/2986 1668/2989
f 1374/2988 1580/2987 1671/2990
f 1580/2987 1668/2989 1673/2991
f 1580/2987 1673/2991 1671/2990
f 1673/2991 1668/2989 1679/2992
f 1679/2992 1668/2989 1672/2993
f 1679/2992 1672/2993 1859/2994
f 1679/2992 1859/2994 1825/2995
f 1825/2995 1859/2994 1938/2996
f 1825/2995 1938/2996 1842/2997
f 1825/2995 1842/2997 1679/2992
f 1842/2997 1938/2996 2093/2998
f 1842/2997 2093/2998 1862/2999
f 1670/3000 1673/2991 1679/2992
f 1670/3000 1679/2992 1842/2997
f 1673/2991 1670/3000 1671/2990
f 1842/2997 1862/2999 1837/3001
f 1842/2997 1837/3001 1670/3000
f 1837/3001 1862/2999 1680/3002
f 1837/3001 1680/3002 1670/3000
f 1680/3002 1862/2999 1836/3003
f 1680/3002 1836/3003 1699/3004
f 1680/3002 1699/3004 1606/3005
f 1680/3002 1606/3005 1495/3006
f 1670/3000 1680/3002 1644/3007
f 1644/3007 1680/3002 1495/3006
f 1534/3008 1671/2990 1670/3000
f 1534/3008 1670/3000 1644/3007
f 1671/2990 1534/3008 1374/2988
f 1644/3007 1495/3006 1408/3009
f 1644/3007 1408/3009 1534/3008
f 1408/3009 1495/3006 1393/3010
f 1408/3009 1393/3010 1413/3011
f 1413/3011 1393/3010 1448/3012
f 1534/3008 1408/3009 1366/3013
f 1534/3008 1366/3013 1374/2988
f 1374/2988 1366/3013 1219/3014
f 1219/3014 1366/3013 1300/3015
f 1300/3015 1366/3013 1336/3016
f 1219/3014 1300/3015 1272/3017
f 1272/3017 1300/3015 1336/3016
f 733/3018 630/3019 607/3020
f 607/3020 630/3019 712/3021
f 733/3018 607/3020 640/3022
f 640/3022 607/3020 618/3023
f 733/3018 640/3022 847/3024
f 640/3022 618/3023 633/3025
f 847/3024 640/3022 873/3026
f 847/3024 873/3026 990/3027
f 990/3027 873/3026 1010/3028
f 1010/3028 873/3026 988/3029
f 988/3029 873/3026 955/3030
f 988/3029 955/3030 1013/3031
f 955/3030 873/3026 861/3032
f 955/3030 861/3032 850/3033
f 683/3034 873/3026 640/3022
f 873/3026 683/3034 861/3032
f 683/3034 640/3022 633/3025
f 861/3032 683/3034 850/3033
f 850/3033 683/3034 705/3035
f 705/3035 683/3034 633/3025
f 850/3033 705/3035 888/3036
f 705/3035 633/3025 663/3037
f 663/3037 633/3025 560/3038
f 663/3037 560/3038 562/3039
f 663/3037 562/3039 753/3040
f 753/3040 562/3039 471/3041
f 705/3035 663/3037 785/3042
f 785/3042 663/3037 753/3040
f 705/3035 785/3042 952/3043
f 705/3035 952/3043 888/3036
f 785/3042 753/3040 815/3044
f 785/3042 815/3044 952/3043
f 753/3040 471/3041 869/3045
f 869/3045 471/3041 402/3046
f 815/3044 753/3040 877/3047
f 815/3044 877/3047 952/3043
f 877/3047 753/3040 869/3045
f 869/3045 402/3046 903/3048
f 952/3043 877/3047 921/3049
f 952/3043 921/3049 888/3036
f 1273/3050 1298/3051 903/3048
f 903/3048 1298/3051 1249/3052
f 903/3048 1249/3052 869/3045
f 869/3045 1249/3052 1195/3053
f 869/3045 1195/3053 877/3047
f 1195/3053 1249/3052 1353/3054
f 877/3047 1195/3053 1054/3055
f 1054/3055 1195/3053 1353/3054
f 877/3047 1054/3055 921/3049
f 921/3049 1054/3055 1119/3056
f 921/3049 1119/3056 888/3036
f 1119/3056 1054/3055 1353/3054
f 888/3036 1119/3056 1197/3057
f 1197/3057 1119/3056 1285/3058
f 1285/3058 1119/3056 1353/3054
f 1285/3058 1353/3054 1311/3059
f 461/3060 429/3061 209/3062
f 429/3061 461/3060 506/3063
f 429/3061 506/3063 535/3064
f 506/3063 461/3060 481/3065
f 506/3063 481/3065 535/3064
f 481/3065 461/3060 423/3066
f 423/3066 461/3060 209/3062
f 481/3065 423/3066 270/3067
f 270/3067 423/3066 3093/3068
f 3093/3068 423/3066 52/3069
f 52/3069 423/3066 209/3062
f 52/3069 209/3062 62/3070
f 62/3070 209/3062 204/3071
f 62/3070 204/3071 3135/3072
f 3135/3072 204/3071 141/3073
f 141/3073 204/3071 3029/3074
f 185/3075 481/3065 270/3067
f 481/3065 185/3075 535/3064
f 711/3076 185/3075 488/3077
s 0
f 185/3075 711/3076 938/3078
s 1
f 185/3075 938/3078 535/3064
f 535/3064 938/3078 1069/3079
f 535/3064 1069/3079 1031/3080
f 535/3064 1031/3080 903/3081
f 903/3081 1031/3080 1052/3082
f 1052/3082 1031/3080 1060/3083
f 1060/3083 1031/3080 1069/3079
f 1060/3083 1069/3079 1075/3084
f 166/3085 282/3086 141/3087
f 282/3086 166/3085 289/3088
f 289/3088 166/3085 120/3089
f 282/3086 289/3088 265/3090
f 141/3087 282/3086 212/3091
f 212/3091 282/3086 265/3090
f 141/3087 212/3091 3059/3092
f 3059/3092 212/3091 3022/3093
f 3022/3093 212/3091 265/3090
f 3022/3093 265/3090 3181/3094
f 3113/3095 121/3096 120/3097
f 120/3097 121/3096 289/3098
f 289/3098 121/3096 265/3099
f 265/3099 121/3096 3181/3100
f 406/3101 659/3102 470/3103
f 568/3104 377/3105 470/3103
f 568/3104 470/3103 657/3106
f 657/3106 470/3103 659/3102
f 568/3104 657/3106 722/3107
f 568/3104 722/3107 735/3108
f 657/3106 659/3102 757/3109
f 757/3109 659/3102 849/3110
f 849/3110 659/3102 831/3111
f 575/3112 659/3102 406/3101
f 575/3112 406/3101 529/3113
f 831/3111 659/3102 701/3114
f 701/3114 659/3102 575/3112
f 831/3111 701/3114 779/3115
f 575/3112 529/3113 700/3116
f 575/3112 700/3116 701/3114
f 701/3114 700/3116 779/3115
f 700/3116 529/3113 735/3117
f 700/3116 735/3117 779/3115
f 1386/3118 1381/3119 1370/3120
f 1370/3120 1381/3119 1456/3121
f 1381/3119 1386/3118 1455/3122
f 1456/3121 1381/3119 1416/3123
f 1416/3123 1381/3119 1455/3122
f 1370/3120 1456/3121 1399/3124
f 1399/3124 1456/3121 1416/3123
f 1338/3125 1313/3126 1370/3120
f 1338/3125 1370/3120 1399/3124
f 1338/3125 1399/3124 1396/3127
f 1396/3127 1399/3124 1573/3128
f 1399/3124 1416/3123 1417/3129
f 1399/3124 1417/3129 1375/3130
f 1417/3129 1416/3123 1393/3131
f 1417/3129 1393/3131 1495/3132
f 1417/3129 1495/3132 1588/3133
f 1588/3133 1495/3132 1522/3134
f 1588/3133 1522/3134 1606/3135
f 1606/3135 1522/3134 1491/3136
f 1606/3135 1491/3136 1495/3137
f 1393/3131 1416/3123 1433/3138
f 1393/3131 1433/3138 1448/3139
f 1448/3139 1433/3138 1491/3140
f 1433/3138 1416/3123 1455/3122
f 1491/3140 1433/3138 1494/3141
f 1491/3140 1494/3141 1495/3142
f 1495/3142 1494/3141 1522/3143
f 1522/3143 1494/3141 1433/3138
f 1522/3143 1433/3138 1497/3144
f 1522/3143 1497/3144 1491/3145
f 1433/3138 1455/3122 1409/3146
f 1433/3138 1409/3146 1497/3144
f 1409/3146 1455/3122 1326/3147
f 1491/3145 1497/3144 1465/3148
f 1465/3148 1497/3144 1409/3146
f 1491/3145 1465/3148 1448/3149
f 1465/3148 1409/3146 1463/3150
f 1465/3148 1463/3150 1448/3149
f 1326/3147 1455/3122 1273/3151
f 1273/3151 1455/3122 1386/3118
f 1273/3151 1386/3118 1298/3152
f 1326/3147 1273/3151 1052/3153
f 1052/3153 1273/3151 903/3154
f 945/3155 767/3156 939/3157
f 939/3158 767/3159 995/3160
f 939/3158 995/3160 1296/3161
f 1296/3161 995/3160 1473/3162
f 945/3163 995/3164 767/3165
f 1052/3166 1060/3167 1097/3168
f 1097/3168 1060/3167 1120/3169
f 1120/3169 1060/3167 1101/3170
f 1101/3170 1060/3167 1081/3171
f 1081/3171 1060/3167 1075/3172
f 1097/3173 1326/3174 1052/3175
f 1326/3174 1097/3173 1409/3176
f 1409/3176 1097/3173 1120/3177
f 1409/3176 1120/3177 1361/3178
f 1409/3176 1361/3178 1463/3179
f 1361/3178 1120/3177 1075/3180
f 1075/3180 1120/3177 1099/3181
f 1361/3178 1075/3180 1069/3182
f 1463/3179 1361/3178 1324/3183
f 1324/3183 1361/3178 1069/3182
f 1463/3179 1324/3183 1448/3184
f 1324/3183 1069/3182 1280/3185
f 1448/3184 1324/3183 1419/3186
f 1419/3186 1324/3183 1280/3185
f 1280/3185 1069/3182 938/3187
f 1448/3184 1419/3186 1413/3188
f 1280/3185 938/3187 1291/3189
f 1291/3189 938/3187 1238/3190
f 1291/3189 1238/3190 1401/3191
f 1291/3189 1401/3191 1280/3185
f 1401/3191 1238/3190 1340/3192
f 1419/3186 1280/3185 1363/3193
f 1363/3193 1280/3185 1401/3191
f 1419/3186 1363/3193 1413/3188
f 1401/3191 1340/3192 1369/3194
f 1363/3193 1401/3191 1405/3195
f 1405/3195 1401/3191 1369/3194
f 1363/3193 1405/3195 1453/3196
f 1363/3193 1453/3196 1413/3188
f 1453/3196 1405/3195 1369/3194
f 1413/3188 1453/3196 1407/3197
f 1413/3188 1407/3197 1408/3198
f 1407/3197 1453/3196 1369/3194
f 1407/3197 1369/3194 1332/3199
f 1407/3197 1332/3199 1398/3200
f 1398/3200 1332/3199 1336/3201
f 1336/3201 1332/3199 1272/3202
f 1272/3202 1332/3199 1201/3203
f 1332/3199 1369/3194 1312/3204
f 1332/3199 1312/3204 1201/3203
f 1201/3203 1312/3204 1369/3194
f 1201/3203 1369/3194 1339/3205
f 1339/3205 1369/3194 1316/3206
f 1201/3203 1339/3205 1283/3207
f 1283/3207 1339/3205 1316/3206
f 1343/3208 1348/3209 1316/3206
f 1316/3206 1348/3209 1216/3210
f 1316/3206 1216/3210 1283/3207
f 1283/3207 1216/3210 1265/3211
f 1265/3211 1216/3210 1190/3212
f 1283/3207 1265/3211 1167/3213
f 1120/3214 1101/3215 1099/3216
f 1099/3216 1101/3215 1157/3217
f 1099/3216 1157/3217 1227/3218
f 1157/3217 1101/3215 1248/3219
f 1157/3217 1248/3219 1227/3218
f 1248/3219 1101/3215 1081/3220
f 1227/3218 1248/3219 1301/3221
f 1227/3218 1301/3221 1356/3222
f 1356/3222 1301/3221 1422/3223
f 1422/3223 1301/3221 1248/3219
f 1356/3222 1422/3223 1368/3224
f 1368/3224 1422/3223 1248/3219
f 1075/3225 1099/3226 1081/3220
f 1081/3220 1099/3226 1129/3227
f 1129/3227 1099/3226 1227/3228
f 1081/3220 1129/3227 1187/3229
f 1187/3229 1129/3227 1227/3228
f 1081/3220 1187/3229 1248/3219
f 1187/3229 1227/3228 1236/3230
f 1187/3229 1236/3230 1248/3219
f 1236/3230 1227/3228 1356/3231
f 1236/3230 1356/3231 1464/3232
f 1248/3219 1236/3230 1462/3233
f 1462/3233 1236/3230 1464/3232
f 1248/3219 1462/3233 1368/3224
f 1368/3224 1462/3233 1492/3234
f 1492/3234 1462/3233 1464/3232
f 1368/3224 1492/3234 1550/3235
f 1550/3235 1492/3234 1602/3236
f 1602/3236 1492/3234 1677/3237
f 1677/3237 1492/3234 1596/3238
f 1596/3238 1492/3234 1572/3239
f 1492/3234 1464/3232 1510/3240
f 1510/3240 1464/3232 1572/3239
f 1510/3240 1572/3239 1492/3234
f 1113/3241 945/3242 939/3243
f 945/3242 1113/3241 995/3244
f 1113/3241 939/3243 1296/3245
f 995/3244 1113/3241 1240/3246
f 1240/3246 1113/3241 1296/3245
f 995/3244 1240/3246 1473/3247
f 1473/3247 1240/3246 1296/3245
f 722/3248 657/3249 757/3250
f 722/3248 757/3250 765/3251
f 722/3248 765/3251 779/3252
f 779/3252 765/3251 810/3253
f 750/3254 779/3255 735/3256
f 779/3255 750/3254 770/3257
f 757/3258 849/3259 798/3260
f 757/3258 798/3260 765/3261
f 765/3261 798/3260 781/3262
f 765/3261 781/3262 810/3263
f 798/3260 849/3259 746/3264
f 746/3264 849/3259 826/3265
f 781/3262 798/3260 764/3266
f 781/3262 764/3266 810/3263
f 764/3266 798/3260 746/3264
f 810/3263 764/3266 762/3267
f 746/3264 826/3265 616/3268
f 762/3267 764/3266 720/3269
f 720/3269 764/3266 746/3264
f 762/3267 720/3269 759/3270
f 762/3267 759/3270 737/3271
f 737/3271 759/3270 720/3269
f 720/3269 746/3264 614/3272
f 720/3269 614/3272 737/3271
f 614/3272 746/3264 616/3268
f 614/3272 616/3268 509/3273
f 737/3271 614/3272 479/3274
f 737/3271 479/3274 550/3275
f 479/3274 614/3272 509/3273
f 509/3273 616/3268 624/3276
f 316/3277 478/3278 479/3274
f 316/3277 479/3274 354/3279
f 354/3279 479/3274 509/3273
f 354/3279 509/3273 7/3280
f 7/3280 509/3273 420/3281
f 420/3281 509/3273 624/3276
f 420/3281 624/3276 550/3282
f 420/3281 550/3282 345/3283
f 345/3283 550/3282 478/3284
f 478/3284 550/3282 514/3285
f 478/3284 514/3285 483/3286
f 866/3287 831/3288 779/3289
f 866/3287 779/3289 810/3290
f 866/3287 810/3290 762/3291
f 831/3288 866/3287 875/3292
f 831/3288 875/3292 849/3293
f 866/3287 762/3291 806/3294
f 866/3287 806/3294 875/3292
f 849/3293 875/3292 826/3295
f 826/3295 875/3292 806/3294
f 806/3294 762/3291 737/3296
f 826/3295 806/3294 760/3297
f 826/3295 760/3297 624/3298
f 826/3295 624/3298 616/3299
f 760/3297 806/3294 717/3300
f 717/3300 806/3294 737/3296
f 760/3297 717/3300 624/3298
f 717/3300 737/3296 550/3301
f 717/3300 550/3301 624/3298
f 832/3302 878/3303 770/3304
f 770/3304 878/3303 839/3305
f 878/3303 832/3302 916/3306
f 916/3306 832/3302 937/3307
f 937/3307 832/3302 864/3308
f 916/3306 937/3307 856/3309
f 916/3306 856/3309 835/3310
f 937/3307 864/3308 949/3311
f 949/3311 864/3308 914/3312
f 856/3309 937/3307 915/3313
f 915/3313 937/3307 949/3311
f 835/3310 856/3309 673/3314
f 673/3314 856/3309 915/3313
f 835/3310 673/3314 670/3315
f 949/3311 914/3312 965/3316
f 949/3311 965/3316 915/3313
f 965/3316 914/3312 985/3317
f 965/3316 985/3317 1036/3318
f 965/3316 1036/3318 915/3313
f 1036/3318 985/3317 1047/3319
f 1036/3318 1047/3319 1123/3320
f 1123/3320 1047/3319 1046/3321
f 1123/3320 1046/3321 1109/3322
f 1036/3318 1123/3320 1055/3323
f 1055/3323 1123/3320 1109/3322
f 1036/3318 1055/3323 915/3313
f 1055/3323 1109/3322 1051/3324
f 915/3313 1055/3323 704/3325
f 915/3313 704/3325 673/3314
f 1055/3323 1051/3324 842/3326
f 842/3326 1051/3324 822/3327
f 704/3325 1055/3323 768/3328
f 768/3328 1055/3323 842/3326
f 673/3314 704/3325 486/3329
f 486/3329 704/3325 768/3328
f 768/3328 842/3326 539/3330
f 768/3328 539/3330 486/3329
f 539/3330 842/3326 822/3327
f 486/3329 539/3330 2981/3331
f 673/3314 486/3329 463/3332
f 463/3332 486/3329 2960/3333
f 673/3314 463/3332 458/3334
f 458/3334 463/3332 2993/3335
f 673/3314 458/3334 670/3315
f 670/3315 458/3334 514/3336
f 670/3315 514/3336 628/3337
f 514/3336 458/3334 483/3338
f 483/3338 458/3334 2994/3339
f 580/3340 539/3330 822/3327
f 539/3330 580/3340 534/3341
f 539/3330 534/3341 276/3342
f 580/3340 822/3327 596/3343
f 580/3340 596/3343 534/3341
f 276/3342 534/3341 620/3344
f 620/3344 534/3341 596/3343
f 596/3343 822/3327 756/3345
f 596/3343 756/3345 620/3344
f 756/3345 822/3327 1024/3346
f 620/3344 756/3345 695/3347
f 695/3347 756/3345 1024/3346
f 620/3344 695/3347 75/3348
f 695/3347 1024/3346 1218/3349
f 75/3348 695/3347 745/3350
f 695/3347 1218/3349 1322/3351
f 695/3347 1322/3351 745/3350
f 839/3352 878/3353 813/3354
f 839/3352 813/3354 874/3355
f 839/3352 874/3355 893/3356
f 893/3356 874/3355 883/3357
f 839/3352 893/3356 776/3358
f 776/3358 893/3356 761/3359
f 761/3359 893/3356 835/3360
f 776/3358 761/3359 628/3361
f 761/3359 835/3360 670/3362
f 761/3359 670/3362 628/3361
f 839/3363 823/3364 770/3365
f 823/3364 839/3363 789/3366
f 789/3366 839/3363 776/3367
f 770/3365 823/3364 857/3368
f 857/3368 823/3364 789/3366
f 770/3365 857/3368 792/3369
f 789/3366 776/3367 628/3370
f 792/3369 857/3368 805/3371
f 792/3369 805/3371 751/3372
f 792/3369 751/3372 619/3373
f 805/3371 857/3368 747/3374
f 747/3374 857/3368 789/3366
f 747/3374 789/3366 638/3375
f 638/3375 789/3366 628/3370
f 747/3374 638/3375 617/3376
f 617/3376 638/3375 439/3377
f 638/3375 628/3370 493/3378
f 439/3377 638/3375 447/3379
f 439/3377 447/3379 2943/3380
f 447/3379 638/3375 493/3378
f 493/3378 628/3370 514/3381
f 447/3379 493/3378 483/3382
f 447/3379 483/3382 2949/3383
f 493/3378 514/3381 479/3384
f 493/3378 479/3384 483/3382
f 479/3384 514/3381 550/3385
f 483/3382 479/3384 478/3386
f 878/3387 883/3388 874/3389
f 878/3387 874/3389 813/3390
f 883/3388 878/3387 893/3391
f 893/3391 878/3387 916/3392
f 1459/3393 1444/3394 1368/3395
f 1368/3395 1444/3394 1356/3396
f 1356/3396 1444/3394 1464/3397
f 1464/3397 1444/3394 1459/3393
f 1459/3393 1368/3395 1548/3398
f 1459/3393 1548/3398 1464/3397
f 1548/3398 1368/3395 1550/3399
f 1464/3397 1548/3398 1572/3400
f 1572/3400 1548/3398 1550/3399
f 1572/3400 1550/3399 1602/3401
f 1572/3400 1602/3401 1596/3401
f 1596/3401 1602/3401 1641/3402
f 1641/3402 1602/3401 1677/3403
f 1596/3401 1641/3402 1647/3404
f 1596/3401 1647/3404 1677/3405
f 1677/3405 1647/3404 1683/3406
f 1683/3406 1647/3404 1641/3402
f 1677/3405 1683/3406 1739/3407
f 1739/3407 1683/3406 1641/3402
f 1677/3405 1739/3407 1742/3408
f 1641/3402 1677/3403 1742/3409
f 1739/3407 1641/3402 1738/3410
f 1738/3410 1641/3402 1742/3409
f 1742/3408 1739/3407 1800/3411
f 1739/3407 1738/3410 1763/3412
f 1763/3412 1738/3410 1742/3409
f 1739/3407 1763/3412 1800/3411
f 1763/3412 1742/3409 1807/3413
f 1763/3412 1807/3413 1800/3411
f 1742/3408 1800/3411 1873/3414
f 1807/3413 1742/3409 1873/3415
f 1800/3411 1807/3413 1834/3416
f 1834/3416 1807/3413 1873/3415
f 1873/3414 1800/3411 1875/3417
f 1875/3417 1800/3411 1834/3416
f 1873/3414 1875/3417 1952/3418
f 1873/3414 1952/3418 2005/3419
f 2005/3419 1952/3418 2024/3420
f 1875/3417 1834/3416 1885/3417
f 1885/3417 1834/3416 1873/3415
f 1875/3417 1885/3417 1952/3418
f 1885/3417 1873/3415 1907/3421
f 1885/3417 1907/3421 1952/3418
f 1952/3418 1907/3421 2024/3420
f 1907/3421 1873/3415 2005/3422
f 2024/3420 1907/3421 2038/3423
f 2038/3423 1907/3421 2005/3422
f 2024/3420 2038/3423 2064/3424
f 2038/3423 2005/3422 2070/3425
f 2038/3423 2070/3425 2064/3424
f 60/3426 848/3427 688/3428
f 848/3427 60/3426 323/3429
f 848/3427 323/3429 536/3430
f 536/3430 323/3429 137/3431
f 848/3427 536/3430 933/3432
f 536/3430 137/3431 236/3433
f 933/3432 536/3430 629/3434
f 629/3434 536/3430 236/3433
f 933/3432 629/3434 948/3435
f 629/3434 236/3433 256/3436
f 256/3436 236/3433 211/3437
f 948/3435 629/3434 654/3438
f 654/3438 629/3434 256/3436
f 948/3435 654/3438 910/3439
f 948/3435 910/3439 1210/3440
f 948/3435 1210/3440 1253/3441
f 910/3439 654/3438 758/3442
f 758/3442 654/3438 256/3436
f 1210/3440 910/3439 950/3443
f 950/3443 910/3439 758/3442
f 1253/3441 1210/3440 1436/3444
f 1253/3441 1436/3444 1477/3445
f 1210/3440 950/3443 991/3446
f 991/3446 950/3443 758/3442
f 1436/3444 1210/3440 1483/3447
f 1483/3447 1210/3440 991/3446
f 1436/3444 1483/3447 1586/3448
f 1586/3448 1483/3447 1625/3449
f 1625/3449 1483/3447 1354/3450
f 1354/3450 1483/3447 991/3446
f 1354/3450 991/3446 926/3451
f 926/3451 991/3446 758/3442
f 926/3451 758/3442 436/3452
f 436/3452 758/3442 445/3453
f 445/3453 758/3442 256/3436
f 445/3453 256/3436 2940/3454
f 436/3455 445/3456 419/3457
f 436/3455 419/3457 418/3458
f 418/3458 419/3457 2987/3459
f 436/3455 418/3458 434/3460
f 434/3460 418/3458 360/3461
f 436/3455 434/3460 708/3462
f 436/3455 708/3462 926/3463
f 434/3460 360/3461 385/3464
f 434/3460 385/3464 708/3462
f 385/3464 360/3461 442/3465
f 708/3462 385/3464 744/3466
f 708/3462 744/3466 772/3467
f 772/3467 744/3466 775/3468
f 775/3468 744/3466 385/3464
f 772/3467 775/3468 879/3469
f 879/3469 775/3468 647/3470
f 647/3470 775/3468 598/3471
f 385/3464 442/3465 462/3472
f 462/3472 442/3465 503/3473
f 462/3472 503/3473 385/3464
f 503/3473 442/3465 455/3474
f 598/3471 775/3468 551/3475
f 551/3475 775/3468 385/3464
f 551/3475 385/3464 503/3473
f 598/3471 551/3475 592/3476
f 503/3473 455/3474 520/3477
f 520/3477 455/3474 585/3478
f 551/3475 503/3473 603/3479
f 603/3479 503/3473 520/3477
f 551/3475 603/3479 592/3476
f 603/3479 520/3477 585/3478
f 592/3476 603/3479 602/3480
f 602/3480 603/3479 585/3478
f 933/3481 1279/3482 848/3483
f 848/3483 1279/3482 716/3484
f 1279/3482 933/3481 1482/3485
f 1482/3485 933/3481 1253/3486
f 1253/3486 933/3481 948/3487
f 1477/3488 1532/3489 1543/3490
f 1532/3489 1477/3488 1436/3491
f 1532/3489 1436/3491 1586/3492
f 1532/3489 1586/3492 1617/3493
f 1532/3489 1617/3493 1543/3490
f 1617/3493 1586/3492 1625/3494
f 1617/3493 1625/3494 1724/3495
f 1617/3493 1724/3495 1749/3496
f 1749/3496 1724/3495 1776/3497
f 1617/3493 1749/3496 1660/3498
f 1617/3493 1660/3498 1614/3499
f 1614/3499 1660/3498 1749/3496
f 1617/3493 1614/3499 1543/3490
f 1614/3499 1749/3496 1658/3500
f 1658/3500 1749/3496 1776/3497
f 1614/3499 1658/3500 1543/3490
f 1658/3500 1776/3497 1752/3501
f 1752/3501 1776/3497 1799/3502
f 1752/3501 1799/3502 1889/3503
f 1752/3501 1889/3503 1904/3504
f 1904/3504 1889/3503 1888/3505
f 1658/3500 1752/3501 1655/3506
f 1655/3506 1752/3501 1904/3504
f 1570/3507 1543/3490 1658/3500
f 1570/3507 1658/3500 1655/3506
f 1543/3490 1570/3507 1477/3488
f 1904/3504 1888/3505 1866/3508
f 1866/3508 1888/3505 1774/3509
f 1655/3506 1904/3504 1726/3510
f 1904/3504 1866/3508 1831/3511
f 1904/3504 1831/3511 1726/3510
f 1866/3508 1774/3509 1895/3512
f 1895/3512 1774/3509 1816/3513
f 1831/3511 1866/3508 1788/3514
f 1831/3511 1788/3514 1726/3510
f 1866/3508 1895/3512 1890/3515
f 1866/3508 1890/3515 1788/3514
f 1895/3512 1816/3513 1867/3516
f 1867/3516 1816/3513 1826/3517
f 1726/3510 1788/3514 1663/3518
f 1895/3512 1867/3516 1814/3519
f 1895/3512 1814/3519 1890/3515
f 1726/3510 1663/3518 1624/3520
f 1726/3510 1624/3520 1655/3506
f 1663/3518 1788/3514 1740/3521
f 1740/3521 1788/3514 1890/3515
f 1740/3521 1890/3515 1814/3519
f 1655/3506 1624/3520 1570/3507
f 1876/3522 1814/3519 1867/3516
f 1814/3519 1876/3522 1740/3521
f 1876/3522 1867/3516 1826/3517
f 1740/3521 1876/3522 1762/3523
f 1762/3523 1876/3522 1791/3524
f 1791/3524 1876/3522 1826/3517
f 1791/3524 1826/3517 1743/3525
f 1489/3526 1570/3507 1624/3520
f 1570/3507 1489/3526 1477/3488
f 1489/3526 1624/3520 1482/3527
f 1482/3527 1624/3520 1528/3528
f 1482/3527 1528/3528 1279/3529
f 1279/3529 1528/3528 1527/3530
f 1279/3529 1527/3530 1205/3531
f 1477/3488 1489/3526 1439/3532
f 1489/3526 1482/3527 1447/3533
f 1489/3526 1447/3533 1439/3532
f 1439/3532 1447/3533 1477/3488
f 1447/3533 1482/3527 1253/3534
f 1447/3533 1253/3534 1477/3488
f 2249/3535 2209/3536 2142/3537
f 2142/3537 2209/3536 2167/3538
f 2142/3537 2167/3538 2132/3539
f 2209/3536 2249/3535 2300/3540
f 2249/3535 2142/3537 2182/3541
f 2182/3541 2142/3537 2186/3542
f 2182/3541 2186/3542 2240/3543
f 2182/3541 2240/3543 2386/3544
f 2249/3535 2182/3541 2251/3545
f 2249/3535 2251/3545 2300/3540
f 2251/3545 2182/3541 2386/3544
f 2251/3545 2386/3544 2487/3546
f 2487/3546 2386/3544 2490/3547
f 2300/3540 2251/3545 2294/3548
f 2294/3548 2251/3545 2487/3546
f 2300/3540 2294/3548 2625/3549
f 2294/3548 2487/3546 2510/3550
f 2294/3548 2510/3550 2560/3551
f 2300/3552 2154/3553 2209/3554
f 2209/3554 2154/3553 2167/3555
f 2167/3555 2154/3553 2196/3556
f 2196/3556 2154/3553 2248/3557
f 2248/3557 2154/3553 2313/3558
f 2313/3558 2154/3553 2300/3552
f 2313/3558 2300/3552 2384/3559
f 2384/3559 2300/3552 2625/3560
f 2384/3561 2326/3562 2313/3563
f 2326/3562 2384/3561 2569/3564
f 2326/3562 2569/3564 2523/3565
f 2326/3562 2523/3565 2360/3566
f 2326/3562 2360/3566 2313/3563
f 2360/3566 2523/3565 2583/3567
f 2313/3563 2360/3566 2358/3568
f 2313/3563 2358/3568 2248/3569
f 2360/3566 2583/3567 2325/3570
f 2360/3566 2325/3570 2358/3568
f 2325/3570 2583/3567 2477/3571
f 2477/3571 2583/3567 2578/3572
f 2248/3569 2358/3568 2288/3573
f 2288/3573 2358/3568 2272/3574
f 2272/3574 2358/3568 2325/3570
f 2248/3569 2288/3573 2228/3575
f 2228/3575 2288/3573 2272/3574
f 2248/3569 2228/3575 2196/3576
f 2228/3575 2272/3574 2325/3570
f 2196/3576 2228/3575 2167/3577
f 2167/3577 2228/3575 2132/3578
f 2132/3578 2228/3575 2166/3579
f 2132/3578 2166/3579 2059/3580
f 2228/3575 2325/3570 2173/3581
f 2228/3575 2173/3581 2166/3579
f 2059/3580 2166/3579 2067/3582
f 2067/3582 2166/3579 2173/3581
f 2059/3580 2067/3582 1971/3583
f 1971/3583 2067/3582 1799/3584
f 1799/3584 2067/3582 1889/3585
f 1889/3585 2067/3582 2034/3586
f 1889/3585 2034/3586 1888/3587
f 1888/3587 2034/3586 1930/3588
f 1888/3587 1930/3588 1774/3589
f 1774/3589 1930/3588 2029/3590
f 2029/3590 1930/3588 2034/3586
f 1774/3589 2029/3590 1792/3591
f 2034/3586 2067/3582 2084/3592
f 2084/3592 2067/3582 2173/3581
f 2029/3590 2034/3586 2072/3593
f 2072/3593 2034/3586 2084/3592
f 1792/3591 2029/3590 1984/3594
f 1984/3594 2029/3590 2072/3593
f 1792/3591 1984/3594 1750/3595
f 2072/3593 2084/3592 2077/3596
f 2077/3596 2084/3592 2173/3581
f 1984/3594 2072/3593 2032/3597
f 2032/3597 2072/3593 2077/3596
f 1750/3595 1984/3594 1922/3598
f 1922/3598 1984/3594 2032/3597
f 1750/3595 1922/3598 1724/3599
f 1724/3599 1922/3598 1921/3600
f 1724/3599 1921/3600 1776/3601
f 1922/3598 2032/3597 1993/3602
f 1922/3598 1993/3602 1921/3600
f 1921/3600 1993/3602 1776/3601
f 1993/3602 2032/3597 2077/3596
f 1776/3601 1993/3602 1971/3603
f 1776/3601 1971/3603 1799/3604
f 1971/3603 1993/3602 2059/3605
f 2059/3605 1993/3602 2121/3606
f 2121/3606 1993/3602 2077/3596
f 2059/3605 2121/3606 2132/3607
f 2132/3607 2121/3606 2186/3608
f 2132/3607 2186/3608 2142/3609
f 2186/3608 2121/3606 2240/3610
f 2121/3606 2077/3596 2136/3611
f 2121/3606 2136/3611 2240/3610
f 2136/3611 2077/3596 2162/3612
f 2162/3612 2077/3596 2173/3581
f 2240/3610 2136/3611 2264/3613
f 2264/3613 2136/3611 2162/3612
f 2240/3610 2264/3613 2390/3614
f 2240/3610 2390/3614 2386/3615
f 2162/3612 2173/3581 2307/3616
f 2307/3616 2173/3581 2325/3570
f 2264/3613 2162/3612 2342/3617
f 2342/3617 2162/3612 2307/3616
f 2390/3614 2264/3613 2404/3618
f 2404/3618 2264/3613 2342/3617
f 2386/3615 2390/3614 2467/3619
f 2467/3619 2390/3614 2404/3618
f 2386/3615 2467/3619 2490/3620
f 2307/3616 2325/3570 2454/3621
f 2307/3616 2454/3621 2342/3617
f 2454/3621 2325/3570 2477/3571
f 2490/3620 2467/3619 2482/3622
f 2454/3621 2477/3571 2578/3572
f 2342/3617 2454/3621 2447/3623
f 2447/3623 2454/3621 2578/3572
f 2342/3617 2447/3623 2404/3618
f 2404/3618 2447/3623 2438/3624
f 2438/3624 2447/3623 2578/3572
f 2404/3618 2438/3624 2467/3619
f 2438/3624 2578/3572 2540/3625
f 2438/3624 2540/3625 2467/3619
f 2540/3625 2578/3572 2584/3626
f 2467/3619 2540/3625 2496/3627
f 2496/3627 2540/3625 2584/3626
f 2467/3619 2496/3627 2482/3622
f 2482/3622 2496/3627 2584/3626
f 2482/3622 2584/3626 2491/3628
f 2491/3628 2584/3626 2597/3629
f 2491/3628 2597/3629 2464/3630
f 2464/3630 2597/3629 2545/3631
f 2464/3630 2545/3631 2554/3632
f 2625/3633 2606/3634 2384/3635
f 2384/3635 2606/3634 2630/3636
f 2630/3636 2606/3634 2646/3637
f 2646/3637 2606/3634 2548/3638
f 2606/3634 2625/3633 2618/3639
f 2606/3634 2618/3639 2548/3638
f 2618/3639 2625/3633 2576/3640
f 2548/3638 2618/3639 2653/3641
f 2630/3642 2569/3643 2384/3644
f 2569/3643 2630/3642 2659/3645
f 2569/3643 2659/3645 2583/3646
f 2569/3643 2583/3646 2523/3647
f 2625/3648 2294/3649 2560/3650
f 2625/3648 2560/3650 2576/3651
f 2576/3651 2560/3650 2487/3652
f 2487/3652 2560/3650 2510/3653
f 2849/3654 2842/3655 2835/3656
f 2849/3654 2835/3656 2830/3657
f 2830/3657 2835/3656 2842/3655
f 2842/3655 2849/3654 2852/3658
f 2852/3658 2849/3654 2853/3659
f 2852/3658 2853/3659 2842/3655
f 2842/3655 2853/3659 2832/3660
f 2842/3655 2832/3660 2830/3657
f 2830/3657 2832/3660 2776/3661
f 2830/3657 2776/3661 2810/3662
f 2810/3662 2776/3661 2791/3663
f 2791/3663 2776/3661 2765/3664
f 2765/3664 2776/3661 2762/3665
f 2762/3665 2776/3661 2832/3660
f 2762/3665 2832/3660 2798/3666
f 2762/3665 2798/3666 2754/3667
f 2841/3668 2832/3669 2853/3670
f 2832/3669 2841/3668 2798/3671
f 2841/3668 2853/3670 2849/3672
f 2798/3671 2841/3668 2837/3673
f 2798/3671 2837/3673 2815/3674
f 2841/3668 2849/3672 2829/3675
f 2829/3675 2849/3672 2830/3676
f 2837/3673 2841/3668 2839/3677
f 2839/3677 2841/3668 2829/3675
f 2817/3678 2837/3673 2824/3679
f 2824/3679 2837/3673 2839/3677
f 2824/3679 2839/3677 2828/3680
f 2828/3680 2839/3677 2871/3681
f 2871/3681 2839/3677 2846/3682
f 2846/3682 2839/3677 2829/3675
f 2810/3683 2829/3675 2830/3676
f 2846/3682 2829/3675 2819/3684
f 2846/3682 2819/3684 2803/3685
f 2829/3675 2810/3683 2809/3686
f 2829/3675 2809/3686 2819/3684
f 2809/3686 2810/3683 2782/3687
f 2819/3684 2809/3686 2789/3688
f 2789/3689 2809/3690 2782/3691
f 2789/3689 2782/3691 2707/3692
f 2707/3692 2782/3691 2791/3693
f 2791/3693 2782/3691 2810/3694
f 2707/3692 2791/3693 2694/3695
f 2694/3695 2791/3693 2736/3696
f 2694/3695 2736/3696 2666/3697
f 2707/3692 2694/3695 2593/3698
f 2707/3692 2593/3698 2675/3699
f 2694/3695 2666/3697 2607/3700
f 2694/3695 2607/3700 2593/3698
f 2607/3700 2666/3697 2589/3701
f 2593/3698 2607/3700 2561/3702
f 2561/3702 2607/3700 2589/3701
f 2789/3703 2803/3704 2819/3705
f 2803/3704 2789/3703 2675/3706
f 2675/3706 2789/3703 2707/3707
f 2803/3704 2675/3706 2717/3708
f 2837/3709 2817/3710 2820/3711
f 2837/3709 2820/3711 2815/3712
f 2820/3711 2817/3710 2761/3713
f 2815/3712 2820/3711 2725/3714
f 2725/3714 2820/3711 2761/3713
f 2761/3713 2817/3710 2763/3715
f 2761/3713 2763/3715 2725/3714
f 2824/3716 2828/3717 2817/3710
f 2817/3710 2828/3717 2763/3715
f 2737/3718 2798/3719 2815/3712
f 2737/3718 2815/3712 2731/3720
f 2731/3720 2815/3712 2725/3714
f 2737/3718 2731/3720 2670/3721
f 2670/3721 2731/3720 2725/3714
f 2670/3721 2725/3714 2706/3722
f 2706/3722 2725/3714 2751/3723
f 2751/3723 2725/3714 2749/3724
f 2749/3724 2725/3714 2763/3715
f 2749/3724 2763/3715 2833/3725
f 2749/3724 2833/3725 2780/3726
f 2780/3726 2833/3725 2877/3727
f 2833/3725 2763/3715 2863/3728
f 2863/3728 2763/3715 2828/3717
f 2877/3727 2833/3725 2879/3729
f 2879/3729 2833/3725 2863/3728
f 2877/3727 2879/3729 2903/3730
f 2863/3728 2828/3717 2894/3731
f 2863/3728 2894/3731 2879/3729
f 2894/3731 2828/3717 2871/3732
f 2894/3731 2871/3732 2904/3733
f 2894/3731 2904/3733 2915/3734
f 2894/3731 2915/3734 2879/3729
f 2879/3729 2915/3734 2903/3730
f 2903/3730 2915/3734 2917/3735
f 2917/3735 2915/3734 2929/3736
f 2929/3736 2915/3734 2922/3737
f 2846/3738 2803/3739 2797/3740
f 2797/3740 2803/3739 2717/3741
f 2797/3740 2717/3741 2756/3742
f 2922/3743 2932/3744 2929/3745
f 2929/3745 2932/3744 2923/3746
f 2923/3746 2932/3744 2922/3743
f 2914/3747 2922/3748 2905/3749
f 2905/3749 2922/3748 2915/3750
f 2905/3749 2915/3750 2904/3751
f 2905/3749 2904/3751 2869/3752
f 2905/3749 2869/3752 2856/3753
f 2905/3749 2856/3753 2860/3754
f 2905/3749 2860/3754 2914/3747
f 2922/3748 2914/3747 2923/3755
f 2923/3755 2914/3747 2917/3756
f 2923/3755 2917/3756 2929/3757
f 2917/3756 2914/3747 2906/3758
f 2917/3756 2906/3758 2908/3759
f 2908/3759 2906/3758 2909/3760
f 2908/3759 2909/3760 2902/3761
f 2902/3761 2909/3760 2901/3762
f 2901/3762 2909/3760 2906/3758
f 2906/3758 2914/3747 2892/3763
f 2906/3758 2892/3763 2901/3762
f 2892/3763 2914/3747 2860/3754
f 2901/3762 2892/3763 2890/3764
f 2892/3763 2860/3754 2867/3765
f 2892/3763 2867/3765 2890/3764
f 2867/3765 2860/3754 2794/3766
f 2890/3764 2867/3765 2804/3767
f 2867/3765 2794/3766 2787/3768
f 2867/3765 2787/3768 2804/3767
f 2871/3769 2846/3770 2869/3771
f 2871/3769 2869/3771 2904/3772
f 2869/3771 2846/3770 2797/3773
f 2869/3771 2797/3773 2856/3774
f 2856/3775 2797/3776 2785/3777
f 2785/3777 2797/3776 2756/3778
f 2856/3775 2785/3777 2794/3779
f 2856/3775 2794/3779 2860/3780
f 2785/3777 2756/3778 2719/3781
f 2785/3777 2719/3781 2794/3779
f 2719/3781 2756/3778 2717/3782
f 2719/3781 2717/3782 2675/3783
f 2794/3779 2719/3781 2734/3784
f 2719/3781 2675/3783 2683/3785
f 2719/3781 2683/3785 2734/3784
f 2683/3785 2675/3783 2593/3786
f 2794/3779 2734/3784 2787/3787
f 2787/3787 2734/3784 2739/3788
f 2787/3787 2739/3788 2804/3789
f 2739/3788 2734/3784 2663/3790
f 2734/3784 2683/3785 2689/3791
f 2689/3791 2683/3785 2593/3786
f 2734/3784 2689/3791 2663/3790
f 2689/3791 2593/3786 2490/3792
f 2689/3791 2490/3792 2663/3790
f 2490/3792 2593/3786 2487/3793
f 2487/3793 2593/3786 2561/3794
f 2487/3793 2561/3794 2589/3795
f 2487/3793 2589/3795 2576/3796
f 2663/3790 2490/3792 2623/3797
f 2623/3797 2490/3792 2482/3798
f 2663/3790 2623/3797 2681/3799
f 2623/3797 2482/3798 2627/3800
f 2623/3797 2627/3800 2681/3799
f 2627/3800 2482/3798 2491/3801
f 2681/3799 2627/3800 2682/3802
f 2681/3799 2682/3802 2712/3803
f 2825/3804 2872/3805 2908/3806
f 2908/3806 2872/3805 2917/3807
f 2917/3807 2872/3805 2903/3808
f 2903/3808 2872/3805 2877/3809
f 2877/3809 2872/3805 2780/3810
f 2780/3810 2872/3805 2750/3811
f 2750/3811 2872/3805 2825/3804
f 2780/3810 2750/3811 2749/3812
f 2749/3812 2750/3811 2751/3813
f 2751/3813 2750/3811 2746/3814
f 2750/3811 2825/3804 2744/3815
f 2744/3815 2825/3804 2746/3814
f 2744/3815 2746/3814 2750/3811
f 2902/3816 2825/3817 2908/3818
f 2825/3817 2902/3816 2891/3819
f 2901/3820 2920/3821 2902/3822
f 2920/3821 2901/3820 2890/3823
f 2902/3822 2920/3821 2891/3824
f 2920/3821 2890/3823 2924/3825
f 2920/3821 2924/3825 2891/3824
f 2891/3824 2924/3825 2898/3826
f 2898/3826 2924/3825 2931/3827
f 2898/3826 2931/3827 2896/3828
f 2653/3829 2657/3830 2548/3831
f 2548/3831 2657/3830 2646/3832
f 2657/3830 2653/3829 2686/3833
f 2646/3832 2657/3830 2692/3834
f 2692/3834 2657/3830 2686/3833
f 2618/3835 2576/3836 2653/3837
f 2653/3837 2576/3836 2589/3838
f 2653/3837 2589/3838 2666/3839
f 2653/3837 2666/3839 2736/3840
f 2653/3837 2736/3840 2762/3841
f 2653/3837 2762/3841 2686/3842
f 2762/3841 2736/3840 2765/3843
f 2765/3843 2736/3840 2791/3844
f 2686/3842 2762/3841 2754/3845
f 2686/3842 2754/3845 2667/3846
f 2659/3847 2630/3848 2646/3849
f 2659/3847 2646/3849 2692/3850
f 2667/3851 2692/3852 2686/3853
f 2798/3854 2737/3855 2754/3856
f 2754/3856 2737/3855 2667/3857
f 2667/3857 2737/3855 2670/3858
f 2667/3857 2670/3858 2668/3859
f 2668/3859 2670/3858 2706/3860
f 2667/3857 2668/3859 2692/3861
f 2668/3862 2583/3863 2659/3864
f 2668/3862 2659/3864 2692/3865
f 2583/3863 2668/3862 2706/3866
f 2583/3863 2706/3866 2578/3867
f 1205/3868 1005/3869 820/3870
f 1005/3869 1205/3868 1203/3871
f 820/3870 1005/3869 1062/3872
f 1062/3872 1005/3869 1203/3871
f 1062/3872 1203/3871 1289/3873
f 1289/3873 1203/3871 1527/3874
f 1062/3872 1289/3873 1347/3875
f 1347/3875 1289/3873 1542/3876
f 820/3870 1062/3872 1011/3877
f 1011/3877 1062/3872 1347/3875
f 820/3870 1011/3877 1094/3878
f 820/3870 1094/3878 1046/3879
f 1046/3879 1094/3878 1220/3880
f 1220/3880 1094/3878 1011/3877
f 1220/3880 1011/3877 1347/3875
f 1347/3875 1542/3876 1591/3881
f 1220/3880 1347/3875 1391/3882
f 1391/3882 1347/3875 1591/3881
f 1391/3882 1591/3881 1583/3883
f 1583/3883 1591/3881 1708/3884
f 1583/3883 1708/3884 1937/3885
f 2946/3886 60/3887 76/3888
f 76/3888 60/3887 688/3889
f 307/3890 119/3891 396/3892
f 3003/3893 79/3894 119/3891
f 3003/3893 119/3891 307/3890
f 3003/3893 307/3890 399/3895
f 399/3895 307/3890 410/3896
f 307/3890 396/3892 394/3897
f 394/3897 396/3892 410/3896
f 394/3897 410/3896 307/3890
f 87/3898 339/3899 396/3900
f 87/3898 396/3900 119/3901
f 396/3900 339/3899 399/3902
f 396/3900 399/3902 410/3903
f 399/3902 339/3899 3003/3904
f 339/3899 87/3898 251/3905
f 339/3899 251/3905 3003/3904
f 251/3905 87/3898 104/3906
f 251/3905 104/3906 3003/3904
f 1220/3907 1109/3908 1046/3909
f 1109/3908 1220/3907 1391/3910
f 1109/3908 1391/3910 1628/3911
f 1628/3911 1391/3910 1583/3912
f 1628/3911 1583/3912 2000/3913
f 1628/3911 2000/3913 1936/3914
f 1109/3908 1628/3911 1609/3915
f 1609/3915 1628/3911 1936/3914
f 1936/3914 2000/3913 1621/3916
f 1936/3914 1621/3916 1609/3915
f 1621/3916 2000/3913 1630/3917
f 1109/3908 1609/3915 1266/3918
f 1266/3918 1609/3915 1621/3916
f 1266/3918 1621/3916 1109/3908
f 1109/3908 1621/3916 1051/3919
f 1051/3919 1621/3916 1207/3920
f 1621/3916 1630/3917 1501/3921
f 1621/3916 1501/3921 1207/3920
f 1051/3919 1207/3920 1117/3922
f 1051/3919 1117/3922 822/3923
f 822/3923 1117/3922 1207/3920
f 822/3923 1207/3920 1045/3924
f 822/3923 1045/3924 1150/3925
f 1207/3920 1501/3921 1551/3926
f 1207/3920 1551/3926 1045/3924
f 1695/3927 1501/3921 1630/3917
f 1695/3927 1630/3917 1946/3928
f 1501/3921 1695/3927 1629/3929
f 1501/3921 1629/3929 1551/3926
f 1551/3926 1629/3929 1695/3927
f 1551/3926 1695/3927 1564/3930
f 1564/3930 1695/3927 1850/3931
f 1271/3932 1045/3924 1551/3926
f 1271/3932 1551/3926 1564/3930
f 1045/3924 1271/3932 1150/3925
f 1271/3932 1564/3930 1530/3933
f 1150/3925 1271/3932 1372/3934
f 1372/3934 1271/3932 1530/3933
f 1708/3935 1542/3936 1289/3937
f 1542/3936 1708/3935 1591/3938
f 1708/3935 1289/3937 1706/3939
f 1203/3940 1205/3941 1527/3942
f 1624/3943 1610/3944 1528/3945
f 1528/3945 1610/3944 1527/3946
f 1610/3944 1624/3943 1663/3947
f 1527/3946 1610/3944 1611/3948
f 1611/3948 1610/3944 1663/3947
f 1527/3946 1611/3948 1706/3949
f 1527/3946 1706/3949 1289/3950
f 1706/3949 1611/3948 1710/3951
f 1710/3951 1611/3948 1761/3952
f 1761/3952 1611/3948 1663/3947
f 1761/3952 1663/3947 1740/3953
f 1761/3952 1740/3953 1824/3954
f 1761/3952 1824/3954 2002/3955
f 1762/3956 1710/3957 1761/3958
f 1762/3956 1761/3958 2002/3959
f 1762/3956 2002/3959 1824/3960
f 1762/3956 1824/3960 1740/3961
f 1710/3962 2010/3963 1706/3964
f 2010/3963 1710/3962 1762/3965
f 1937/3966 1708/3967 1706/3964
f 1937/3966 1706/3964 2010/3963
f 1937/3966 2010/3963 2035/3968
f 1937/3966 2035/3968 1583/3969
f 1583/3969 2035/3968 2000/3970
f 2035/3968 2010/3963 2117/3971
f 2010/3963 1762/3965 1915/3972
f 1915/3972 1762/3965 1791/3973
f 2117/3971 2010/3963 2071/3974
f 2071/3974 2010/3963 1915/3972
f 1915/3972 1791/3973 1743/3975
f 2117/3971 2071/3974 2156/3976
f 1915/3972 1743/3975 1893/3977
f 1893/3977 1743/3975 1826/3978
f 2071/3974 1915/3972 2051/3979
f 2051/3979 1915/3972 1893/3977
f 2156/3976 2071/3974 2108/3980
f 2108/3980 2071/3974 2051/3979
f 2202/3981 2158/3982 2156/3976
f 2202/3981 2156/3976 2129/3983
f 2129/3983 2156/3976 2108/3980
f 1816/3984 1893/3977 1826/3978
f 2129/3983 2108/3980 2211/3985
f 2211/3985 2108/3980 2051/3979
f 2129/3983 2211/3985 2232/3986
f 2232/3986 2211/3985 2238/3987
f 2238/3987 2211/3985 2319/3988
f 2319/3988 2211/3985 2280/3989
f 2280/3989 2211/3985 2219/3990
f 2211/3985 2051/3979 2107/3991
f 2219/3990 2211/3985 2157/3992
f 2157/3992 2211/3985 2107/3991
f 2219/3990 2157/3992 2125/3993
f 2125/3993 2157/3992 2107/3991
f 2125/3993 2107/3991 2051/3979
f 2125/3993 2051/3979 1893/3977
f 2125/3993 1893/3977 1816/3984
f 2219/3990 2125/3993 2098/3994
f 2098/3994 2125/3993 1816/3984
f 2098/3994 1816/3984 1817/3995
f 1817/3995 1816/3984 1774/3996
f 1792/3997 1817/3998 1774/3999
f 1817/3998 1792/3997 1832/4000
f 2098/4001 1817/3998 2023/4002
f 2023/4002 1817/3998 1832/4000
f 1832/4000 1792/3997 1758/4003
f 1758/4003 1792/3997 1750/4004
f 1758/4003 1750/4004 1724/4005
f 1758/4003 1724/4005 1625/4006
f 1758/4003 1625/4006 1519/4007
f 1519/4007 1625/4006 1354/4008
f 2023/4002 1832/4000 1981/4009
f 1832/4000 1758/4003 1777/4010
f 1777/4010 1758/4003 1759/4011
f 1777/4010 1759/4011 1920/4012
f 1832/4000 1777/4010 1820/4013
f 1832/4000 1820/4013 1981/4009
f 1777/4010 1920/4012 1969/4014
f 1777/4010 1969/4014 1820/4013
f 1969/4014 1920/4012 1931/4015
f 2085/4016 2023/4002 1981/4009
f 2085/4016 1981/4009 1820/4013
f 2085/4016 1820/4013 1969/4014
f 2023/4002 2085/4016 2105/4017
f 2105/4017 2085/4016 2165/4018
f 2165/4018 2085/4016 2133/4019
f 2133/4019 2085/4016 1969/4014
f 1896/4020 1969/4014 1931/4015
f 1896/4020 1931/4015 1841/4021
f 1969/4014 1896/4020 1992/4022
f 1969/4014 1992/4022 2133/4019
f 2133/4019 1992/4022 2088/4023
f 2005/4024 2057/4025 2064/4026
f 2064/4026 2057/4025 2081/4027
f 2000/4028 2035/4029 2070/4030
f 2070/4030 2035/4029 2117/4031
f 2000/4028 2070/4030 2048/4032
f 2048/4032 2070/4030 2081/4033
f 2048/4032 2081/4033 2000/4028
f 2081/4033 2070/4030 2057/4034
f 2000/4028 2081/4033 2028/4035
f 2028/4035 2081/4033 2111/4036
f 2111/4036 2081/4033 2113/4037
f 2113/4037 2081/4033 2064/4038
f 2111/4036 2113/4037 2171/4039
f 2113/4037 2064/4038 2070/4040
f 2171/4039 2113/4037 2158/4041
f 2113/4037 2070/4040 2117/4042
f 2113/4037 2117/4042 2158/4041
f 2158/4041 2117/4042 2156/4043
f 2195/4044 2158/4045 2202/4046
f 2158/4045 2195/4044 2171/4047
f 2195/4044 2202/4046 2232/4048
f 2232/4048 2202/4046 2129/4049
f 2171/4047 2195/4044 2207/4050
f 2207/4050 2195/4044 2232/4048
f 2171/4047 2207/4050 2151/4051
f 2171/4047 2151/4051 2111/4052
f 2207/4050 2232/4048 2230/4053
f 2230/4053 2232/4048 2238/4054
f 2207/4050 2230/4053 2203/4055
f 2230/4053 2238/4054 2213/4056
f 2230/4053 2213/4056 2203/4055
f 2213/4056 2238/4054 2319/4057
f 2207/4050 2203/4055 2131/4058
f 2207/4050 2131/4058 2151/4051
f 2131/4058 2203/4055 2213/4056
f 2151/4051 2131/4058 2140/4059
f 2151/4051 2140/4059 2111/4052
f 2140/4059 2131/4058 2103/4060
f 2103/4060 2131/4058 2213/4056
f 2111/4052 2140/4059 2083/4061
f 2111/4052 2083/4061 2028/4062
f 2140/4059 2103/4060 2061/4063
f 2140/4059 2061/4063 2083/4061
f 1630/4064 2000/4065 2028/4062
f 1630/4064 2028/4062 1946/4066
f 1946/4066 2028/4062 2083/4061
f 1946/4066 2083/4061 1986/4067
f 1986/4067 2083/4061 2061/4063
f 1850/4068 1695/4069 1946/4066
f 1850/4068 1946/4066 1701/4070
f 1701/4070 1946/4066 1986/4067
f 1850/4068 1701/4070 1564/4071
f 1564/4071 1701/4070 1530/4072
f 1530/4072 1701/4070 1715/4073
f 1715/4073 1701/4070 1986/4067
f 1715/4073 1986/4067 1760/4074
f 1760/4074 1986/4067 2061/4063
f 1715/4073 1760/4074 1789/4075
f 1789/4075 1760/4074 1815/4076
f 1789/4075 1815/4076 1997/4077
f 1997/4077 1815/4076 1769/4078
f 1769/4078 1815/4076 1760/4074
f 1760/4074 2061/4063 1874/4079
f 1760/4074 1874/4079 1764/4080
f 1764/4080 1874/4079 2031/4081
f 2031/4081 1874/4079 2061/4063
f 1764/4080 2031/4081 1819/4082
f 2031/4081 2061/4063 2053/4083
f 2053/4083 2061/4063 2103/4060
f 2053/4083 2103/4060 2213/4056
f 2031/4081 2053/4083 2160/4084
f 2031/4081 2160/4084 1819/4082
f 2160/4084 2053/4083 2213/4056
f 1819/4082 2160/4084 2134/4085
f 1819/4082 2134/4085 1934/4086
f 2160/4084 2213/4056 2221/4087
f 2160/4084 2221/4087 2134/4085
f 2221/4087 2213/4056 2276/4088
f 2276/4088 2213/4056 2319/4057
f 2276/4088 2319/4057 2353/4089
f 2276/4088 2353/4089 2310/4090
f 2276/4088 2310/4090 2221/4087
f 2310/4090 2353/4089 2337/4091
f 2310/4090 2337/4091 2308/4092
f 2221/4087 2310/4090 2201/4093
f 2201/4093 2310/4090 2308/4092
f 2221/4087 2201/4093 2134/4085
f 2073/4094 1934/4086 2134/4085
f 2073/4094 2134/4085 2201/4093
f 1934/4086 2073/4094 1865/4095
f 1865/4095 2073/4094 2043/4096
f 2043/4096 2073/4094 2201/4093
f 2043/4096 2201/4093 2187/4097
f 2388/4098 2201/4093 2308/4092
f 2388/4098 2308/4092 2409/4099
f 2187/4097 2201/4093 2278/4100
f 2187/4097 2278/4100 2314/4101
f 2201/4093 2388/4098 2356/4102
f 2201/4093 2356/4102 2278/4100
f 2356/4102 2388/4098 2372/4103
f 2356/4102 2372/4103 2278/4100
f 2579/4104 2409/4099 2572/4105
f 2409/4099 2579/4104 2417/4106
f 2409/4099 2417/4106 2388/4098
f 2417/4106 2579/4104 2533/4107
f 2372/4103 2388/4098 2397/4108
f 2397/4108 2388/4098 2417/4106
f 2417/4106 2533/4107 2410/4109
f 2417/4106 2410/4109 2397/4108
f 2410/4109 2533/4107 2494/4110
f 2397/4108 2410/4109 2431/4111
f 2431/4111 2410/4109 2494/4110
f 2397/4108 2431/4111 2372/4103
f 2431/4111 2494/4110 2516/4112
f 2372/4103 2431/4111 2382/4113
f 2382/4113 2431/4111 2516/4112
f 2372/4103 2382/4113 2278/4100
f 2382/4113 2516/4112 2478/4114
f 2278/4100 2382/4113 2345/4115
f 2278/4100 2345/4115 2314/4101
f 2382/4113 2478/4114 2407/4116
f 2382/4113 2407/4116 2345/4115
f 2407/4116 2478/4114 2452/4117
f 2407/4116 2452/4117 2392/4118
f 2407/4116 2392/4118 2374/4119
f 2407/4116 2374/4119 2345/4115
f 2345/4115 2374/4119 2371/4120
f 2345/4115 2371/4120 2314/4101
f 2314/4101 2371/4120 2364/4121
f 2493/4122 2432/4123 2559/4124
f 2559/4124 2432/4123 2449/4125
f 2559/4124 2449/4125 2519/4126
f 2519/4126 2449/4125 2453/4127
f 2559/4124 2519/4126 2602/4128
f 2602/4128 2519/4126 2631/4129
f 2559/4124 2602/4128 2586/4130
f 2453/4131 2432/4132 2470/4133
f 2432/4132 2453/4131 2449/4134
f 2470/4133 2432/4132 2532/4135
f 2532/4135 2432/4132 2493/4136
f 2532/4135 2493/4136 2542/4137
f 2542/4137 2493/4136 2559/4138
f 2470/4133 2532/4135 2552/4139
f 2470/4133 2552/4139 2517/4140
f 2453/4131 2470/4133 2498/4141
f 2498/4141 2470/4133 2517/4140
f 2453/4131 2498/4141 2527/4142
f 2527/4142 2498/4141 2517/4140
f 2453/4131 2527/4142 2531/4143
f 2531/4143 2527/4142 2517/4140
f 2453/4131 2531/4143 2519/4144
f 2531/4143 2517/4140 2522/4145
f 2566/4146 2472/4147 2522/4145
f 2522/4145 2472/4147 2520/4148
f 2522/4145 2520/4148 2531/4143
f 2520/4148 2472/4147 2501/4149
f 2531/4143 2520/4148 2594/4150
f 2531/4143 2594/4150 2563/4151
f 2594/4150 2520/4148 2620/4152
f 2520/4148 2501/4149 2652/4153
f 2520/4148 2652/4153 2620/4152
f 2652/4153 2501/4149 2507/4154
f 2594/4150 2620/4152 2669/4155
f 2669/4155 2620/4152 2652/4153
f 2669/4155 2652/4153 2507/4154
f 2594/4150 2669/4155 2610/4156
f 2610/4156 2669/4155 2507/4154
f 4851/4157 4952/4158 4970/4159
f 4952/4158 4851/4157 4860/4160
f 4860/4160 4851/4157 4631/4161
f 4952/4158 4860/4160 4829/4162
f 4952/4158 4829/4162 4989/4163
f 4952/4158 4989/4163 4970/4159
f 4989/4163 4829/4162 4884/4164
f 4989/4163 4884/4164 5047/4165
f 4989/4163 5047/4165 4970/4159
f 5047/4165 4884/4164 4828/4166
f 4970/4159 5047/4165 5050/4167
f 4970/4159 5050/4167 5105/4168
f 5050/4167 5047/4165 4963/4169
f 4963/4169 5047/4165 4828/4166
f 4963/4169 4828/4166 4722/4170
f 4963/4169 4722/4170 4773/4171
f 4773/4171 4722/4170 4681/4172
f 4773/4171 4681/4172 4749/4173
f 4963/4169 4773/4171 4826/4174
f 4963/4169 4826/4174 4765/4175
f 4963/4169 4765/4175 4928/4176
f 4928/4176 4765/4175 4796/4177
f 3968/4178 3990/4179 3902/4180
f 3902/4180 3990/4179 3677/4181
f 3902/4180 3677/4181 3644/4182
f 3968/4178 3902/4180 3766/4183
f 3902/4180 3644/4182 3780/4184
f 3902/4180 3780/4184 3766/4183
f 3780/4184 3644/4182 3559/4185
f 3559/4185 3644/4182 3677/4181
f 3780/4184 3559/4185 3722/4186
f 3780/4184 3722/4186 3766/4183
f 3766/4183 3722/4186 3559/4185
f 3766/4183 3559/4185 3656/4187
f 3559/4185 3677/4181 3394/4188
f 3394/4188 3677/4181 3658/4189
f 3394/4188 3658/4189 3413/4190
f 3766/4183 3656/4187 3707/4191
f 3766/4183 3707/4191 3951/4192
f 3766/4183 3951/4192 3968/4178
f 3951/4192 3707/4191 3767/4193
f 4066/4194 4112/4195 3968/4178
f 4066/4194 3968/4178 3951/4192
f 3951/4192 3767/4193 3781/4196
f 3781/4196 3767/4193 3737/4197
f 3781/4196 3737/4197 3925/4198
f 3781/4196 3925/4198 3985/4199
f 3781/4196 3985/4199 4001/4200
f 3781/4196 4001/4200 3951/4192
f 4001/4200 3985/4199 4077/4201
f 3951/4192 4001/4200 4035/4202
f 4035/4202 4001/4200 4077/4201
f 3951/4192 4035/4202 4066/4194
f 4035/4202 4077/4201 4080/4203
f 4035/4202 4080/4203 4066/4194
f 4066/4194 4080/4203 4133/4204
f 4133/4204 4080/4203 4117/4205
f 4112/4206 4133/4207 4141/4208
f 4133/4207 4112/4206 4066/4209
f 4141/4208 4133/4207 4177/4210
f 4177/4210 4133/4207 4179/4211
f 4179/4211 4133/4207 4117/4212
f 4177/4210 4179/4211 4307/4213
f 4179/4211 4117/4212 4104/4214
f 4307/4213 4179/4211 4439/4215
f 4307/4213 4439/4215 4594/4216
f 4594/4216 4439/4215 4613/4217
f 4439/4215 4179/4211 4263/4218
f 4263/4218 4179/4211 4207/4219
f 4185/4220 4104/4214 4207/4219
f 4185/4220 4207/4219 4179/4211
f 4119/4221 4179/4211 4104/4214
f 4179/4211 4119/4221 4185/4220
f 4185/4220 4119/4221 4104/4214
f 4117/4222 4080/4223 4150/4224
f 4150/4224 4080/4223 4077/4225
f 4104/4226 4117/4222 4155/4227
f 4155/4227 4117/4222 4150/4224
f 4155/4227 4150/4224 4313/4228
f 4313/4228 4150/4224 4178/4229
f 4313/4228 4178/4229 4248/4230
f 4150/4224 4077/4225 4098/4231
f 4150/4224 4098/4231 4178/4229
f 4248/4230 4178/4229 4223/4232
f 4223/4232 4178/4229 4098/4231
f 4248/4230 4223/4232 4462/4233
f 4462/4233 4223/4232 4445/4234
f 4223/4232 4098/4231 4310/4235
f 4223/4232 4310/4235 4445/4234
f 4462/4233 4445/4234 4562/4236
f 4562/4236 4445/4234 4310/4235
f 4462/4233 4562/4236 4535/4237
f 4041/4238 4098/4231 4077/4225
f 4041/4238 4077/4225 3985/4239
f 4041/4238 3985/4239 4127/4240
f 4041/4238 4127/4240 4188/4241
f 4535/4237 4562/4236 4539/4242
f 4535/4237 4539/4242 4513/4243
f 4539/4242 4562/4236 4413/4244
f 4413/4244 4562/4236 4310/4235
f 4513/4243 4539/4242 4347/4245
f 4513/4243 4347/4245 4361/4246
f 4539/4242 4413/4244 4342/4247
f 4539/4242 4342/4247 4347/4245
f 4413/4244 4310/4235 4217/4248
f 4217/4248 4310/4235 4098/4231
f 4217/4248 4098/4231 4041/4238
f 4413/4244 4217/4248 4172/4249
f 4413/4244 4172/4249 4342/4247
f 4172/4249 4217/4248 4041/4238
f 4347/4245 4342/4247 4164/4250
f 4164/4250 4342/4247 4172/4249
f 4203/4251 4361/4246 4347/4245
f 4203/4251 4347/4245 4164/4250
f 4361/4246 4203/4251 4188/4241
f 4172/4249 4041/4238 4073/4252
f 4172/4249 4073/4252 4164/4250
f 4073/4252 4041/4238 4188/4241
f 4164/4250 4073/4252 4203/4251
f 4203/4251 4073/4252 4188/4241
f 3985/4253 3925/4254 3923/4255
f 3985/4253 3923/4255 4057/4256
f 3985/4253 4057/4256 4127/4257
f 3923/4255 3925/4254 3785/4258
f 3923/4255 3785/4258 4057/4256
f 3785/4258 3925/4254 3807/4259
f 3807/4259 3925/4254 3737/4260
f 4127/4257 4057/4256 4096/4261
f 4127/4257 4096/4261 4200/4262
f 4200/4262 4096/4261 4176/4263
f 4176/4263 4096/4261 4030/4264
f 4176/4263 4030/4264 3960/4265
f 4096/4261 4057/4256 3977/4266
f 4096/4261 3977/4266 4037/4267
f 4096/4261 4037/4267 4030/4264
f 4030/4264 4037/4267 3977/4266
f 3977/4266 4057/4256 3896/4268
f 3977/4266 3896/4268 4030/4264
f 3896/4268 4057/4256 3785/4258
f 3940/4269 3960/4265 4030/4264
f 3940/4269 4030/4264 3896/4268
f 3960/4265 3940/4269 3998/4270
f 3998/4270 3940/4269 3937/4271
f 3940/4269 3896/4268 3921/4272
f 3921/4272 3896/4268 3785/4258
f 3940/4269 3921/4272 3937/4271
f 3921/4272 3785/4258 3807/4259
f 3937/4271 3921/4272 3838/4273
f 3937/4271 3838/4273 3751/4274
f 3921/4272 3807/4259 3795/4275
f 3921/4272 3795/4275 3838/4273
f 3795/4275 3807/4259 3752/4276
f 3752/4276 3807/4259 3770/4277
f 3770/4277 3807/4259 3702/4278
f 3770/4277 3702/4278 3752/4276
f 3702/4278 3807/4259 3737/4260
f 3702/4278 3737/4260 3607/4279
f 3752/4276 3702/4278 3639/4280
f 3639/4280 3702/4278 3540/4281
f 3898/4282 3838/4273 3795/4275
f 3898/4282 3795/4275 3858/4283
f 3898/4282 3858/4283 4011/4284
f 3898/4282 4011/4284 3838/4273
f 3838/4273 4011/4284 3918/4285
f 3918/4285 4011/4284 4046/4286
f 3918/4285 4046/4286 3908/4287
f 3838/4273 3918/4285 3867/4288
f 3867/4288 3918/4285 3908/4287
f 3838/4273 3867/4288 3751/4274
f 3867/4288 3908/4287 3856/4289
f 3867/4288 3856/4289 3751/4274
f 3984/4290 4014/4291 4011/4292
f 4011/4292 4014/4291 4046/4293
f 3984/4290 4011/4292 3858/4294
f 4046/4293 4014/4291 3905/4295
f 4014/4291 3984/4290 3828/4296
f 4014/4291 3828/4296 3905/4295
f 3984/4290 3858/4294 3802/4297
f 3984/4290 3802/4297 3828/4296
f 3802/4297 3858/4294 3752/4298
f 3752/4298 3858/4294 3795/4299
f 3802/4297 3752/4298 3639/4300
f 3828/4296 3802/4297 3745/4301
f 3745/4301 3802/4297 3639/4300
f 3745/4301 3639/4300 3544/4302
f 3727/4303 3905/4295 3828/4296
f 3888/4304 4046/4293 3905/4295
f 3888/4304 3905/4295 3727/4303
f 4046/4293 3888/4304 3908/4305
f 3888/4304 3727/4303 3741/4306
f 3741/4306 3727/4303 3602/4307
f 3908/4305 3888/4304 3719/4308
f 3719/4308 3888/4304 3741/4306
f 3908/4305 3719/4308 3815/4309
f 3719/4308 3741/4306 3602/4307
f 3719/4308 3602/4307 3635/4310
f 3635/4310 3602/4307 3544/4311
f 3635/4310 3544/4311 3569/4312
f 3569/4312 3544/4311 3639/4313
f 4592/4314 4405/4315 4604/4316
f 4592/4314 4604/4316 4611/4317
f 4604/4316 4405/4315 4728/4318
f 4728/4318 4405/4315 4724/4319
f 4724/4319 4405/4315 4451/4320
f 4451/4320 4405/4315 4327/4321
f 4451/4320 4327/4321 4396/4322
f 4405/4315 4592/4314 4388/4323
f 4388/4323 4592/4314 4412/4324
f 4405/4315 4388/4323 4327/4321
f 4396/4322 4327/4321 4357/4325
f 4357/4325 4327/4321 4259/4326
f 4327/4321 4388/4323 4295/4327
f 4327/4321 4295/4327 4259/4326
f 4295/4327 4388/4323 4263/4328
f 4259/4326 4295/4327 4219/4329
f 4464/4330 4535/4331 4513/4332
f 4535/4331 4464/4330 4399/4333
f 4535/4331 4399/4333 4462/4334
f 4462/4334 4399/4333 4248/4335
f 4248/4335 4399/4333 4268/4336
f 4268/4336 4399/4333 4390/4337
f 4390/4337 4399/4333 4464/4330
f 4268/4336 4390/4337 4238/4338
f 4464/4330 4513/4332 4417/4339
f 4417/4339 4513/4332 4361/4340
f 4390/4337 4464/4330 4510/4341
f 4510/4341 4464/4330 4417/4339
f 4238/4338 4390/4337 4335/4342
f 4335/4342 4390/4337 4510/4341
f 4335/4342 4510/4341 4421/4343
f 4421/4343 4510/4341 4352/4344
f 4421/4343 4352/4344 4335/4342
f 4352/4344 4510/4341 4417/4339
f 4335/4342 4352/4344 4238/4338
f 4243/4345 4417/4339 4361/4340
f 4417/4339 4243/4345 4352/4344
f 4352/4344 4243/4345 4238/4338
f 4243/4345 4361/4340 4188/4346
f 4238/4338 4243/4345 4200/4347
f 4200/4347 4243/4345 4188/4346
f 4200/4347 4188/4346 4127/4348
f 4452/4349 4505/4350 4426/4351
f 4426/4351 4505/4350 4461/4352
f 4426/4351 4461/4352 4452/4349
f 4452/4349 4461/4352 4469/4353
f 4505/4350 4452/4349 4578/4354
f 4505/4350 4578/4354 4461/4352
f 4578/4354 4452/4349 4611/4355
f 4578/4354 4611/4355 4604/4356
f 4578/4354 4604/4356 4719/4357
f 4578/4354 4719/4357 4461/4352
f 4719/4357 4604/4356 4728/4358
f 4719/4357 4728/4358 4724/4359
f 4719/4357 4724/4359 4461/4352
f 4461/4352 4724/4359 4451/4360
f 4461/4352 4451/4360 4396/4361
f 4207/4362 4104/4363 4155/4364
f 4207/4362 4155/4364 4219/4365
f 4207/4362 4219/4365 4295/4366
f 4207/4362 4295/4366 4263/4367
f 4313/4368 4219/4369 4155/4370
f 4219/4369 4313/4368 4259/4371
f 4259/4371 4313/4368 4387/4372
f 4387/4372 4313/4368 4268/4373
f 4268/4373 4313/4368 4248/4374
f 4259/4375 4387/4376 4357/4377
f 4357/4377 4387/4376 4418/4378
f 4418/4378 4387/4376 4368/4379
f 4418/4378 4368/4379 4340/4380
f 4340/4380 4368/4379 4468/4381
f 4340/4380 4468/4381 4289/4382
f 4418/4378 4340/4380 4385/4383
f 4340/4380 4289/4382 4317/4384
f 4317/4384 4289/4382 4228/4385
f 4317/4384 4228/4385 4163/4386
f 4340/4380 4317/4384 4407/4387
f 4340/4380 4407/4387 4385/4383
f 4317/4384 4163/4386 4319/4388
f 4317/4384 4319/4388 4407/4387
f 4418/4378 4385/4383 4458/4389
f 4418/4378 4458/4389 4480/4390
f 4480/4390 4458/4389 4402/4391
f 4402/4391 4458/4389 4385/4383
f 4407/4387 4319/4388 4274/4392
f 4407/4387 4274/4392 4385/4383
f 4402/4391 4385/4383 4291/4393
f 4291/4393 4385/4383 4274/4392
f 4402/4391 4291/4393 4328/4394
f 4328/4394 4291/4393 3887/4395
f 4291/4393 4274/4392 4227/4396
f 4227/4396 4274/4392 4319/4388
f 4291/4393 4227/4396 4225/4397
f 4225/4397 4227/4396 4319/4388
f 4291/4393 4225/4397 3887/4395
f 4225/4397 4319/4388 4163/4386
f 3887/4395 4225/4397 4106/4398
f 4106/4398 4225/4397 4163/4386
f 3887/4395 4106/4398 3912/4399
f 4106/4398 4163/4386 3971/4400
f 4106/4398 3971/4400 3912/4399
f 4387/4401 4268/4402 4284/4403
f 4284/4403 4268/4402 4238/4404
f 4387/4401 4284/4403 4371/4405
f 4387/4401 4371/4405 4368/4406
f 4368/4406 4371/4405 4435/4407
f 4284/4403 4238/4404 4231/4408
f 4435/4407 4371/4405 4511/4409
f 4371/4405 4284/4403 4447/4410
f 4447/4410 4284/4403 4231/4408
f 4511/4409 4371/4405 4455/4411
f 4455/4411 4371/4405 4444/4412
f 4455/4411 4444/4412 4511/4409
f 4444/4412 4371/4405 4447/4410
f 4444/4412 4447/4410 4511/4409
f 4511/4409 4447/4410 4564/4413
f 4200/4414 4231/4408 4238/4404
f 4440/4415 4447/4410 4231/4408
f 4447/4410 4440/4415 4564/4413
f 4231/4408 4200/4414 4406/4416
f 4231/4408 4406/4416 4440/4415
f 4564/4413 4440/4415 4661/4417
f 4564/4413 4661/4417 4668/4418
f 4668/4418 4661/4417 4892/4419
f 4892/4419 4661/4417 4822/4420
f 4892/4419 4822/4420 4883/4421
f 4661/4417 4440/4415 4566/4422
f 4566/4422 4440/4415 4406/4416
f 4822/4420 4661/4417 4643/4423
f 4822/4420 4643/4423 4883/4421
f 4643/4423 4661/4417 4566/4422
f 4883/4421 4643/4423 4654/4424
f 4654/4424 4643/4423 4558/4425
f 4558/4425 4643/4423 4566/4422
f 4558/4425 4566/4422 4406/4416
f 4558/4425 4406/4416 4420/4426
f 4420/4426 4406/4416 4222/4427
f 4222/4427 4406/4416 4200/4414
f 4222/4427 4200/4414 4193/4428
f 4193/4428 4200/4414 4176/4429
f 4222/4427 4193/4428 4202/4430
f 4202/4430 4193/4428 4176/4429
f 4202/4430 4176/4429 4222/4427
f 4222/4427 4176/4429 4289/4431
f 4289/4431 4176/4429 4228/4432
f 4228/4432 4176/4429 3960/4433
f 4228/4432 3960/4433 4163/4434
f 4163/4434 3960/4433 3971/4435
f 4144/4436 3992/4437 4019/4438
f 4144/4436 4019/4438 4044/4439
f 4144/4436 4044/4439 4311/4440
f 4019/4438 3992/4437 3856/4441
f 4144/4436 4311/4440 4380/4442
f 4380/4442 4311/4440 4324/4443
f 4380/4442 4324/4443 4161/4444
f 4144/4436 4380/4442 4123/4445
f 4123/4445 4380/4442 4161/4444
f 4144/4436 4123/4445 3992/4437
f 4123/4445 4161/4444 4132/4446
f 4132/4446 4161/4444 4007/4447
f 4123/4445 4132/4446 4071/4448
f 4071/4448 4132/4446 4007/4447
f 4123/4445 4071/4448 3992/4437
f 4071/4448 4007/4447 4031/4449
f 4031/4449 4007/4447 3832/4450
f 3992/4437 4071/4448 3949/4451
f 4071/4448 4031/4449 3943/4452
f 3943/4452 4031/4449 3832/4450
f 4071/4448 3943/4452 3949/4451
f 3943/4452 3832/4450 3906/4453
f 3992/4437 3949/4451 3937/4454
f 3937/4454 3949/4451 3943/4452
f 3992/4437 3937/4454 3856/4441
f 3856/4441 3937/4454 3751/4455
f 3937/4454 3943/4452 3998/4456
f 3998/4456 3943/4452 3960/4457
f 3960/4457 3943/4452 3906/4453
f 3960/4457 3906/4453 3971/4458
f 3767/4459 3566/4460 3737/4461
f 3737/4461 3566/4460 3607/4462
f 3566/4460 3767/4459 3707/4463
f 3607/4462 3566/4460 3552/4464
f 3607/4462 3552/4464 3702/4465
f 3566/4460 3707/4463 3517/4466
f 3517/4466 3707/4463 3526/4467
f 3517/4466 3526/4467 3173/4468
f 3517/4466 3173/4468 3343/4469
f 3517/4466 3343/4469 3566/4460
f 3566/4460 3343/4469 3522/4470
f 3566/4460 3522/4470 3552/4464
f 3522/4470 3343/4469 3346/4471
f 3522/4470 3346/4471 3552/4464
f 3552/4464 3346/4471 3336/4472
f 3552/4464 3336/4472 3347/4473
f 3540/4474 3702/4465 3552/4464
f 3540/4474 3552/4464 3347/4473
f 3540/4474 3347/4473 3337/4475
f 3540/4474 3337/4475 3498/4476
f 3498/4476 3337/4475 3504/4477
f 3504/4477 3337/4475 3378/4478
f 3498/4476 3504/4477 3536/4479
f 3498/4476 3536/4479 3540/4474
f 3540/4474 3536/4479 3639/4480
f 3343/4481 3326/4482 3336/4483
f 3343/4481 3336/4483 3346/4484
f 3336/4483 3326/4482 3159/4485
f 3159/4485 3326/4482 3180/4486
f 3180/4486 3326/4482 3155/4487
f 3180/4486 3155/4487 3159/4485
f 3159/4485 3155/4487 157/4488
f 3336/4483 3159/4485 3351/4489
f 3351/4489 3159/4485 157/4488
f 3351/4489 157/4488 333/4490
f 3351/4489 333/4490 335/4491
f 3351/4489 335/4491 3364/4492
f 3364/4492 335/4491 3261/4493
f 3261/4493 335/4491 247/4494
f 335/4491 333/4490 330/4495
f 335/4491 330/4495 247/4494
f 330/4495 333/4490 331/4496
f 330/4495 331/4496 379/4497
f 330/4495 379/4497 365/4498
f 330/4495 365/4498 328/4499
f 247/4494 330/4495 246/4500
f 330/4495 328/4499 337/4501
f 330/4495 337/4501 246/4500
f 246/4500 337/4501 226/4502
f 3173/4503 190/4504 169/4505
f 3173/4503 169/4505 3155/4506
f 3173/4503 3155/4506 3343/4507
f 3343/4507 3155/4506 3326/4508
f 3155/4506 169/4505 157/4509
f 157/4509 169/4505 178/4510
f 157/4509 178/4510 333/4511
f 178/4510 169/4505 314/4512
f 178/4510 314/4512 333/4511
f 314/4512 169/4505 326/4513
f 314/4512 326/4513 333/4511
f 3639/4514 3536/4515 3569/4516
f 3569/4516 3536/4515 3617/4517
f 3617/4517 3536/4515 3504/4518
f 3428/4519 3504/4518 3378/4520
f 3504/4518 3428/4519 3551/4521
f 3504/4518 3551/4521 3617/4517
f 3617/4517 3551/4521 3588/4522
f 3617/4517 3588/4522 3641/4523
f 3641/4523 3588/4522 3665/4524
f 3699/4525 3569/4516 3617/4517
f 3569/4516 3699/4525 3635/4526
f 3617/4517 3641/4523 3670/4527
f 3670/4527 3641/4523 3665/4524
f 3699/4525 3617/4517 3742/4528
f 3742/4528 3617/4517 3670/4527
f 3635/4526 3699/4525 3738/4529
f 3635/4526 3738/4529 3719/4530
f 3719/4530 3738/4529 3815/4531
f 3738/4529 3699/4525 3710/4532
f 3710/4532 3699/4525 3742/4528
f 3815/4531 3738/4529 3841/4533
f 3841/4533 3738/4529 3710/4532
f 3841/4533 3710/4532 3742/4528
f 3815/4531 3841/4533 3908/4534
f 3908/4534 3841/4533 3856/4535
f 3856/4535 3841/4533 3742/4528
f 3856/4535 3742/4528 3739/4536
f 3739/4536 3742/4528 3670/4527
f 3856/4535 3739/4536 4019/4537
f 4019/4537 3739/4536 3880/4538
f 4019/4537 3880/4538 3995/4539
f 4019/4537 3995/4539 4044/4540
f 4044/4540 3995/4539 3997/4541
f 3997/4541 3995/4539 3880/4538
f 4044/4540 3997/4541 4036/4542
f 4044/4540 4036/4542 4311/4543
f 4036/4542 3997/4541 4067/4544
f 4311/4543 4036/4542 4260/4545
f 4260/4545 4036/4542 4067/4544
f 4311/4543 4260/4545 4324/4546
f 4260/4545 4067/4544 4092/4547
f 4260/4545 4092/4547 4324/4546
f 4092/4547 4067/4544 3997/4541
f 4324/4546 4092/4547 4161/4548
f 4161/4548 4092/4547 4007/4549
f 4092/4547 3997/4541 3891/4550
f 4092/4547 3891/4550 4007/4549
f 3891/4550 3997/4541 3880/4538
f 4007/4549 3891/4550 3716/4551
f 4007/4549 3716/4551 3832/4552
f 3891/4550 3880/4538 3800/4553
f 3832/4552 3716/4551 3749/4554
f 3832/4552 3749/4554 3906/4555
f 3906/4555 3749/4554 3846/4556
f 3906/4555 3846/4556 3971/4557
f 3846/4556 3749/4554 3665/4524
f 3665/4524 3749/4554 3716/4551
f 3665/4524 3716/4551 3670/4527
f 3670/4527 3716/4551 3891/4550
f 3670/4527 3891/4550 3800/4553
f 3670/4527 3800/4553 3637/4558
f 3670/4527 3637/4558 3705/4559
f 3670/4527 3705/4559 3739/4536
f 3637/4558 3800/4553 3693/4560
f 3637/4558 3693/4560 3705/4559
f 3705/4559 3693/4560 3739/4536
f 3693/4560 3800/4553 3880/4538
f 3693/4560 3880/4538 3739/4536
f 3347/4561 3351/4562 3364/4563
f 3351/4562 3347/4561 3336/4564
f 3261/4565 3241/4566 3364/4563
f 3378/4567 3337/4568 3347/4561
f 3378/4567 3347/4561 3333/4569
f 3333/4569 3347/4561 3364/4563
f 3378/4567 3333/4569 3374/4570
f 3364/4563 3241/4566 3353/4571
f 3364/4563 3353/4571 3333/4569
f 3353/4571 3241/4566 3265/4572
f 3265/4572 3241/4566 3204/4573
f 3333/4569 3353/4571 3338/4574
f 3338/4574 3353/4571 3265/4572
f 3333/4569 3338/4574 3225/4575
f 3225/4575 3338/4574 3265/4572
f 3333/4569 3225/4575 3204/4573
f 3204/4573 3225/4575 3265/4572
f 3428/4576 3378/4577 3374/4578
f 3428/4576 3374/4578 3358/4579
f 258/4580 3264/4581 3358/4579
f 3358/4579 3264/4581 3440/4582
f 3358/4579 3440/4582 3428/4576
f 3440/4582 3264/4581 3441/4583
f 3440/4582 3441/4583 3481/4584
f 3440/4582 3481/4584 3428/4576
f 3428/4576 3481/4584 3551/4585
f 2951/4586 3070/4587 89/4588
f 2951/4586 89/4588 2956/4589
f 2951/4586 2956/4589 3070/4587
f 2956/4589 89/4588 3008/4590
f 2956/4589 3008/4590 3070/4587
f 89/4588 3070/4587 3046/4591
f 3070/4587 3008/4590 3137/4592
f 3070/4587 3137/4592 3046/4591
f 3137/4593 3042/4594 3046/4595
f 3046/4595 3042/4594 89/4596
f 89/4596 3042/4594 77/4597
f 77/4597 3042/4594 96/4598
f 3008/4599 3140/4600 3137/4593
f 3042/4594 3137/4593 3193/4601
f 3193/4601 3137/4593 3140/4600
f 96/4598 3042/4594 3073/4602
f 3073/4602 3042/4594 3193/4601
f 96/4598 3073/4602 3107/4603
f 96/4598 3107/4603 124/4604
f 3073/4602 3193/4601 3092/4605
f 3073/4602 3092/4605 3107/4603
f 3193/4601 3140/4600 3311/4606
f 3193/4601 3311/4606 3092/4605
f 3311/4606 3140/4600 3211/4607
f 3107/4603 3092/4605 3144/4608
f 3144/4608 3092/4605 3311/4606
f 3145/4609 124/4604 3107/4603
f 3145/4609 3107/4603 3144/4608
f 124/4604 3145/4609 152/4610
f 152/4610 3145/4609 3194/4611
f 152/4610 3194/4611 280/4612
f 3194/4611 3145/4609 3226/4613
f 3226/4613 3145/4609 3144/4608
f 3226/4613 3144/4608 3311/4606
f 3226/4613 3311/4606 3127/4614
f 3127/4614 3311/4606 3211/4607
f 3226/4613 3127/4614 2/4615
f 3127/4614 3211/4607 2992/4616
f 3127/4614 2992/4616 2/4615
f 3140/4617 3008/4618 3002/4619
f 3140/4617 3002/4619 2966/4620
f 3140/4617 2966/4620 3211/4621
f 3211/4621 2966/4620 2992/4622
f 2966/4620 3002/4619 139/4623
f 2966/4620 139/4623 2992/4622
f 139/4623 3002/4619 3008/4618
f 2992/4622 139/4623 183/4624
f 183/4624 139/4623 306/4625
f 306/4625 139/4623 202/4626
f 139/4623 3008/4618 94/4627
f 94/4627 3008/4618 89/4628
f 139/4623 94/4627 163/4629
f 163/4629 94/4627 89/4628
f 139/4623 163/4629 202/4626
f 163/4629 89/4628 77/4630
f 163/4629 77/4630 202/4626
f 202/4626 77/4630 96/4631
f 285/4632 3285/4633 3290/4634
f 3285/4633 285/4632 3194/4635
f 3194/4635 285/4632 280/4636
f 3290/4634 3285/4633 3280/4637
f 3280/4637 3285/4633 3273/4638
f 3280/4637 3273/4638 3241/4639
f 280/4636 285/4632 279/4640
f 285/4632 3290/4634 286/4641
f 285/4632 286/4641 279/4640
f 279/4640 286/4641 3290/4634
f 279/4640 3290/4634 3280/4637
f 3280/4637 3241/4639 3261/4642
f 279/4640 3280/4637 275/4643
f 279/4640 275/4643 247/4644
f 247/4644 275/4643 3261/4642
f 275/4643 3280/4637 3277/4645
f 3277/4645 3280/4637 3261/4642
f 3277/4645 3261/4642 275/4643
f 3745/4646 3727/4647 3828/4648
f 3727/4647 3745/4646 3612/4649
f 3612/4649 3745/4646 3544/4650
f 3727/4647 3612/4649 3602/4651
f 3602/4651 3612/4649 3544/4650
f 3285/4652 3267/4653 3282/4654
f 3267/4653 3285/4652 3286/4655
f 3286/4655 3285/4652 3194/4656
f 3286/4655 3194/4656 3226/4657
f 3267/4653 3286/4655 3076/4658
f 3267/4653 3076/4658 194/4659
f 3267/4653 194/4659 283/4660
f 3267/4653 283/4660 3282/4654
f 3285/4652 3282/4654 3273/4661
f 280/4662 283/4660 290/4663
f 283/4660 280/4662 279/4664
f 3282/4654 283/4660 268/4665
f 268/4665 283/4660 279/4664
f 3282/4654 268/4665 3273/4661
f 268/4665 279/4664 266/4666
f 268/4665 266/4666 3273/4661
f 266/4666 279/4664 247/4667
f 266/4666 247/4667 246/4668
f 266/4666 246/4668 3273/4661
f 3273/4661 246/4668 3241/4669
f 3272/4670 3286/4671 3260/4672
f 3286/4671 3272/4670 3076/4673
f 3260/4672 3286/4671 3226/4674
f 3076/4673 3272/4670 9/4675
f 3076/4673 9/4675 194/4676
f 9/4675 3272/4670 3122/4677
f 3122/4677 3272/4670 3260/4672
f 194/4676 9/4675 264/4678
f 9/4675 3122/4677 73/4679
f 9/4675 73/4679 264/4678
f 194/4676 264/4678 283/4680
f 283/4680 264/4678 290/4681
f 3122/4677 3260/4672 3116/4682
f 73/4679 3122/4677 51/4683
f 51/4683 3122/4677 3116/4682
f 73/4679 51/4683 264/4678
f 3116/4682 3260/4672 2950/4684
f 3116/4682 2950/4684 51/4683
f 2950/4684 3260/4672 2/4685
f 2/4685 3260/4672 3226/4674
f 2950/4684 2/4685 51/4683
f 264/4678 51/4683 269/4686
f 269/4686 51/4683 2/4685
f 264/4678 269/4686 290/4681
f 269/4686 2/4685 134/4687
f 269/4686 134/4687 290/4681
f 134/4687 2/4685 2992/4688
f 290/4681 134/4687 306/4689
f 134/4687 2992/4688 183/4690
f 134/4687 183/4690 306/4689
f 3551/4691 3481/4692 3588/4693
f 3588/4693 3481/4692 3478/4694
f 3588/4693 3478/4694 3256/4695
f 3256/4695 3478/4694 3434/4696
f 3434/4696 3478/4694 3453/4697
f 3453/4697 3478/4694 3481/4692
f 3434/4696 3453/4697 3345/4698
f 3453/4697 3481/4692 3404/4699
f 3404/4699 3481/4692 3335/4700
f 3345/4698 3453/4697 3401/4701
f 3401/4701 3453/4697 3404/4699
f 3345/4698 3401/4701 3335/4700
f 3335/4700 3401/4701 3404/4699
f 3441/4702 3264/4703 3434/4704
f 3441/4702 3434/4704 3345/4705
f 3441/4702 3345/4705 3335/4706
f 3441/4702 3335/4706 3481/4707
f 3434/4704 3264/4703 3258/4708
f 3434/4704 3258/4708 3256/4709
f 3218/4710 3264/4703 3219/4711
f 3264/4703 3218/4710 3238/4712
f 3264/4703 3238/4712 3258/4708
f 3238/4712 3218/4710 3239/4713
f 3256/4709 3258/4708 3156/4714
f 3156/4714 3258/4708 3238/4712
f 3256/4709 3156/4714 261/4715
f 3238/4712 3239/4713 3100/4716
f 3238/4712 3100/4716 3156/4714
f 3100/4716 3239/4713 3150/4717
f 3100/4716 3150/4717 18/4718
f 3100/4716 18/4718 168/4719
f 3100/4716 168/4719 3156/4714
f 3156/4714 168/4719 259/4720
f 259/4720 168/4719 253/4721
f 259/4720 253/4721 232/4722
f 3204/4723 3241/4724 3202/4725
f 3202/4725 3241/4724 246/4726
f 3204/4723 3202/4725 213/4727
f 213/4727 3202/4725 246/4726
f 3204/4723 213/4727 231/4728
f 3204/4723 231/4728 3333/4729
f 213/4727 246/4726 238/4730
f 213/4727 238/4730 231/4728
f 238/4730 246/4726 226/4731
f 238/4730 226/4731 337/4732
f 238/4730 337/4732 328/4733
f 238/4730 328/4733 231/4728
f 231/4728 328/4733 365/4734
f 231/4728 365/4734 3333/4729
f 3333/4729 365/4734 3374/4735
f 3374/4735 365/4734 3358/4736
f 3358/4736 365/4734 258/4737
f 258/4737 365/4734 397/4738
f 3264/4739 241/4740 3219/4741
f 241/4740 3264/4739 258/4742
f 241/4740 258/4742 259/4743
f 241/4740 259/4743 232/4744
f 3219/4741 241/4740 35/4745
f 35/4745 241/4740 232/4744
f 3219/4741 35/4745 3218/4746
f 3218/4746 35/4745 3089/4747
f 3089/4747 35/4745 3077/4748
f 35/4745 232/4744 179/4749
f 3077/4748 35/4745 131/4750
f 131/4750 35/4745 179/4749
f 3077/4748 131/4750 3084/4751
f 3084/4751 131/4750 64/4752
f 64/4752 131/4750 154/4753
f 179/4749 232/4744 203/4754
f 179/4749 203/4754 131/4750
f 131/4750 203/4754 154/4753
f 203/4754 232/4744 253/4755
f 203/4754 253/4755 154/4753
f 4914/4756 5127/4757 4852/4758
f 4852/4758 5127/4757 4855/4759
f 4914/4756 4852/4758 4715/4760
f 4852/4758 4855/4759 4723/4761
f 4852/4758 4723/4761 4715/4760
f 4507/4762 4479/4763 4485/4764
f 4328/4765 4372/4766 4485/4764
f 4328/4765 4485/4764 4402/4767
f 4485/4764 4479/4763 4457/4768
f 4485/4764 4457/4768 4402/4767
f 4457/4768 4479/4763 4448/4769
f 4457/4768 4448/4769 4469/4770
f 4402/4767 4457/4768 4415/4771
f 4402/4767 4415/4771 4480/4772
f 4480/4772 4415/4771 4457/4768
f 4480/4772 4457/4768 4516/4773
f 4516/4773 4457/4768 4469/4770
f 4516/4773 4469/4770 4461/4774
f 4480/4772 4516/4773 4418/4775
f 4516/4773 4461/4774 4396/4776
f 4516/4773 4396/4776 4418/4775
f 4418/4775 4396/4776 4357/4777
f 4511/4778 4585/4779 4435/4780
f 4585/4779 4511/4778 4564/4781
f 4368/4782 4435/4780 4468/4783
f 4468/4783 4435/4780 4585/4779
f 4585/4779 4564/4781 4668/4784
f 4468/4783 4585/4779 4492/4785
f 4468/4783 4492/4785 4289/4786
f 4585/4779 4668/4784 4637/4787
f 4637/4787 4668/4784 4883/4788
f 4883/4788 4668/4784 4892/4789
f 4637/4787 4883/4788 4654/4790
f 4637/4787 4654/4790 4585/4779
f 4585/4779 4654/4790 4492/4785
f 4289/4786 4492/4785 4441/4791
f 4441/4791 4492/4785 4654/4790
f 4289/4786 4441/4791 4222/4792
f 4441/4791 4654/4790 4558/4793
f 4222/4792 4441/4791 4420/4794
f 4420/4794 4441/4791 4558/4793
f 3665/4795 3663/4796 3846/4797
f 3846/4797 3663/4796 3796/4798
f 3663/4796 3665/4795 3516/4799
f 3846/4797 3796/4798 3840/4800
f 3846/4797 3840/4800 3971/4801
f 3971/4801 3840/4800 3927/4802
f 3971/4801 3927/4802 3912/4803
f 3912/4803 3927/4802 3840/4800
f 3912/4803 3840/4800 3796/4798
f 3912/4803 3796/4798 3511/4804
f 3609/4805 3796/4798 3663/4796
f 3796/4798 3609/4805 3511/4804
f 3609/4805 3663/4796 3591/4806
f 3591/4806 3663/4796 3516/4799
f 3511/4804 3609/4805 3521/4807
f 3511/4804 3521/4807 3416/4808
f 3609/4805 3591/4806 3586/4809
f 3609/4805 3586/4809 3521/4807
f 3416/4808 3521/4807 3388/4810
f 3416/4808 3388/4810 3246/4811
f 3388/4810 3521/4807 3495/4812
f 3495/4812 3521/4807 3586/4809
f 3388/4810 3495/4812 3317/4813
f 3586/4809 3591/4806 3513/4814
f 3586/4809 3513/4814 3495/4812
f 3513/4814 3591/4806 3516/4799
f 3317/4813 3495/4812 2970/4815
f 2970/4815 3495/4812 3513/4814
f 2970/4815 3513/4814 3516/4799
f 3317/4813 2970/4815 304/4816
f 304/4816 2970/4815 457/4817
f 2970/4815 3516/4799 3196/4818
f 3196/4818 3516/4799 3665/4795
f 3196/4818 3665/4795 3588/4819
f 3196/4818 3588/4819 3256/4820
f 2970/4815 3196/4818 34/4821
f 2970/4815 34/4821 492/4822
f 3196/4818 3256/4820 2979/4823
f 3196/4818 2979/4823 34/4821
f 34/4821 2979/4823 492/4822
f 2979/4823 3256/4820 261/4824
f 492/4822 2979/4823 453/4825
f 453/4825 2979/4823 261/4824
f 4209/4826 4125/4827 4140/4828
f 4140/4828 4125/4827 4145/4829
f 4145/4829 4125/4827 4198/4830
f 4512/4831 4475/4832 4628/4833
f 4628/4833 4475/4832 4467/4834
f 3799/4835 3790/4836 3782/4837
f 3799/4835 3782/4837 3827/4838
f 3782/4837 3790/4836 3654/4839
f 3654/4839 3790/4836 3528/4840
f 3654/4839 3528/4840 3527/4841
f 3790/4842 3938/4843 3818/4844
f 3790/4842 3818/4844 3821/4845
f 3790/4842 3821/4845 3671/4846
f 3671/4846 3821/4845 3649/4847
f 3671/4846 3649/4847 3479/4848
f 3790/4842 3671/4846 3661/4849
f 3661/4849 3671/4846 3479/4848
f 3790/4842 3661/4849 3799/4850
f 3799/4850 3661/4849 3698/4851
f 3661/4849 3479/4848 3497/4852
f 3661/4849 3497/4852 3557/4853
f 3557/4853 3497/4852 3523/4854
f 3523/4854 3497/4852 3501/4855
f 3887/4856 3227/4857 3493/4858
f 3511/4859 3887/4856 3912/4860
f 3887/4856 3511/4859 3367/4861
f 3887/4856 3367/4861 3227/4857
f 3227/4857 3367/4861 185/4862
f 185/4862 3367/4861 488/4863
f 3227/4857 185/4862 270/4864
f 3227/4857 270/4864 3093/4865
f 3227/4857 3093/4865 3493/4858
f 3493/4858 3093/4865 3491/4866
f 3491/4866 3093/4865 3190/4867
f 3190/4867 3093/4865 52/4868
f 3190/4867 52/4868 3005/4869
f 3190/4867 3005/4869 3135/4870
f 3135/4870 3005/4869 3109/4871
f 3135/4870 3109/4871 62/4872
f 3109/4871 3005/4869 2973/4873
f 3109/4871 2973/4873 3111/4874
f 3511/4875 3416/4876 3367/4877
f 3153/4878 488/4879 3367/4877
f 3367/4877 3416/4876 3319/4880
f 3367/4877 3319/4880 3153/4878
f 3319/4880 3416/4876 320/4881
f 3153/4878 3319/4880 378/4882
f 378/4882 3319/4880 320/4881
f 3153/4878 378/4882 363/4883
f 320/4881 3416/4876 3246/4884
f 320/4881 3246/4884 364/4885
f 364/4885 3246/4884 3375/4886
f 3375/4886 3246/4884 3388/4887
f 364/4885 3375/4886 3382/4888
f 141/4889 3059/4890 3135/4891
f 3022/4892 3197/4893 3059/4894
f 3111/4895 83/4896 2973/4897
f 83/4896 3111/4895 3109/4898
f 83/4896 3109/4898 62/4899
f 3382/4900 3375/4901 3389/4902
f 3385/4903 3439/4904 3389/4902
f 3389/4902 3439/4904 3365/4905
f 3389/4902 3365/4905 3368/4906
f 3389/4902 3368/4906 3382/4900
f 3368/4906 3365/4905 3383/4907
f 3383/4907 3365/4905 3411/4908
f 3383/4907 3411/4908 3370/4909
f 3368/4906 3383/4907 383/4910
f 3383/4907 3370/4909 347/4911
f 3383/4907 347/4911 383/4910
f 347/4911 3370/4909 2952/4912
f 383/4910 347/4911 391/4913
f 383/4910 391/4913 362/4914
f 391/4913 347/4911 254/4915
f 254/4915 347/4911 2952/4912
f 383/4910 362/4914 370/4916
f 383/4910 370/4916 299/4917
f 383/4910 299/4917 3368/4906
f 299/4917 370/4916 369/4918
f 3368/4906 299/4917 3314/4919
f 3368/4906 3314/4919 3382/4900
f 364/4920 3382/4900 369/4918
f 299/4917 369/4918 301/4921
f 301/4921 369/4918 3382/4900
f 299/4917 301/4921 3314/4919
f 301/4921 3382/4900 3316/4922
f 3316/4922 3382/4900 3314/4919
f 3316/4922 3314/4919 301/4921
f 235/4923 254/4915 260/4924
f 235/4923 260/4924 240/4925
f 260/4924 254/4915 193/4926
f 260/4924 193/4926 240/4925
f 193/4926 254/4915 2952/4912
f 240/4925 193/4926 199/4927
f 240/4925 199/4927 91/4928
f 91/4928 199/4927 135/4929
f 199/4927 193/4926 71/4930
f 71/4930 193/4926 2952/4912
f 135/4929 199/4927 2941/4931
f 2941/4931 199/4927 71/4930
f 135/4929 2941/4931 3006/4932
f 135/4929 3006/4932 19/4933
f 19/4933 3006/4932 3099/4934
f 3006/4932 2941/4931 3133/4935
f 3006/4932 3133/4935 3099/4934
f 3133/4935 2941/4931 71/4930
f 3099/4934 3133/4935 3165/4936
f 3165/4936 3133/4935 3229/4937
f 3229/4937 3133/4935 71/4930
f 3229/4937 71/4930 3104/4938
f 3229/4937 3104/4938 3220/4939
f 3229/4937 3220/4939 3215/4940
f 3215/4940 3220/4939 3249/4941
f 3220/4939 3104/4938 3128/4942
f 3128/4942 3104/4938 71/4930
f 3220/4939 3128/4942 3249/4941
f 3128/4942 71/4930 2952/4912
f 3249/4941 3128/4942 3247/4943
f 3247/4943 3128/4942 2952/4912
f 3249/4941 3247/4943 3231/4944
f 3247/4943 2952/4912 3370/4909
f 3247/4943 3370/4909 3318/4945
f 3235/4946 3392/4947 3263/4948
f 3392/4947 3235/4946 3250/4949
f 3250/4949 3235/4946 3263/4948
f 3392/4950 3262/4951 3263/4952
f 3263/4952 3262/4951 3250/4953
f 3698/4954 3661/4955 3557/4956
f 3486/4957 3489/4958 3698/4954
f 3486/4957 3698/4954 3501/4959
f 3501/4959 3698/4954 3557/4956
f 3501/4959 3557/4956 3532/4960
f 3532/4960 3557/4956 3523/4961
f 3532/4960 3523/4961 3501/4959
f 3443/4962 3528/4963 3652/4964
f 3652/4964 3528/4963 3799/4965
f 3652/4964 3799/4965 3827/4966
f 3528/4963 3443/4962 2972/4967
f 2972/4967 3443/4962 2961/4968
f 3486/4969 3501/4970 3030/4971
f 3486/4969 3030/4971 3489/4972
f 3030/4971 3501/4970 2994/4973
f 2994/4973 3501/4970 3497/4974
f 2994/4973 3497/4974 2949/4975
f 2994/4973 2949/4975 483/4976
f 2949/4975 3497/4974 3479/4977
f 2949/4975 3479/4977 3466/4978
f 3466/4978 3479/4977 3649/4979
f 2949/4975 3466/4978 2943/4980
f 2949/4975 2943/4980 447/4981
f 3239/4982 3218/4983 3089/4984
f 3239/4982 3089/4984 3150/4985
f 3150/4985 3089/4984 3077/4986
f 3150/4985 3077/4986 3084/4987
f 3150/4985 3084/4987 18/4988
f 18/4988 3084/4987 64/4989
f 18/4988 64/4989 154/4990
f 18/4988 154/4990 168/4991
f 168/4991 154/4990 253/4992
f 3439/4993 3385/4994 3442/4995
f 3439/4993 3442/4995 3365/4996
f 3365/4996 3442/4995 3366/4997
f 3366/4997 3442/4995 3385/4994
f 3365/4996 3366/4997 3411/4998
f 3389/4999 3375/5000 3385/4994
f 3385/4994 3375/5000 3388/5001
f 3385/4994 3388/5001 3366/4997
f 3366/4997 3388/5001 3317/5002
f 3411/4998 3366/4997 3318/5003
f 3318/5003 3366/4997 3317/5002
f 3411/4998 3318/5003 3370/5004
f 3318/5003 3317/5002 3207/5005
f 3318/5003 3207/5005 3247/5006
f 3247/5006 3207/5005 3231/5007
f 3231/5007 3207/5005 3009/5008
f 3207/5005 3317/5002 2976/5009
f 3207/5005 2976/5009 3009/5008
f 2976/5009 3317/5002 304/5010
f 3009/5008 2976/5009 189/5011
f 189/5011 2976/5009 304/5010
f 189/5011 304/5010 254/5012
f 254/5012 304/5010 391/5013
f 189/5011 254/5012 235/5014
f 3231/5015 3009/5016 3152/5017
f 3215/5018 3249/5019 3231/5015
f 3215/5018 3231/5015 3152/5017
f 3215/5018 3152/5017 3229/5020
f 3229/5020 3152/5017 3165/5021
f 3165/5021 3152/5017 91/5022
f 91/5022 3152/5017 3009/5016
f 3165/5021 91/5022 3099/5023
f 3099/5023 91/5022 135/5024
f 3099/5023 135/5024 19/5025
f 91/5022 3009/5016 167/5026
f 167/5026 3009/5016 189/5027
f 91/5022 167/5026 240/5028
f 167/5026 189/5027 235/5029
f 167/5026 235/5029 240/5028
f 3443/5030 3026/5031 2961/5032
f 2961/5032 3026/5031 420/5033
f 420/5033 3026/5031 7/5034
f 2991/5035 2972/5036 2961/5037
f 2972/5036 2991/5035 345/5038
f 345/5038 2991/5035 2961/5037
f 345/5038 2961/5037 420/5039
f 3489/5040 2960/5041 3514/5042
f 3489/5040 3514/5042 3753/5043
f 2960/5041 3489/5040 2993/5044
f 2960/5041 2993/5044 463/5045
f 3514/5042 2960/5041 3537/5046
f 3753/5043 3514/5042 3539/5047
f 3539/5047 3514/5042 3537/5046
f 3753/5043 3539/5047 3805/5048
f 3753/5043 3805/5048 4087/5049
f 4087/5049 3805/5048 3870/5050
f 3870/5050 3805/5048 3539/5047
f 4087/5049 3870/5050 3861/5051
f 2981/5052 3537/5046 2960/5041
f 2981/5052 2960/5041 486/5053
f 3562/5054 3539/5047 3537/5046
f 3562/5054 3537/5046 2981/5052
f 3539/5047 3562/5054 3870/5050
f 3861/5051 3870/5050 3608/5055
f 3608/5055 3870/5050 3562/5054
f 3861/5051 3608/5055 3622/5056
f 3861/5051 3622/5056 4049/5057
f 3608/5055 3562/5054 3561/5058
f 3608/5055 3561/5058 3622/5056
f 3561/5058 3562/5054 3362/5059
f 4049/5057 3622/5056 4239/5060
f 3622/5056 3561/5058 3642/5061
f 4239/5060 3622/5056 3756/5062
f 3756/5062 3622/5056 3642/5061
f 4239/5060 3756/5062 4497/5063
f 3756/5062 3642/5061 3769/5064
f 3756/5062 3769/5064 3866/5065
f 3062/5066 3362/5059 3562/5054
f 3362/5059 3062/5066 3000/5067
f 3000/5067 3062/5066 66/5068
f 3062/5066 3562/5054 2981/5052
f 66/5068 3062/5066 276/5069
f 276/5069 3062/5066 2981/5052
f 276/5069 2981/5052 539/5070
f 3489/5071 3030/5072 2993/5073
f 2993/5073 3030/5072 458/5074
f 458/5074 3030/5072 2994/5075
f 5053/5076 4706/5077 5072/5078
f 4983/5079 5072/5080 4729/5081
f 4983/5079 4729/5081 4932/5082
f 4983/5079 4932/5082 4662/5083
f 4983/5079 4662/5083 4741/5084
f 4983/5079 4741/5084 5034/5085
f 4983/5079 5034/5085 5136/5086
f 4983/5079 5136/5086 5072/5080
f 5072/5080 5136/5086 5159/5087
f 5072/5080 5159/5087 5112/5088
f 5539/5089 5479/5090 5562/5091
f 5539/5089 5562/5091 5644/5092
f 5644/5092 5562/5091 5491/5093
f 5491/5093 5562/5091 5479/5090
f 5491/5093 5479/5090 5535/5094
f 5491/5093 5535/5094 5578/5095
f 5657/5096 5479/5097 5539/5098
f 5479/5097 5657/5096 5535/5099
f 5657/5096 5539/5098 5644/5100
f 5645/5101 5665/5102 5657/5096
f 5657/5096 5644/5100 5615/5103
f 5657/5096 5615/5103 5645/5101
f 5615/5103 5644/5100 5577/5104
f 5577/5104 5644/5100 5491/5105
f 5577/5104 5491/5105 5578/5106
f 5577/5104 5578/5106 5575/5107
f 5645/5101 5615/5103 5618/5108
f 5618/5108 5615/5103 5577/5104
f 5645/5101 5618/5108 5696/5109
f 5577/5104 5575/5107 5522/5110
f 5577/5104 5522/5110 5618/5108
f 5618/5108 5522/5110 5696/5109
f 5522/5110 5575/5107 5713/5111
f 5522/5110 5713/5111 5508/5112
f 5522/5110 5508/5112 5696/5109
f 5696/5109 5508/5112 5702/5113
f 5702/5113 5508/5112 5505/5114
f 5280/5115 5251/5116 5361/5117
f 5361/5117 5251/5116 5320/5118
f 5361/5117 5320/5118 5397/5119
f 5397/5119 5320/5118 5357/5120
f 5320/5118 5251/5116 5197/5121
f 5357/5120 5320/5118 5234/5122
f 5320/5118 5197/5121 5230/5123
f 5320/5118 5230/5123 5234/5122
f 5230/5123 5197/5121 5140/5124
f 5230/5123 5140/5124 5234/5122
f 5140/5124 5197/5121 5036/5125
f 5234/5122 5140/5124 5094/5126
f 5140/5124 5036/5125 4972/5127
f 5140/5124 4972/5127 5094/5126
f 5094/5126 4972/5127 4821/5128
f 5280/5129 5264/5130 5251/5131
f 5251/5131 5264/5130 5173/5132
f 5173/5132 5264/5130 5236/5133
f 5251/5131 5173/5132 5143/5134
f 5251/5131 5143/5134 5197/5135
f 5173/5132 5236/5133 5198/5136
f 5198/5136 5236/5133 5159/5137
f 5159/5137 5236/5133 5187/5138
f 5198/5136 5159/5137 5136/5139
f 5173/5132 5198/5136 5172/5140
f 5173/5132 5172/5140 5143/5134
f 5172/5140 5198/5136 5136/5139
f 5099/5141 5197/5135 5143/5134
f 5099/5141 5143/5134 5172/5140
f 5172/5140 5136/5139 5117/5142
f 5172/5140 5117/5142 5099/5141
f 5117/5142 5136/5139 5034/5143
f 5197/5135 5099/5141 5161/5144
f 5197/5135 5161/5144 5036/5145
f 5036/5145 5161/5144 5099/5141
f 5099/5141 5117/5142 5006/5146
f 5006/5146 5117/5142 5034/5143
f 5099/5141 5006/5146 4802/5147
f 4802/5147 5006/5146 4823/5148
f 4823/5148 5006/5146 4817/5149
f 4817/5149 5006/5146 4751/5150
f 4751/5150 5006/5146 5034/5143
f 4751/5150 5034/5143 4741/5151
f 4751/5150 4741/5151 4577/5152
f 4577/5152 4741/5151 4302/5153
f 4751/5150 4577/5152 4683/5154
f 4751/5150 4683/5154 4801/5155
f 4801/5155 4683/5154 4763/5156
f 4763/5156 4683/5154 4805/5157
f 4239/5158 4497/5159 4577/5160
f 4577/5160 4497/5159 4597/5161
f 4577/5160 4597/5161 4650/5162
f 4577/5160 4650/5162 4683/5163
f 4683/5163 4650/5162 4672/5164
f 4672/5164 4650/5162 4597/5161
f 4683/5163 4672/5164 4805/5165
f 4805/5165 4672/5164 4744/5166
f 4805/5165 4744/5166 4857/5167
f 4744/5166 4672/5164 4692/5168
f 4744/5166 4692/5168 4694/5169
f 4692/5168 4672/5164 4583/5170
f 4583/5170 4672/5164 4597/5161
f 4694/5169 4692/5168 4678/5171
f 4694/5169 4678/5171 4791/5172
f 4678/5171 4692/5168 4623/5173
f 4623/5173 4692/5168 4583/5170
f 4791/5172 4678/5171 4704/5174
f 4791/5172 4704/5174 4775/5175
f 4678/5171 4623/5173 4634/5176
f 4678/5171 4634/5176 4704/5174
f 4704/5174 4634/5176 4659/5177
f 4704/5174 4659/5177 4775/5175
f 4634/5176 4623/5173 4589/5178
f 4634/5176 4589/5178 4659/5177
f 4524/5179 4623/5173 4583/5170
f 4623/5173 4524/5179 4589/5178
f 4524/5179 4583/5170 4514/5180
f 4514/5180 4583/5170 4519/5181
f 4519/5181 4583/5170 4597/5161
f 4524/5179 4514/5180 4370/5182
f 4514/5180 4519/5181 4531/5183
f 4531/5183 4519/5181 4597/5161
f 4514/5180 4531/5183 4370/5182
f 4531/5183 4597/5161 3970/5184
f 4531/5183 3970/5184 4370/5182
f 3970/5184 4597/5161 3907/5185
f 3907/5185 4597/5161 4497/5159
f 3907/5185 4497/5159 3756/5186
f 3907/5185 3756/5186 3866/5187
f 3907/5185 3866/5187 3970/5184
f 4370/5182 3970/5184 4004/5188
f 4370/5182 4004/5188 4251/5189
f 4251/5189 4004/5188 3941/5190
f 4491/5191 4524/5179 4370/5182
f 4491/5191 4370/5182 4251/5189
f 4524/5179 4491/5191 4589/5178
f 4251/5189 3941/5190 4034/5192
f 4589/5178 4491/5191 4541/5193
f 4541/5193 4491/5191 4251/5189
f 4589/5178 4541/5193 4659/5177
f 4541/5193 4251/5189 4556/5194
f 4541/5193 4556/5194 4659/5177
f 4556/5194 4251/5189 4034/5192
f 4659/5177 4556/5194 4775/5175
f 4556/5194 4034/5192 4369/5195
f 4556/5194 4369/5195 4775/5175
f 4369/5195 4034/5192 3931/5196
f 4369/5195 3931/5196 4026/5197
f 4026/5197 3931/5196 3584/5198
f 4026/5197 3584/5198 3595/5199
f 4775/5175 4369/5195 4554/5200
f 4554/5200 4369/5195 4026/5197
f 4775/5175 4554/5200 4841/5201
f 4775/5175 4841/5201 4814/5202
f 4814/5202 4841/5201 5094/5203
f 4814/5202 5094/5203 4821/5204
f 4841/5201 4554/5200 4816/5205
f 4816/5205 4554/5200 4599/5206
f 4816/5205 4599/5206 4665/5207
f 4599/5206 4554/5200 4162/5208
f 4599/5206 4162/5208 4665/5207
f 4162/5208 4554/5200 4026/5197
f 4665/5207 4162/5208 4151/5209
f 4665/5207 4151/5209 4570/5210
f 4162/5208 4026/5197 4038/5211
f 4038/5211 4026/5197 4053/5212
f 4151/5209 4162/5208 4086/5213
f 4086/5213 4162/5208 4038/5211
f 4086/5213 4038/5211 4053/5212
f 4151/5209 4086/5213 4103/5214
f 4103/5214 4086/5213 4053/5212
f 4817/5215 4751/5216 4801/5217
f 4817/5215 4801/5217 5035/5218
f 5035/5218 4801/5217 4874/5219
f 5035/5218 4874/5219 4817/5215
f 4817/5215 4874/5219 4784/5220
f 4817/5215 4784/5220 4823/5221
f 5099/5222 4802/5223 5036/5224
f 5036/5224 4802/5223 4865/5225
f 4865/5225 4802/5223 4933/5226
f 5036/5224 4865/5225 4870/5227
f 4870/5227 4865/5225 4933/5226
f 4933/5226 4802/5223 4823/5228
f 5036/5224 4870/5227 4972/5229
f 4972/5229 4870/5227 4821/5230
f 4821/5230 4870/5227 4876/5231
f 4876/5231 4870/5227 4954/5232
f 4876/5231 4954/5232 4857/5233
f 4857/5233 4954/5232 4805/5234
f 4954/5232 4870/5227 4830/5235
f 4954/5232 4830/5235 4805/5234
f 4830/5235 4870/5227 4933/5226
f 4805/5234 4830/5235 4763/5236
f 4763/5236 4830/5235 4933/5226
f 4763/5236 4933/5226 4823/5228
f 4763/5236 4823/5228 4784/5237
f 4763/5236 4784/5237 4874/5238
f 4763/5236 4874/5238 4801/5239
f 4911/5240 4941/5241 4937/5242
f 4911/5240 4937/5242 4857/5243
f 4911/5240 4857/5243 4744/5244
f 4941/5241 4911/5240 4891/5245
f 4911/5240 4744/5244 4759/5246
f 4911/5240 4759/5246 4891/5245
f 4759/5246 4744/5244 4694/5247
f 4941/5241 4891/5245 4838/5248
f 4838/5248 4891/5245 4759/5246
f 4759/5246 4694/5247 4760/5249
f 4759/5246 4760/5249 4838/5248
f 4760/5249 4694/5247 4791/5250
f 4760/5249 4791/5250 4838/5248
f 4941/5241 4838/5248 5009/5251
f 4838/5248 4791/5250 4902/5252
f 4838/5248 4902/5252 5009/5251
f 4902/5252 4791/5250 4897/5253
f 4897/5253 4791/5250 4775/5254
f 5009/5251 4902/5252 5062/5255
f 4902/5252 4897/5253 5045/5256
f 4902/5252 5045/5256 5062/5255
f 4897/5253 4775/5254 5041/5257
f 4897/5253 5041/5257 5045/5256
f 5041/5257 4775/5254 4814/5258
f 5009/5251 5062/5255 5141/5259
f 5045/5256 5041/5257 5119/5260
f 5045/5256 5119/5260 5062/5255
f 5041/5257 4814/5258 5073/5261
f 5041/5257 5073/5261 5119/5260
f 5073/5261 4814/5258 4821/5262
f 5141/5259 5062/5255 5156/5263
f 5062/5255 5119/5260 5166/5264
f 5062/5255 5166/5264 5156/5263
f 5141/5259 5156/5263 5268/5265
f 5141/5259 5268/5265 5189/5266
f 5268/5265 5156/5263 5186/5267
f 5186/5267 5156/5263 5166/5264
f 5115/5268 5119/5260 5073/5261
f 5119/5260 5115/5268 5104/5269
f 5119/5260 5104/5269 5166/5264
f 5115/5268 5073/5261 5066/5270
f 5066/5270 5073/5261 4821/5262
f 5104/5269 5115/5268 5130/5271
f 5130/5271 5115/5268 5066/5270
f 5104/5269 5130/5271 5166/5264
f 5066/5270 4821/5262 4964/5272
f 5066/5270 4964/5272 5130/5271
f 4964/5272 4821/5262 4923/5273
f 4923/5273 4821/5262 4876/5274
f 5130/5271 4964/5272 5068/5275
f 5068/5275 4964/5272 4923/5273
f 5130/5271 5068/5275 5166/5264
f 4923/5273 4876/5274 4937/5276
f 4937/5276 4876/5274 4857/5277
f 4923/5273 4937/5276 4941/5278
f 4923/5273 4941/5278 5068/5275
f 5068/5275 4941/5278 5088/5279
f 5068/5275 5088/5279 5166/5264
f 5088/5279 4941/5278 5009/5280
f 5088/5279 5009/5280 5169/5281
f 5088/5279 5169/5281 5166/5264
f 5169/5281 5009/5280 5141/5282
f 5169/5281 5141/5282 5228/5283
f 5228/5283 5141/5282 5189/5284
f 5166/5264 5169/5281 5219/5285
f 5219/5285 5169/5281 5228/5283
f 5228/5283 5189/5284 5241/5286
f 5166/5264 5219/5285 5186/5267
f 5219/5285 5228/5283 5337/5287
f 5219/5285 5337/5287 5186/5267
f 5228/5283 5241/5286 5309/5288
f 5228/5283 5309/5288 5337/5287
f 5309/5288 5241/5286 5338/5289
f 5309/5288 5338/5289 5333/5290
f 5309/5288 5333/5290 5337/5287
f 5333/5290 5338/5289 5390/5291
f 5333/5290 5390/5291 5391/5292
f 5333/5290 5391/5292 5337/5287
f 5391/5292 5390/5291 5649/5293
f 5337/5287 5391/5292 5334/5294
f 5337/5287 5334/5294 5186/5267
f 5334/5294 5391/5292 5480/5295
f 5334/5294 5480/5295 5284/5296
f 5334/5294 5284/5296 5186/5267
f 5284/5296 5480/5295 5467/5297
f 5186/5267 5284/5296 5292/5298
f 5292/5298 5284/5296 5467/5297
f 5186/5267 5292/5298 5268/5265
f 5292/5298 5467/5297 5469/5299
f 5268/5265 5292/5298 5395/5300
f 5395/5300 5292/5298 5469/5299
f 3579/5301 3684/5302 3275/5303
f 3684/5302 3579/5301 3789/5304
f 3579/5301 3275/5303 3148/5305
f 3789/5304 3579/5301 3649/5306
f 3789/5304 3649/5306 3821/5307
f 3649/5306 3579/5301 3421/5308
f 3421/5308 3579/5301 3148/5305
f 3649/5306 3421/5308 3466/5309
f 3421/5308 3148/5305 2995/5310
f 3421/5308 2995/5310 3466/5309
f 2995/5310 3148/5305 214/5311
f 3466/5309 2995/5310 2943/5312
f 2943/5312 2995/5310 439/5313
f 3718/5314 3642/5315 3053/5316
f 3642/5315 3718/5314 3769/5317
f 3769/5317 3718/5314 3866/5318
f 3866/5318 3718/5314 3053/5316
f 3053/5316 3642/5315 3561/5319
f 3053/5316 3561/5319 3362/5320
f 3053/5316 3362/5320 3000/5321
f 3053/5316 3000/5321 2954/5322
f 3053/5316 2954/5322 2944/5323
f 3053/5316 2944/5323 3052/5324
f 3866/5325 3053/5326 3322/5327
f 3866/5325 3322/5327 3970/5328
f 3970/5328 3322/5327 3615/5329
f 3615/5329 3322/5327 3160/5330
f 3970/5328 3615/5329 3648/5331
f 3648/5331 3615/5329 3160/5330
f 3970/5328 3648/5331 4004/5332
f 3648/5331 3160/5330 3232/5333
f 3648/5331 3232/5333 3243/5334
f 4004/5332 3648/5331 3941/5335
f 3941/5335 3648/5331 3243/5334
f 3941/5335 3243/5334 3982/5336
f 3982/5336 3243/5334 3041/5337
f 3982/5336 3041/5337 3471/5338
f 3982/5336 3471/5338 3931/5339
f 3982/5336 3931/5339 4034/5340
f 3986/5341 4034/5340 3941/5335
f 4034/5340 3986/5341 3982/5336
f 3982/5336 3986/5341 3941/5335
f 3053/5342 3052/5343 3322/5344
f 3322/5344 3052/5343 59/5345
f 3322/5344 59/5345 3160/5346
f 2944/5347 68/5348 3052/5343
f 3052/5343 68/5348 59/5345
f 75/5349 329/5350 68/5348
f 68/5348 329/5350 59/5345
f 3160/5346 59/5345 3151/5351
f 3160/5346 3151/5351 3232/5352
f 59/5345 329/5350 133/5353
f 3232/5352 3151/5351 3210/5354
f 3232/5352 3210/5354 3243/5355
f 3151/5351 59/5345 218/5356
f 3151/5351 218/5356 3210/5354
f 3243/5355 3210/5354 3041/5357
f 3041/5357 3210/5354 218/5356
f 59/5345 133/5353 228/5358
f 59/5345 228/5358 218/5356
f 516/5359 133/5353 329/5350
f 133/5353 516/5359 228/5358
f 516/5359 329/5350 853/5360
f 853/5360 329/5350 745/5361
f 853/5360 745/5361 1322/5362
f 516/5359 853/5360 987/5363
f 987/5363 853/5360 1322/5362
f 228/5358 516/5359 801/5364
f 801/5364 516/5359 987/5363
f 228/5358 801/5364 245/5365
f 228/5358 245/5365 218/5356
f 1218/5366 1530/5367 1322/5362
f 1322/5362 1530/5367 1587/5368
f 1322/5362 1587/5368 1360/5369
f 1322/5362 1360/5369 987/5363
f 1360/5369 1587/5368 1634/5370
f 1360/5369 1634/5370 1466/5371
f 1466/5371 1634/5370 1546/5372
f 1466/5371 1546/5372 1443/5373
f 1360/5369 1466/5371 1472/5374
f 1360/5369 1472/5374 987/5363
f 987/5363 1472/5374 1111/5375
f 987/5363 1111/5375 801/5364
f 1111/5375 1472/5374 1199/5376
f 1199/5376 1472/5374 1445/5377
f 1199/5376 1445/5377 1480/5378
f 1199/5376 1480/5378 1595/5379
f 801/5364 1111/5375 904/5380
f 904/5380 1111/5375 1199/5376
f 801/5364 904/5380 245/5365
f 1199/5376 1595/5379 993/5381
f 1199/5376 993/5381 904/5380
f 993/5381 1595/5379 1184/5382
f 1184/5382 1595/5379 1578/5383
f 904/5380 993/5381 960/5384
f 904/5380 960/5384 245/5365
f 993/5381 1184/5382 872/5385
f 993/5381 872/5385 960/5384
f 872/5385 1184/5382 1003/5386
f 872/5385 1003/5386 581/5387
f 581/5387 1003/5386 970/5388
f 960/5384 872/5385 565/5389
f 565/5389 872/5385 581/5387
f 581/5387 970/5388 432/5390
f 960/5384 565/5389 459/5391
f 960/5384 459/5391 245/5365
f 565/5389 581/5387 649/5392
f 581/5387 432/5390 566/5393
f 581/5387 566/5393 649/5392
f 565/5389 649/5392 527/5394
f 527/5394 649/5392 566/5393
f 565/5389 527/5394 443/5395
f 565/5389 443/5395 459/5391
f 527/5394 566/5393 430/5396
f 430/5396 566/5393 432/5390
f 527/5394 430/5396 443/5395
f 430/5396 432/5390 409/5397
f 459/5391 443/5395 424/5398
f 424/5398 443/5395 430/5396
f 459/5391 424/5398 3432/5399
f 3432/5399 424/5398 430/5396
f 459/5391 3432/5399 81/5400
f 3432/5399 430/5396 3184/5401
f 459/5391 81/5400 170/5402
f 459/5391 170/5402 245/5365
f 245/5365 170/5402 218/5356
f 218/5356 170/5402 3041/5357
f 3041/5357 170/5402 81/5400
f 3041/5357 81/5400 3471/5403
f 3184/5401 430/5396 36/5404
f 36/5404 430/5396 409/5397
f 3184/5401 36/5404 3410/5405
f 36/5404 409/5397 413/5406
f 413/5406 409/5397 426/5407
f 413/5406 426/5407 456/5408
f 413/5406 456/5408 400/5409
f 413/5406 400/5409 313/5410
f 313/5410 400/5409 173/5411
f 36/5404 413/5406 3117/5412
f 36/5404 3117/5412 3427/5413
f 413/5406 313/5410 146/5414
f 146/5414 313/5410 173/5411
f 413/5406 146/5414 3117/5412
f 146/5414 173/5411 86/5415
f 86/5415 173/5411 2974/5416
f 146/5414 86/5415 3050/5417
f 3050/5417 86/5415 2974/5416
f 146/5414 3050/5417 3117/5412
f 3050/5417 2974/5416 3161/5418
f 3050/5417 3161/5418 3117/5412
f 3161/5418 2974/5416 3381/5419
f 3161/5418 3381/5419 3117/5412
f 3117/5412 3381/5419 3341/5420
f 5733/5421 5746/5422 5740/5423
f 5746/5422 5733/5421 5782/5424
f 5746/5422 5782/5424 5797/5425
f 5797/5425 5782/5424 5817/5426
f 5817/5426 5782/5424 5821/5427
f 5821/5427 5782/5424 5815/5428
f 5815/5428 5782/5424 5733/5421
f 5815/5428 5733/5421 5714/5429
f 5815/5428 5714/5429 5813/5430
f 5693/5431 5733/5421 5740/5423
f 5693/5431 5740/5423 5711/5432
f 5693/5431 5711/5432 5677/5433
f 5693/5431 5677/5433 5670/5434
f 5670/5434 5677/5433 5519/5435
f 5693/5431 5670/5434 5633/5436
f 5693/5431 5633/5436 5733/5421
f 5633/5436 5670/5434 5519/5435
f 5733/5421 5633/5436 5589/5437
f 5733/5421 5589/5437 5714/5429
f 5633/5436 5519/5435 5638/5438
f 5633/5436 5638/5438 5589/5437
f 5589/5437 5638/5438 5714/5429
f 5638/5438 5519/5435 5671/5439
f 5638/5438 5671/5439 5613/5440
f 5638/5438 5613/5440 5673/5441
f 5638/5438 5673/5441 5714/5429
f 5714/5429 5673/5441 5730/5442
f 5714/5429 5730/5442 5813/5430
f 5813/5430 5730/5442 5811/5443
f 5813/5430 5811/5443 5843/5444
f 5815/5445 5877/5446 5883/5447
f 5815/5445 5883/5447 5821/5448
f 5821/5448 5883/5447 5817/5449
f 5817/5449 5883/5447 5853/5450
f 5853/5450 5883/5447 5885/5451
f 5889/5452 5893/5453 5883/5447
f 5889/5452 5883/5447 5877/5446
f 5813/5454 5877/5446 5815/5445
f 5877/5446 5813/5454 5855/5455
f 5855/5455 5813/5454 5843/5456
f 5877/5446 5855/5455 5852/5457
f 5852/5457 5855/5455 5840/5458
f 5877/5446 5852/5457 5882/5459
f 5852/5457 5840/5458 5854/5460
f 5852/5457 5854/5460 5882/5459
f 5881/5461 5873/5462 5862/5463
f 5881/5461 5862/5463 5853/5464
f 5881/5461 5853/5464 5885/5465
f 5658/5466 5712/5467 5811/5468
f 5658/5466 5811/5468 5730/5469
f 5658/5466 5730/5469 5673/5470
f 5658/5466 5673/5470 5598/5471
f 5658/5466 5598/5471 5624/5472
f 5658/5466 5624/5472 5712/5467
f 5811/5468 5712/5467 5843/5473
f 5712/5467 5624/5472 5719/5474
f 5719/5474 5624/5472 5749/5475
f 5712/5467 5719/5474 5766/5476
f 5712/5467 5766/5476 5843/5473
f 5766/5476 5719/5474 5847/5477
f 5843/5473 5766/5476 5840/5478
f 5840/5478 5766/5476 5847/5477
f 5843/5473 5840/5478 5855/5479
f 5840/5478 5847/5477 5854/5480
f 5853/5481 5797/5482 5817/5483
f 5797/5482 5853/5481 5760/5484
f 5760/5484 5853/5481 5862/5485
f 5760/5484 5862/5485 5772/5486
f 5797/5482 5760/5484 5706/5487
f 5797/5482 5706/5487 5746/5488
f 5746/5488 5706/5487 5740/5489
f 5706/5487 5760/5484 5697/5490
f 5697/5490 5760/5484 5772/5486
f 5740/5489 5706/5487 5709/5491
f 5709/5491 5706/5487 5697/5490
f 5740/5489 5709/5491 5711/5492
f 5697/5490 5772/5486 5756/5493
f 5697/5490 5756/5493 5709/5491
f 5756/5493 5772/5486 5780/5494
f 5756/5493 5780/5494 5798/5495
f 5798/5495 5780/5494 5791/5496
f 5756/5493 5798/5495 5804/5497
f 5756/5493 5804/5497 5732/5498
f 5756/5493 5732/5498 5709/5491
f 5732/5498 5804/5497 5793/5499
f 5732/5498 5793/5499 5767/5500
f 5732/5498 5767/5500 5661/5501
f 5732/5498 5661/5501 5709/5491
f 5709/5491 5661/5501 5649/5502
f 5709/5491 5649/5502 5711/5492
f 5711/5492 5649/5502 5677/5503
f 5677/5503 5649/5502 5587/5504
f 5587/5504 5649/5502 5435/5505
f 5587/5504 5435/5505 5677/5503
f 5435/5505 5649/5502 5390/5506
f 5677/5503 5435/5505 5519/5507
f 5519/5507 5435/5505 5366/5508
f 5613/5509 5598/5510 5673/5511
f 5598/5510 5613/5509 5531/5512
f 5598/5510 5531/5512 5560/5513
f 5560/5513 5531/5512 5487/5514
f 5487/5514 5531/5512 5407/5515
f 5407/5515 5531/5512 5295/5516
f 5295/5516 5531/5512 5561/5517
f 5561/5517 5531/5512 5613/5509
f 5561/5517 5613/5509 5671/5518
f 5561/5517 5671/5518 5348/5519
f 5561/5517 5348/5519 5332/5520
f 5600/5521 5649/5522 5661/5523
f 5649/5522 5600/5521 5391/5524
f 5391/5524 5600/5521 5480/5525
f 5480/5525 5600/5521 5467/5526
f 5600/5521 5661/5523 5648/5527
f 5648/5527 5661/5523 5767/5528
f 5467/5526 5600/5521 5502/5529
f 5467/5526 5502/5529 5469/5530
f 5600/5521 5648/5527 5572/5531
f 5600/5521 5572/5531 5502/5529
f 5648/5527 5767/5528 5610/5532
f 5648/5527 5610/5532 5572/5531
f 5610/5532 5767/5528 5660/5533
f 5469/5530 5502/5529 5509/5534
f 5509/5534 5502/5529 5572/5531
f 5572/5531 5610/5532 5517/5535
f 5572/5531 5517/5535 5509/5534
f 5610/5532 5660/5533 5530/5536
f 5610/5532 5530/5536 5517/5535
f 5530/5536 5660/5533 5574/5537
f 5574/5537 5660/5533 5605/5538
f 5574/5537 5605/5538 5530/5536
f 5605/5538 5660/5533 5769/5539
f 5605/5538 5769/5539 5789/5540
f 5789/5540 5769/5539 5820/5541
f 5789/5540 5820/5541 5679/5542
f 5789/5540 5679/5542 5605/5538
f 5530/5536 5605/5538 5592/5543
f 5592/5543 5605/5538 5679/5542
f 5530/5536 5592/5543 5621/5544
f 5621/5544 5592/5543 5679/5542
f 5530/5536 5621/5544 5517/5535
f 5621/5544 5679/5542 5727/5545
f 5621/5544 5727/5545 5708/5546
f 5621/5544 5708/5546 5517/5535
f 5751/5547 5806/5548 5708/5546
f 5708/5546 5806/5548 5707/5549
f 5708/5546 5707/5549 5517/5535
f 5517/5535 5707/5549 5514/5550
f 5517/5535 5514/5550 5509/5534
f 5509/5534 5514/5550 5707/5549
f 5509/5534 5707/5549 5560/5551
f 5560/5551 5707/5549 5749/5552
f 5560/5551 5749/5552 5624/5553
f 5560/5551 5624/5553 5598/5554
f 5509/5534 5560/5551 5487/5555
f 5509/5534 5487/5555 5475/5556
f 5475/5556 5487/5555 5407/5557
f 5509/5534 5475/5556 5469/5530
f 5475/5556 5407/5557 5395/5558
f 5475/5556 5395/5558 5469/5530
f 5862/5559 5873/5560 5832/5561
f 5862/5559 5832/5561 5772/5562
f 5772/5562 5832/5561 5780/5563
f 5780/5563 5832/5561 5814/5564
f 5814/5564 5832/5561 5873/5560
f 5780/5563 5814/5564 5791/5565
f 5791/5565 5814/5564 5863/5566
f 5814/5564 5873/5560 5865/5567
f 5814/5564 5865/5567 5863/5566
f 5865/5567 5873/5560 5881/5568
f 5863/5566 5865/5567 5919/5569
f 5863/5566 5919/5569 5936/5570
f 5919/5569 5865/5567 5905/5571
f 5936/5570 5919/5569 5957/5572
f 5957/5572 5919/5569 5905/5571
f 5957/5572 5905/5571 5920/5573
f 5920/5573 5905/5571 5860/5574
f 5847/5575 5719/5576 5818/5577
f 5860/5578 5854/5579 5847/5575
f 5860/5578 5847/5575 5818/5577
f 5818/5577 5719/5576 5765/5580
f 5765/5580 5719/5576 5749/5581
f 5860/5578 5818/5577 5838/5582
f 5818/5577 5765/5580 5788/5583
f 5788/5583 5765/5580 5749/5581
f 5818/5577 5788/5583 5838/5582
f 5860/5578 5838/5582 5920/5584
f 5788/5583 5749/5581 5836/5585
f 5788/5583 5836/5585 5838/5582
f 5836/5585 5749/5581 5868/5586
f 5838/5582 5836/5585 5913/5587
f 5838/5582 5913/5587 5920/5584
f 5913/5587 5836/5585 5868/5586
f 5913/5587 5868/5586 5916/5588
f 5920/5584 5913/5587 5961/5589
f 5920/5584 5961/5589 5957/5590
f 5957/5590 5961/5589 5965/5591
f 5965/5591 5961/5589 5977/5592
f 5961/5589 5913/5587 5963/5593
f 5963/5593 5913/5587 5916/5588
f 5961/5589 5963/5593 5975/5594
f 5923/5595 5916/5588 5868/5586
f 5916/5588 5923/5595 5963/5593
f 5923/5595 5868/5586 5859/5596
f 5923/5595 5859/5596 5949/5597
f 5975/5594 5963/5593 5967/5598
f 5975/5594 5967/5598 5980/5599
f 5967/5598 5963/5593 5960/5600
f 5952/5601 5960/5600 5949/5597
f 5963/5593 5923/5595 5956/5602
f 5963/5593 5956/5602 5960/5600
f 5956/5602 5923/5595 5949/5597
f 5956/5602 5949/5597 5960/5600
f 5798/5603 5863/5604 5904/5605
f 5863/5604 5798/5603 5791/5606
f 5904/5605 5863/5604 5936/5607
f 5904/5605 5936/5607 5944/5608
f 5798/5603 5904/5605 5856/5609
f 5798/5603 5856/5609 5804/5610
f 5904/5605 5944/5608 5930/5611
f 5904/5605 5930/5611 5856/5609
f 5930/5611 5944/5608 5925/5612
f 5925/5612 5944/5608 5967/5613
f 5930/5611 5925/5612 5890/5614
f 5930/5611 5890/5614 5856/5609
f 5890/5614 5925/5612 5822/5615
f 5890/5614 5822/5615 5856/5609
f 5856/5609 5822/5615 5804/5610
f 5804/5610 5822/5615 5799/5616
f 5804/5610 5799/5616 5793/5617
f 5906/5618 5900/5619 5907/5620
f 5900/5619 5906/5618 5889/5621
f 5889/5621 5906/5618 5893/5622
f 5893/5622 5906/5618 5907/5620
f 5900/5619 5889/5621 5882/5623
f 5882/5623 5889/5621 5877/5624
f 5900/5619 5882/5623 5907/5620
f 5893/5622 5907/5620 5883/5625
f 5883/5625 5907/5620 5885/5626
f 5885/5626 5907/5620 5892/5627
f 5892/5627 5907/5620 5882/5623
f 5892/5627 5882/5623 5876/5628
f 5876/5628 5882/5623 5854/5629
f 5982/5630 5965/5631 5977/5632
f 5965/5631 5982/5630 5980/5633
f 5980/5633 5982/5630 5975/5634
f 5975/5634 5982/5630 5977/5632
f 5975/5634 5977/5632 5961/5635
f 5876/5636 5860/5637 5905/5638
f 5860/5637 5876/5636 5854/5639
f 5876/5636 5905/5638 5892/5640
f 5892/5640 5905/5638 5874/5641
f 5874/5641 5905/5638 5865/5642
f 5874/5641 5865/5642 5881/5643
f 5874/5641 5881/5643 5892/5640
f 5892/5640 5881/5643 5885/5644
f 5965/5645 5980/5646 5967/5647
f 5965/5645 5967/5647 5954/5648
f 5954/5648 5967/5647 5944/5649
f 5954/5648 5944/5649 5936/5650
f 5954/5648 5936/5650 5965/5645
f 5965/5645 5936/5650 5957/5651
f 5925/5652 5967/5653 5960/5654
f 5925/5652 5960/5654 5952/5655
f 5925/5652 5952/5655 5939/5656
f 5925/5652 5939/5656 5872/5657
f 5925/5652 5872/5657 5822/5658
f 5822/5658 5872/5657 5799/5659
f 5799/5659 5872/5657 5848/5660
f 5799/5659 5848/5660 5793/5661
f 5952/5662 5949/5663 5969/5664
f 5969/5664 5949/5663 5942/5665
f 5952/5662 5969/5664 5973/5666
f 5973/5666 5969/5664 5942/5665
f 5308/5667 5366/5668 5405/5669
f 5405/5669 5366/5668 5364/5670
f 5364/5670 5366/5668 5435/5671
f 5364/5670 5435/5671 5390/5672
f 5364/5670 5390/5672 5405/5669
f 5405/5669 5390/5672 5338/5673
f 5308/5674 5405/5675 5338/5676
f 5308/5674 5338/5676 5241/5677
f 5308/5674 5241/5677 5194/5678
f 5194/5678 5241/5677 5189/5679
f 5194/5678 5189/5679 5246/5680
f 5308/5674 5194/5678 5279/5681
f 5279/5681 5194/5678 5246/5680
f 5308/5674 5279/5681 5366/5682
f 5279/5681 5246/5680 5348/5683
f 5279/5681 5348/5683 5366/5682
f 5246/5684 5294/5685 5348/5686
f 5348/5686 5294/5685 5295/5687
f 5348/5686 5295/5687 5332/5688
f 5332/5688 5295/5687 5561/5689
f 5295/5687 5294/5685 5182/5690
f 5182/5690 5294/5685 5215/5691
f 5182/5690 5215/5691 5246/5692
f 5182/5690 5246/5692 5189/5693
f 5182/5690 5189/5693 5268/5694
f 5295/5687 5182/5690 5263/5695
f 5263/5695 5182/5690 5268/5694
f 5295/5687 5263/5695 5407/5696
f 5407/5696 5263/5695 5268/5694
f 5407/5696 5268/5694 5395/5697
f 5519/5698 5366/5699 5348/5700
f 5519/5698 5348/5700 5671/5701
f 5294/5702 5246/5703 5215/5704
f 3471/5705 3584/5706 3931/5707
f 3584/5706 3471/5705 3477/5708
f 3477/5708 3471/5705 3432/5709
f 3432/5709 3471/5705 81/5710
f 3584/5706 3477/5708 3483/5711
f 3483/5711 3477/5708 3432/5709
f 3584/5706 3483/5711 3600/5712
f 3584/5706 3600/5712 3687/5713
f 3687/5713 3600/5712 3483/5711
f 3584/5706 3687/5713 3595/5714
f 3687/5713 3483/5711 3596/5715
f 3687/5713 3596/5715 3595/5714
f 3483/5711 3432/5709 3475/5716
f 3483/5711 3475/5716 3596/5715
f 3596/5715 3475/5716 3595/5714
f 3475/5716 3432/5709 3184/5717
f 3475/5716 3184/5717 3410/5718
f 3595/5714 3475/5716 3420/5719
f 3420/5719 3475/5716 3410/5718
f 3595/5714 3420/5719 4026/5720
f 4026/5720 3420/5719 3996/5721
f 4026/5720 3996/5721 4053/5722
f 4053/5722 3996/5721 4103/5723
f 4103/5723 3996/5721 3959/5724
f 3959/5724 3996/5721 3776/5725
f 3996/5721 3420/5719 3499/5726
f 3996/5721 3499/5726 3776/5725
f 3455/5727 3420/5719 3410/5718
f 3420/5719 3455/5727 3499/5726
f 3455/5727 3410/5718 3427/5728
f 3427/5728 3410/5718 36/5729
f 3499/5726 3455/5727 3487/5730
f 3341/5731 3427/5728 3117/5732
f 3427/5728 3341/5731 3381/5733
f 3455/5727 3427/5728 3451/5734
f 3455/5727 3451/5734 3487/5730
f 3451/5734 3427/5728 3381/5733
f 3499/5726 3487/5730 3587/5735
f 3587/5735 3487/5730 3451/5734
f 3451/5734 3381/5733 3460/5736
f 3451/5734 3460/5736 3587/5735
f 3460/5736 3381/5733 2974/5737
f 3460/5736 2974/5737 3507/5738
f 3460/5736 3507/5738 3708/5739
f 3499/5726 3587/5735 3583/5740
f 3587/5735 3460/5736 3605/5741
f 3605/5741 3460/5736 3708/5739
f 3587/5735 3605/5741 3583/5740
f 3499/5726 3583/5740 3776/5725
f 3605/5741 3708/5739 3592/5742
f 3605/5741 3592/5742 3583/5740
f 3592/5742 3708/5739 3696/5743
f 3696/5743 3708/5739 3776/5725
f 3592/5742 3696/5743 3583/5740
f 3583/5740 3696/5743 3776/5725
f 159/5744 177/5745 11/5746
f 177/5745 159/5744 523/5747
f 177/5745 523/5747 174/5748
f 174/5748 523/5747 480/5749
f 174/5748 480/5749 190/5750
f 190/5750 480/5749 590/5751
f 590/5751 480/5749 725/5752
f 666/5753 725/5752 523/5747
f 725/5752 666/5753 739/5754
f 523/5747 725/5752 612/5755
f 612/5755 725/5752 480/5749
f 538/5756 480/5749 523/5747
f 480/5749 538/5756 612/5755
f 612/5755 538/5756 523/5747
f 590/5757 169/5758 190/5759
f 169/5758 590/5757 572/5760
f 169/5758 572/5760 326/5761
f 896/5762 590/5757 725/5763
f 572/5760 590/5757 713/5764
f 713/5764 590/5757 896/5762
f 713/5764 896/5762 763/5765
f 763/5765 896/5762 983/5766
f 572/5760 713/5764 584/5767
f 713/5764 763/5765 749/5768
f 749/5768 763/5765 983/5766
f 713/5764 749/5768 584/5767
f 572/5760 584/5767 528/5769
f 572/5760 528/5769 326/5761
f 528/5769 584/5767 749/5768
f 1021/5770 966/5771 983/5766
f 983/5766 966/5771 749/5768
f 326/5761 528/5769 384/5772
f 326/5761 384/5772 333/5773
f 333/5773 384/5772 528/5769
f 333/5773 528/5769 540/5774
f 333/5773 540/5774 331/5775
f 331/5775 540/5774 504/5776
f 504/5776 540/5774 608/5777
f 504/5776 608/5777 526/5778
f 540/5774 528/5769 715/5779
f 540/5774 715/5779 608/5777
f 715/5779 528/5769 749/5768
f 608/5777 715/5779 723/5780
f 723/5780 715/5779 749/5768
f 773/5781 749/5768 966/5771
f 749/5768 773/5781 723/5780
f 773/5781 966/5771 890/5782
f 773/5781 890/5782 742/5783
f 773/5781 742/5783 851/5784
f 773/5781 851/5784 895/5785
f 773/5781 895/5785 723/5780
f 723/5780 895/5785 811/5786
f 723/5780 811/5786 837/5787
f 890/5788 851/5789 742/5790
f 851/5789 890/5788 961/5791
f 851/5789 961/5791 968/5792
f 851/5789 968/5792 951/5793
f 968/5792 961/5791 1020/5794
f 1020/5794 961/5791 1025/5795
f 1020/5794 1025/5795 968/5792
f 961/5791 890/5788 1044/5796
f 961/5791 1044/5796 1025/5795
f 1044/5796 890/5788 1091/5797
f 1091/5797 890/5788 966/5798
f 1091/5797 966/5798 1019/5799
f 1091/5797 1019/5799 1168/5800
f 968/5792 1025/5795 1068/5801
f 968/5792 1068/5801 951/5793
f 1025/5795 1044/5796 1116/5802
f 1116/5802 1044/5796 1091/5797
f 1091/5797 1168/5800 1159/5803
f 1091/5797 1159/5803 1116/5802
f 1159/5803 1168/5800 1190/5804
f 1159/5803 1190/5804 1216/5805
f 1116/5802 1159/5803 1156/5806
f 1025/5795 1116/5802 1142/5807
f 1142/5807 1116/5802 1156/5806
f 1025/5795 1142/5807 1068/5801
f 1156/5806 1159/5803 1175/5808
f 1156/5806 1175/5808 1142/5807
f 1142/5807 1175/5808 1068/5801
f 1068/5801 1175/5808 1223/5809
f 1223/5809 1175/5808 1293/5810
f 1068/5801 1223/5809 953/5811
f 1223/5809 1293/5810 1268/5812
f 1223/5809 1268/5812 953/5811
f 1268/5812 1293/5810 1340/5813
f 1340/5813 1293/5810 1325/5814
f 1340/5813 1325/5814 1369/5815
f 1369/5815 1325/5814 1316/5816
f 1268/5812 1340/5813 1251/5817
f 1251/5817 1340/5813 1238/5818
f 1268/5812 1251/5817 1196/5819
f 1268/5812 1196/5819 953/5811
f 1251/5817 1238/5818 1191/5820
f 1251/5817 1191/5820 1196/5819
f 1196/5819 1191/5820 1238/5818
f 1196/5819 1238/5818 938/5821
f 1196/5819 938/5821 880/5822
f 1196/5819 880/5822 953/5811
f 880/5822 938/5821 711/5823
f 880/5822 711/5823 889/5824
f 880/5822 889/5824 953/5811
f 889/5824 711/5823 748/5825
f 748/5825 711/5823 488/5826
f 748/5825 488/5826 586/5827
f 889/5824 748/5825 807/5828
f 807/5828 748/5825 782/5829
f 889/5824 807/5828 947/5830
f 947/5830 807/5828 782/5829
f 889/5824 947/5830 953/5811
f 947/5830 782/5829 891/5831
f 947/5830 891/5831 953/5811
f 891/5831 782/5829 865/5832
f 891/5831 865/5832 953/5811
f 953/5811 865/5832 1068/5801
f 1068/5801 865/5832 951/5793
f 951/5793 865/5832 907/5833
f 334/5834 331/5835 466/5836
f 466/5836 331/5835 504/5837
f 331/5835 334/5834 379/5838
f 466/5836 504/5837 497/5839
f 466/5836 497/5839 334/5834
f 334/5834 497/5839 379/5838
f 497/5839 504/5837 526/5840
f 379/5838 497/5839 412/5841
f 379/5838 412/5841 365/5842
f 365/5842 412/5841 397/5843
f 397/5843 412/5841 441/5844
f 441/5844 412/5841 522/5845
f 522/5845 412/5841 497/5839
f 441/5844 522/5845 574/5846
f 574/5846 522/5845 600/5847
f 522/5845 497/5839 570/5848
f 522/5845 570/5848 600/5847
f 570/5848 497/5839 526/5840
f 600/5847 570/5848 692/5849
f 570/5848 526/5840 599/5850
f 570/5848 599/5850 692/5849
f 608/5851 723/5852 675/5853
f 608/5851 675/5853 526/5854
f 675/5853 723/5852 809/5855
f 809/5855 723/5852 837/5856
f 526/5854 675/5853 569/5857
f 675/5853 809/5855 800/5858
f 809/5855 837/5856 958/5859
f 809/5855 958/5859 800/5858
f 958/5859 837/5856 976/5860
f 976/5860 837/5856 811/5861
f 976/5860 811/5861 882/5862
f 976/5860 882/5862 996/5863
f 976/5860 996/5863 958/5859
f 675/5853 800/5858 703/5864
f 675/5853 703/5864 569/5857
f 979/5865 800/5858 958/5859
f 979/5865 958/5859 996/5863
f 703/5864 800/5858 845/5866
f 845/5866 800/5858 979/5865
f 703/5864 845/5866 674/5867
f 703/5864 674/5867 569/5857
f 979/5865 996/5863 885/5868
f 979/5865 885/5868 845/5866
f 885/5868 996/5863 838/5869
f 885/5868 838/5869 734/5870
f 845/5866 885/5868 691/5871
f 845/5866 691/5871 674/5867
f 691/5871 885/5868 734/5870
f 674/5867 691/5871 569/5857
f 691/5871 734/5870 613/5872
f 691/5871 613/5872 569/5857
f 613/5872 734/5870 682/5873
f 613/5872 682/5873 661/5874
f 569/5857 613/5872 519/5875
f 519/5875 613/5872 661/5874
f 569/5857 519/5875 526/5854
f 526/5854 519/5875 599/5876
f 599/5876 519/5875 661/5874
f 599/5876 661/5874 692/5877
f 895/5878 814/5879 811/5880
f 811/5880 814/5879 882/5881
f 951/5882 895/5878 851/5883
f 895/5878 951/5882 932/5884
f 895/5878 932/5884 814/5879
f 899/5885 951/5882 907/5886
f 951/5882 899/5885 932/5884
f 932/5884 899/5885 954/5887
f 932/5884 954/5887 824/5888
f 814/5879 932/5884 729/5889
f 729/5889 932/5884 824/5888
f 729/5889 824/5888 814/5879
f 814/5879 824/5888 844/5890
f 814/5879 844/5890 882/5881
f 882/5881 844/5890 901/5891
f 882/5881 901/5891 996/5892
f 996/5892 901/5891 838/5893
f 838/5893 901/5891 844/5890
f 844/5890 824/5888 817/5894
f 844/5890 817/5894 838/5893
f 817/5894 824/5888 736/5895
f 838/5893 817/5894 734/5896
f 817/5894 736/5895 740/5897
f 817/5894 740/5897 734/5896
f 740/5897 736/5895 692/5898
f 734/5896 740/5897 642/5899
f 642/5899 740/5897 692/5898
f 734/5896 642/5899 682/5900
f 642/5899 692/5898 661/5901
f 642/5899 661/5901 682/5900
f 101/5902 202/5903 96/5904
f 101/5902 96/5904 124/5905
f 202/5903 101/5902 148/5906
f 148/5906 101/5902 124/5905
f 202/5903 148/5906 306/5907
f 148/5906 124/5905 152/5908
f 306/5907 148/5906 215/5909
f 215/5909 148/5906 152/5908
f 306/5907 215/5909 290/5910
f 215/5909 152/5908 280/5911
f 215/5909 280/5911 290/5910
f 258/5912 397/5913 259/5914
f 259/5914 397/5913 416/5915
f 259/5914 416/5915 261/5916
f 259/5914 261/5916 3156/5917
f 441/5918 438/5919 397/5920
f 397/5920 438/5919 422/5921
f 422/5921 438/5919 387/5922
f 438/5919 441/5918 451/5923
f 438/5919 451/5923 401/5924
f 401/5924 451/5923 415/5925
f 600/5926 692/5927 669/5928
f 669/5928 692/5927 736/5929
f 600/5926 669/5928 686/5930
f 686/5930 669/5928 736/5929
f 600/5926 686/5930 611/5931
f 600/5926 611/5931 574/5932
f 574/5932 611/5931 665/5933
f 665/5933 611/5931 679/5934
f 679/5934 611/5931 645/5935
f 686/5930 736/5929 913/5936
f 913/5936 736/5929 824/5937
f 611/5931 686/5930 655/5938
f 655/5938 686/5930 644/5939
f 655/5938 644/5939 611/5931
f 644/5939 686/5930 913/5936
f 645/5935 611/5931 632/5940
f 632/5940 611/5931 644/5939
f 645/5935 632/5940 841/5941
f 841/5941 632/5940 644/5939
f 841/5941 644/5939 913/5936
f 645/5935 841/5941 902/5942
f 902/5942 841/5941 1243/5943
f 1243/5943 841/5941 913/5936
f 1243/5943 913/5936 1122/5944
f 1122/5944 913/5936 824/5937
f 1243/5943 1122/5944 1299/5945
f 1122/5944 824/5937 954/5946
f 1299/5945 1122/5944 1139/5947
f 1139/5947 1122/5944 954/5946
f 1139/5947 954/5946 1080/5948
f 1080/5948 954/5946 899/5949
f 308/5950 422/5951 387/5952
f 422/5951 308/5950 415/5953
f 415/5953 308/5950 321/5954
f 321/5954 308/5950 387/5952
f 415/5953 321/5954 401/5955
f 401/5955 321/5954 387/5952
f 401/5955 387/5952 438/5956
f 1065/5957 1017/5958 1021/5959
f 1021/5959 1017/5958 966/5960
f 1017/5958 1065/5957 1161/5961
f 966/5960 1017/5958 1019/5962
f 1017/5958 1161/5961 1133/5963
f 1017/5958 1133/5963 1019/5962
f 1133/5963 1161/5961 1286/5964
f 1133/5963 1286/5964 1287/5965
f 1019/5962 1133/5963 1124/5966
f 1124/5966 1133/5963 1287/5965
f 1019/5962 1124/5966 1168/5967
f 1124/5966 1287/5965 1302/5968
f 1302/5968 1287/5965 1457/5969
f 1168/5967 1124/5966 1204/5970
f 1124/5966 1302/5968 1319/5971
f 1124/5966 1319/5971 1204/5970
f 1319/5971 1302/5968 1488/5972
f 1168/5967 1204/5970 1214/5973
f 1214/5973 1204/5970 1319/5971
f 1168/5967 1214/5973 1190/5974
f 1319/5971 1488/5972 1367/5975
f 1319/5971 1367/5975 1214/5973
f 1367/5975 1488/5972 1394/5976
f 1214/5973 1367/5975 1306/5977
f 1214/5973 1306/5977 1190/5974
f 1306/5977 1367/5975 1394/5976
f 1190/5974 1306/5977 1314/5978
f 1314/5978 1306/5977 1394/5976
f 1190/5974 1314/5978 1265/5979
f 1314/5978 1394/5976 1346/5980
f 1314/5978 1346/5980 1265/5979
f 1346/5980 1394/5976 1470/5981
f 1265/5979 1346/5980 1222/5982
f 1065/5983 1149/5984 1180/5985
f 1265/5986 1222/5987 1149/5984
f 1149/5984 1222/5987 1180/5985
f 1065/5983 1180/5985 1263/5988
f 1065/5983 1263/5988 1161/5989
f 1161/5989 1263/5988 1286/5990
f 1263/5988 1180/5985 1382/5991
f 1180/5985 1222/5987 1395/5992
f 1180/5985 1395/5992 1382/5991
f 1395/5992 1222/5987 1346/5993
f 1395/5992 1346/5993 1470/5994
f 1382/5991 1395/5992 1507/5995
f 1382/5991 1507/5995 1263/5988
f 1507/5995 1395/5992 1470/5994
f 1507/5995 1470/5994 1488/5996
f 1488/5996 1470/5994 1394/5997
f 1263/5988 1507/5995 1457/5998
f 1457/5998 1507/5995 1488/5996
f 1263/5988 1457/5998 1286/5990
f 1457/5998 1488/5996 1302/5999
f 1286/5990 1457/5998 1287/6000
f 1366/6001 1373/6002 1336/6003
f 1373/6002 1366/6001 1408/6004
f 1336/6003 1373/6002 1598/6005
f 1373/6002 1408/6004 1407/6006
f 1373/6002 1407/6006 1571/6007
f 1373/6002 1571/6007 1598/6005
f 1571/6007 1407/6006 1642/6008
f 1598/6005 1571/6007 1681/6009
f 1681/6009 1571/6007 1642/6008
f 1598/6005 1681/6009 1686/6010
f 1681/6009 1642/6008 1678/6011
f 1678/6011 1642/6008 1686/6010
f 1678/6011 1686/6010 1681/6009
f 1398/6012 1336/6013 1598/6014
f 1398/6012 1598/6014 1686/6015
f 1398/6012 1686/6015 1642/6016
f 1398/6012 1642/6016 1407/6017
f 1348/6018 1426/6019 1435/6020
f 1426/6019 1348/6018 1365/6021
f 1426/6019 1365/6021 1343/6022
f 1343/6022 1365/6021 1348/6018
f 1348/6018 1435/6020 1216/6023
f 1216/6023 1435/6020 1575/6024
f 1216/6023 1575/6024 1553/6025
f 1553/6025 1575/6024 1802/6026
f 1216/6023 1553/6025 1159/6027
f 1159/6027 1553/6025 1427/6028
f 1159/6027 1427/6028 1175/6029
f 1175/6029 1427/6028 1350/6030
f 1350/6030 1427/6028 1415/6031
f 1415/6031 1427/6028 1533/6032
f 1553/6025 1802/6026 1562/6033
f 1553/6025 1562/6033 1427/6028
f 1427/6028 1562/6033 1533/6032
f 1562/6033 1802/6026 1778/6034
f 1562/6033 1778/6034 1533/6032
f 52/6035 62/6036 3005/6037
f 3005/6037 62/6036 2973/6038
f 2973/6038 62/6036 83/6039
f 488/6040 363/6041 378/6042
f 363/6041 488/6040 3153/6043
f 488/6040 378/6042 495/6044
f 488/6040 495/6044 586/6045
f 495/6044 378/6042 382/6046
f 382/6046 378/6042 320/6047
f 382/6046 320/6047 364/6048
f 382/6046 364/6048 376/6049
f 382/6046 376/6049 411/6050
f 586/6045 495/6044 549/6051
f 549/6051 495/6044 382/6046
f 586/6045 549/6051 492/6052
f 492/6052 549/6051 2970/6053
f 2970/6053 549/6051 457/6054
f 457/6054 549/6051 382/6046
f 382/6046 411/6050 404/6055
f 457/6054 382/6046 362/6056
f 362/6056 382/6046 404/6055
f 362/6056 404/6055 370/6057
f 457/6054 362/6056 304/6058
f 304/6058 362/6056 391/6059
f 348/6060 374/6061 305/6062
f 374/6061 348/6060 386/6063
f 386/6063 348/6060 305/6062
f 249/6064 224/6065 305/6066
f 305/6066 224/6065 386/6067
f 386/6067 224/6065 374/6068
f 249/6064 305/6066 374/6069
f 224/6065 249/6064 311/6070
f 311/6070 249/6064 374/6069
f 311/6070 374/6069 272/6071
f 272/6071 374/6069 224/6072
f 311/6070 272/6071 70/6073
f 311/6070 70/6073 155/6074
f 369/6075 376/6076 364/6077
f 376/6076 369/6075 370/6078
f 376/6076 370/6078 411/6079
f 411/6079 370/6078 404/6080
f 224/6081 155/6082 272/6083
f 155/6082 224/6081 311/6084
f 155/6085 272/6086 74/6087
f 295/6088 272/6089 70/6090
f 416/6091 397/6092 422/6093
f 416/6091 422/6093 415/6094
f 416/6091 415/6094 451/6095
f 416/6091 451/6095 261/6096
f 261/6096 451/6095 574/6097
f 574/6097 451/6095 441/6098
f 261/6096 574/6097 453/6099
f 453/6099 574/6097 641/6100
f 641/6100 574/6097 665/6101
f 453/6099 641/6100 648/6102
f 648/6102 641/6100 665/6101
f 453/6099 648/6102 492/6103
f 492/6103 648/6102 586/6104
f 586/6104 648/6102 748/6105
f 748/6105 648/6102 782/6106
f 782/6106 648/6102 665/6101
f 782/6106 665/6101 865/6107
f 1237/6108 1175/6109 1350/6110
f 1175/6109 1237/6108 1293/6111
f 1237/6108 1350/6110 1403/6112
f 1237/6108 1403/6112 1293/6111
f 1293/6111 1403/6112 1325/6113
f 1403/6112 1350/6110 1415/6114
f 1325/6113 1403/6112 1316/6115
f 1426/6116 1343/6117 1316/6115
f 1426/6116 1316/6115 1435/6118
f 1435/6118 1316/6115 1403/6112
f 1403/6112 1415/6114 1509/6119
f 1435/6118 1403/6112 1541/6120
f 1541/6120 1403/6112 1509/6119
f 1435/6118 1541/6120 1575/6121
f 1509/6119 1415/6114 1597/6122
f 1509/6119 1597/6122 1541/6120
f 1597/6122 1415/6114 1533/6123
f 1597/6122 1533/6123 1778/6124
f 1575/6121 1541/6120 1846/6125
f 1575/6121 1846/6125 1802/6126
f 1541/6120 1597/6122 1822/6127
f 1822/6127 1597/6122 1778/6124
f 1541/6120 1822/6127 1846/6125
f 1822/6127 1778/6124 1802/6126
f 1822/6127 1802/6126 1846/6125
f 665/6128 679/6129 755/6130
f 665/6128 755/6130 907/6131
f 665/6128 907/6131 865/6132
f 755/6130 679/6129 923/6133
f 755/6130 923/6133 907/6131
f 923/6133 679/6129 902/6134
f 902/6134 679/6129 645/6135
f 907/6131 923/6133 1015/6136
f 1015/6136 923/6133 902/6134
f 907/6131 1015/6136 1080/6137
f 907/6131 1080/6137 899/6138
f 1015/6136 902/6134 1043/6139
f 1015/6136 1043/6139 1080/6137
f 1043/6139 902/6134 1048/6140
f 1080/6137 1043/6139 1112/6141
f 1112/6141 1043/6139 1048/6140
f 1080/6137 1112/6141 1139/6142
f 1048/6140 902/6134 1259/6143
f 1048/6140 1259/6143 1112/6141
f 1259/6143 902/6134 1243/6144
f 1139/6142 1112/6141 1320/6145
f 1320/6145 1112/6141 1259/6143
f 1320/6145 1259/6143 1243/6144
f 1139/6142 1320/6145 1299/6146
f 1299/6146 1320/6145 1243/6144
f 893/6147 916/6148 835/6149
f 276/6150 620/6151 66/6152
f 66/6152 620/6151 75/6153
f 66/6152 75/6153 2954/6154
f 66/6152 2954/6154 3000/6155
f 2954/6154 75/6153 2944/6156
f 2944/6156 75/6153 68/6157
f 822/6158 1150/6159 1024/6160
f 1024/6160 1150/6159 1218/6161
f 1218/6161 1150/6159 1372/6162
f 1218/6161 1372/6162 1530/6163
f 75/6164 745/6165 329/6166
f 1662/6167 1530/6168 1715/6169
f 1530/6168 1662/6167 1587/6170
f 1662/6167 1715/6169 1789/6171
f 1587/6170 1662/6167 1604/6172
f 1587/6170 1604/6172 1634/6173
f 1634/6173 1604/6172 1662/6167
f 1997/6174 1769/6175 1789/6171
f 1789/6171 1769/6175 1662/6167
f 1634/6173 1662/6167 1723/6176
f 1634/6173 1723/6176 1886/6177
f 1634/6173 1886/6177 1751/6178
f 1751/6178 1886/6177 1795/6179
f 1886/6177 1723/6176 1898/6180
f 1723/6176 1662/6167 1805/6181
f 1723/6176 1805/6181 1898/6180
f 1772/6182 1662/6167 1769/6175
f 1662/6167 1772/6182 1805/6181
f 1772/6182 1769/6175 1887/6183
f 1887/6183 1769/6175 1760/6184
f 1887/6183 1760/6184 1764/6185
f 1887/6183 1764/6185 1819/6186
f 1887/6183 1819/6186 1821/6187
f 1887/6183 1821/6187 1772/6182
f 1821/6187 1819/6186 1934/6188
f 1906/6189 1805/6181 1772/6182
f 1906/6189 1772/6182 1821/6187
f 1854/6190 1898/6180 1805/6181
f 1854/6190 1805/6181 1906/6189
f 1898/6180 1854/6190 1886/6177
f 1821/6187 1934/6188 1796/6191
f 1796/6191 1934/6188 1865/6192
f 1796/6191 1865/6192 1775/6193
f 1906/6189 1821/6187 1765/6194
f 1765/6194 1821/6187 1796/6191
f 1906/6189 1765/6194 1854/6190
f 1796/6191 1775/6193 2021/6195
f 1796/6191 2021/6195 1765/6194
f 1854/6190 1765/6194 1927/6196
f 1927/6196 1765/6194 2021/6195
f 1854/6190 1927/6196 2042/6197
f 2042/6197 1927/6196 2021/6195
f 2045/6198 1886/6177 1854/6190
f 2045/6198 1854/6190 2042/6197
f 1886/6177 2045/6198 1795/6179
f 1795/6179 2045/6198 1953/6199
f 1953/6199 2045/6198 2026/6200
f 2042/6197 2021/6195 2069/6201
f 2062/6202 2021/6195 1775/6193
f 2021/6195 2062/6202 2069/6201
f 2062/6202 1775/6193 2025/6203
f 2042/6197 2069/6201 2082/6204
f 2082/6204 2069/6201 2062/6202
f 2042/6197 2082/6204 2045/6198
f 2062/6202 2025/6203 2095/6205
f 2062/6202 2095/6205 2082/6204
f 2095/6205 2025/6203 1983/6206
f 2045/6198 2082/6204 2159/6207
f 2045/6198 2159/6207 2026/6200
f 2082/6204 2095/6205 2161/6208
f 2095/6205 1983/6206 2118/6209
f 2095/6205 2118/6209 2161/6208
f 2161/6208 2118/6209 2150/6210
f 2118/6209 1983/6206 2026/6211
f 2026/6211 1983/6206 1953/6212
f 2082/6204 2161/6208 2181/6213
f 2082/6204 2181/6213 2159/6207
f 2159/6207 2181/6213 2225/6214
f 2159/6207 2225/6214 2152/6215
f 2159/6207 2152/6215 2115/6216
f 2159/6207 2115/6216 2026/6200
f 2026/6200 2115/6216 2118/6217
f 1508/6218 1472/6219 1466/6220
f 1472/6219 1508/6218 1511/6221
f 1508/6218 1466/6220 1406/6222
f 1406/6222 1466/6220 1443/6223
f 1406/6222 1443/6223 1508/6218
f 1508/6218 1443/6223 1546/6224
f 1508/6218 1546/6224 1511/6221
f 1511/6221 1546/6224 1567/6225
f 1567/6225 1546/6224 1648/6226
f 1480/6227 1445/6228 1472/6229
f 1480/6227 1472/6229 1511/6230
f 1480/6227 1511/6230 1556/6231
f 1480/6227 1556/6231 1595/6232
f 1556/6231 1511/6230 1631/6233
f 1556/6231 1631/6233 1595/6232
f 1631/6233 1511/6230 1567/6234
f 1595/6232 1631/6233 1578/6235
f 1631/6233 1567/6234 1615/6236
f 1615/6236 1567/6234 1648/6237
f 1631/6233 1615/6236 1664/6238
f 1664/6238 1615/6236 1648/6237
f 1578/6235 1631/6233 1725/6239
f 1578/6235 1725/6239 1775/6240
f 1775/6240 1725/6239 2025/6241
f 2025/6241 1725/6239 1901/6242
f 2025/6241 1901/6242 1983/6243
f 1725/6239 1631/6233 1755/6244
f 1755/6244 1631/6233 1664/6238
f 1725/6239 1755/6244 1901/6242
f 1901/6242 1755/6244 1983/6243
f 1755/6244 1664/6238 1648/6237
f 1983/6243 1755/6244 1953/6245
f 1953/6245 1755/6244 1795/6246
f 1795/6246 1755/6244 1648/6237
f 1795/6246 1648/6237 1751/6247
f 1751/6247 1648/6237 1634/6248
f 1634/6248 1648/6237 1546/6249
f 2064/6250 2005/6251 2024/6252
f 2428/6253 2486/6254 2530/6255
f 2530/6255 2486/6254 2567/6256
f 2428/6253 2530/6255 2437/6257
f 2567/6258 2486/6259 2428/6260
f 2567/6258 2428/6260 2437/6261
f 2254/6262 2226/6263 2146/6264
f 2146/6264 2226/6263 2168/6265
f 2168/6266 2208/6267 2146/6268
f 2146/6268 2208/6267 2254/6269
f 2168/6270 2147/6271 2152/6272
f 2147/6271 2168/6270 2226/6273
f 2147/6271 2226/6273 2193/6274
f 2193/6274 2226/6273 2257/6275
f 2193/6274 2257/6275 2147/6271
f 2257/6275 2226/6273 2290/6276
f 2152/6272 2147/6271 2178/6277
f 2178/6277 2147/6271 2257/6275
f 2257/6275 2290/6276 2305/6278
f 2152/6272 2178/6277 2229/6279
f 2152/6272 2229/6279 2115/6280
f 2115/6280 2229/6279 2118/6281
f 2118/6281 2229/6279 2150/6282
f 2150/6282 2229/6279 2258/6283
f 2258/6283 2229/6279 2396/6284
f 2229/6279 2178/6277 2259/6285
f 2229/6279 2259/6285 2396/6284
f 2259/6285 2178/6277 2257/6275
f 2259/6285 2257/6275 2277/6286
f 2277/6286 2257/6275 2305/6278
f 2396/6284 2259/6285 2484/6287
f 2259/6285 2277/6286 2375/6288
f 2375/6288 2277/6286 2305/6278
f 2259/6285 2375/6288 2484/6287
f 2484/6287 2375/6288 2514/6289
f 2375/6288 2305/6278 2617/6290
f 2375/6288 2617/6290 2514/6289
f 2514/6289 2617/6290 2484/6287
f 2617/6290 2305/6278 2471/6291
f 2484/6287 2617/6290 2608/6292
f 2225/6293 2208/6294 2152/6295
f 2152/6295 2208/6294 2168/6296
f 2208/6294 2225/6293 2287/6297
f 2208/6294 2287/6297 2254/6298
f 2254/6298 2287/6297 2318/6299
f 2254/6298 2318/6299 2290/6300
f 2318/6299 2287/6297 2362/6301
f 2287/6297 2225/6293 2285/6302
f 2287/6297 2285/6302 2362/6301
f 2285/6302 2225/6293 2317/6303
f 2317/6303 2225/6293 2181/6304
f 2362/6301 2285/6302 2359/6305
f 2359/6305 2285/6302 2317/6303
f 2362/6301 2359/6305 2318/6299
f 2317/6303 2181/6304 2297/6306
f 2297/6306 2181/6304 2161/6307
f 2297/6306 2161/6307 2406/6308
f 2317/6303 2297/6306 2489/6309
f 2317/6303 2489/6309 2359/6305
f 2297/6306 2406/6308 2465/6310
f 2297/6306 2465/6310 2489/6309
f 2465/6310 2406/6308 2582/6311
f 2465/6310 2582/6311 2489/6309
f 2582/6311 2406/6308 2450/6312
f 2582/6311 2450/6312 2549/6313
f 2582/6311 2549/6313 2636/6314
f 2636/6314 2549/6313 2526/6315
f 2636/6314 2526/6315 2575/6316
f 2582/6311 2636/6314 2603/6317
f 2582/6311 2603/6317 2489/6309
f 2489/6309 2603/6317 2359/6305
f 2359/6305 2603/6317 2537/6318
f 2537/6318 2603/6317 2637/6319
f 2637/6319 2603/6317 2676/6320
f 2359/6305 2537/6318 2323/6321
f 2323/6321 2537/6318 2637/6319
f 2323/6321 2637/6319 2471/6322
f 2359/6305 2323/6321 2318/6299
f 2318/6299 2323/6321 2352/6323
f 2254/6324 2290/6325 2226/6326
f 2290/6327 2318/6328 2352/6329
f 2290/6327 2352/6329 2305/6330
f 2305/6330 2352/6329 2471/6331
f 2471/6331 2352/6329 2323/6332
f 2150/6333 2258/6334 2363/6335
f 2150/6333 2363/6335 2406/6336
f 2150/6333 2406/6336 2161/6337
f 2363/6335 2258/6334 2426/6338
f 2426/6338 2258/6334 2396/6339
f 2406/6336 2363/6335 2433/6340
f 2433/6340 2363/6335 2426/6338
f 2406/6336 2433/6340 2450/6341
f 2426/6338 2396/6339 2458/6342
f 2426/6338 2458/6342 2433/6340
f 2450/6341 2433/6340 2474/6343
f 2474/6343 2433/6340 2458/6342
f 2450/6341 2474/6343 2549/6344
f 2549/6344 2474/6343 2526/6345
f 2526/6345 2474/6343 2455/6346
f 2526/6345 2455/6346 2575/6347
f 2455/6346 2474/6343 2458/6342
f 2484/6348 2458/6342 2396/6339
f 2455/6346 2458/6342 2564/6349
f 2455/6346 2564/6349 2645/6350
f 2645/6350 2564/6349 2661/6351
f 2564/6349 2458/6342 2614/6352
f 2564/6349 2614/6352 2661/6351
f 2614/6352 2458/6342 2484/6348
f 2661/6351 2614/6352 2714/6353
f 2608/6354 2613/6355 2484/6348
f 2484/6348 2613/6355 2544/6356
f 2484/6348 2544/6356 2614/6352
f 2544/6356 2613/6355 2664/6357
f 2544/6356 2664/6357 2601/6358
f 2544/6356 2601/6358 2658/6359
f 2658/6359 2601/6358 2664/6357
f 2544/6356 2658/6359 2614/6352
f 2658/6359 2664/6357 2759/6360
f 2658/6359 2759/6360 2614/6352
f 2759/6360 2664/6357 2748/6361
f 2759/6360 2748/6361 2760/6362
f 2759/6360 2760/6362 2792/6363
f 2614/6352 2759/6360 2775/6364
f 2775/6364 2759/6360 2792/6363
f 2614/6352 2775/6364 2660/6365
f 2775/6364 2792/6363 2799/6366
f 2660/6365 2775/6364 2790/6367
f 2790/6367 2775/6364 2799/6366
f 2660/6365 2790/6367 2710/6368
f 2790/6367 2799/6366 2807/6369
f 2710/6368 2790/6367 2779/6370
f 2779/6370 2790/6367 2807/6369
f 2541/6371 2568/6372 2591/6373
f 2568/6372 2541/6371 2650/6374
f 2591/6373 2568/6372 2471/6375
f 2650/6374 2541/6371 2680/6376
f 2680/6376 2541/6371 2591/6373
f 2591/6373 2471/6375 2629/6377
f 2629/6377 2471/6375 2637/6378
f 2629/6377 2637/6378 2676/6379
f 2629/6377 2676/6379 2591/6373
f 2591/6373 2676/6379 2680/6376
f 2680/6376 2676/6379 2697/6380
f 2650/6374 2680/6376 2753/6381
f 2650/6374 2753/6381 2664/6382
f 2664/6382 2753/6381 2758/6383
f 2758/6383 2753/6381 2680/6376
f 2758/6383 2680/6376 2697/6380
f 2758/6383 2697/6380 2747/6384
f 2471/6385 2568/6386 2626/6387
f 2471/6385 2626/6387 2617/6388
f 2617/6388 2626/6387 2608/6389
f 2608/6389 2626/6387 2568/6386
f 2608/6389 2568/6386 2650/6390
f 2608/6389 2650/6390 2613/6391
f 2613/6391 2650/6390 2664/6392
f 2760/6393 2757/6394 2773/6395
f 2773/6395 2757/6394 2758/6396
f 2758/6396 2757/6394 2664/6397
f 2664/6397 2757/6394 2748/6398
f 2748/6398 2757/6394 2760/6393
f 2760/6393 2773/6395 2813/6399
f 2760/6393 2813/6399 2792/6400
f 2813/6399 2773/6395 2827/6401
f 2792/6400 2813/6399 2799/6402
f 2799/6402 2813/6399 2827/6401
f 2799/6402 2827/6401 2831/6403
f 2799/6402 2831/6403 2807/6404
f 2758/6405 2826/6406 2773/6407
f 2773/6407 2826/6406 2840/6408
f 2826/6406 2758/6405 2800/6409
f 2800/6409 2758/6405 2747/6410
f 2826/6406 2800/6409 2814/6411
f 2826/6406 2814/6411 2836/6412
f 2836/6412 2814/6411 2823/6413
f 2840/6408 2826/6406 2844/6414
f 2840/6408 2844/6414 2848/6415
f 2848/6415 2844/6414 2854/6416
f 2854/6416 2844/6414 2831/6417
f 2747/6418 2697/6419 2656/6420
f 2656/6420 2697/6419 2665/6421
f 2665/6421 2697/6419 2676/6422
f 2665/6421 2676/6422 2603/6423
f 2665/6421 2603/6423 2636/6424
f 2665/6421 2636/6424 2713/6425
f 2747/6418 2656/6420 2745/6426
f 2747/6418 2745/6426 2800/6427
f 2656/6420 2665/6421 2677/6428
f 2677/6428 2665/6421 2713/6425
f 2656/6420 2677/6428 2745/6426
f 2800/6427 2745/6426 2814/6429
f 2745/6426 2677/6428 2728/6430
f 2728/6430 2677/6428 2713/6425
f 2745/6426 2728/6430 2814/6429
f 2728/6430 2713/6425 2729/6431
f 2729/6431 2713/6425 2752/6432
f 2814/6429 2728/6430 2774/6433
f 2774/6433 2728/6430 2729/6431
f 2814/6429 2774/6433 2823/6434
f 2729/6431 2752/6432 2742/6435
f 2742/6435 2752/6432 2818/6436
f 2729/6431 2742/6435 2766/6437
f 2729/6431 2766/6437 2774/6433
f 2766/6437 2742/6435 2818/6436
f 2823/6434 2774/6433 2816/6438
f 2816/6438 2774/6433 2766/6437
f 2823/6434 2816/6438 2836/6439
f 2816/6438 2766/6437 2818/6436
f 2816/6438 2818/6436 2865/6440
f 2816/6438 2865/6440 2866/6441
f 2866/6441 2865/6440 2895/6442
f 2865/6440 2818/6436 2874/6443
f 2865/6440 2874/6443 2895/6442
f 2874/6443 2818/6436 2886/6444
f 2895/6442 2874/6443 2911/6445
f 2911/6445 2874/6443 2886/6444
f 2895/6442 2911/6445 2910/6446
f 2911/6445 2886/6444 2916/6447
f 2910/6446 2911/6445 2925/6448
f 2911/6445 2916/6447 2926/6449
f 2911/6445 2926/6449 2925/6448
f 2818/6450 2752/6451 2811/6452
f 2818/6450 2811/6452 2886/6453
f 2811/6452 2752/6451 2778/6454
f 2886/6453 2811/6452 2875/6455
f 2875/6455 2811/6452 2778/6454
f 2778/6454 2752/6451 2755/6456
f 2755/6456 2752/6451 2743/6457
f 2755/6456 2743/6457 2740/6458
f 2778/6454 2755/6456 2822/6459
f 2822/6459 2755/6456 2740/6458
f 2778/6454 2822/6459 2875/6455
f 2822/6459 2740/6458 2857/6460
f 2873/6461 2886/6453 2875/6455
f 2873/6461 2875/6455 2822/6459
f 2873/6461 2822/6459 2857/6460
f 2886/6453 2873/6461 2916/6462
f 2873/6461 2857/6460 2900/6463
f 2873/6461 2900/6463 2916/6462
f 2916/6462 2900/6463 2907/6464
f 2907/6464 2900/6463 2912/6465
f 2900/6463 2857/6460 2893/6466
f 2912/6465 2900/6463 2899/6467
f 2900/6463 2893/6466 2921/6468
f 2900/6463 2921/6468 2899/6467
f 2921/6468 2893/6466 2927/6469
f 2899/6467 2921/6468 2918/6470
f 2918/6470 2921/6468 2927/6469
f 2710/6471 2779/6472 2741/6473
f 2741/6473 2779/6472 2795/6474
f 2795/6474 2779/6472 2802/6475
f 2795/6474 2802/6475 2741/6473
f 2802/6475 2779/6472 2807/6476
f 2802/6475 2807/6476 2864/6477
f 2802/6475 2864/6477 2741/6473
f 2864/6477 2807/6476 2866/6478
f 2864/6477 2866/6478 2895/6479
f 2723/6480 2710/6471 2741/6473
f 2864/6477 2895/6479 2884/6481
f 2884/6481 2895/6479 2910/6482
f 2864/6477 2884/6481 2876/6483
f 2884/6481 2910/6482 2889/6484
f 2884/6481 2889/6484 2876/6483
f 2864/6477 2876/6483 2855/6485
f 2855/6485 2876/6483 2889/6484
f 2770/6486 2741/6473 2864/6477
f 2770/6486 2864/6477 2855/6485
f 2741/6473 2770/6486 2723/6480
f 2889/6484 2910/6482 2913/6487
f 2913/6487 2910/6482 2928/6488
f 2913/6487 2928/6488 2926/6489
f 2913/6487 2926/6489 2916/6490
f 2913/6487 2916/6490 2907/6491
f 2723/6480 2770/6486 2784/6492
f 2784/6492 2770/6486 2855/6485
f 2913/6487 2907/6491 2899/6493
f 2899/6493 2907/6491 2912/6494
f 2913/6487 2899/6493 2870/6495
f 2913/6487 2870/6495 2889/6484
f 2868/6496 2855/6485 2889/6484
f 2868/6496 2889/6484 2870/6495
f 2855/6485 2868/6496 2784/6492
f 2868/6496 2870/6495 2843/6497
f 2843/6497 2870/6495 2899/6493
f 2868/6496 2843/6497 2784/6492
f 2880/6498 2899/6493 2918/6499
f 2899/6493 2880/6498 2843/6497
f 2843/6497 2880/6498 2805/6500
f 2784/6492 2843/6497 2735/6501
f 2784/6492 2735/6501 2723/6480
f 2735/6501 2843/6497 2732/6502
f 2732/6502 2843/6497 2805/6500
f 2805/6500 2880/6498 2847/6503
f 2735/6501 2732/6502 2661/6504
f 2661/6504 2732/6502 2805/6500
f 2723/6480 2735/6501 2714/6505
f 2714/6505 2735/6501 2661/6504
f 2723/6480 2714/6505 2710/6471
f 2710/6471 2714/6505 2660/6506
f 2660/6506 2714/6505 2614/6507
f 2661/6504 2805/6500 2806/6508
f 2806/6508 2805/6500 2847/6503
f 2661/6504 2806/6508 2808/6509
f 2806/6508 2847/6503 2821/6510
f 2806/6508 2821/6510 2808/6509
f 2808/6509 2821/6510 2847/6503
f 2661/6504 2808/6509 2701/6511
f 2808/6509 2847/6503 2862/6512
f 2701/6511 2808/6509 2793/6513
f 2793/6513 2808/6509 2862/6512
f 2701/6511 2793/6513 2722/6514
f 2793/6513 2862/6512 2888/6515
f 2722/6514 2793/6513 2796/6516
f 2796/6516 2793/6513 2888/6515
f 2722/6514 2796/6516 2743/6517
f 2722/6514 2743/6517 2636/6518
f 2636/6518 2743/6517 2713/6519
f 2713/6519 2743/6517 2752/6520
f 2743/6517 2796/6516 2812/6521
f 2812/6521 2796/6516 2888/6515
f 2743/6517 2812/6521 2740/6522
f 2812/6521 2888/6515 2857/6523
f 2812/6521 2857/6523 2740/6522
f 2848/6524 2854/6525 2850/6526
f 2850/6526 2854/6525 2831/6527
f 2848/6524 2850/6526 2834/6528
f 2834/6528 2850/6526 2831/6527
f 2848/6524 2834/6528 2840/6529
f 2834/6528 2831/6527 2827/6530
f 2834/6528 2827/6530 2840/6529
f 2840/6529 2827/6530 2773/6531
f 2826/6532 2836/6533 2844/6534
f 2844/6534 2836/6533 2838/6535
f 2838/6535 2836/6533 2816/6536
f 2844/6534 2838/6535 2831/6537
f 2838/6535 2816/6536 2866/6538
f 2838/6535 2866/6538 2831/6537
f 2831/6537 2866/6538 2807/6539
f 2928/6540 2925/6541 2933/6542
f 2925/6541 2928/6540 2910/6543
f 2928/6540 2933/6542 2926/6544
f 2926/6544 2933/6542 2925/6541
f 5989/6545 5986/6546 5987/6547
f 5986/6546 5989/6545 5981/6548
f 5981/6548 5989/6545 5987/6547
f 5770/6549 5819/6550 5720/6551
f 5720/6551 5819/6550 5676/6552
f 5328/6553 5299/6554 5321/6555
f 5321/6555 5299/6554 5277/6556
f 5321/6555 5277/6556 5328/6553
f 5328/6553 5277/6556 5274/6557
f 5299/6558 5328/6559 5363/6560
f 5363/6560 5328/6559 5274/6561
f 5363/6560 5274/6561 5401/6562
f 5401/6562 5274/6561 5327/6563
f 5327/6563 5274/6561 5267/6564
f 5267/6564 5274/6561 5271/6565
f 5299/6566 5242/6567 5277/6568
f 5242/6567 5299/6566 5223/6569
f 5277/6568 5242/6567 5274/6570
f 5274/6570 5242/6567 5271/6571
f 5362/6572 5299/6573 5363/6574
f 5362/6572 5363/6574 5401/6575
f 5362/6572 5401/6575 5351/6576
f 5299/6573 5362/6572 5311/6577
f 5311/6577 5362/6572 5351/6576
f 5311/6577 5351/6576 5310/6578
f 5311/6577 5310/6578 5260/6579
f 5311/6577 5260/6579 5240/6580
f 5311/6577 5240/6580 5299/6573
f 5299/6573 5240/6580 5223/6581
f 5223/6581 5240/6580 5181/6582
f 5414/6583 5351/6576 5401/6575
f 5414/6583 5401/6575 5425/6584
f 5425/6584 5401/6575 5327/6585
f 5425/6584 5327/6585 5457/6586
f 5457/6586 5327/6585 5492/6587
f 5457/6586 5492/6587 5425/6584
f 5492/6587 5327/6585 5386/6588
f 5425/6584 5492/6587 5558/6589
f 5558/6589 5492/6587 5386/6588
f 5425/6584 5558/6589 5414/6583
f 5558/6589 5386/6588 5419/6590
f 5414/6583 5558/6589 5588/6591
f 5414/6583 5588/6591 5470/6592
f 5558/6589 5419/6590 5569/6593
f 5588/6591 5558/6589 5594/6594
f 5594/6594 5558/6589 5569/6593
f 5569/6593 5419/6590 5582/6595
f 5569/6593 5582/6595 5594/6594
f 5582/6595 5419/6590 5412/6596
f 5582/6595 5412/6596 5437/6597
f 5582/6595 5437/6597 5594/6594
f 5437/6597 5412/6596 5473/6598
f 5437/6597 5473/6598 5594/6594
f 5595/6599 5588/6591 5594/6594
f 5594/6594 5473/6598 5596/6600
f 5594/6594 5596/6600 5595/6599
f 5595/6599 5596/6600 5576/6601
f 5138/6602 5157/6603 5171/6604
f 5157/6603 5138/6602 5116/6605
f 5138/6602 5171/6604 5090/6606
f 5116/6605 5138/6602 5020/6607
f 5116/6605 5020/6607 5022/6608
f 5022/6608 5020/6607 5039/6609
f 5039/6609 5020/6607 5138/6602
f 5039/6609 5138/6602 5090/6606
f 5039/6609 5090/6606 4919/6610
f 5188/6611 5242/6612 5223/6613
f 5242/6612 5188/6611 5271/6614
f 5188/6611 5223/6613 5179/6615
f 5179/6615 5223/6613 5181/6616
f 5179/6615 5181/6616 5122/6617
f 5179/6615 5122/6617 5013/6618
f 5013/6618 5122/6617 5038/6619
f 5188/6611 5179/6615 5137/6620
f 5137/6620 5179/6615 5013/6618
f 5013/6618 5038/6619 4991/6621
f 5013/6618 4991/6621 4948/6622
f 5013/6618 4948/6622 4867/6623
f 5013/6618 4867/6623 5137/6620
f 4948/6622 4991/6621 4825/6624
f 4948/6622 4825/6624 4867/6623
f 4825/6624 4991/6621 4873/6625
f 4873/6625 4991/6621 4896/6626
f 5137/6620 4867/6623 5023/6627
f 4867/6623 4825/6624 4849/6628
f 4867/6623 4849/6628 5023/6627
f 5137/6620 5023/6627 5061/6629
f 5061/6629 5023/6627 4849/6628
f 5137/6620 5061/6629 5149/6630
f 5137/6620 5149/6630 5188/6611
f 5149/6630 5061/6629 5252/6631
f 4849/6628 4825/6624 4804/6632
f 4804/6632 4825/6624 4873/6625
f 4849/6628 4804/6632 4534/6633
f 4534/6633 4804/6632 4532/6634
f 4534/6633 4532/6634 4028/6635
f 4804/6632 4873/6625 4682/6636
f 4804/6632 4682/6636 4532/6634
f 4682/6636 4873/6625 4896/6626
f 4532/6634 4682/6636 4373/6637
f 4682/6636 4896/6626 4638/6638
f 4682/6636 4638/6638 4373/6637
f 4638/6638 4896/6626 4794/6639
f 4373/6637 4638/6638 4521/6640
f 4373/6637 4521/6640 4052/6641
f 5302/6642 5149/6630 5252/6631
f 5302/6642 5252/6631 5282/6643
f 5149/6630 5302/6642 5354/6644
f 5149/6630 5354/6644 5188/6611
f 5188/6611 5354/6644 5271/6614
f 5271/6614 5354/6644 5267/6645
f 5354/6644 5302/6642 5377/6646
f 5377/6646 5302/6642 5282/6643
f 5354/6644 5377/6646 5444/6647
f 5444/6647 5377/6646 5431/6648
f 5444/6647 5431/6648 5473/6649
f 5377/6646 5282/6643 5382/6650
f 5377/6646 5382/6650 5431/6648
f 5382/6650 5282/6643 5384/6651
f 5473/6649 5431/6648 5465/6652
f 5465/6652 5431/6648 5382/6650
f 5473/6649 5465/6652 5596/6653
f 5465/6652 5382/6650 5384/6651
f 5596/6653 5465/6652 5576/6654
f 5576/6654 5465/6652 5503/6655
f 5384/6651 5282/6643 5355/6656
f 5503/6655 5465/6652 5471/6657
f 5471/6657 5465/6652 5384/6651
f 5503/6655 5471/6657 5515/6658
f 5515/6658 5471/6657 5448/6659
f 5448/6659 5471/6657 5384/6651
f 5515/6658 5448/6659 5518/6660
f 5518/6660 5448/6659 5423/6661
f 5423/6661 5448/6659 5384/6651
f 5423/6661 5384/6651 5355/6656
f 5423/6661 5355/6656 5428/6662
f 5423/6661 5428/6662 5456/6663
f 5423/6661 5456/6663 5450/6664
f 5386/6665 5327/6666 5267/6667
f 5386/6665 5267/6667 5412/6668
f 5386/6665 5412/6668 5419/6669
f 5412/6668 5267/6667 5444/6670
f 5444/6670 5267/6667 5354/6671
f 5412/6668 5444/6670 5473/6672
f 5240/6673 5208/6674 5171/6675
f 5208/6674 5240/6673 5221/6676
f 5221/6676 5240/6673 5260/6677
f 5171/6675 5208/6674 5126/6678
f 5126/6678 5208/6674 5221/6676
f 5221/6676 5260/6677 5168/6679
f 5168/6679 5260/6677 5195/6680
f 5221/6676 5168/6679 5126/6678
f 5171/6675 5126/6678 5090/6681
f 5126/6678 5168/6679 5118/6682
f 5090/6681 5126/6678 4868/6683
f 5090/6681 4868/6683 4919/6684
f 4919/6684 4868/6683 4809/6685
f 4868/6683 5126/6678 4837/6686
f 4837/6686 5126/6678 5118/6682
f 4809/6685 4868/6683 4658/6687
f 4658/6687 4868/6683 4837/6686
f 4658/6687 4837/6686 4764/6688
f 4837/6686 5118/6682 4957/6689
f 4837/6686 4957/6689 4764/6688
f 4957/6689 5118/6682 5065/6690
f 5065/6690 5118/6682 5272/6691
f 5065/6690 5272/6691 5087/6692
f 5065/6690 5087/6692 4957/6689
f 4957/6689 5087/6692 4960/6693
f 4960/6693 5087/6692 5042/6694
f 4764/6688 4957/6689 4908/6695
f 4908/6695 4957/6689 4960/6693
f 4764/6688 4908/6695 4716/6696
f 4960/6693 5042/6694 4926/6697
f 4960/6693 4926/6697 4777/6698
f 4772/6699 4777/6698 4716/6696
f 4777/6698 4772/6699 4960/6693
f 4772/6699 4716/6696 4908/6695
f 4772/6699 4908/6695 4960/6693
f 4812/6700 5063/6701 4658/6687
f 4658/6687 5063/6701 4746/6702
f 4658/6687 4746/6702 4809/6685
f 4746/6702 5063/6701 4836/6703
f 4836/6703 5063/6701 4827/6704
f 4836/6703 4827/6704 4703/6705
f 4746/6702 4836/6703 4705/6706
f 4746/6702 4705/6706 4809/6685
f 4705/6706 4836/6703 4703/6705
f 4809/6685 4705/6706 4794/6707
f 4705/6706 4703/6705 4638/6708
f 4705/6706 4638/6708 4794/6707
f 5240/6709 5171/6710 5181/6711
f 5181/6711 5171/6710 5122/6712
f 5122/6712 5171/6710 5157/6713
f 5122/6712 5157/6713 5038/6714
f 5038/6714 5157/6713 5080/6715
f 5080/6715 5157/6713 5116/6716
f 5038/6714 5080/6715 4991/6717
f 5080/6715 5116/6716 5022/6718
f 4991/6717 5080/6715 4896/6719
f 4896/6719 5080/6715 5022/6718
f 4896/6719 5022/6718 5039/6720
f 4896/6719 5039/6720 4919/6721
f 4896/6719 4919/6721 4794/6722
f 4794/6722 4919/6721 4809/6723
f 5489/6724 5272/6725 5305/6726
f 5305/6726 5272/6725 5118/6727
f 5305/6726 5118/6727 5335/6728
f 5305/6726 5335/6728 5489/6724
f 5489/6724 5335/6728 5353/6729
f 5489/6724 5353/6729 5303/6730
f 5272/6725 5489/6724 5273/6731
f 5273/6731 5489/6724 5303/6730
f 5272/6725 5273/6731 5087/6732
f 5087/6732 5273/6731 5303/6730
f 5335/6733 5118/6734 5168/6735
f 5335/6733 5168/6735 5353/6736
f 5353/6736 5168/6735 5165/6737
f 5165/6737 5168/6735 5195/6738
f 5353/6736 5165/6737 5303/6739
f 5165/6737 5195/6738 5110/6740
f 5165/6737 5110/6740 5303/6739
f 5303/6739 5110/6740 5087/6741
f 5087/6741 5110/6740 5042/6742
f 5385/6743 5414/6744 5470/6745
f 5385/6743 5470/6745 5452/6746
f 5452/6746 5470/6745 5588/6747
f 5404/6748 5375/6749 5385/6743
f 5404/6748 5385/6743 5452/6746
f 5404/6748 5452/6746 5392/6750
f 5392/6750 5452/6746 5426/6751
f 5426/6751 5452/6746 5511/6752
f 5511/6752 5452/6746 5588/6747
f 5426/6751 5511/6752 5459/6753
f 5511/6752 5588/6747 5553/6754
f 5553/6754 5588/6747 5595/6755
f 5459/6753 5511/6752 5498/6756
f 5498/6756 5511/6752 5553/6754
f 5459/6753 5498/6756 5458/6757
f 5458/6757 5498/6756 5553/6754
f 5459/6753 5458/6757 5526/6758
f 5459/6753 5526/6758 5365/6759
f 5458/6757 5553/6754 5494/6760
f 5458/6757 5494/6760 5526/6758
f 5494/6760 5553/6754 5684/6761
f 5684/6761 5553/6754 5651/6762
f 5684/6761 5651/6762 5744/6763
f 5494/6760 5684/6761 5493/6764
f 5494/6760 5493/6764 5526/6758
f 5684/6761 5744/6763 5743/6765
f 5743/6765 5744/6763 5781/6766
f 5684/6761 5743/6765 5637/6767
f 5684/6761 5637/6767 5493/6764
f 5743/6765 5781/6766 5694/6768
f 5743/6765 5694/6768 5637/6767
f 5694/6768 5781/6766 5736/6769
f 5637/6767 5694/6768 5742/6770
f 5742/6770 5694/6768 5736/6769
f 5637/6767 5742/6770 5725/6771
f 5742/6770 5736/6769 5773/6772
f 5742/6770 5773/6772 5725/6771
f 5773/6772 5736/6769 5759/6773
f 5773/6772 5759/6773 5763/6774
f 5725/6771 5773/6772 5738/6775
f 5738/6775 5773/6772 5748/6776
f 5738/6775 5748/6776 5683/6777
f 5725/6771 5738/6775 5674/6778
f 5674/6778 5738/6775 5683/6777
f 5650/6779 5637/6767 5725/6771
f 5725/6771 5674/6778 5630/6780
f 5725/6771 5630/6780 5650/6779
f 5637/6767 5650/6779 5493/6764
f 5630/6780 5674/6778 5687/6781
f 5687/6781 5674/6778 5683/6777
f 5493/6764 5650/6779 5602/6782
f 5602/6782 5650/6779 5541/6783
f 5602/6782 5541/6783 5493/6764
f 5541/6783 5650/6779 5630/6780
f 5630/6780 5687/6781 5603/6784
f 5630/6780 5603/6784 5541/6783
f 5493/6764 5541/6783 5614/6785
f 5493/6764 5614/6785 5526/6758
f 5526/6758 5614/6785 5565/6786
f 5565/6786 5614/6785 5606/6787
f 5606/6787 5614/6785 5647/6788
f 5647/6788 5614/6785 5632/6789
f 5614/6785 5541/6783 5554/6790
f 5614/6785 5554/6790 5632/6789
f 5554/6790 5541/6783 5603/6784
f 5632/6789 5554/6790 5546/6791
f 5554/6790 5603/6784 5556/6792
f 5554/6790 5556/6792 5616/6793
f 5556/6792 5603/6784 5629/6794
f 5556/6792 5629/6794 5616/6793
f 5629/6794 5603/6784 5687/6781
f 5616/6793 5629/6794 5668/6795
f 5629/6794 5687/6781 5656/6796
f 5629/6794 5656/6796 5668/6795
f 5656/6796 5687/6781 5683/6777
f 5616/6793 5668/6795 5681/6797
f 5681/6797 5668/6795 5656/6796
f 5616/6793 5681/6797 5591/6798
f 5680/6799 5681/6797 5683/6777
f 5681/6797 5656/6796 5689/6800
f 5689/6800 5656/6796 5683/6777
f 5689/6800 5683/6777 5681/6797
f 5552/6801 5515/6802 5518/6803
f 5552/6801 5518/6803 5450/6804
f 5450/6804 5518/6803 5423/6805
f 5552/6801 5450/6804 5584/6806
f 5552/6801 5584/6806 5515/6802
f 5584/6806 5450/6804 5456/6807
f 5428/6808 5568/6809 5456/6807
f 5456/6807 5568/6809 5584/6806
f 5584/6806 5568/6809 5675/6810
f 5584/6806 5675/6810 5761/6811
f 5761/6811 5675/6810 5672/6812
f 5761/6811 5672/6812 5778/6813
f 5761/6811 5778/6813 5784/6814
f 5584/6806 5761/6811 5655/6815
f 5584/6806 5655/6815 5515/6802
f 5761/6811 5784/6814 5777/6816
f 5761/6811 5777/6816 5655/6815
f 5777/6816 5784/6814 5781/6817
f 5777/6816 5781/6817 5744/6818
f 5777/6816 5744/6818 5627/6819
f 5777/6816 5627/6819 5655/6815
f 5627/6819 5744/6818 5651/6820
f 5550/6821 5515/6802 5655/6815
f 5550/6821 5655/6815 5627/6819
f 5515/6802 5550/6821 5503/6822
f 5627/6819 5651/6820 5570/6823
f 5627/6819 5570/6823 5550/6821
f 5550/6821 5570/6823 5503/6822
f 5570/6823 5651/6820 5553/6824
f 5503/6822 5570/6823 5576/6825
f 5570/6823 5553/6824 5595/6826
f 5570/6823 5595/6826 5576/6825
f 5380/6827 5355/6828 5372/6829
f 5380/6827 5372/6829 5397/6830
f 5355/6828 5380/6827 5428/6831
f 5380/6827 5397/6830 5381/6832
f 5428/6831 5380/6827 5440/6833
f 5428/6831 5440/6833 5568/6834
f 5380/6827 5381/6832 5376/6835
f 5568/6834 5440/6833 5675/6836
f 5376/6835 5381/6832 5436/6837
f 5376/6835 5436/6837 5380/6827
f 5436/6837 5381/6832 5496/6838
f 5675/6836 5440/6833 5566/6839
f 5675/6836 5566/6839 5580/6840
f 5481/6841 5440/6833 5380/6827
f 5481/6841 5380/6827 5436/6837
f 5566/6839 5440/6833 5501/6842
f 5501/6842 5440/6833 5481/6841
f 5580/6840 5566/6839 5666/6843
f 5666/6843 5566/6839 5501/6842
f 5580/6840 5666/6843 5625/6844
f 5625/6844 5666/6843 5713/6845
f 5666/6843 5501/6842 5704/6846
f 5666/6843 5704/6846 5713/6845
f 5704/6846 5501/6842 5547/6847
f 5704/6846 5547/6847 5713/6845
f 5547/6847 5501/6842 5481/6841
f 5713/6845 5547/6847 5567/6848
f 5567/6848 5547/6847 5540/6849
f 5567/6848 5540/6849 5496/6838
f 5540/6849 5547/6847 5510/6850
f 5510/6850 5547/6847 5481/6841
f 5540/6849 5510/6850 5496/6838
f 5510/6850 5481/6841 5484/6851
f 5510/6850 5484/6851 5496/6838
f 5484/6851 5481/6841 5464/6852
f 5484/6851 5464/6852 5496/6838
f 5464/6852 5481/6841 5436/6837
f 5464/6852 5436/6837 5496/6838
f 5672/6853 5640/6854 5665/6855
f 5665/6855 5640/6854 5653/6856
f 5665/6855 5653/6856 5657/6857
f 5653/6856 5640/6854 5607/6858
f 5653/6856 5607/6858 5657/6857
f 5607/6858 5640/6854 5609/6859
f 5657/6857 5607/6858 5619/6860
f 5619/6860 5607/6858 5609/6859
f 5619/6860 5609/6859 5585/6861
f 5619/6860 5585/6861 5571/6862
f 5657/6857 5619/6860 5535/6863
f 5535/6863 5619/6860 5571/6862
f 5535/6863 5571/6862 5507/6864
f 5535/6863 5507/6864 5499/6865
f 5535/6863 5499/6865 5532/6866
f 5535/6863 5532/6866 5578/6867
f 5578/6867 5532/6866 5499/6865
f 5578/6867 5499/6865 5579/6868
f 5578/6867 5579/6868 5575/6869
f 5575/6869 5579/6868 5625/6870
f 5575/6869 5625/6870 5713/6871
f 5672/6872 5665/6873 5778/6874
f 5778/6874 5665/6873 5775/6875
f 5775/6875 5665/6873 5645/6876
f 5778/6874 5775/6875 5784/6877
f 5784/6877 5775/6875 5776/6878
f 5784/6877 5776/6878 5781/6879
f 5781/6879 5776/6878 5736/6880
f 5736/6880 5776/6878 5759/6881
f 5759/6881 5776/6878 5763/6882
f 5063/6883 4812/6884 4827/6885
f 4582/6886 4827/6887 4812/6888
f 4827/6887 4582/6886 4703/6889
f 4582/6886 4812/6888 4658/6890
f 4703/6889 4582/6886 4521/6891
f 4703/6889 4521/6891 4638/6892
f 4521/6891 4582/6886 4523/6893
f 4523/6893 4582/6886 4658/6890
f 4523/6893 4658/6890 4764/6894
f 4523/6893 4764/6894 4641/6895
f 4641/6895 4764/6894 4716/6896
f 4523/6893 4641/6895 4354/6897
f 4641/6895 4716/6896 4408/6898
f 4641/6895 4408/6898 4354/6897
f 4476/6899 4716/6896 4777/6900
f 4716/6896 4476/6899 4408/6898
f 4354/6897 4408/6898 4401/6901
f 4354/6897 4401/6901 4349/6902
f 4349/6902 4401/6901 4215/6903
f 4401/6901 4408/6898 4375/6904
f 4401/6901 4375/6904 4215/6903
f 4408/6898 4476/6899 4381/6905
f 4408/6898 4381/6905 4375/6904
f 4381/6905 4476/6899 4593/6906
f 4593/6906 4476/6899 4580/6907
f 4381/6905 4593/6906 4522/6908
f 4381/6905 4522/6908 4375/6904
f 4375/6904 4522/6908 4403/6909
f 4255/6910 4215/6903 4375/6904
f 4255/6910 4375/6904 4403/6909
f 4215/6903 4255/6910 4100/6911
f 4255/6910 4403/6909 4258/6912
f 4100/6911 4255/6910 4091/6913
f 4091/6913 4255/6910 4258/6912
f 4199/6914 4296/6915 4358/6916
f 4296/6915 4199/6914 4116/6917
f 4296/6915 4116/6917 4358/6916
f 4358/6916 4116/6917 4323/6918
f 4358/6919 4323/6920 4349/6921
f 4358/6919 4349/6921 4199/6922
f 4349/6921 4323/6920 4309/6923
f 4309/6923 4323/6920 4116/6924
f 4349/6921 4309/6923 4354/6925
f 4354/6925 4309/6923 4523/6926
f 4199/6922 4349/6921 4174/6927
f 4174/6927 4349/6921 4215/6928
f 4199/6922 4174/6927 4108/6929
f 4108/6929 4174/6927 4215/6928
f 4108/6929 4215/6928 4100/6930
f 4083/6931 4015/6932 4074/6933
f 4074/6933 4015/6932 4052/6934
f 4074/6933 4052/6934 4063/6935
f 4063/6935 4052/6934 4108/6936
f 4108/6936 4052/6934 4116/6937
f 4108/6936 4116/6937 4199/6938
f 4116/6937 4052/6934 4309/6939
f 4309/6939 4052/6934 4521/6940
f 4309/6939 4521/6940 4523/6941
f 4063/6942 4083/6943 4074/6944
f 4015/6945 4083/6946 3999/6947
f 3999/6948 4083/6949 4063/6950
f 4059/6951 4052/6952 4015/6953
f 4052/6952 4059/6951 4373/6954
f 4373/6954 4059/6951 4532/6955
f 4532/6955 4059/6951 4028/6956
f 4028/6956 4059/6951 3803/6957
f 4028/6956 3803/6957 3664/6958
f 4059/6951 4015/6953 3915/6959
f 4059/6951 3915/6959 3803/6957
f 3915/6959 4015/6953 3999/6960
f 3915/6959 3999/6960 3987/6961
f 3803/6957 3915/6959 3779/6962
f 3803/6957 3779/6962 3664/6958
f 3779/6962 3915/6959 3830/6963
f 3779/6962 3830/6963 3531/6964
f 3531/6964 3830/6963 3626/6965
f 3664/6958 3779/6962 3390/6966
f 3390/6966 3779/6962 3531/6964
f 3664/6958 3390/6966 3446/6967
f 3390/6966 3531/6964 3485/6968
f 3446/6967 3390/6966 3354/6969
f 3446/6967 3354/6969 418/6970
f 418/6970 3354/6969 360/6971
f 3390/6966 3485/6968 3435/6972
f 3390/6966 3435/6972 3354/6969
f 3435/6972 3485/6968 3464/6973
f 3435/6972 3464/6973 3459/6974
f 360/6971 3354/6969 2986/6975
f 2986/6975 3354/6969 3435/6972
f 2986/6975 3435/6972 3459/6974
f 2986/6975 3459/6974 3043/6976
f 2986/6975 3043/6976 417/6977
f 417/6977 3043/6976 55/6978
f 4108/6979 4100/6980 4063/6981
f 3967/6982 3987/6983 3914/6984
f 3987/6983 3967/6982 3915/6985
f 3915/6985 3967/6982 3848/6986
f 3915/6985 3848/6986 3830/6987
f 3830/6987 3848/6986 3678/6988
f 3830/6987 3678/6988 3626/6989
f 3848/6986 3967/6982 3703/6990
f 3848/6986 3703/6990 3678/6988
f 3531/6991 3626/6989 3630/6992
f 3630/6992 3626/6989 3620/6993
f 3626/6989 3678/6988 3585/6994
f 3626/6989 3585/6994 3620/6993
f 3585/6994 3678/6988 3703/6990
f 3620/6993 3585/6994 3530/6995
f 3530/6995 3585/6994 3703/6990
f 3809/6996 3703/6990 3967/6982
f 3809/6996 3967/6982 3914/6984
f 3530/6995 3703/6990 3465/6997
f 3530/6995 3465/6997 3043/6998
f 3703/6990 3809/6996 3672/6999
f 3703/6990 3672/6999 3465/6997
f 3672/6999 3809/6996 3503/7000
f 3672/6999 3503/7000 3465/6997
f 3043/6998 3465/6997 55/7001
f 55/7001 3465/6997 2975/7002
f 55/7001 2975/7002 435/7003
f 2975/7002 3465/6997 3391/7004
f 3391/7004 3465/6997 3503/7000
f 2975/7002 3391/7004 2948/7005
f 2975/7002 2948/7005 287/7006
f 2948/7005 3391/7004 3468/7007
f 3468/7007 3391/7004 3503/7000
f 3468/7007 3503/7000 3533/7008
f 3468/7007 3533/7008 3599/7009
f 3599/7009 3533/7008 3798/7010
f 3533/7008 3503/7000 3816/7011
f 3816/7011 3503/7000 3809/6996
f 3798/7010 3533/7008 3794/7012
f 3794/7012 3533/7008 3816/7011
f 3798/7010 3794/7012 3926/7013
f 3816/7011 3809/6996 3946/7014
f 3816/7011 3946/7014 3794/7012
f 3946/7014 3809/6996 3914/6984
f 3926/7013 3794/7012 3954/7015
f 3954/7015 3794/7012 3946/7014
f 3926/7013 3954/7015 4091/7016
f 3954/7015 3946/7014 4048/7017
f 3954/7015 4048/7017 4091/7016
f 4048/7017 3946/7014 3914/6984
f 4091/7016 4048/7017 4100/7018
f 4048/7017 3914/6984 4050/7019
f 4048/7017 4050/7019 4100/7018
f 4050/7019 3914/6984 3987/6983
f 4100/7018 4050/7019 4063/7020
f 4050/7019 3987/6983 3999/7021
f 4050/7019 3999/7021 4063/7020
f 4522/7022 4790/7023 4403/7024
f 4790/7023 4522/7022 4593/7025
f 4403/7024 4790/7023 4394/7026
f 4403/7024 4394/7026 4258/7027
f 3604/7028 3476/7029 3553/7030
f 3604/7028 3553/7030 3630/7031
f 3630/7031 3553/7030 3531/7032
f 3531/7032 3553/7030 3476/7029
f 3531/7032 3476/7029 3464/7033
f 3531/7032 3464/7033 3485/7034
f 3464/7033 3476/7029 3459/7035
f 3459/7035 3476/7029 3470/7036
f 3459/7035 3470/7036 3548/7037
f 3459/7035 3548/7037 3530/7038
f 3459/7035 3530/7038 3043/7039
f 3530/7038 3548/7037 3628/7040
f 3530/7038 3628/7040 3620/7041
f 3604/7042 3630/7043 3628/7044
f 3604/7042 3628/7044 3548/7045
f 3604/7042 3548/7045 3470/7046
f 3604/7042 3470/7046 3476/7047
f 3630/7048 3620/7049 3628/7050
f 3798/7051 3852/7052 3675/7053
f 3798/7051 3675/7053 3599/7054
f 3599/7054 3675/7053 3468/7055
f 3852/7052 3798/7051 3988/7056
f 3988/7056 3798/7051 3926/7057
f 3675/7053 3852/7052 3681/7058
f 3468/7055 3675/7053 3458/7059
f 3468/7055 3458/7059 2948/7060
f 3458/7059 3675/7053 3320/7061
f 3320/7061 3675/7053 3681/7058
f 2948/7060 3458/7059 3115/7062
f 3115/7062 3458/7059 3320/7061
f 2948/7060 3115/7062 147/7063
f 3115/7062 3320/7061 3304/7064
f 3115/7062 3304/7064 3130/7065
f 3115/7062 3130/7065 3064/7066
f 3115/7062 3064/7066 147/7063
f 3130/7065 3304/7064 3066/7067
f 3130/7065 3066/7067 3064/7066
f 3304/7064 3320/7061 3330/7068
f 3304/7064 3330/7068 3066/7067
f 3330/7068 3320/7061 3339/7069
f 3339/7069 3320/7061 3681/7058
f 3066/7067 3330/7068 3302/7070
f 3330/7068 3339/7069 3328/7071
f 3330/7068 3328/7071 3302/7070
f 3339/7069 3681/7058 3676/7072
f 3339/7069 3676/7072 3328/7071
f 3676/7072 3681/7058 3836/7073
f 3328/7071 3676/7072 3618/7074
f 3328/7071 3618/7074 3302/7070
f 3618/7074 3676/7072 3836/7073
f 22/7075 3066/7067 3302/7070
f 3066/7067 22/7075 3064/7066
f 22/7075 3302/7070 3618/7074
f 3064/7066 22/7075 98/7076
f 3064/7066 98/7076 147/7063
f 98/7076 22/7075 100/7077
f 98/7076 100/7077 147/7063
f 22/7075 3618/7074 63/7078
f 22/7075 63/7078 312/7079
f 22/7075 312/7079 100/7077
f 63/7078 3618/7074 3027/7080
f 100/7077 312/7079 317/7081
f 100/7077 317/7081 298/7082
f 296/7083 147/7063 298/7082
f 143/7084 147/7063 100/7077
f 147/7063 143/7084 298/7082
f 298/7082 143/7084 100/7077
f 3686/7085 3027/7080 3618/7074
f 3027/7080 3686/7085 3613/7086
f 3027/7080 3613/7086 3015/7087
f 3686/7085 3618/7074 3892/7088
f 3613/7086 3686/7085 3624/7089
f 3613/7086 3624/7089 3015/7087
f 3892/7088 3618/7074 3836/7073
f 3624/7089 3686/7085 3981/7090
f 3686/7085 3892/7088 4318/7091
f 3686/7085 4318/7091 3981/7090
f 3981/7090 4318/7091 4267/7092
f 4318/7091 3892/7088 4218/7093
f 3981/7090 4267/7092 4002/7094
f 4002/7094 4267/7092 4024/7095
f 4002/7094 4024/7095 3610/7096
f 3981/7090 4002/7094 3597/7097
f 3981/7090 3597/7097 3624/7089
f 3597/7097 4002/7094 3610/7096
f 3624/7089 3597/7097 3015/7087
f 3597/7097 3610/7096 3096/7098
f 3597/7097 3096/7098 3015/7087
f 3096/7098 3610/7096 3236/7099
f 3015/7087 3096/7098 2969/7100
f 3015/7087 2969/7100 57/7101
f 57/7101 2969/7100 109/7102
f 2969/7100 3096/7098 3045/7103
f 3045/7103 3096/7098 3236/7099
f 2969/7100 3045/7103 109/7102
f 3045/7103 3236/7099 3157/7104
f 3157/7104 3236/7099 3138/7105
f 109/7102 3045/7103 72/7106
f 109/7102 72/7106 153/7107
f 3045/7103 3157/7104 2980/7108
f 2980/7108 3157/7104 3138/7105
f 3045/7103 2980/7108 72/7106
f 72/7106 2980/7108 153/7107
f 2980/7108 3138/7105 3012/7109
f 153/7107 2980/7108 156/7110
f 156/7110 2980/7108 3012/7109
f 4476/7111 4777/7112 4761/7113
f 4476/7111 4761/7113 4477/7114
f 4476/7111 4477/7114 4580/7115
f 4580/7115 4477/7114 4364/7116
f 4364/7116 4477/7114 4761/7113
f 4580/7115 4364/7116 4490/7117
f 4761/7113 4777/7112 4888/7118
f 4888/7118 4777/7112 4926/7119
f 4364/7116 4761/7113 4322/7120
f 4490/7117 4364/7116 4333/7121
f 4333/7121 4364/7116 4322/7120
f 4490/7117 4333/7121 4394/7122
f 4394/7122 4333/7121 4258/7123
f 4888/7118 4926/7119 5051/7124
f 5051/7124 4926/7119 5042/7125
f 5051/7124 5042/7125 5110/7126
f 4333/7121 4322/7120 4277/7127
f 4333/7121 4277/7127 4273/7128
f 4273/7128 4277/7127 4281/7129
f 4273/7128 4281/7129 4293/7130
f 4273/7128 4293/7130 4322/7131
f 4273/7132 4322/7120 4237/7133
f 4237/7133 4322/7120 4308/7134
f 4237/7133 4308/7134 4283/7135
f 4237/7133 4283/7135 4218/7136
f 4218/7136 4283/7135 4346/7137
f 4346/7137 4283/7135 4308/7134
f 4218/7136 4346/7137 4318/7138
f 4318/7138 4346/7137 4423/7139
f 4346/7137 4308/7134 4717/7140
f 4346/7137 4717/7140 4423/7139
f 4702/7141 4308/7134 4322/7120
f 4702/7141 4322/7120 4761/7113
f 4702/7141 4761/7113 4888/7118
f 4308/7134 4702/7141 4739/7142
f 4308/7134 4739/7142 4717/7140
f 4702/7141 4888/7118 4949/7143
f 4702/7141 4949/7143 4739/7142
f 4949/7143 4888/7118 5051/7124
f 4789/7144 4423/7139 4717/7140
f 4423/7139 4789/7144 4843/7145
f 4843/7145 4789/7144 5086/7146
f 5086/7146 4789/7144 5046/7147
f 5046/7147 4789/7144 4717/7140
f 5086/7146 5046/7147 5226/7148
f 5031/7149 4717/7140 4739/7142
f 4717/7140 5031/7149 5046/7147
f 5031/7149 4739/7142 4949/7143
f 5226/7148 5046/7147 5266/7150
f 5226/7148 5266/7150 5278/7151
f 5046/7147 5031/7149 5205/7152
f 5046/7147 5205/7152 5266/7150
f 5031/7149 4949/7143 5091/7153
f 5031/7149 5091/7153 5205/7152
f 5278/7151 5266/7150 5312/7154
f 5312/7154 5266/7150 5205/7152
f 5278/7151 5312/7154 5438/7155
f 5438/7155 5312/7154 5420/7156
f 5438/7155 5420/7156 5526/7157
f 5438/7155 5526/7157 5565/7158
f 5526/7157 5420/7156 5365/7159
f 5365/7159 5420/7156 5312/7154
f 5365/7159 5312/7154 5283/7160
f 5283/7160 5312/7154 5205/7152
f 5283/7160 5205/7152 5200/7161
f 5200/7161 5205/7152 5091/7153
f 5283/7160 5200/7161 5235/7162
f 5235/7162 5200/7161 5218/7163
f 5235/7162 5218/7163 5283/7160
f 5218/7163 5200/7161 5091/7153
f 5283/7160 5218/7163 5213/7164
f 5218/7163 5091/7153 5155/7165
f 5218/7163 5155/7165 5213/7164
f 5155/7165 5091/7153 5014/7166
f 5014/7166 5091/7153 4949/7143
f 5014/7166 4949/7143 4958/7167
f 4958/7167 4949/7143 5051/7124
f 4958/7167 5051/7124 5014/7166
f 5014/7166 5051/7124 5155/7165
f 5155/7165 5051/7124 5135/7168
f 5155/7165 5135/7168 5213/7164
f 5135/7168 5051/7124 5110/7126
f 5135/7168 5110/7126 5195/7169
f 5135/7168 5195/7169 5213/7164
f 5213/7164 5195/7169 5212/7170
f 5322/7171 5352/7172 5617/7173
f 5352/7172 5322/7171 5288/7174
f 5288/7174 5322/7171 5213/7175
f 5617/7173 5352/7172 5678/7176
f 5288/7174 5213/7175 5212/7177
f 5617/7173 5678/7176 5825/7178
f 5288/7174 5212/7177 5260/7179
f 5260/7179 5212/7177 5195/7180
f 5288/7174 5260/7179 5310/7181
f 5352/7172 5288/7174 5375/7182
f 5375/7182 5288/7174 5310/7181
f 5352/7172 5375/7182 5678/7176
f 5375/7182 5310/7181 5351/7183
f 5375/7182 5351/7183 5385/7184
f 5385/7184 5351/7183 5414/7185
f 5678/7176 5375/7182 5404/7186
f 5678/7176 5404/7186 5737/7187
f 5678/7176 5737/7187 5825/7178
f 5737/7187 5404/7186 5392/7188
f 5825/7178 5737/7187 5726/7189
f 5726/7189 5737/7187 5392/7188
f 5825/7178 5726/7189 5631/7190
f 5726/7189 5392/7188 5359/7191
f 5726/7189 5359/7191 5631/7190
f 5617/7192 5604/7193 5322/7194
f 5604/7193 5617/7192 5825/7195
f 5604/7193 5825/7195 5631/7196
f 5604/7193 5631/7196 5359/7197
f 5604/7193 5359/7197 5322/7194
f 5322/7194 5359/7197 5283/7198
f 5322/7194 5283/7198 5213/7199
f 5283/7198 5359/7197 5365/7200
f 5365/7200 5359/7197 5392/7201
f 5365/7200 5392/7201 5426/7202
f 5365/7200 5426/7202 5459/7203
f 5086/7204 5226/7205 5164/7206
f 5086/7204 5164/7206 4992/7207
f 5164/7206 5226/7205 5291/7208
f 5291/7208 5226/7205 5278/7209
f 4992/7207 5164/7206 4901/7210
f 4992/7207 4901/7210 4920/7211
f 4920/7211 4901/7210 4799/7212
f 4799/7212 4901/7210 4847/7213
f 5291/7208 5278/7209 5356/7214
f 5356/7214 5278/7209 5438/7215
f 5291/7208 5356/7214 5249/7216
f 5356/7214 5438/7215 5317/7217
f 5356/7214 5317/7217 5249/7216
f 5317/7217 5438/7215 5388/7218
f 5317/7217 5388/7218 5276/7219
f 5317/7217 5276/7219 5249/7216
f 5276/7219 5388/7218 5289/7220
f 5276/7219 5289/7220 5249/7216
f 5291/7208 5249/7216 5132/7221
f 5291/7208 5132/7221 5164/7206
f 5249/7216 5289/7220 5220/7222
f 5249/7216 5220/7222 5132/7221
f 5220/7222 5289/7220 5196/7223
f 5132/7221 5220/7222 5123/7224
f 5123/7224 5220/7222 5196/7223
f 5164/7206 5132/7221 5076/7225
f 5076/7225 5132/7221 5123/7224
f 5164/7206 5076/7225 4901/7210
f 4901/7210 5076/7225 4847/7213
f 5076/7225 5123/7224 4922/7226
f 5076/7225 4922/7226 4847/7213
f 4847/7213 4922/7226 4788/7227
f 4847/7213 4788/7227 5004/7228
f 4788/7227 4922/7226 4627/7229
f 4847/7213 5004/7228 4792/7230
f 4847/7213 4792/7230 4799/7212
f 4792/7230 5004/7228 4979/7231
f 4792/7230 4979/7231 4913/7232
f 4792/7230 4913/7232 4718/7233
f 4788/7227 4627/7229 4710/7234
f 4698/7235 4710/7234 4575/7236
f 4575/7236 4710/7234 4627/7229
f 4575/7236 4627/7229 4351/7237
f 4351/7237 4627/7229 4446/7238
f 4351/7237 4446/7238 4252/7239
f 4446/7238 4627/7229 4753/7240
f 4753/7240 4627/7229 4922/7226
f 4252/7239 4446/7238 4337/7241
f 4252/7239 4337/7241 4285/7242
f 4285/7242 4337/7241 4473/7243
f 4337/7241 4446/7238 4590/7244
f 4337/7241 4590/7244 4473/7243
f 4590/7244 4446/7238 4753/7240
f 4753/7240 4922/7226 5123/7224
f 4473/7243 4590/7244 4669/7245
f 4669/7245 4590/7244 4753/7240
f 4473/7243 4669/7245 4783/7246
f 4753/7240 5123/7224 5028/7247
f 5028/7247 5123/7224 5196/7223
f 4669/7245 4753/7240 4956/7248
f 4956/7248 4753/7240 5028/7247
f 4669/7245 4956/7248 4783/7246
f 4956/7248 5028/7247 5070/7249
f 4956/7248 5070/7249 4783/7246
f 5070/7249 5028/7247 5196/7223
f 4783/7246 5070/7249 4981/7250
f 5070/7249 5196/7223 5204/7251
f 5204/7251 5196/7223 5243/7252
f 4981/7250 5070/7249 5102/7253
f 5102/7253 5070/7249 5204/7251
f 5204/7251 5243/7252 5232/7254
f 5204/7251 5232/7254 5102/7253
f 5232/7254 5243/7252 5258/7255
f 5258/7255 5243/7252 5416/7256
f 5258/7255 5416/7256 5306/7257
f 5258/7255 5306/7257 5232/7254
f 5232/7254 5306/7257 5369/7258
f 5232/7254 5369/7258 5248/7259
f 5232/7254 5248/7259 5102/7253
f 5248/7259 5369/7258 5373/7260
f 5248/7259 5373/7260 5239/7261
f 5239/7261 5373/7260 5307/7262
f 5248/7259 5239/7261 5101/7263
f 5101/7263 5239/7261 5082/7264
f 5101/7263 5082/7264 4962/7265
f 5248/7259 5101/7263 5092/7266
f 5092/7266 5101/7263 4962/7265
f 5248/7259 5092/7266 5102/7253
f 5092/7266 4962/7265 4955/7267
f 5102/7253 5092/7266 4998/7268
f 4998/7268 5092/7266 4955/7267
f 5102/7253 4998/7268 4981/7250
f 4998/7268 4955/7267 4951/7269
f 4998/7268 4951/7269 4981/7250
f 5058/7270 4979/7271 5004/7272
f 4979/7271 5058/7270 4913/7273
f 5058/7270 5004/7272 4982/7274
f 4982/7274 5004/7272 4788/7275
f 4913/7273 5058/7270 4863/7276
f 4913/7273 4863/7276 4718/7277
f 5058/7270 4982/7274 4882/7278
f 4882/7278 4982/7274 4788/7275
f 5058/7270 4882/7278 4863/7276
f 4718/7277 4863/7276 4667/7279
f 4667/7279 4863/7276 4882/7278
f 4718/7277 4667/7279 4443/7280
f 4882/7278 4788/7275 4698/7281
f 4882/7278 4698/7281 4667/7279
f 4698/7281 4788/7275 4710/7282
f 4667/7279 4698/7281 4443/7280
f 4443/7280 4698/7281 4540/7283
f 4540/7283 4698/7281 4575/7284
f 4540/7283 4575/7284 4351/7285
f 4443/7280 4540/7283 4271/7286
f 4540/7283 4351/7285 4314/7287
f 4540/7283 4314/7287 4271/7286
f 4443/7280 4271/7286 3989/7288
f 4314/7287 4351/7285 4252/7289
f 3989/7288 4271/7286 3933/7290
f 4314/7287 4252/7289 4212/7291
f 3989/7288 3933/7290 3577/7292
f 3989/7288 3577/7292 4024/7293
f 4024/7293 3577/7292 3610/7294
f 3610/7294 3577/7292 3090/7295
f 3610/7294 3090/7295 3175/7296
f 3175/7296 3090/7295 2982/7297
f 105/7298 225/7299 2982/7297
f 105/7298 2982/7297 2971/7300
f 2971/7300 2982/7297 3090/7295
f 105/7298 2971/7300 118/7301
f 118/7301 2971/7300 115/7302
f 2971/7300 3090/7295 3094/7303
f 3094/7303 3090/7295 3577/7292
f 115/7302 2971/7300 2964/7304
f 2964/7304 2971/7300 3094/7303
f 115/7302 2964/7304 111/7305
f 3094/7303 3577/7292 3543/7306
f 3543/7306 3577/7292 3933/7290
f 3094/7303 3543/7306 3091/7307
f 3094/7303 3091/7307 2964/7304
f 3091/7307 3543/7306 3488/7308
f 3488/7308 3543/7306 3933/7290
f 3091/7307 3488/7308 2964/7304
f 3488/7308 3933/7290 3736/7309
f 3736/7309 3933/7290 4271/7286
f 2964/7304 3488/7308 3500/7310
f 3500/7310 3488/7308 3736/7309
f 2977/7311 111/7305 2964/7304
f 2977/7311 2964/7304 3500/7310
f 111/7305 2977/7311 2959/7312
f 111/7305 2959/7312 93/7313
f 93/7313 2959/7312 103/7314
f 103/7314 2959/7312 2988/7315
f 2959/7312 2977/7311 3079/7316
f 3079/7316 2977/7311 3500/7310
f 2988/7315 2959/7312 3063/7317
f 2988/7315 3063/7317 6/7318
f 2959/7312 3079/7316 3056/7319
f 2959/7312 3056/7319 3063/7317
f 3079/7316 3500/7310 3472/7320
f 3079/7316 3472/7320 3056/7319
f 3472/7320 3500/7310 3657/7321
f 3657/7321 3500/7310 3736/7309
f 3056/7319 3472/7320 3576/7322
f 3576/7322 3472/7320 3657/7321
f 3063/7317 3056/7319 3417/7323
f 3417/7323 3056/7319 3576/7322
f 3657/7321 3736/7309 4021/7324
f 3657/7321 4021/7324 3576/7322
f 4021/7324 3736/7309 4271/7286
f 4021/7324 4271/7286 4314/7287
f 3071/7325 6/7318 3063/7317
f 3071/7325 3063/7317 3417/7323
f 6/7318 3071/7325 15/7326
f 15/7326 3071/7325 2967/7327
f 3071/7325 3417/7323 3393/7328
f 3071/7325 3393/7328 2967/7327
f 3393/7328 3417/7323 3502/7329
f 3393/7328 3502/7329 2967/7327
f 3502/7329 3417/7323 3582/7330
f 3582/7330 3417/7323 3576/7322
f 3682/7331 3576/7322 4021/7324
f 3576/7322 3682/7331 3582/7330
f 4118/7332 4021/7324 4314/7287
f 4118/7332 4314/7287 4212/7291
f 3682/7331 4021/7324 3979/7333
f 3979/7333 4021/7324 4118/7332
f 3582/7330 3682/7331 3834/7334
f 3834/7334 3682/7331 3979/7333
f 4118/7332 4212/7291 4079/7335
f 4118/7332 4079/7335 3979/7333
f 3979/7333 4079/7335 3834/7334
f 4079/7335 4212/7291 4252/7289
f 3834/7334 4079/7335 3953/7336
f 3834/7334 3953/7336 3582/7330
f 3953/7336 4079/7335 4252/7289
f 3953/7336 4252/7289 3965/7337
f 3965/7337 4252/7289 4285/7338
f 3582/7330 3953/7336 3629/7339
f 3582/7330 3629/7339 3502/7329
f 3965/7337 4285/7338 4473/7340
f 3629/7339 3953/7336 3636/7341
f 3636/7341 3953/7336 3965/7337
f 3502/7329 3629/7339 3535/7342
f 3535/7342 3629/7339 3636/7341
f 3502/7329 3535/7342 2967/7327
f 3636/7341 3965/7337 4093/7343
f 3965/7337 4473/7340 4233/7344
f 3965/7337 4233/7344 4093/7343
f 4233/7344 4473/7340 4644/7345
f 4644/7345 4473/7340 4783/7346
f 4644/7345 4783/7346 4707/7347
f 4644/7345 4707/7347 4233/7344
f 4707/7347 4783/7346 4981/7348
f 3636/7341 4093/7343 3711/7349
f 3636/7341 3711/7349 3535/7342
f 4201/7350 4093/7343 4233/7344
f 4201/7350 4233/7344 4707/7347
f 4093/7343 4201/7350 3711/7349
f 4707/7347 4981/7348 4879/7351
f 4879/7351 4981/7348 4951/7352
f 4707/7347 4879/7351 4754/7353
f 4707/7347 4754/7353 4201/7350
f 4879/7351 4951/7352 4877/7354
f 4877/7354 4951/7352 4955/7355
f 4877/7354 4955/7355 4962/7356
f 4877/7354 4962/7356 4886/7357
f 4886/7357 4962/7356 4853/7358
f 4886/7357 4853/7358 4752/7359
f 4886/7357 4752/7359 4877/7354
f 4879/7351 4877/7354 4745/7360
f 4745/7360 4877/7354 4752/7359
f 4879/7351 4745/7360 4754/7353
f 4745/7360 4752/7359 4213/7361
f 4213/7361 4752/7359 4708/7362
f 4754/7353 4745/7360 4305/7363
f 4305/7363 4745/7360 4213/7361
f 4754/7353 4305/7363 4201/7350
f 4201/7350 4305/7363 4175/7364
f 4175/7364 4305/7363 4213/7361
f 4175/7364 4213/7361 3885/7365
f 4201/7350 4175/7364 3772/7366
f 3772/7366 4175/7364 3885/7365
f 3885/7365 4213/7361 3793/7367
f 3885/7365 3793/7367 3772/7366
f 3793/7367 4213/7361 3754/7368
f 3793/7367 3754/7368 3772/7366
f 3754/7368 4213/7361 4110/7369
f 3754/7368 4110/7369 3709/7370
f 3754/7368 3709/7370 3616/7371
f 3616/7371 3709/7370 3549/7372
f 3616/7371 3549/7372 3299/7373
f 17/7374 3299/7373 3065/7375
f 3299/7373 17/7374 2967/7327
f 3299/7373 2967/7327 3616/7371
f 3754/7368 3616/7371 3638/7376
f 3638/7376 3616/7371 2967/7327
f 3754/7368 3638/7376 3772/7366
f 3638/7376 2967/7327 3244/7377
f 3772/7366 3638/7376 3598/7378
f 3598/7378 3638/7376 3244/7377
f 3598/7378 3244/7377 3640/7379
f 3598/7378 3640/7379 3772/7366
f 3640/7379 3244/7377 2967/7327
f 3772/7366 3640/7379 3750/7380
f 3772/7366 3750/7380 4201/7350
f 4201/7350 3750/7380 3711/7349
f 3750/7380 3640/7379 3611/7381
f 3611/7381 3640/7379 2967/7327
f 3750/7380 3611/7381 3711/7349
f 3611/7381 2967/7327 3535/7342
f 3611/7381 3535/7342 3711/7349
f 4992/7382 4843/7383 5086/7384
f 4843/7383 4992/7382 4909/7385
f 4909/7385 4992/7382 4920/7386
f 4909/7385 4920/7386 4799/7387
f 4909/7385 4799/7387 4792/7388
f 4843/7383 4909/7385 4652/7389
f 4843/7383 4652/7389 4423/7390
f 4909/7385 4792/7388 4543/7391
f 4909/7385 4543/7391 4652/7389
f 4423/7390 4652/7389 4267/7392
f 4423/7390 4267/7392 4318/7393
f 4267/7392 4652/7389 4543/7391
f 4543/7391 4792/7388 4718/7394
f 4267/7392 4543/7391 4024/7395
f 4543/7391 4718/7394 4470/7396
f 4470/7396 4718/7394 4443/7397
f 4024/7395 4543/7391 4054/7398
f 4054/7398 4543/7391 4470/7396
f 4024/7395 4054/7398 3989/7399
f 4470/7396 4443/7397 4245/7400
f 4470/7396 4245/7400 4054/7398
f 4245/7400 4443/7397 3989/7399
f 4245/7400 3989/7399 4054/7398
f 4790/7401 4490/7402 4394/7403
f 4490/7402 4790/7401 4580/7404
f 4580/7404 4790/7401 4593/7405
f 4115/7406 4091/7407 4258/7408
f 4091/7407 4115/7406 3926/7057
f 3926/7057 4115/7406 3988/7056
f 4115/7406 4258/7408 4184/7409
f 4184/7409 4258/7408 4333/7410
f 4184/7409 4333/7410 4273/7411
f 4184/7409 4273/7411 4237/7412
f 4184/7409 4237/7412 4218/7093
f 4115/7406 4184/7409 4152/7413
f 4152/7413 4184/7409 4218/7093
f 4115/7406 4152/7413 3988/7056
f 4152/7413 4218/7093 4156/7414
f 4156/7414 4218/7093 3892/7088
f 3988/7056 4152/7413 4076/7415
f 4076/7415 4152/7413 4156/7414
f 3988/7056 4076/7415 3886/7416
f 3988/7056 3886/7416 3852/7052
f 4076/7415 4156/7414 4069/7417
f 4076/7415 4069/7417 3886/7416
f 4069/7417 4156/7414 4148/7418
f 4156/7414 3892/7088 3824/7419
f 4156/7414 3824/7419 4148/7418
f 3824/7419 3892/7088 3836/7073
f 4069/7417 4148/7418 3863/7420
f 3863/7420 4148/7418 3824/7419
f 4069/7417 3863/7420 3886/7416
f 3863/7420 3824/7419 3836/7073
f 3886/7416 3863/7420 3855/7421
f 3855/7421 3863/7420 3836/7073
f 3886/7416 3855/7421 3852/7052
f 3855/7421 3836/7073 3681/7058
f 3855/7421 3681/7058 3852/7052
f 4293/7422 4322/7423 4277/7424
f 4293/7422 4277/7424 4236/7425
f 4236/7425 4277/7424 4281/7426
f 4236/7425 4281/7426 4293/7422
f 3236/7427 3175/7428 3138/7429
f 3175/7428 3236/7427 3610/7430
f 3138/7429 3175/7428 3012/7431
f 3012/7431 3175/7428 2982/7432
f 3012/7431 2982/7432 225/7433
f 3012/7431 225/7433 156/7434
f 156/7434 225/7433 208/7435
f 156/7434 208/7435 153/7436
f 153/7436 208/7435 109/7437
f 109/7437 208/7435 57/7438
f 5438/7439 5565/7440 5388/7441
f 5388/7441 5565/7440 5447/7442
f 5447/7442 5565/7440 5606/7443
f 5388/7441 5447/7442 5418/7444
f 5388/7441 5418/7444 5289/7445
f 5447/7442 5606/7443 5476/7446
f 5447/7442 5476/7446 5418/7444
f 5476/7446 5606/7443 5445/7447
f 5445/7447 5606/7443 5477/7448
f 5445/7447 5477/7448 5373/7449
f 5373/7449 5477/7448 5349/7450
f 5445/7447 5373/7449 5369/7451
f 5445/7447 5369/7451 5476/7446
f 5418/7444 5476/7446 5398/7452
f 5398/7452 5476/7446 5369/7451
f 5418/7444 5398/7452 5289/7445
f 5398/7452 5369/7451 5350/7453
f 5350/7453 5369/7451 5306/7454
f 5398/7452 5350/7453 5342/7455
f 5398/7452 5342/7455 5289/7445
f 5289/7445 5342/7455 5300/7456
f 5289/7445 5300/7456 5243/7457
f 5289/7445 5243/7457 5196/7458
f 5342/7459 5350/7460 5516/7461
f 5516/7461 5350/7460 5306/7462
f 5516/7461 5306/7462 5485/7463
f 5485/7463 5306/7462 5416/7464
f 5342/7459 5516/7461 5504/7465
f 5342/7459 5504/7465 5300/7466
f 5516/7461 5485/7463 5599/7467
f 5599/7467 5485/7463 5416/7464
f 5516/7461 5599/7467 5504/7465
f 5300/7466 5504/7465 5462/7468
f 5462/7468 5504/7465 5599/7467
f 5300/7466 5462/7468 5427/7469
f 5427/7469 5462/7468 5599/7467
f 5427/7469 5599/7467 5416/7464
f 5300/7466 5427/7469 5243/7470
f 5243/7470 5427/7469 5416/7464
f 360/7471 2986/7472 442/7473
f 442/7473 2986/7472 417/7474
f 442/7473 417/7474 431/7475
f 442/7473 431/7475 455/7476
f 455/7476 431/7475 450/7477
f 455/7476 450/7477 585/7478
f 431/7475 417/7474 525/7479
f 525/7479 417/7474 672/7480
f 525/7479 672/7480 647/7481
f 525/7479 647/7481 598/7482
f 525/7479 598/7482 592/7483
f 585/7478 450/7477 521/7484
f 521/7484 450/7477 431/7475
f 585/7478 521/7484 602/7485
f 431/7475 525/7479 507/7486
f 507/7486 525/7479 592/7483
f 431/7475 507/7486 521/7484
f 507/7486 592/7483 602/7485
f 507/7486 602/7485 521/7484
f 55/7487 621/7488 417/7489
f 621/7488 55/7487 435/7490
f 2975/7491 287/7492 435/7490
f 435/7490 287/7492 494/7493
f 435/7490 494/7493 621/7488
f 621/7488 494/7493 797/7494
f 621/7488 797/7494 802/7495
f 417/7489 621/7488 672/7496
f 672/7496 621/7488 802/7495
f 672/7496 802/7495 927/7497
f 927/7497 802/7495 867/7498
f 927/7497 867/7498 963/7499
f 672/7496 927/7497 790/7500
f 672/7496 790/7500 647/7501
f 647/7501 790/7500 879/7502
f 879/7502 790/7500 927/7497
f 927/7497 963/7499 919/7503
f 927/7497 919/7503 879/7502
f 919/7503 963/7499 967/7504
f 879/7502 919/7503 973/7505
f 973/7505 919/7503 967/7504
f 879/7502 973/7505 772/7506
f 973/7505 967/7504 1040/7507
f 973/7505 1040/7507 1028/7508
f 1028/7508 1040/7507 1012/7509
f 1028/7508 1012/7509 973/7505
f 928/7510 802/7511 797/7512
f 802/7511 928/7510 867/7513
f 867/7513 928/7510 1042/7514
f 1042/7514 928/7510 1057/7515
f 1057/7515 928/7510 917/7516
f 917/7516 928/7510 797/7512
f 917/7516 797/7512 731/7517
f 731/7517 797/7512 494/7518
f 731/7517 494/7518 474/7519
f 474/7519 494/7518 287/7520
f 731/7521 474/7522 567/7523
f 2948/7524 474/7522 287/7525
f 474/7522 2948/7524 502/7526
f 474/7522 502/7526 567/7523
f 502/7526 2948/7524 147/7527
f 502/7526 147/7527 296/7528
f 731/7521 567/7523 702/7529
f 567/7523 502/7526 833/7530
f 567/7523 833/7530 702/7529
f 502/7526 296/7528 636/7531
f 502/7526 636/7531 833/7530
f 731/7521 702/7529 884/7532
f 731/7521 884/7532 917/7533
f 917/7533 884/7532 1057/7534
f 1057/7534 884/7532 1078/7535
f 884/7532 702/7529 894/7536
f 884/7532 894/7536 1078/7535
f 894/7536 702/7529 833/7530
f 1078/7535 894/7536 1073/7537
f 1073/7537 894/7536 833/7530
f 1078/7535 1073/7537 1158/7538
f 1078/7535 1158/7538 1179/7539
f 1179/7539 1158/7538 1256/7540
f 1256/7540 1158/7538 1278/7541
f 1158/7538 1073/7537 1064/7542
f 1073/7537 833/7530 984/7543
f 1073/7537 984/7543 1064/7542
f 1064/7542 984/7543 1110/7544
f 1064/7542 1110/7544 1158/7538
f 984/7543 833/7530 829/7545
f 984/7543 829/7545 1110/7544
f 829/7545 833/7530 816/7546
f 816/7546 833/7530 636/7531
f 1110/7544 829/7545 804/7547
f 1110/7544 804/7547 1158/7538
f 829/7545 816/7546 803/7548
f 829/7545 803/7548 804/7547
f 803/7548 816/7546 636/7531
f 804/7547 803/7548 786/7549
f 804/7547 786/7549 1158/7538
f 786/7549 803/7548 636/7531
f 1158/7538 786/7549 687/7550
f 786/7549 636/7531 651/7551
f 786/7549 651/7551 687/7550
f 651/7551 636/7531 346/7552
f 346/7552 636/7531 296/7528
f 346/7552 296/7528 298/7553
f 346/7552 298/7553 317/7554
f 346/7552 317/7554 322/7555
f 346/7552 322/7555 651/7551
f 322/7555 317/7554 312/7556
f 322/7555 312/7556 651/7551
f 651/7551 312/7556 687/7550
f 687/7550 312/7556 63/7557
f 687/7550 63/7557 609/7558
f 609/7558 63/7557 3027/7559
f 862/7560 1158/7538 687/7550
f 862/7560 687/7550 609/7558
f 1158/7538 862/7560 1278/7541
f 609/7558 3027/7559 595/7561
f 609/7558 595/7561 862/7560
f 595/7561 3027/7559 3015/7562
f 1278/7541 862/7560 994/7563
f 994/7563 862/7560 595/7561
f 595/7561 3015/7562 578/7564
f 595/7561 578/7564 994/7563
f 578/7564 3015/7562 57/7565
f 1278/7541 994/7563 1246/7566
f 578/7564 57/7565 591/7567
f 591/7567 57/7565 208/7568
f 994/7563 578/7564 971/7569
f 971/7569 578/7564 591/7567
f 591/7567 208/7568 225/7570
f 994/7563 971/7569 1089/7571
f 994/7563 1089/7571 1246/7566
f 971/7569 591/7567 981/7572
f 971/7569 981/7572 1089/7571
f 591/7567 225/7570 531/7573
f 531/7573 225/7570 105/7574
f 981/7572 591/7567 900/7575
f 900/7575 591/7567 531/7573
f 1089/7571 981/7572 1076/7576
f 1076/7576 981/7572 900/7575
f 1089/7571 1076/7576 1246/7566
f 531/7573 105/7574 511/7577
f 511/7577 105/7574 118/7578
f 900/7575 531/7573 957/7579
f 900/7575 957/7579 1076/7576
f 531/7573 511/7577 892/7580
f 531/7573 892/7580 957/7579
f 511/7577 118/7578 448/7581
f 511/7577 448/7581 892/7580
f 448/7581 118/7578 115/7582
f 448/7581 115/7582 500/7583
f 500/7583 115/7582 111/7584
f 448/7581 500/7583 699/7585
f 500/7583 111/7584 444/7586
f 500/7583 444/7586 699/7585
f 444/7586 111/7584 93/7587
f 444/7586 93/7587 563/7588
f 444/7586 563/7588 699/7585
f 563/7588 93/7587 103/7589
f 448/7581 699/7585 783/7590
f 448/7581 783/7590 892/7580
f 892/7580 783/7590 1245/7591
f 892/7580 1245/7591 957/7579
f 783/7590 699/7585 989/7592
f 783/7590 989/7592 1245/7591
f 989/7592 699/7585 906/7593
f 906/7593 699/7585 563/7588
f 989/7592 906/7593 1084/7594
f 989/7592 1084/7594 1262/7595
f 989/7592 1262/7595 1245/7591
f 1084/7594 906/7593 978/7596
f 906/7593 563/7588 653/7597
f 906/7593 653/7597 978/7596
f 1084/7594 978/7596 1131/7598
f 1084/7594 1131/7598 1262/7595
f 978/7596 653/7597 819/7599
f 978/7596 819/7599 1131/7598
f 653/7597 563/7588 555/7600
f 653/7597 555/7600 819/7599
f 1131/7598 819/7599 1183/7601
f 1131/7598 1183/7601 1262/7595
f 819/7599 555/7600 852/7602
f 819/7599 852/7602 1183/7601
f 555/7600 563/7588 414/7603
f 414/7603 563/7588 103/7589
f 852/7602 555/7600 587/7604
f 555/7600 414/7603 468/7605
f 555/7600 468/7605 587/7604
f 414/7603 103/7589 107/7606
f 414/7603 107/7606 468/7605
f 107/7606 103/7589 2988/7607
f 107/7606 2988/7607 6/7608
f 107/7606 6/7608 15/7609
f 468/7605 107/7606 2967/7610
f 468/7605 2967/7610 484/7611
f 468/7605 484/7611 587/7604
f 484/7611 2967/7610 524/7612
f 484/7611 524/7612 587/7604
f 587/7604 524/7612 668/7613
f 668/7613 524/7612 583/7614
f 918/7615 852/7602 587/7604
f 918/7615 587/7604 668/7613
f 852/7602 918/7615 1183/7601
f 1183/7601 918/7615 1224/7616
f 1183/7601 1224/7616 1254/7617
f 918/7615 668/7613 1103/7618
f 1103/7618 668/7613 1163/7619
f 1224/7616 918/7615 1421/7620
f 1421/7620 918/7615 1103/7618
f 1224/7616 1421/7620 1254/7617
f 1103/7618 1163/7619 1659/7621
f 1659/7621 1163/7619 1704/7622
f 1659/7621 1704/7622 1782/7623
f 1103/7618 1659/7621 1592/7624
f 1103/7618 1592/7624 1421/7620
f 1659/7621 1782/7623 1754/7625
f 1659/7621 1754/7625 1592/7624
f 1592/7624 1754/7625 1421/7620
f 1754/7625 1782/7623 1961/7626
f 1754/7625 1961/7626 1908/7627
f 1908/7627 1961/7626 1995/7628
f 1754/7625 1908/7627 1645/7629
f 1908/7627 1995/7628 1696/7630
f 1908/7627 1696/7630 1645/7629
f 1754/7625 1645/7629 1594/7631
f 1754/7625 1594/7631 1421/7620
f 1594/7631 1645/7629 1696/7630
f 1696/7630 1995/7628 1899/7632
f 1421/7620 1594/7631 1516/7633
f 1516/7633 1594/7631 1696/7630
f 1421/7620 1516/7633 1254/7617
f 1696/7630 1899/7632 1566/7634
f 1516/7633 1696/7630 1364/7635
f 1516/7633 1364/7635 1254/7617
f 1364/7635 1696/7630 1566/7634
f 1566/7634 1899/7632 1728/7636
f 1254/7617 1364/7635 1308/7637
f 1308/7637 1364/7635 1566/7634
f 1254/7617 1308/7637 1262/7595
f 1254/7617 1262/7595 1183/7601
f 1308/7637 1566/7634 1512/7638
f 1308/7637 1512/7638 1262/7595
f 1566/7634 1728/7636 1622/7639
f 1566/7634 1622/7639 1512/7638
f 1622/7639 1728/7636 1653/7640
f 1262/7595 1512/7638 1486/7641
f 1486/7641 1512/7638 1622/7639
f 1486/7641 1622/7639 1653/7640
f 1262/7595 1486/7641 1245/7591
f 1245/7591 1486/7641 1653/7640
f 1245/7591 1653/7640 1389/7642
f 1245/7591 1389/7642 957/7579
f 1389/7642 1653/7640 1612/7643
f 1612/7643 1653/7640 1809/7644
f 957/7579 1389/7642 1440/7645
f 1440/7645 1389/7642 1612/7643
f 1612/7643 1809/7644 1812/7646
f 1812/7646 1809/7644 2012/7647
f 1812/7646 2012/7647 1868/7648
f 1868/7648 2012/7647 1933/7649
f 1812/7646 1868/7648 1667/7650
f 1667/7650 1868/7648 1933/7649
f 1812/7646 1667/7650 1612/7643
f 1667/7650 1933/7649 1753/7651
f 1612/7643 1667/7650 1518/7652
f 1518/7652 1667/7650 1753/7651
f 1612/7643 1518/7652 1440/7645
f 1518/7652 1753/7651 1636/7653
f 1636/7653 1753/7651 1869/7654
f 1518/7652 1636/7653 1246/7566
f 1518/7652 1246/7566 1234/7655
f 1518/7652 1234/7655 1440/7645
f 1234/7655 1246/7566 1076/7576
f 1440/7645 1234/7655 1211/7656
f 1234/7655 1076/7576 1026/7657
f 1234/7655 1026/7657 1211/7656
f 1211/7656 1026/7657 1440/7645
f 1026/7657 1076/7576 957/7579
f 1026/7657 957/7579 1440/7645
f 1029/7658 772/7659 973/7660
f 1029/7658 973/7660 1012/7661
f 772/7659 1029/7658 982/7662
f 772/7659 982/7662 1034/7663
f 772/7659 1034/7663 708/7664
f 708/7664 1034/7663 926/7665
f 926/7665 1034/7663 1354/7666
f 1354/7666 1034/7663 1519/7667
f 1034/7663 982/7662 1276/7668
f 1276/7668 982/7662 1029/7658
f 1034/7663 1276/7668 1519/7667
f 1305/7669 1029/7658 1012/7661
f 1029/7658 1305/7669 1276/7668
f 1305/7669 1012/7661 1200/7670
f 1519/7667 1276/7668 1557/7671
f 1557/7671 1276/7668 1305/7669
f 1519/7667 1557/7671 1758/7672
f 1758/7672 1557/7671 1759/7673
f 1557/7671 1305/7669 1626/7674
f 1557/7671 1626/7674 1759/7673
f 1759/7673 1626/7674 1931/7675
f 1759/7673 1931/7675 1920/7676
f 1931/7675 1626/7674 1841/7677
f 1841/7677 1626/7674 1581/7678
f 1581/7678 1626/7674 1305/7669
f 1841/7677 1581/7678 1757/7679
f 1487/7680 1305/7669 1200/7670
f 1305/7669 1487/7680 1581/7678
f 1487/7680 1200/7670 1282/7681
f 1487/7680 1282/7681 1451/7682
f 1487/7680 1451/7682 1521/7683
f 1757/7679 1581/7678 1646/7684
f 1581/7678 1487/7680 1589/7685
f 1581/7678 1589/7685 1646/7684
f 1487/7680 1521/7683 1650/7686
f 1487/7680 1650/7686 1589/7685
f 1650/7686 1521/7683 1835/7687
f 1835/7687 1521/7683 1813/7688
f 1835/7687 1813/7688 2019/7689
f 1650/7686 1835/7687 1783/7690
f 1650/7686 1783/7690 1589/7685
f 1783/7690 1835/7687 2019/7689
f 1589/7685 1783/7690 1646/7684
f 1783/7690 2019/7689 1697/7691
f 1783/7690 1697/7691 1646/7684
f 1646/7684 1697/7691 1757/7679
f 1697/7691 2019/7689 1601/7692
f 1757/7679 1697/7691 1746/7693
f 1145/7694 1225/7695 1067/7696
f 1067/7696 1225/7695 1182/7697
f 1225/7695 1145/7694 1317/7698
f 1225/7695 1317/7698 1182/7697
f 1182/7697 1317/7698 1282/7699
f 1182/7697 1282/7699 1200/7700
f 1182/7697 1200/7700 1012/7701
f 1182/7697 1012/7701 1067/7696
f 1067/7696 1012/7701 1032/7702
f 1067/7696 1032/7702 1145/7694
f 1032/7702 1012/7701 1040/7703
f 1032/7702 1040/7703 967/7704
f 1032/7702 967/7704 963/7705
f 1297/7706 1317/7698 1145/7694
f 1032/7702 963/7705 1049/7707
f 1032/7702 1049/7707 1145/7694
f 1297/7706 1145/7694 1141/7708
f 1141/7708 1145/7694 1049/7707
f 1297/7706 1141/7708 1173/7709
f 1173/7709 1141/7708 1049/7707
f 1297/7706 1173/7709 1349/7710
f 1049/7707 963/7705 1042/7711
f 1042/7711 963/7705 867/7712
f 1049/7707 1042/7711 1092/7713
f 1049/7707 1092/7713 1173/7709
f 1092/7713 1042/7711 1057/7714
f 1173/7709 1092/7713 1209/7715
f 1173/7709 1209/7715 1349/7710
f 1349/7710 1209/7715 1330/7716
f 1297/7717 1282/7718 1317/7719
f 1282/7718 1297/7717 1303/7720
f 1303/7720 1297/7717 1349/7721
f 1303/7720 1349/7721 1351/7722
f 1351/7722 1349/7721 1330/7723
f 1303/7720 1351/7722 1576/7724
f 1351/7722 1330/7723 1342/7725
f 1576/7724 1351/7722 1652/7726
f 1351/7722 1342/7725 1410/7727
f 1351/7722 1410/7727 1652/7726
f 1451/7728 1282/7729 1303/7730
f 1451/7728 1303/7730 1576/7731
f 1451/7728 1576/7731 1601/7732
f 1451/7728 1601/7732 1521/7733
f 1521/7733 1601/7732 1813/7734
f 1813/7734 1601/7732 2019/7735
f 1057/7736 1208/7737 1092/7738
f 1092/7738 1208/7737 1209/7739
f 1208/7737 1057/7736 1078/7740
f 1209/7739 1208/7737 1359/7741
f 1209/7739 1359/7741 1330/7742
f 1330/7742 1359/7741 1452/7743
f 1359/7741 1208/7737 1357/7744
f 1359/7741 1357/7744 1693/7745
f 1208/7737 1078/7740 1290/7746
f 1208/7737 1290/7746 1357/7744
f 1290/7746 1078/7740 1179/7747
f 1357/7744 1290/7746 1430/7748
f 1357/7744 1430/7748 1729/7749
f 1290/7746 1179/7747 1252/7750
f 1252/7750 1179/7747 1256/7751
f 1430/7748 1290/7746 1412/7752
f 1729/7749 1430/7748 1523/7753
f 1523/7753 1430/7748 1412/7752
f 1729/7749 1523/7753 1529/7754
f 1529/7754 1523/7753 1410/7755
f 1410/7755 1523/7753 1412/7752
f 1529/7754 1410/7755 1452/7756
f 1452/7756 1410/7755 1342/7757
f 1452/7756 1342/7757 1330/7758
f 1232/7759 1412/7752 1290/7746
f 1232/7759 1290/7746 1252/7750
f 1410/7755 1412/7752 1716/7760
f 1412/7752 1232/7759 1358/7761
f 1412/7752 1358/7761 1716/7760
f 1410/7755 1716/7760 1741/7762
f 1410/7755 1741/7762 1730/7763
f 1730/7763 1741/7762 1840/7764
f 1840/7764 1741/7762 1989/7765
f 1989/7765 1741/7762 2007/7766
f 1741/7762 1716/7760 1852/7767
f 1741/7762 1852/7767 2007/7766
f 1654/7768 1716/7760 1358/7761
f 1716/7760 1654/7768 1852/7767
f 1654/7768 1358/7761 1247/7769
f 1247/7769 1358/7761 1232/7759
f 1852/7767 1654/7768 1905/7770
f 1852/7767 1905/7770 2007/7766
f 1654/7768 1247/7769 1692/7771
f 1654/7768 1692/7771 1905/7770
f 1247/7769 1232/7759 1264/7772
f 1247/7769 1264/7772 1692/7771
f 1264/7772 1232/7759 1252/7750
f 1264/7772 1252/7750 1256/7751
f 1692/7771 1264/7772 1687/7773
f 1687/7773 1264/7772 1256/7751
f 1692/7771 1687/7773 1905/7770
f 1923/7774 2007/7766 1905/7770
f 2007/7766 1923/7774 2017/7775
f 2017/7775 1923/7774 1974/7776
f 1974/7776 1923/7774 1905/7770
f 2017/7775 1974/7776 2106/7777
f 2106/7777 1974/7776 2175/7778
f 2175/7778 1974/7776 2139/7779
f 2139/7779 1974/7776 1905/7770
f 2139/7779 1905/7770 2176/7780
f 2176/7780 1905/7770 1965/7781
f 1965/7781 1905/7770 1687/7773
f 2176/7780 1965/7781 1962/7782
f 1962/7782 1965/7781 1687/7773
f 2176/7780 1962/7782 2037/7783
f 1962/7782 1687/7773 1731/7784
f 1962/7782 1731/7784 2037/7783
f 2037/7783 1731/7784 1636/7785
f 2037/7783 1636/7785 1869/7786
f 1731/7784 1687/7773 1432/7787
f 1731/7784 1432/7787 1636/7785
f 1432/7787 1687/7773 1256/7751
f 1636/7785 1432/7787 1246/7788
f 1432/7787 1256/7751 1278/7789
f 1432/7787 1278/7789 1246/7788
f 1529/7790 1452/7791 1693/7792
f 1693/7792 1452/7791 1359/7793
f 1529/7790 1693/7792 1729/7794
f 1729/7794 1693/7792 1357/7795
f 1601/7796 1766/7797 1697/7798
f 1697/7798 1766/7797 1746/7799
f 1746/7799 1766/7797 2044/7800
f 1766/7797 1601/7796 1803/7801
f 1803/7801 1601/7796 1576/7802
f 2044/7800 1766/7797 2102/7803
f 2102/7803 1766/7797 1803/7801
f 2044/7800 2102/7803 2112/7804
f 2044/7800 2112/7804 2143/7805
f 2044/7800 2143/7805 2060/7806
f 2060/7806 2143/7805 1998/7807
f 1998/7807 2143/7805 1973/7808
f 1973/7808 2143/7805 2076/7809
f 1973/7808 2076/7809 1987/7810
f 1987/7810 2076/7809 2120/7811
f 2120/7811 2076/7809 2143/7805
f 2120/7811 2143/7805 2191/7812
f 2164/7813 2143/7805 2112/7804
f 2143/7805 2164/7813 2191/7812
f 2164/7813 2112/7804 2183/7814
f 2164/7813 2183/7814 2191/7812
f 2183/7814 2112/7804 2102/7803
f 2191/7812 2183/7814 2261/7815
f 2261/7815 2183/7814 2265/7816
f 2183/7814 2102/7803 2123/7817
f 2123/7817 2102/7803 2075/7818
f 2075/7818 2102/7803 1803/7801
f 2075/7818 1803/7801 2013/7819
f 2013/7819 1803/7801 1944/7820
f 2013/7819 1944/7820 2041/7821
f 1944/7820 1803/7801 1719/7822
f 1719/7822 1803/7801 1576/7802
f 1719/7822 1576/7802 1652/7823
f 1944/7820 1719/7822 1840/7824
f 1944/7820 1840/7824 1989/7825
f 1840/7824 1719/7822 1730/7826
f 1730/7826 1719/7822 1652/7823
f 1730/7826 1652/7823 1410/7827
f 1746/7828 1881/7829 1757/7830
f 1881/7829 1746/7828 2044/7831
f 1881/7829 2044/7831 2060/7832
f 1757/7830 1881/7829 1841/7833
f 1881/7829 2060/7832 1998/7834
f 1841/7833 1881/7829 1987/7835
f 1987/7835 1881/7829 1998/7834
f 1987/7835 1998/7834 1973/7836
f 1841/7833 1987/7835 1896/7837
f 1896/7837 1987/7835 1992/7838
f 1992/7838 1987/7835 2120/7839
f 1992/7838 2120/7839 2088/7840
f 2088/7840 2120/7839 2191/7841
f 2223/7842 2075/7843 2013/7844
f 2223/7842 2013/7844 2041/7845
f 2223/7842 2041/7845 2224/7846
f 2223/7842 2224/7846 2448/7847
f 2448/7847 2224/7846 2244/7848
f 2098/7849 2023/7850 2234/7851
f 2098/7849 2234/7851 2219/7852
f 2234/7851 2023/7850 2237/7853
f 2237/7853 2023/7850 2105/7854
f 2219/7852 2234/7851 2315/7855
f 2219/7852 2315/7855 2280/7856
f 2280/7856 2315/7855 2319/7857
f 2319/7857 2315/7855 2353/7858
f 2315/7855 2234/7851 2312/7859
f 2315/7855 2312/7859 2353/7858
f 2312/7859 2234/7851 2237/7853
f 2353/7858 2312/7859 2332/7860
f 2312/7859 2237/7853 2387/7861
f 2387/7861 2237/7853 2296/7862
f 2387/7861 2296/7862 2389/7863
f 2387/7861 2389/7863 2415/7864
f 2415/7864 2389/7863 2413/7865
f 2415/7864 2413/7865 2440/7866
f 2389/7863 2296/7862 2394/7867
f 2296/7862 2237/7853 2329/7868
f 2296/7862 2329/7868 2394/7867
f 2329/7868 2237/7853 2105/7854
f 2394/7867 2329/7868 2398/7869
f 2394/7867 2398/7869 2301/7870
f 2329/7868 2105/7854 2327/7871
f 2329/7868 2327/7871 2398/7869
f 2398/7869 2327/7871 2301/7870
f 2327/7871 2105/7854 2227/7872
f 2327/7871 2227/7872 2301/7870
f 2191/7873 2135/7874 2088/7875
f 2088/7875 2135/7874 2133/7876
f 2133/7876 2135/7874 2165/7877
f 2165/7877 2135/7874 2189/7878
f 2189/7878 2135/7874 2191/7873
f 2165/7877 2189/7878 2198/7879
f 2198/7879 2189/7878 2253/7880
f 2253/7880 2189/7878 2191/7873
f 2253/7880 2191/7873 2261/7881
f 2253/7880 2261/7881 2299/7882
f 2299/7882 2261/7881 2298/7883
f 1989/7884 2041/7885 1944/7886
f 2041/7885 1989/7884 2007/7887
f 2017/7888 2106/7889 2007/7887
f 2007/7887 2106/7889 2092/7890
f 2007/7887 2092/7890 2041/7885
f 2092/7890 2106/7889 2170/7891
f 2092/7890 2170/7891 2145/7892
f 2145/7892 2170/7891 2172/7893
f 2172/7893 2170/7891 2266/7894
f 2145/7892 2172/7893 2218/7895
f 2145/7892 2218/7895 2092/7890
f 2172/7893 2266/7894 2252/7896
f 2252/7896 2266/7894 2293/7897
f 2293/7897 2266/7894 2598/7898
f 2598/7898 2266/7894 2588/7899
f 2588/7899 2266/7894 2311/7900
f 2598/7898 2588/7899 2767/7901
f 2588/7899 2311/7900 2609/7902
f 2588/7899 2609/7902 2767/7901
f 2609/7902 2311/7900 2350/7903
f 2767/7901 2609/7902 2674/7904
f 2674/7904 2609/7902 2350/7903
f 2123/7905 2218/7895 2183/7906
f 2218/7895 2123/7905 2116/7907
f 2116/7907 2123/7905 2284/7908
f 2218/7895 2116/7907 2092/7890
f 2116/7907 2284/7908 2282/7909
f 2092/7890 2116/7907 2089/7910
f 2089/7910 2116/7907 2282/7909
f 2092/7890 2089/7910 2041/7885
f 2089/7910 2282/7909 2244/7911
f 2041/7885 2089/7910 2224/7912
f 2224/7912 2089/7910 2244/7911
f 2716/7913 2578/7914 2706/7915
f 2716/7913 2706/7915 2751/7916
f 2716/7913 2751/7916 2746/7917
f 2716/7913 2746/7917 2764/7918
f 2716/7913 2764/7918 2681/7919
f 2578/7914 2716/7913 2584/7920
f 2716/7913 2681/7919 2712/7921
f 2716/7913 2712/7921 2584/7920
f 2584/7920 2712/7921 2597/7922
f 2597/7922 2712/7921 2545/7923
f 2638/7924 2627/7925 2595/7926
f 2595/7926 2627/7925 2491/7927
f 2627/7925 2638/7924 2682/7928
f 2682/7928 2638/7924 2768/7929
f 2682/7928 2768/7929 2712/7930
f 2554/7931 2638/7932 2595/7933
f 2554/7931 2595/7933 2464/7934
f 2464/7934 2595/7933 2491/7935
f 2638/7932 2554/7931 2545/7936
f 2638/7932 2545/7936 2738/7937
f 2738/7937 2545/7936 2712/7938
f 2638/7932 2738/7937 2768/7939
f 2768/7939 2738/7937 2712/7938
f 2681/7940 2764/7941 2788/7942
f 2681/7940 2788/7942 2663/7943
f 2663/7943 2788/7942 2845/7944
f 2845/7944 2788/7942 2851/7945
f 2845/7944 2851/7945 2881/7946
f 2788/7942 2764/7941 2859/7947
f 2788/7942 2859/7947 2851/7945
f 2851/7945 2859/7947 2881/7946
f 2859/7947 2764/7941 2801/7948
f 2881/7946 2859/7947 2885/7949
f 2885/7949 2859/7947 2896/7950
f 2859/7947 2801/7948 2858/7951
f 2859/7947 2858/7951 2896/7950
f 2896/7950 2858/7951 2898/7952
f 2898/7952 2858/7951 2891/7953
f 2891/7953 2858/7951 2825/7954
f 2845/7955 2804/7956 2663/7957
f 2663/7957 2804/7956 2739/7958
f 2804/7956 2845/7955 2890/7959
f 2890/7959 2845/7955 2887/7960
f 2890/7959 2887/7960 2924/7961
f 2887/7960 2845/7955 2881/7962
f 2924/7961 2887/7960 2934/7963
f 2934/7963 2887/7960 2881/7962
f 2934/7963 2881/7962 2885/7964
f 2934/7963 2885/7964 2937/7965
f 2937/7965 2885/7964 2931/7966
f 2931/7966 2885/7964 2896/7967
f 2764/7968 2746/7969 2801/7970
f 2801/7970 2746/7969 2858/7971
f 2858/7971 2746/7969 2825/7972
f 2931/7973 2934/7974 2935/7975
f 2934/7974 2931/7973 2924/7976
f 2931/7973 2935/7975 2937/7977
f 2935/7975 2934/7974 2939/7978
f 2939/7978 2934/7974 2937/7977
f 2939/7978 2937/7977 2935/7975
f 2274/7979 2273/7980 2255/7981
f 2273/7980 2274/7979 2306/7982
f 2306/7982 2274/7979 2255/7981
f 2255/7981 2273/7980 2222/7983
f 2255/7981 2222/7983 2198/7984
f 2255/7981 2198/7984 2253/7985
f 2255/7981 2253/7985 2306/7982
f 2306/7982 2253/7985 2299/7986
f 2227/7987 2105/7988 2165/7989
f 2227/7987 2165/7989 2198/7990
f 2227/7987 2198/7990 2222/7991
f 2227/7987 2222/7991 2273/7992
f 2227/7987 2273/7992 2306/7993
f 2227/7987 2306/7993 2275/7994
f 2275/7994 2306/7993 2357/7995
f 2357/7995 2306/7993 2299/7996
f 2275/7997 2301/7998 2227/7999
f 2301/7998 2275/7997 2349/8000
f 2400/8001 2275/7997 2357/8002
f 2275/7997 2400/8001 2395/8003
f 2275/7997 2395/8003 2349/8000
f 2395/8003 2400/8001 2427/8004
f 2427/8004 2400/8001 2444/8005
f 2427/8004 2444/8005 2395/8003
f 2395/8003 2444/8005 2349/8000
f 2444/8005 2400/8001 2502/8006
f 2444/8005 2502/8006 2349/8000
f 2367/8007 2301/7998 2349/8000
f 2349/8000 2502/8006 2528/8008
f 2349/8000 2528/8008 2367/8007
f 2528/8008 2502/8006 2551/8009
f 2551/8009 2502/8006 2546/8010
f 2551/8009 2546/8010 2557/8011
f 2301/7998 2367/8007 2373/8012
f 2301/7998 2373/8012 2394/8013
f 2367/8007 2528/8008 2539/8014
f 2539/8014 2528/8008 2551/8009
f 2367/8007 2539/8014 2411/8015
f 2367/8007 2411/8015 2373/8012
f 2373/8012 2411/8015 2539/8014
f 2373/8012 2539/8014 2551/8009
f 2394/8013 2373/8012 2424/8016
f 2424/8016 2373/8012 2551/8009
f 2394/8013 2424/8016 2389/8017
f 2389/8017 2424/8016 2413/8018
f 2413/8018 2424/8016 2534/8019
f 2424/8016 2551/8009 2555/8020
f 2424/8016 2555/8020 2534/8019
f 2555/8020 2551/8009 2557/8011
f 2555/8020 2557/8011 2534/8019
f 2250/8021 2123/8022 2075/8023
f 2250/8021 2075/8023 2223/8024
f 2123/8022 2250/8021 2284/8025
f 2250/8021 2223/8024 2448/8026
f 2250/8021 2448/8026 2284/8025
f 2284/8025 2448/8026 2282/8027
f 2282/8027 2448/8026 2244/8028
f 2299/8029 2298/8030 2357/8031
f 2357/8031 2298/8030 2366/8032
f 2357/8031 2366/8032 2400/8033
f 2400/8033 2366/8032 2502/8034
f 2502/8034 2366/8032 2546/8035
f 2261/8036 2265/8037 2298/8038
f 2298/8038 2265/8037 2330/8039
f 2298/8038 2330/8039 2344/8040
f 2344/8040 2330/8039 2355/8041
f 2298/8038 2344/8040 2366/8042
f 2344/8040 2355/8041 2403/8043
f 2366/8042 2344/8040 2423/8044
f 2423/8044 2344/8040 2403/8043
f 2366/8042 2423/8044 2546/8045
f 2403/8043 2355/8041 2350/8046
f 2546/8045 2423/8044 2521/8047
f 2521/8047 2423/8044 2403/8043
f 2546/8045 2521/8047 2557/8048
f 2557/8048 2521/8047 2518/8049
f 2557/8048 2518/8049 2529/8050
f 2518/8049 2521/8047 2473/8051
f 2473/8051 2521/8047 2403/8043
f 2518/8049 2473/8051 2479/8052
f 2479/8052 2473/8051 2425/8053
f 2473/8051 2403/8043 2381/8054
f 2381/8054 2403/8043 2350/8046
f 2425/8053 2473/8051 2422/8055
f 2422/8055 2473/8051 2381/8054
f 2425/8053 2422/8055 2445/8056
f 2381/8054 2350/8046 2324/8057
f 2381/8054 2324/8057 2422/8055
f 2324/8057 2350/8046 2311/8058
f 2445/8056 2422/8055 2503/8059
f 2324/8057 2311/8058 2245/8060
f 2245/8060 2311/8058 2266/8061
f 2245/8060 2266/8061 2170/8062
f 2106/8063 2175/8064 2170/8062
f 2170/8062 2175/8064 2245/8060
f 2245/8060 2175/8064 2192/8065
f 2192/8065 2175/8064 2139/8066
f 2192/8065 2139/8066 2245/8060
f 2245/8060 2139/8066 2176/8067
f 2303/8068 2324/8057 2245/8060
f 2324/8057 2303/8068 2422/8055
f 2303/8068 2245/8060 2176/8067
f 2303/8068 2176/8067 2231/8069
f 2422/8055 2303/8068 2368/8070
f 2368/8070 2303/8068 2231/8069
f 2422/8055 2368/8070 2503/8059
f 2231/8069 2176/8067 2236/8071
f 2231/8069 2236/8071 2368/8070
f 2236/8071 2176/8067 2200/8072
f 2236/8071 2200/8072 2368/8070
f 2200/8072 2176/8067 2037/8073
f 2558/8074 2503/8059 2505/8075
f 2505/8075 2503/8059 2368/8070
f 2505/8075 2368/8070 2347/8076
f 2347/8076 2368/8070 2270/8077
f 2347/8076 2270/8077 2239/8078
f 2270/8077 2368/8070 2271/8079
f 2210/8080 2368/8070 2200/8072
f 2368/8070 2210/8080 2271/8079
f 2270/8077 2271/8079 2214/8081
f 2214/8081 2271/8079 2210/8080
f 2270/8077 2214/8081 2239/8078
f 2210/8080 2200/8072 2101/8082
f 2101/8082 2200/8072 2037/8073
f 2214/8081 2210/8080 2124/8083
f 2124/8083 2210/8080 2101/8082
f 2214/8081 2124/8083 2180/8084
f 2214/8081 2180/8084 2239/8078
f 2124/8083 2101/8082 2030/8085
f 2124/8083 2030/8085 2180/8084
f 2101/8082 2037/8073 1939/8086
f 2101/8082 1939/8086 2030/8085
f 1939/8086 2037/8073 1869/8087
f 2180/8084 2030/8085 1899/8088
f 1939/8086 1869/8087 1878/8089
f 1878/8089 1869/8087 1756/8090
f 1878/8089 1756/8090 1939/8086
f 1756/8090 1869/8087 1753/8091
f 1939/8086 1756/8090 1804/8092
f 1804/8092 1756/8090 1753/8091
f 1939/8086 1804/8092 2030/8085
f 1804/8092 1753/8091 1933/8093
f 1804/8092 1933/8093 1960/8094
f 1960/8094 1933/8093 2012/8095
f 1960/8094 2012/8095 1945/8096
f 1960/8094 1945/8096 1804/8092
f 1945/8096 2012/8095 1809/8097
f 2030/8085 1804/8092 1728/8098
f 1728/8098 1804/8092 1945/8096
f 1728/8098 1945/8096 1809/8097
f 2030/8085 1728/8098 1899/8088
f 1728/8098 1809/8097 1653/8099
f 2079/8100 2180/8084 1899/8088
f 2079/8100 1899/8088 1995/8101
f 2180/8084 2079/8100 2239/8078
f 2079/8100 1995/8101 2138/8102
f 2079/8100 2138/8102 2239/8078
f 2138/8102 1995/8101 1961/8103
f 2239/8078 2138/8102 2205/8104
f 2138/8102 1961/8103 2036/8105
f 2138/8102 2036/8105 2205/8104
f 2036/8105 1961/8103 1782/8106
f 2239/8078 2205/8104 2242/8107
f 2036/8105 1782/8106 1942/8108
f 1942/8108 1782/8106 1910/8109
f 2036/8105 1942/8108 2055/8110
f 2036/8105 2055/8110 2205/8104
f 2205/8104 2055/8110 2185/8111
f 2242/8107 2205/8104 2379/8112
f 2379/8112 2205/8104 2217/8113
f 2242/8107 2379/8112 2416/8114
f 2218/8115 2265/8116 2183/8117
f 2265/8116 2218/8115 2172/8118
f 2265/8116 2172/8118 2252/8119
f 2265/8116 2252/8119 2330/8120
f 2330/8120 2252/8119 2293/8121
f 2330/8120 2293/8121 2649/8122
f 2649/8122 2293/8121 2598/8123
f 2330/8120 2649/8122 2355/8124
f 2649/8122 2598/8123 2767/8125
f 2355/8124 2649/8122 2702/8126
f 2702/8126 2649/8122 2767/8125
f 2355/8124 2702/8126 2350/8127
f 2702/8126 2767/8125 2674/8128
f 2702/8126 2674/8128 2350/8127
f 2387/8129 2476/8130 2466/8131
f 2387/8129 2466/8131 2506/8132
f 2506/8132 2466/8131 2476/8130
f 2476/8130 2387/8129 2415/8133
f 2387/8129 2506/8132 2408/8134
f 2476/8130 2415/8133 2468/8135
f 2468/8135 2415/8133 2440/8136
f 2476/8130 2468/8135 2573/8137
f 2476/8130 2573/8137 2506/8132
f 2408/8134 2506/8132 2547/8138
f 2547/8138 2506/8132 2573/8137
f 2408/8134 2547/8138 2414/8139
f 2414/8139 2547/8138 2378/8140
f 2547/8138 2573/8137 2711/8141
f 2378/8140 2547/8138 2631/8142
f 2631/8142 2547/8138 2711/8141
f 2631/8142 2711/8141 2654/8143
f 2654/8143 2711/8141 2730/8144
f 2654/8143 2730/8144 2628/8145
f 2631/8142 2654/8143 2602/8146
f 2602/8146 2654/8143 2604/8147
f 2378/8148 2312/8149 2387/8150
f 2378/8148 2387/8150 2414/8151
f 2414/8151 2387/8150 2408/8152
f 2312/8149 2378/8148 2393/8153
f 2393/8153 2378/8148 2631/8154
f 2312/8149 2393/8153 2418/8155
f 2312/8149 2418/8155 2332/8156
f 2418/8155 2393/8153 2446/8157
f 2393/8153 2631/8154 2515/8158
f 2393/8153 2515/8158 2446/8157
f 2515/8158 2631/8154 2519/8159
f 2446/8157 2515/8158 2610/8160
f 2446/8157 2610/8160 2507/8161
f 2515/8158 2519/8159 2563/8162
f 2515/8158 2563/8162 2610/8160
f 2563/8162 2519/8159 2531/8163
f 2610/8160 2563/8162 2594/8164
f 2559/8165 2586/8166 2542/8167
f 2542/8167 2586/8166 2581/8168
f 2542/8167 2581/8168 2532/8169
f 2532/8169 2581/8168 2552/8170
f 2552/8170 2581/8168 2567/8171
f 2581/8168 2586/8166 2604/8172
f 2604/8172 2586/8166 2602/8173
f 2567/8171 2581/8168 2622/8174
f 2622/8174 2581/8168 2604/8172
f 2567/8171 2622/8174 2596/8175
f 2567/8171 2596/8175 2530/8176
f 2622/8174 2604/8172 2628/8177
f 2628/8177 2604/8172 2654/8178
f 2596/8175 2622/8174 2565/8179
f 2565/8179 2622/8174 2628/8177
f 2530/8176 2596/8175 2522/8180
f 2522/8180 2596/8175 2565/8179
f 2530/8176 2522/8180 2437/8181
f 2437/8181 2522/8180 2517/8182
f 2437/8181 2517/8182 2567/8183
f 2567/8183 2517/8182 2552/8184
f 2522/8180 2565/8179 2566/8185
f 2566/8185 2565/8179 2628/8177
f 2566/8185 2628/8177 2721/8186
f 2721/8186 2628/8177 2730/8187
f 2566/8185 2721/8186 2698/8188
f 2566/8185 2698/8188 2644/8189
f 2566/8185 2644/8189 2472/8190
f 2472/8190 2644/8189 2459/8191
f 2472/8190 2459/8191 2501/8192
f 2459/8191 2644/8189 2651/8193
f 2651/8193 2644/8189 2698/8188
f 2459/8191 2651/8193 2461/8194
f 2651/8193 2698/8188 2679/8195
f 2708/8196 2698/8188 2721/8186
f 2698/8188 2708/8196 2679/8195
f 2708/8196 2721/8186 2724/8197
f 2708/8196 2724/8197 2705/8198
f 2708/8196 2705/8198 2709/8199
f 2708/8196 2709/8199 2688/8200
f 2679/8195 2708/8196 2695/8201
f 2695/8201 2708/8196 2688/8200
f 2679/8195 2695/8201 2612/8202
f 2695/8201 2688/8200 2640/8203
f 2695/8201 2640/8203 2612/8202
f 2507/8204 2418/8205 2446/8206
f 2418/8205 2507/8204 2462/8207
f 2462/8207 2507/8204 2483/8208
f 2418/8205 2462/8207 2436/8209
f 2483/8208 2507/8204 2460/8210
f 2483/8208 2460/8210 2462/8207
f 2462/8207 2460/8210 2436/8209
f 2460/8210 2507/8204 2501/8211
f 2418/8205 2436/8209 2340/8212
f 2340/8212 2436/8209 2460/8210
f 2418/8205 2340/8212 2332/8213
f 2332/8213 2340/8212 2337/8214
f 2332/8213 2337/8214 2353/8215
f 2337/8214 2340/8212 2460/8210
f 2460/8210 2501/8211 2459/8216
f 2337/8214 2460/8210 2308/8217
f 2460/8210 2459/8216 2420/8218
f 2460/8210 2420/8218 2308/8217
f 2420/8218 2459/8216 2461/8219
f 2420/8218 2461/8219 2651/8220
f 2308/8217 2420/8218 2409/8221
f 2420/8218 2651/8220 2524/8222
f 2409/8221 2420/8218 2439/8223
f 2439/8223 2420/8218 2524/8222
f 2409/8221 2439/8223 2572/8224
f 2572/8224 2439/8223 2524/8222
f 2440/8225 2413/8226 2534/8227
f 2440/8225 2534/8227 2529/8228
f 2529/8228 2534/8227 2557/8229
f 2440/8225 2529/8228 2509/8230
f 2440/8225 2509/8230 2468/8231
f 2468/8231 2509/8230 2573/8232
f 2509/8230 2529/8228 2585/8233
f 2509/8230 2585/8233 2573/8232
f 2585/8233 2529/8228 2611/8234
f 2573/8232 2585/8233 2726/8235
f 2573/8232 2726/8235 2711/8236
f 2711/8236 2726/8235 2730/8237
f 2730/8237 2726/8235 2733/8238
f 2730/8237 2733/8238 2721/8239
f 2721/8239 2733/8238 2724/8240
f 2529/8241 2518/8242 2611/8243
f 2611/8243 2518/8242 2699/8244
f 2611/8243 2699/8244 2585/8245
f 2585/8245 2699/8244 2726/8246
f 2726/8246 2699/8244 2733/8247
f 2699/8244 2518/8242 2643/8248
f 2643/8248 2518/8242 2479/8249
f 2733/8247 2699/8244 2693/8250
f 2693/8250 2699/8244 2643/8248
f 2733/8247 2693/8250 2655/8251
f 2693/8250 2643/8248 2632/8252
f 2693/8250 2632/8252 2655/8251
f 2733/8247 2655/8251 2684/8253
f 2733/8247 2684/8253 2724/8254
f 2724/8254 2684/8253 2705/8255
f 2684/8253 2655/8251 2700/8256
f 2700/8256 2655/8251 2632/8252
f 2684/8253 2700/8256 2718/8257
f 2718/8257 2700/8256 2691/8258
f 2691/8258 2700/8256 2678/8259
f 2678/8259 2700/8256 2632/8252
f 2691/8258 2678/8259 2639/8260
f 2678/8259 2632/8252 2574/8261
f 2574/8261 2632/8252 2643/8248
f 2639/8260 2678/8259 2600/8262
f 2639/8260 2600/8262 2641/8263
f 2641/8263 2600/8262 2543/8264
f 2600/8262 2678/8259 2599/8265
f 2599/8265 2678/8259 2574/8261
f 2574/8261 2643/8248 2445/8266
f 2574/8261 2445/8266 2599/8265
f 2445/8266 2643/8248 2479/8249
f 2600/8262 2599/8265 2504/8267
f 2600/8262 2504/8267 2543/8264
f 2504/8267 2599/8265 2445/8266
f 2445/8266 2479/8249 2419/8268
f 2419/8268 2479/8249 2425/8269
f 2419/8268 2425/8269 2445/8266
f 2543/8264 2504/8267 2492/8270
f 2543/8264 2492/8270 2495/8271
f 2495/8271 2492/8270 2616/8272
f 2492/8270 2504/8267 2558/8273
f 2558/8273 2504/8267 2445/8266
f 2492/8270 2558/8273 2616/8272
f 2558/8273 2445/8266 2503/8274
f 2616/8272 2558/8273 2505/8275
f 2616/8272 2505/8275 2562/8276
f 2562/8276 2505/8275 2429/8277
f 2718/8278 2705/8279 2684/8280
f 2705/8279 2718/8278 2709/8281
f 2709/8281 2718/8278 2720/8282
f 2709/8281 2720/8282 2688/8283
f 2720/8282 2718/8278 2703/8284
f 2720/8282 2703/8284 2688/8283
f 2703/8284 2718/8278 2691/8285
f 2703/8284 2691/8285 2639/8286
f 2703/8284 2639/8286 2633/8287
f 2688/8283 2703/8284 2672/8288
f 2688/8283 2672/8288 2696/8289
f 2688/8283 2696/8289 2671/8290
f 2688/8283 2671/8290 2640/8291
f 2640/8291 2671/8290 2687/8292
f 2671/8290 2696/8289 2786/8293
f 2786/8293 2696/8289 2783/8294
f 2786/8293 2783/8294 2861/8295
f 2671/8290 2786/8293 2777/8296
f 2777/8296 2786/8293 2861/8295
f 2671/8290 2777/8296 2690/8297
f 2777/8296 2861/8295 2772/8298
f 2777/8296 2772/8298 2690/8297
f 583/8299 524/8300 2967/8301
f 583/8299 2967/8301 604/8302
f 604/8302 2967/8301 255/8303
f 583/8299 604/8302 714/8304
f 583/8299 714/8304 668/8305
f 668/8305 714/8304 1163/8306
f 255/8303 2967/8301 128/8307
f 604/8302 255/8303 576/8308
f 576/8308 255/8303 128/8307
f 128/8307 2967/8301 17/8309
f 604/8302 576/8308 615/8310
f 604/8302 615/8310 714/8304
f 576/8308 128/8307 610/8311
f 576/8308 610/8311 615/8310
f 610/8311 128/8307 517/8312
f 517/8312 128/8307 17/8309
f 615/8310 610/8311 719/8313
f 714/8304 615/8310 709/8314
f 709/8314 615/8310 719/8313
f 714/8304 709/8314 728/8315
f 709/8314 719/8313 766/8316
f 709/8314 766/8316 728/8315
f 714/8304 728/8315 1137/8317
f 1137/8317 728/8315 766/8316
f 714/8304 1137/8317 1163/8306
f 664/8318 719/8313 610/8311
f 664/8318 610/8311 517/8312
f 766/8316 719/8313 1178/8319
f 1178/8319 719/8313 664/8318
f 766/8316 1178/8319 1137/8317
f 1163/8306 1137/8317 1388/8320
f 1388/8320 1137/8317 1178/8319
f 1163/8306 1388/8320 1704/8321
f 1704/8321 1388/8320 1590/8322
f 1590/8322 1388/8320 1178/8319
f 1704/8321 1590/8322 1700/8323
f 1700/8323 1590/8322 1705/8324
f 1705/8324 1590/8322 1178/8319
f 1705/8324 1178/8319 1656/8325
f 1705/8324 1656/8325 1787/8326
f 1787/8326 1656/8325 1979/8327
f 1656/8325 1178/8319 1181/8328
f 1059/8329 1178/8319 664/8318
f 1178/8319 1059/8329 1181/8328
f 1059/8329 664/8318 606/8330
f 606/8330 664/8318 517/8312
f 1181/8328 1059/8329 943/8331
f 943/8331 1059/8329 606/8330
f 1656/8325 1181/8328 1599/8332
f 1736/8333 1979/8327 1656/8325
f 1736/8333 1656/8325 1599/8332
f 1979/8327 1736/8333 1902/8334
f 1979/8327 1902/8334 2074/8335
f 2074/8335 1902/8334 1685/8336
f 1902/8334 1736/8333 1607/8337
f 1607/8337 1736/8333 1599/8332
f 1902/8334 1607/8337 1685/8336
f 1414/8338 1599/8332 1181/8328
f 1599/8332 1414/8338 1607/8337
f 1414/8338 1181/8328 943/8331
f 1685/8336 1607/8337 1538/8339
f 1538/8339 1607/8337 1414/8338
f 1414/8338 943/8331 1202/8340
f 1685/8336 1538/8339 1355/8341
f 1538/8339 1414/8338 1292/8342
f 1538/8339 1292/8342 1355/8341
f 1414/8338 1202/8340 1192/8343
f 1192/8343 1202/8340 943/8331
f 1414/8338 1192/8343 1292/8342
f 1685/8336 1355/8341 1555/8344
f 1685/8336 1555/8344 1732/8345
f 1732/8345 1555/8344 1526/8346
f 1555/8344 1355/8341 1261/8347
f 1261/8347 1355/8341 1292/8342
f 1555/8344 1261/8347 1526/8346
f 1261/8347 1292/8342 1192/8343
f 1526/8346 1261/8347 1274/8348
f 1526/8346 1274/8348 1490/8349
f 1274/8348 1261/8347 1198/8350
f 1274/8348 1198/8350 1490/8349
f 1198/8350 1261/8347 1192/8343
f 868/8351 1192/8343 943/8331
f 868/8351 943/8331 606/8330
f 1198/8350 1192/8343 1138/8352
f 1138/8352 1192/8343 868/8351
f 1198/8350 1138/8352 1082/8353
f 1490/8349 1198/8350 1242/8354
f 1490/8349 1242/8354 1424/8355
f 1424/8355 1242/8354 972/8356
f 1424/8355 972/8356 1226/8357
f 1226/8357 972/8356 977/8358
f 972/8356 1242/8354 886/8359
f 1242/8354 1198/8350 980/8360
f 1242/8354 980/8360 886/8359
f 980/8360 1198/8350 1082/8353
f 886/8359 980/8360 689/8361
f 980/8360 1082/8353 908/8362
f 980/8360 908/8362 689/8361
f 908/8362 1082/8353 1138/8352
f 908/8362 1138/8352 793/8363
f 793/8363 1138/8352 868/8351
f 689/8361 908/8362 556/8364
f 556/8364 908/8362 793/8363
f 689/8361 556/8364 446/8365
f 689/8361 446/8365 490/8366
f 490/8366 446/8365 116/8367
f 490/8366 116/8367 3/8368
f 116/8367 446/8365 113/8369
f 3/8368 116/8367 2958/8370
f 3/8368 2958/8370 3086/8371
f 3086/8371 2958/8370 3057/8372
f 2958/8370 116/8367 2990/8373
f 2958/8370 2990/8373 3057/8372
f 2990/8373 116/8367 113/8369
f 3057/8372 2990/8373 3072/8374
f 69/8375 113/8369 446/8365
f 113/8369 69/8375 2990/8373
f 69/8375 446/8365 556/8364
f 3072/8374 2990/8373 3004/8376
f 2990/8373 69/8375 80/8377
f 2990/8373 80/8377 3004/8376
f 80/8377 69/8375 556/8364
f 3072/8374 3004/8376 5/8378
f 5/8378 3004/8376 80/8377
f 3072/8374 5/8378 3065/8379
f 3065/8379 5/8378 17/8309
f 5/8378 80/8377 95/8380
f 5/8378 95/8380 17/8309
f 80/8377 556/8364 405/8381
f 80/8377 405/8381 95/8380
f 405/8381 556/8364 793/8363
f 17/8309 95/8380 368/8382
f 368/8382 95/8380 405/8381
f 405/8381 793/8363 553/8383
f 405/8381 553/8383 368/8382
f 553/8383 793/8363 868/8351
f 17/8309 368/8382 475/8384
f 475/8384 368/8382 553/8383
f 17/8309 475/8384 489/8385
f 17/8309 489/8385 517/8312
f 475/8384 553/8383 597/8386
f 475/8384 597/8386 489/8385
f 597/8386 553/8383 868/8351
f 489/8385 597/8386 517/8312
f 597/8386 868/8351 606/8330
f 597/8386 606/8330 517/8312
f 15/8387 2967/8388 107/8389
f 1704/8390 1848/8391 1782/8392
f 1848/8391 1704/8390 1700/8393
f 1782/8392 1848/8391 1910/8394
f 1848/8391 1700/8393 1856/8395
f 1848/8391 1856/8395 1910/8394
f 1856/8395 1700/8393 1847/8396
f 1856/8395 1847/8396 1919/8397
f 1856/8395 1919/8397 1910/8394
f 1910/8394 1919/8397 1954/8398
f 1910/8394 1954/8398 1942/8399
f 1942/8399 1954/8398 2055/8400
f 1954/8398 1919/8397 2050/8401
f 1954/8398 2050/8401 2055/8400
f 2050/8401 1919/8397 2054/8402
f 2055/8400 2050/8401 2119/8403
f 2119/8403 2050/8401 2054/8402
f 2055/8400 2119/8403 2155/8404
f 2055/8400 2155/8404 2185/8405
f 2119/8403 2054/8402 2149/8406
f 2119/8403 2149/8406 2155/8404
f 2149/8406 2054/8402 2197/8407
f 2155/8404 2149/8406 2169/8408
f 2155/8404 2169/8408 2185/8405
f 2169/8408 2149/8406 2197/8407
f 2185/8405 2169/8408 2316/8409
f 2185/8405 2316/8409 2328/8410
f 2316/8409 2169/8408 2197/8407
f 2316/8409 2197/8407 2336/8411
f 2212/8412 2197/8407 2054/8402
f 2336/8411 2197/8407 2260/8413
f 2260/8413 2197/8407 2212/8412
f 2336/8411 2260/8413 2304/8414
f 2260/8413 2212/8412 2383/8415
f 2260/8413 2383/8415 2435/8416
f 2435/8416 2383/8415 2571/8417
f 2383/8415 2212/8412 2369/8418
f 2383/8415 2369/8418 2571/8417
f 2369/8418 2212/8412 2204/8419
f 2571/8417 2369/8418 2421/8420
f 2369/8418 2204/8419 2247/8421
f 2369/8418 2247/8421 2421/8420
f 2347/8422 2402/8423 2505/8424
f 2505/8424 2402/8423 2429/8425
f 2402/8423 2347/8422 2346/8426
f 2402/8423 2346/8426 2429/8425
f 2346/8426 2347/8422 2239/8427
f 2429/8425 2346/8426 2328/8428
f 2346/8426 2239/8427 2289/8429
f 2289/8429 2239/8427 2242/8430
f 2328/8428 2346/8426 2302/8431
f 2302/8431 2346/8426 2289/8429
f 2289/8429 2242/8430 2416/8432
f 2328/8428 2302/8431 2256/8433
f 2289/8429 2416/8432 2463/8434
f 2328/8428 2256/8433 2185/8435
f 2302/8431 2289/8429 2475/8436
f 2475/8436 2289/8429 2463/8434
f 2302/8431 2475/8436 2256/8433
f 2185/8435 2256/8433 2217/8437
f 2185/8435 2217/8437 2205/8438
f 2463/8434 2416/8432 2553/8439
f 2463/8434 2553/8439 2475/8436
f 2553/8439 2416/8432 2379/8440
f 2256/8433 2475/8436 2430/8441
f 2430/8441 2475/8436 2553/8439
f 2217/8437 2256/8433 2391/8442
f 2391/8442 2256/8433 2430/8441
f 2217/8437 2391/8442 2379/8440
f 2391/8442 2430/8441 2553/8439
f 2391/8442 2553/8439 2379/8440
f 5645/8443 5753/8444 5775/8445
f 5753/8444 5645/8443 5696/8446
f 5775/8445 5753/8444 5776/8447
f 5753/8444 5696/8446 5702/8448
f 5505/8449 5639/8450 5702/8448
f 5702/8448 5639/8450 5724/8451
f 5702/8448 5724/8451 5753/8444
f 5776/8447 5753/8444 5758/8452
f 5758/8452 5753/8444 5724/8451
f 5776/8447 5758/8452 5763/8453
f 5763/8453 5758/8452 5735/8454
f 5735/8454 5758/8452 5747/8455
f 5747/8455 5758/8452 5724/8451
f 5747/8455 5724/8451 5642/8456
f 5642/8456 5724/8451 5626/8457
f 5747/8455 5642/8456 5686/8458
f 5537/8459 5508/8460 5713/8461
f 5537/8459 5713/8461 5567/8462
f 5537/8459 5567/8462 5508/8460
f 5508/8460 5567/8462 5496/8463
f 5508/8460 5496/8463 5461/8464
f 5508/8460 5461/8464 5505/8465
f 5461/8464 5496/8463 5381/8466
f 5461/8464 5381/8466 5455/8467
f 5461/8464 5455/8467 5483/8468
f 5483/8468 5455/8467 5636/8469
f 5636/8469 5455/8467 5472/8470
f 5636/8469 5472/8470 5626/8471
f 5472/8470 5455/8467 5433/8472
f 5433/8472 5455/8467 5345/8473
f 5345/8473 5455/8467 5381/8466
f 5345/8473 5381/8466 5357/8474
f 5357/8474 5381/8466 5397/8475
f 5345/8473 5357/8474 5285/8476
f 5285/8476 5357/8474 5234/8477
f 5636/8478 5639/8479 5573/8480
f 5636/8478 5573/8480 5483/8481
f 5639/8479 5636/8478 5626/8482
f 5639/8479 5626/8482 5724/8483
f 5483/8481 5573/8480 5461/8484
f 5461/8484 5573/8480 5639/8479
f 5461/8484 5639/8479 5505/8485
f 5538/8486 5548/8487 5495/8488
f 5538/8486 5495/8488 5441/8489
f 5441/8489 5495/8488 5472/8490
f 5472/8490 5495/8488 5626/8491
f 5626/8491 5495/8488 5548/8487
f 5548/8487 5538/8486 5563/8492
f 5626/8491 5548/8487 5642/8493
f 5548/8487 5563/8492 5593/8494
f 5593/8494 5563/8492 5500/8495
f 5642/8493 5548/8487 5628/8496
f 5628/8496 5548/8487 5593/8494
f 5642/8493 5628/8496 5722/8497
f 5642/8493 5722/8497 5686/8498
f 5686/8498 5722/8497 5734/8499
f 5734/8499 5722/8497 5700/8500
f 5593/8494 5500/8495 5497/8501
f 5497/8501 5500/8495 5442/8502
f 5497/8501 5442/8502 5422/8503
f 5722/8497 5628/8496 5646/8504
f 5646/8504 5628/8496 5593/8494
f 5593/8494 5497/8501 5542/8505
f 5593/8494 5542/8505 5646/8504
f 5497/8501 5422/8503 5453/8506
f 5453/8506 5422/8503 5417/8507
f 5722/8497 5646/8504 5544/8508
f 5544/8508 5646/8504 5542/8505
f 5722/8497 5544/8508 5545/8509
f 5542/8505 5497/8501 5490/8510
f 5490/8510 5497/8501 5453/8506
f 5542/8505 5490/8510 5544/8508
f 5453/8506 5417/8507 5379/8511
f 5453/8506 5379/8511 5490/8510
f 5379/8511 5417/8507 5383/8512
f 5383/8512 5417/8507 5411/8513
f 5490/8510 5379/8511 5446/8514
f 5490/8510 5446/8514 5544/8508
f 5544/8508 5446/8514 5413/8515
f 5443/8516 5563/8517 5538/8518
f 5443/8516 5538/8518 5441/8519
f 5563/8517 5443/8516 5529/8520
f 5443/8516 5441/8519 5434/8521
f 5443/8516 5434/8521 5529/8520
f 5563/8517 5529/8520 5521/8522
f 5563/8517 5521/8522 5500/8523
f 5529/8520 5434/8521 5415/8524
f 5521/8522 5529/8520 5378/8525
f 5378/8525 5529/8520 5415/8524
f 5500/8523 5521/8522 5432/8526
f 5432/8526 5521/8522 5378/8525
f 5500/8523 5432/8526 5430/8527
f 5500/8523 5430/8527 5442/8528
f 5442/8528 5430/8527 5422/8529
f 5422/8529 5430/8527 5432/8526
f 5422/8529 5432/8526 5389/8530
f 5389/8530 5432/8526 5378/8525
f 5422/8529 5389/8530 5417/8531
f 5417/8531 5389/8530 5411/8532
f 5411/8532 5389/8530 5383/8533
f 5330/8534 5378/8525 5415/8524
f 5378/8525 5330/8534 5389/8530
f 5330/8534 5415/8524 5434/8521
f 5383/8533 5389/8530 5336/8535
f 5336/8535 5389/8530 5318/8536
f 5318/8536 5389/8530 5330/8534
f 5383/8533 5336/8535 5323/8537
f 5383/8533 5323/8537 5379/8538
f 5379/8538 5323/8537 5255/8539
f 5255/8539 5323/8537 5222/8540
f 5222/8540 5323/8537 5336/8535
f 5222/8540 5336/8535 5318/8536
f 5222/8540 5318/8536 5330/8534
f 5222/8540 5330/8534 5234/8541
f 5222/8540 5234/8541 5057/8542
f 5234/8541 5330/8534 5399/8543
f 5399/8543 5330/8534 5434/8521
f 5234/8541 5399/8543 5285/8544
f 5285/8544 5399/8543 5345/8545
f 5399/8543 5434/8521 5441/8519
f 5345/8545 5399/8543 5433/8546
f 5433/8546 5399/8543 5441/8519
f 5433/8546 5441/8519 5472/8547
f 5773/8548 5763/8549 5774/8550
f 5774/8550 5763/8549 5735/8551
f 5773/8548 5774/8550 5748/8552
f 5748/8552 5774/8550 5735/8551
f 5683/8553 5748/8552 5680/8554
f 5680/8554 5748/8552 5698/8555
f 5698/8555 5748/8552 5735/8551
f 5680/8554 5698/8555 5664/8556
f 5757/8557 5692/8558 5664/8556
f 5757/8557 5664/8556 5771/8559
f 5771/8559 5664/8556 5698/8555
f 5771/8559 5698/8555 5752/8560
f 5752/8560 5698/8555 5735/8551
f 5752/8560 5735/8551 5716/8561
f 5716/8561 5735/8551 5686/8562
f 5686/8562 5735/8551 5747/8563
f 5716/8561 5686/8562 5734/8564
f 5918/8565 5837/8566 5841/8567
f 5837/8566 5918/8565 5835/8568
f 5918/8565 5841/8567 5839/8569
f 5835/8568 5918/8565 5828/8570
f 5918/8565 5839/8569 5834/8571
f 5918/8565 5834/8571 5828/8570
f 5837/8572 5752/8573 5841/8574
f 5752/8573 5837/8572 5771/8575
f 5841/8574 5752/8573 5716/8576
f 5841/8574 5716/8576 5839/8577
f 5839/8577 5716/8576 5834/8578
f 5834/8578 5716/8576 5700/8579
f 5700/8579 5716/8576 5734/8580
f 5834/8578 5700/8579 5828/8581
f 5828/8581 5700/8579 5705/8582
f 5828/8581 5705/8582 5757/8583
f 5757/8583 5705/8582 5643/8584
f 5757/8583 5643/8584 5692/8585
f 5828/8581 5757/8583 5835/8586
f 5835/8586 5757/8583 5771/8587
f 5835/8586 5771/8587 5837/8588
f 5680/8589 5664/8590 5681/8591
f 5681/8591 5664/8590 5546/8592
f 5681/8591 5546/8592 5591/8593
f 5591/8593 5546/8592 5616/8594
f 5616/8594 5546/8592 5554/8595
f 5664/8596 5692/8597 5623/8598
f 5664/8596 5623/8598 5546/8599
f 5623/8598 5692/8597 5581/8600
f 5581/8600 5692/8597 5643/8601
f 5581/8600 5643/8601 5527/8602
f 5581/8600 5527/8602 5371/8603
f 5527/8602 5643/8601 5705/8604
f 5371/8603 5527/8602 5545/8605
f 5545/8605 5527/8602 5705/8604
f 5545/8605 5705/8604 5700/8606
f 5545/8605 5700/8606 5722/8607
f 5559/8608 5546/8609 5623/8610
f 5559/8608 5623/8610 5468/8611
f 5468/8611 5623/8610 5581/8612
f 5546/8609 5559/8608 5586/8613
f 5586/8613 5559/8608 5468/8611
f 5546/8609 5586/8613 5632/8614
f 5468/8611 5581/8612 5371/8615
f 5632/8614 5586/8613 5647/8616
f 5647/8616 5586/8613 5606/8617
f 5586/8613 5468/8611 5513/8618
f 5606/8617 5586/8613 5555/8619
f 5555/8619 5586/8613 5513/8618
f 5513/8618 5468/8611 5451/8620
f 5451/8620 5468/8611 5371/8615
f 5513/8618 5451/8620 5555/8619
f 5606/8617 5555/8619 5477/8621
f 5451/8620 5371/8615 5402/8622
f 5402/8622 5371/8615 5545/8623
f 5451/8620 5402/8622 5346/8624
f 5477/8621 5555/8619 5449/8625
f 5477/8621 5449/8625 5349/8626
f 5555/8619 5451/8620 5409/8627
f 5409/8627 5451/8620 5346/8624
f 5449/8625 5555/8619 5387/8628
f 5387/8628 5555/8619 5409/8627
f 5349/8626 5449/8625 5408/8629
f 5408/8629 5449/8625 5387/8628
f 5349/8626 5408/8629 5340/8630
f 5340/8630 5408/8629 5287/8631
f 5287/8631 5408/8629 5387/8628
f 5287/8631 5387/8628 5286/8632
f 5387/8628 5409/8627 5313/8633
f 5286/8632 5387/8628 5257/8634
f 5257/8634 5387/8628 5313/8633
f 5313/8633 5409/8627 5324/8635
f 5313/8633 5324/8635 5257/8634
f 5286/8632 5257/8634 5237/8636
f 5237/8636 5257/8634 5324/8635
f 5286/8632 5237/8636 5229/8637
f 5324/8635 5409/8627 5207/8638
f 5324/8635 5207/8638 5237/8636
f 5229/8637 5237/8636 5083/8639
f 5083/8639 5237/8636 5207/8638
f 5229/8637 5083/8639 5125/8640
f 5207/8638 5409/8627 5250/8641
f 5250/8641 5409/8627 5346/8624
f 5207/8638 5250/8641 5095/8642
f 5250/8641 5346/8624 5227/8643
f 5250/8641 5227/8643 5095/8642
f 5207/8638 5095/8642 4988/8644
f 5207/8638 4988/8644 4931/8645
f 5207/8638 4931/8645 5083/8639
f 4931/8645 4988/8644 4910/8646
f 4931/8645 4910/8646 4866/8647
f 4931/8645 4866/8647 5083/8639
f 4866/8647 4910/8646 4845/8648
f 4866/8647 4845/8648 5083/8639
f 5083/8639 4845/8648 4906/8649
f 5083/8639 4906/8649 5125/8640
f 4906/8649 4845/8648 4780/8650
f 5125/8640 4906/8649 5026/8651
f 5026/8651 4906/8649 4756/8652
f 5026/8651 4756/8652 4942/8653
f 4906/8649 4780/8650 4624/8654
f 4906/8649 4624/8654 4756/8652
f 4624/8654 4780/8650 4559/8655
f 4756/8652 4624/8654 4428/8656
f 4428/8656 4624/8654 4559/8655
f 4428/8656 4559/8655 4330/8657
f 4774/8658 4988/8644 5095/8642
f 4774/8658 5095/8642 5010/8659
f 5010/8659 5095/8642 5227/8643
f 4774/8658 5010/8659 4709/8660
f 5010/8659 5227/8643 5256/8661
f 5256/8661 5227/8643 5346/8624
f 5256/8661 5346/8624 5326/8662
f 5326/8662 5346/8624 5402/8622
f 5010/8659 5256/8661 5148/8663
f 5148/8663 5256/8661 5326/8662
f 4709/8660 5010/8659 4743/8664
f 4743/8664 5010/8659 5148/8663
f 4377/8665 4774/8658 4709/8660
f 4377/8665 4709/8660 4743/8664
f 4774/8658 4377/8665 4449/8666
f 4449/8666 4377/8665 4312/8667
f 4312/8667 4377/8665 4216/8668
f 4216/8668 4377/8665 4234/8669
f 4234/8669 4377/8665 4343/8670
f 4343/8670 4377/8665 4743/8664
f 4234/8669 4343/8670 4280/8671
f 4280/8671 4343/8670 4528/8672
f 4528/8672 4343/8670 4743/8664
f 4280/8671 4528/8672 4576/8673
f 4528/8672 4743/8664 4742/8674
f 4742/8674 4743/8664 4978/8675
f 4978/8675 4743/8664 5148/8663
f 4528/8672 4742/8674 4684/8676
f 4684/8676 4742/8674 4978/8675
f 4576/8673 4528/8672 4646/8677
f 4646/8677 4528/8672 4684/8676
f 4576/8673 4646/8677 4771/8678
f 4576/8673 4771/8678 4674/8679
f 4646/8677 4684/8676 4810/8680
f 4646/8677 4810/8680 4771/8678
f 4810/8680 4684/8676 4950/8681
f 4950/8681 4684/8676 4978/8675
f 4771/8678 4810/8680 4999/8682
f 4999/8682 4810/8680 4950/8681
f 4674/8679 4771/8678 4930/8683
f 4930/8683 4771/8678 4999/8682
f 4674/8679 4930/8683 4973/8684
f 4674/8679 4973/8684 4782/8685
f 4973/8684 4930/8683 4997/8686
f 4997/8686 4930/8683 4999/8682
f 4973/8684 4997/8686 4984/8687
f 4999/8682 4950/8681 5003/8688
f 4999/8682 5003/8688 4997/8686
f 5003/8688 4950/8681 4927/8689
f 4927/8689 4950/8681 4978/8675
f 4927/8689 4978/8675 5003/8688
f 4984/8687 4997/8686 5043/8690
f 5043/8690 4997/8686 5003/8688
f 5003/8688 4978/8675 5024/8691
f 5003/8688 5024/8691 5043/8690
f 5024/8691 4978/8675 5158/8692
f 5158/8692 4978/8675 5148/8663
f 5158/8692 5148/8663 5326/8662
f 5027/8693 4996/8694 4984/8687
f 5027/8693 4984/8687 5043/8690
f 5043/8690 5024/8691 5145/8695
f 5145/8695 5024/8691 5158/8692
f 5027/8693 5043/8690 5106/8696
f 5043/8690 5145/8695 5114/8697
f 5043/8690 5114/8697 5106/8696
f 5114/8697 5145/8695 5176/8698
f 5106/8696 5114/8697 5142/8699
f 5106/8696 5142/8699 5027/8693
f 5142/8699 5114/8697 5176/8698
f 5176/8698 5145/8695 5178/8700
f 5176/8698 5178/8700 5142/8699
f 5178/8700 5145/8695 5158/8692
f 5027/8693 5142/8699 5154/8701
f 5027/8693 5154/8701 5060/8702
f 5142/8699 5178/8700 5225/8703
f 5142/8699 5225/8703 5154/8701
f 5178/8700 5158/8692 5347/8704
f 5178/8700 5347/8704 5225/8703
f 5347/8704 5158/8692 5304/8705
f 5304/8705 5158/8692 5316/8706
f 5316/8706 5158/8692 5326/8662
f 5347/8704 5304/8705 5331/8707
f 5331/8707 5304/8705 5316/8706
f 5347/8704 5331/8707 5403/8708
f 5403/8708 5331/8707 5316/8706
f 5347/8704 5403/8708 5374/8709
f 5316/8706 5326/8662 5410/8710
f 5410/8710 5326/8662 5402/8622
f 5410/8710 5402/8622 5545/8623
f 5316/8706 5410/8710 5400/8711
f 5400/8711 5410/8710 5545/8623
f 5316/8706 5400/8711 5403/8708
f 5400/8711 5545/8623 5544/8712
f 5400/8711 5544/8712 5413/8713
f 5400/8711 5413/8713 5403/8708
f 5403/8708 5413/8713 5374/8709
f 5265/8714 5347/8704 5374/8709
f 5265/8714 5374/8709 5281/8715
f 5347/8704 5265/8714 5225/8703
f 5225/8703 5265/8714 5209/8716
f 5209/8716 5265/8714 5254/8717
f 5209/8716 5254/8717 5210/8718
f 5225/8703 5209/8716 5154/8701
f 5209/8716 5210/8718 5167/8719
f 5209/8716 5167/8719 5154/8701
f 5154/8701 5167/8719 5079/8720
f 5222/8721 5109/8722 5133/8723
f 5222/8721 5133/8723 5255/8724
f 5109/8722 5222/8721 5057/8725
f 5133/8723 5109/8722 4961/8726
f 5133/8723 4961/8726 5021/8727
f 5109/8722 5057/8725 4871/8728
f 5109/8722 4871/8728 4961/8726
f 5234/8729 5094/8730 5057/8725
f 5057/8725 5094/8730 4871/8728
f 4871/8728 5094/8730 4841/8731
f 4871/8728 4841/8731 4819/8732
f 4819/8732 4841/8731 4816/8733
f 4871/8728 4819/8732 4940/8734
f 4940/8734 4819/8732 4816/8733
f 4871/8728 4940/8734 4961/8726
f 4940/8734 4816/8733 4924/8735
f 4940/8734 4924/8735 4986/8736
f 4986/8736 4924/8735 5016/8737
f 4961/8726 4940/8734 4985/8738
f 4985/8738 4940/8734 4986/8736
f 4985/8738 4986/8736 5016/8737
f 4961/8726 4985/8738 5021/8727
f 5021/8727 4985/8738 5016/8737
f 5379/8739 5255/8740 5301/8741
f 5301/8741 5255/8740 5201/8742
f 5201/8742 5255/8740 5133/8743
f 5379/8739 5301/8741 5358/8744
f 5358/8744 5301/8741 5201/8742
f 5379/8739 5358/8744 5394/8745
f 5379/8739 5394/8745 5446/8746
f 5446/8746 5394/8745 5413/8747
f 5413/8747 5394/8745 5374/8748
f 5374/8748 5394/8745 5358/8744
f 5374/8748 5358/8744 5281/8749
f 5281/8749 5358/8744 5298/8750
f 5298/8750 5358/8744 5275/8751
f 5275/8751 5358/8744 5201/8742
f 5298/8750 5275/8751 5224/8752
f 5224/8752 5275/8751 5201/8742
f 5224/8752 5201/8742 5183/8753
f 5163/8754 5201/8742 5133/8743
f 5201/8742 5163/8754 5183/8753
f 5163/8754 5133/8743 5084/8755
f 5084/8755 5133/8743 5021/8756
f 5183/8753 5163/8754 5146/8757
f 5146/8757 5163/8754 5084/8755
f 5224/8752 5183/8753 5121/8758
f 5224/8752 5121/8758 5152/8759
f 5152/8759 5121/8758 5098/8760
f 5121/8758 5183/8753 5081/8761
f 5121/8758 5081/8761 5098/8760
f 5183/8753 5146/8757 5113/8762
f 5183/8753 5113/8762 5081/8761
f 5081/8761 5113/8762 5098/8760
f 5113/8762 5146/8757 5084/8755
f 5098/8760 5113/8762 5011/8763
f 5011/8763 5113/8762 5016/8764
f 5016/8764 5113/8762 5071/8765
f 5071/8765 5113/8762 5084/8755
f 5016/8764 5071/8765 5021/8756
f 5071/8765 5084/8755 5049/8766
f 5049/8766 5084/8755 5021/8756
f 5049/8766 5021/8756 5071/8765
f 5319/8767 5298/8768 5224/8769
f 5298/8768 5319/8767 5281/8770
f 5319/8767 5224/8769 5180/8771
f 5180/8771 5224/8769 5152/8772
f 5281/8770 5319/8767 5254/8773
f 5281/8770 5254/8773 5265/8774
f 5254/8773 5319/8767 5216/8775
f 5216/8775 5319/8767 5180/8771
f 5254/8773 5216/8775 5211/8776
f 5254/8773 5211/8776 5210/8777
f 5210/8777 5211/8776 5167/8778
f 5167/8778 5211/8776 5120/8779
f 5120/8779 5211/8776 5216/8775
f 5167/8778 5120/8779 5079/8780
f 5079/8780 5120/8779 4994/8781
f 5120/8779 5216/8775 5078/8782
f 5120/8779 5078/8782 4994/8781
f 5078/8782 5216/8775 5180/8771
f 5079/8780 4994/8781 5060/8783
f 5060/8783 4994/8781 5078/8782
f 5079/8780 5060/8783 5154/8784
f 5060/8783 5078/8782 5025/8785
f 5025/8785 5078/8782 5180/8771
f 5060/8783 5025/8785 5027/8786
f 5027/8786 5025/8785 4996/8787
f 4996/8787 5025/8785 5008/8788
f 5025/8785 5180/8771 5059/8789
f 5025/8785 5059/8789 5008/8788
f 5059/8789 5180/8771 5152/8772
f 5059/8789 5152/8772 5098/8790
f 5059/8789 5098/8790 5011/8791
f 4996/8787 5008/8788 4993/8792
f 4993/8792 5008/8788 5059/8789
f 5059/8789 5011/8791 5040/8793
f 5059/8789 5040/8793 4993/8792
f 5040/8793 5011/8791 4943/8794
f 4996/8787 4993/8792 4995/8795
f 4995/8795 4993/8792 5040/8793
f 4995/8795 5040/8793 4943/8794
f 4996/8787 4995/8795 4905/8796
f 4905/8796 4995/8795 4943/8794
f 5373/8797 5349/8798 5307/8799
f 5307/8799 5349/8798 5528/8800
f 5307/8799 5528/8800 5488/8801
f 5488/8801 5528/8800 5611/8802
f 5528/8800 5349/8798 5506/8803
f 5528/8800 5506/8803 5611/8802
f 5611/8802 5506/8803 5454/8804
f 5506/8803 5349/8798 5340/8805
f 5454/8804 5506/8803 5290/8806
f 5290/8806 5506/8803 5340/8805
f 5290/8806 5340/8805 5287/8807
f 5238/8808 5290/8809 5185/8810
f 5290/8809 5238/8808 5454/8811
f 5185/8810 5290/8809 5287/8812
f 5454/8811 5238/8808 5424/8813
f 5454/8811 5424/8813 5611/8814
f 5611/8814 5424/8813 5253/8815
f 5253/8815 5424/8813 5238/8808
f 5611/8814 5253/8815 5488/8816
f 5488/8816 5253/8815 5307/8817
f 5307/8817 5253/8815 5239/8818
f 5239/8818 5253/8815 5082/8819
f 5082/8819 5253/8815 5238/8808
f 5082/8819 5238/8808 5185/8810
f 5082/8819 5185/8810 5005/8820
f 5229/8821 5185/8810 5287/8812
f 5229/8821 5287/8812 5286/8822
f 5185/8810 5229/8821 5125/8823
f 5185/8810 5125/8823 5005/8820
f 5005/8820 5125/8823 5026/8824
f 5005/8820 5026/8824 4942/8825
f 4968/8826 4962/8827 5082/8828
f 4962/8827 4968/8826 4853/8829
f 4968/8826 5082/8828 4660/8830
f 4660/8830 5082/8828 5005/8831
f 4853/8829 4968/8826 4708/8832
f 4708/8832 4968/8826 4660/8830
f 4853/8829 4708/8832 4752/8833
f 4660/8830 5005/8831 4942/8834
f 4660/8830 4942/8834 4679/8835
f 4679/8835 4942/8834 4756/8836
f 4679/8835 4756/8836 4596/8837
f 4596/8837 4756/8836 4428/8838
f 4660/8830 4679/8835 4595/8839
f 4595/8839 4679/8835 4596/8837
f 4596/8837 4428/8838 4329/8840
f 4596/8837 4329/8840 4595/8839
f 4329/8840 4428/8838 4330/8841
f 4329/8840 4330/8841 4206/8842
f 4329/8840 4206/8842 4256/8843
f 4329/8840 4256/8843 4595/8839
f 4256/8843 4206/8842 3919/8844
f 4504/8845 4660/8830 4595/8839
f 4504/8845 4595/8839 4256/8843
f 4660/8830 4504/8845 4518/8846
f 4660/8830 4518/8846 4708/8832
f 4504/8845 4256/8843 3964/8847
f 3964/8847 4256/8843 3919/8844
f 4504/8845 3964/8847 4518/8846
f 4708/8832 4518/8846 4224/8848
f 4224/8848 4518/8846 3964/8847
f 4708/8832 4224/8848 4213/8849
f 4213/8849 4224/8848 4110/8850
f 4110/8850 4224/8848 3964/8847
f 4110/8850 3964/8847 3709/8851
f 3964/8847 3919/8844 3634/8852
f 3964/8847 3634/8852 3709/8851
f 3634/8852 3919/8844 3621/8853
f 3709/8851 3634/8852 3549/8854
f 3549/8854 3634/8852 3621/8853
f 3549/8854 3621/8853 3299/8855
f 3919/8856 3849/8857 3621/8858
f 3849/8857 3919/8856 4192/8859
f 4192/8859 3919/8856 4206/8860
f 4192/8859 4206/8860 4264/8861
f 4264/8861 4206/8860 4330/8862
f 3849/8857 4192/8859 3916/8863
f 4192/8859 4264/8861 4126/8864
f 4192/8859 4126/8864 3916/8863
f 4264/8861 4330/8862 4537/8865
f 4537/8865 4330/8862 4559/8866
f 4126/8864 4264/8861 4027/8867
f 4126/8864 4027/8867 3916/8863
f 4264/8861 4537/8865 4269/8868
f 4264/8861 4269/8868 4027/8867
f 4537/8865 4559/8866 4696/8869
f 4537/8865 4696/8869 4269/8868
f 4696/8869 4559/8866 4670/8870
f 4670/8870 4559/8866 4780/8871
f 4670/8870 4780/8871 4696/8869
f 4269/8868 4696/8869 4425/8872
f 4269/8868 4425/8872 3932/8873
f 4269/8868 3932/8873 4027/8867
f 4027/8867 3932/8873 3735/8874
f 4027/8867 3735/8874 3916/8863
f 3735/8874 3932/8873 3538/8875
f 3538/8875 3932/8873 3572/8876
f 3538/8875 3572/8876 3103/8877
f 3538/8875 3103/8877 3087/8878
f 3538/8875 3087/8878 3480/8879
f 3538/8875 3480/8879 3735/8874
f 3480/8879 3087/8878 3/8880
f 3480/8879 3/8880 3508/8881
f 3480/8879 3508/8881 3735/8874
f 3508/8881 3/8880 3086/8882
f 3508/8881 3086/8882 3057/8883
f 3735/8874 3508/8881 3574/8884
f 3574/8884 3508/8881 3057/8883
f 3735/8874 3574/8884 3916/8863
f 3574/8884 3057/8883 3072/8885
f 3916/8863 3574/8884 3691/8886
f 3916/8863 3691/8886 3849/8857
f 3574/8884 3072/8885 3426/8887
f 3849/8857 3691/8886 3578/8888
f 3578/8888 3691/8886 3574/8884
f 3578/8888 3574/8884 3426/8887
f 3849/8857 3578/8888 3621/8858
f 3426/8887 3072/8885 3492/8889
f 3426/8887 3492/8889 3578/8888
f 3578/8888 3492/8889 3621/8858
f 3492/8889 3072/8885 3065/8890
f 3621/8858 3492/8889 3299/8891
f 3299/8891 3492/8889 3065/8890
f 4869/8892 4696/8893 4780/8894
f 4696/8893 4869/8892 4666/8895
f 4696/8893 4666/8895 4488/8896
f 4869/8892 4780/8894 4967/8897
f 4967/8897 4780/8894 5002/8898
f 5002/8898 4780/8894 4845/8899
f 5002/8898 4845/8899 4795/8900
f 4795/8900 4845/8899 4910/8901
f 5793/8902 5848/8903 5858/8904
f 5793/8902 5858/8904 5751/8905
f 5793/8902 5751/8905 5767/8906
f 5858/8904 5848/8903 5937/8907
f 5937/8907 5848/8903 5872/8908
f 5937/8907 5872/8908 5939/8909
f 5858/8904 5937/8907 5915/8910
f 5858/8904 5915/8910 5751/8905
f 5915/8910 5937/8907 5945/8911
f 5915/8910 5945/8911 5933/8912
f 5915/8910 5933/8912 5931/8913
f 5751/8905 5915/8910 5806/8914
f 5915/8910 5931/8913 5897/8915
f 5915/8910 5897/8915 5806/8914
f 5806/8914 5897/8915 5707/8916
f 5707/8916 5897/8915 5808/8917
f 5707/8916 5808/8917 5787/8918
f 5787/8918 5808/8917 5859/8919
f 5787/8918 5859/8919 5868/8920
f 5707/8916 5787/8918 5750/8921
f 5750/8921 5787/8918 5868/8920
f 5707/8916 5750/8921 5749/8922
f 5749/8922 5750/8921 5868/8920
f 5755/8923 5769/8924 5731/8925
f 5731/8925 5769/8924 5727/8926
f 5731/8925 5727/8926 5755/8923
f 5755/8927 5660/8928 5767/8929
f 5660/8928 5755/8927 5769/8930
f 5755/8927 5767/8929 5751/8931
f 5755/8927 5751/8931 5727/8932
f 5727/8932 5751/8931 5708/8933
f 5727/8934 5820/8935 5769/8936
f 5820/8935 5727/8934 5679/8937
f 5979/8938 5937/8939 5939/8940
f 5937/8939 5979/8938 5945/8941
f 5945/8941 5979/8938 5985/8942
f 5985/8942 5979/8938 5988/8943
f 5945/8941 5985/8942 5933/8944
f 5933/8944 5985/8942 5931/8945
f 5931/8945 5985/8942 5984/8946
f 5931/8945 5984/8946 5932/8947
f 5932/8947 5984/8946 5942/8948
f 5931/8945 5932/8947 5897/8949
f 5897/8949 5932/8947 5942/8948
f 5939/8950 5952/8951 5973/8952
f 5939/8950 5973/8952 5979/8953
f 5979/8953 5973/8952 5984/8954
f 5984/8954 5973/8952 5942/8955
f 5979/8953 5984/8954 5988/8956
f 5988/8957 5984/8958 5985/8959
f 5949/8960 5896/8961 5942/8962
f 5942/8962 5896/8961 5897/8963
f 5896/8961 5949/8960 5859/8964
f 5897/8963 5896/8961 5808/8965
f 5808/8965 5896/8961 5859/8964
f 4924/8966 4947/8967 5016/8968
f 5016/8968 4947/8967 5000/8969
f 5016/8968 5000/8969 5011/8970
f 5011/8970 5000/8969 4947/8967
f 5011/8970 4947/8967 4872/8971
f 5011/8970 4872/8971 4943/8972
f 4947/8967 4924/8966 4898/8973
f 4898/8973 4924/8966 4862/8974
f 4862/8974 4924/8966 4811/8975
f 4862/8974 4811/8975 4898/8973
f 4898/8973 4811/8975 4947/8967
f 4811/8975 4924/8966 4816/8976
f 4811/8975 4816/8976 4665/8977
f 4885/8978 4943/8972 4872/8971
f 4943/8972 4885/8978 4844/8979
f 4844/8979 4885/8978 4872/8971
f 4890/8980 4872/8971 4947/8967
f 4890/8980 4947/8967 4811/8975
f 4872/8971 4890/8980 4815/8981
f 4815/8981 4890/8980 4811/8975
f 4872/8971 4815/8981 4844/8979
f 4815/8981 4811/8975 4781/8982
f 4748/8983 4811/8975 4665/8977
f 4811/8975 4748/8983 4781/8982
f 4844/8979 4815/8981 4748/8983
f 4748/8983 4665/8977 4570/8984
f 4815/8981 4781/8982 4755/8985
f 4755/8985 4781/8982 4748/8983
f 4755/8985 4748/8983 4815/8981
f 4748/8983 4570/8984 4686/8986
f 4748/8983 4686/8986 4738/8987
f 4844/8979 4748/8983 4768/8988
f 4768/8988 4748/8983 4738/8987
f 4768/8988 4738/8987 4686/8986
f 4844/8979 4768/8988 4697/8989
f 4697/8989 4768/8988 4686/8986
f 4697/8990 4686/8991 4618/8992
f 4618/8992 4686/8991 4570/8993
f 4697/8990 4618/8992 4676/8994
f 4697/8990 4676/8994 4844/8995
f 4844/8995 4676/8994 4943/8996
f 4676/8994 4618/8992 4619/8997
f 4618/8992 4570/8993 4538/8998
f 4618/8992 4538/8998 4619/8997
f 4538/8998 4570/8993 4551/8999
f 4551/8999 4570/8993 4151/9000
f 4619/8997 4538/8998 4561/9001
f 4561/9001 4538/8998 4551/8999
f 4676/8994 4619/8997 4673/9002
f 4673/9002 4619/8997 4561/9001
f 4676/8994 4673/9002 4757/9003
f 4676/8994 4757/9003 4943/8996
f 4673/9002 4561/9001 4547/9004
f 4943/8996 4757/9003 4953/9005
f 4943/8996 4953/9005 4905/9006
f 4757/9003 4673/9002 4700/9007
f 4700/9007 4673/9002 4547/9004
f 4905/9006 4953/9005 4996/9008
f 4757/9003 4700/9007 4725/9009
f 4953/9005 4757/9003 4712/9010
f 4712/9010 4757/9003 4725/9009
f 4725/9009 4700/9007 4606/9011
f 4606/9011 4700/9007 4547/9004
f 4725/9009 4606/9011 4712/9010
f 4996/9008 4953/9005 4977/9012
f 4996/9008 4977/9012 4984/9013
f 4984/9013 4977/9012 4973/9014
f 4973/9014 4977/9012 4782/9015
f 4782/9015 4977/9012 4797/9016
f 4878/9017 4953/9005 4712/9010
f 4953/9005 4878/9017 4977/9012
f 4977/9012 4878/9017 4893/9018
f 4977/9012 4893/9018 4797/9016
f 4893/9018 4878/9017 4664/9019
f 4893/9018 4664/9019 4797/9016
f 4664/9019 4878/9017 4712/9010
f 4797/9016 4664/9019 4671/9020
f 4671/9020 4664/9019 4630/9021
f 4664/9019 4712/9010 4533/9022
f 4533/9022 4712/9010 4606/9011
f 4630/9021 4664/9019 4626/9023
f 4626/9023 4664/9019 4533/9022
f 4630/9021 4626/9023 4635/9024
f 4635/9024 4626/9023 4581/9025
f 4581/9025 4626/9023 4533/9022
f 4533/9022 4606/9011 4483/9026
f 4533/9022 4483/9026 4581/9025
f 4483/9026 4606/9011 4547/9004
f 4483/9026 4547/9004 4544/9027
f 4544/9027 4547/9004 4561/9001
f 4581/9025 4483/9026 4362/9028
f 4581/9025 4362/9028 4395/9029
f 4483/9026 4544/9027 4398/9030
f 4483/9026 4398/9030 4362/9028
f 4544/9027 4561/9001 4548/9031
f 4544/9027 4548/9031 4398/9030
f 4362/9028 4398/9030 4229/9032
f 4229/9032 4398/9030 4548/9031
f 4548/9031 4561/9001 4551/8999
f 4548/9031 4551/8999 4484/9033
f 4548/9031 4484/9033 4453/9034
f 4453/9034 4484/9033 4551/8999
f 4548/9031 4453/9034 4229/9032
f 4453/9034 4551/8999 4196/9035
f 4453/9034 4196/9035 4229/9032
f 4196/9035 4551/8999 4151/9000
f 4196/9035 4151/9000 4189/9036
f 4196/9035 4189/9036 4194/9037
f 4196/9035 4194/9037 4187/9038
f 4196/9035 4187/9038 4232/9039
f 4196/9035 4232/9039 4229/9032
f 4232/9039 4187/9038 4262/9040
f 4244/9041 4362/9028 4229/9032
f 4244/9041 4229/9032 4232/9039
f 4362/9028 4244/9041 4292/9042
f 4232/9039 4262/9040 4276/9043
f 4232/9039 4276/9043 4244/9041
f 4244/9041 4276/9043 4292/9042
f 4276/9043 4262/9040 4316/9044
f 4276/9043 4316/9044 4292/9042
f 4671/9045 4782/9046 4797/9047
f 4782/9046 4671/9045 4695/9048
f 4782/9046 4695/9048 4674/9049
f 4695/9048 4671/9045 4635/9050
f 4635/9050 4671/9045 4630/9051
f 4674/9049 4695/9048 4481/9052
f 4481/9052 4695/9048 4635/9050
f 4674/9049 4481/9052 4576/9053
f 4481/9052 4635/9050 4494/9054
f 4494/9054 4635/9050 4581/9055
f 4494/9054 4581/9055 4395/9056
f 4494/9054 4395/9056 4374/9057
f 4374/9057 4395/9056 4362/9058
f 4374/9057 4362/9058 4292/9059
f 4374/9057 4292/9059 4297/9060
f 4297/9060 4292/9059 4316/9061
f 4374/9057 4297/9060 4527/9062
f 4374/9057 4527/9062 4610/9063
f 4374/9057 4610/9063 4494/9054
f 4494/9054 4610/9063 4481/9052
f 4481/9052 4610/9063 4598/9064
f 4598/9064 4610/9063 4786/9065
f 4481/9052 4598/9064 4502/9066
f 4502/9066 4598/9064 4786/9065
f 4502/9066 4786/9065 4400/9067
f 4400/9067 4786/9065 4699/9068
f 4400/9067 4699/9068 4297/9069
f 4297/9069 4699/9068 4527/9070
f 4502/9066 4400/9067 4332/9071
f 4502/9066 4332/9071 4481/9052
f 4400/9067 4297/9069 4288/9072
f 4400/9067 4288/9072 4332/9071
f 4288/9072 4297/9069 4147/9073
f 4288/9072 4147/9073 4149/9074
f 4149/9074 4147/9073 4060/9075
f 4288/9072 4149/9074 4253/9076
f 4288/9072 4253/9076 4332/9071
f 4253/9076 4149/9074 4234/9077
f 4290/9078 4481/9052 4332/9071
f 4290/9078 4332/9071 4253/9076
f 4290/9078 4253/9076 4234/9077
f 4481/9052 4290/9078 4576/9053
f 4290/9078 4234/9077 4280/9079
f 4290/9078 4280/9079 4576/9053
f 4610/9080 4527/9081 4786/9082
f 4786/9082 4527/9081 4699/9083
f 4910/9084 4988/9085 4894/9086
f 4894/9086 4988/9085 4774/9087
f 4910/9084 4894/9086 4850/9088
f 4894/9086 4774/9087 4655/9089
f 4894/9086 4655/9089 4850/9088
f 4655/9089 4774/9087 4449/9090
f 4910/9084 4850/9088 4795/9091
f 4655/9089 4449/9090 4326/9092
f 4326/9092 4449/9090 4312/9093
f 4850/9088 4655/9089 4572/9094
f 4850/9088 4572/9094 4795/9091
f 4655/9089 4326/9092 4266/9095
f 4655/9089 4266/9095 4572/9094
f 4326/9092 4312/9093 4158/9096
f 4326/9092 4158/9096 4266/9095
f 4158/9096 4312/9093 3851/9097
f 4795/9091 4572/9094 4711/9098
f 4572/9094 4266/9095 4488/9099
f 4572/9094 4488/9099 4711/9098
f 4795/9091 4711/9098 4969/9100
f 4795/9091 4969/9100 5002/9101
f 4969/9100 4711/9098 4895/9102
f 5002/9101 4969/9100 5054/9103
f 5054/9103 4969/9100 4895/9102
f 5002/9101 5054/9103 4967/9104
f 4967/9104 5054/9103 4869/9105
f 5054/9103 4895/9102 4859/9106
f 5054/9103 4859/9106 4869/9105
f 4859/9106 4895/9102 4711/9098
f 4869/9105 4859/9106 4666/9107
f 4666/9107 4859/9106 4711/9098
f 4666/9107 4711/9098 4488/9099
f 4425/9108 4696/9109 4488/9099
f 4425/9108 4488/9099 4287/9110
f 4287/9110 4488/9099 4010/9111
f 4010/9111 4488/9099 4266/9095
f 4425/9108 4287/9110 3978/9112
f 3978/9112 4287/9110 4010/9111
f 4425/9108 3978/9112 3932/9113
f 3932/9113 3978/9112 3572/9114
f 3978/9112 4010/9111 3748/9115
f 3978/9112 3748/9115 3572/9114
f 3572/9114 3748/9115 4010/9111
f 4010/9111 4266/9095 4029/9116
f 4029/9116 4266/9095 4158/9096
f 3572/9114 4010/9111 3614/9117
f 3614/9117 4010/9111 4029/9116
f 3169/9118 3103/9119 3572/9114
f 3169/9118 3572/9114 3614/9117
f 3169/9118 3614/9117 3208/9120
f 3208/9120 3614/9117 3078/9121
f 3078/9121 3614/9117 25/9122
f 3614/9117 4029/9116 4003/9123
f 4003/9123 4029/9116 4158/9096
f 3614/9117 4003/9123 3555/9124
f 3555/9124 4003/9123 4158/9096
f 3614/9117 3555/9124 25/9122
f 3555/9124 4158/9096 3581/9125
f 3555/9124 3581/9125 25/9122
f 3581/9125 4158/9096 3851/9097
f 25/9122 3581/9125 3603/9126
f 3581/9125 3851/9097 3627/9127
f 3581/9125 3627/9127 3603/9126
f 3603/9126 3627/9127 3851/9097
f 3945/9128 4089/9129 3962/9130
f 4194/9131 4189/9132 4089/9129
f 4089/9129 4189/9132 4151/9133
f 4194/9131 4089/9129 4187/9134
f 4187/9134 4089/9129 3945/9128
f 4089/9129 4151/9133 4107/9135
f 4089/9129 4107/9135 3962/9130
f 4107/9135 4151/9133 4103/9136
f 4107/9135 4103/9136 3959/9137
f 4107/9135 3959/9137 3962/9130
f 3962/9130 3959/9137 3945/9128
f 4187/9134 3945/9128 4008/9138
f 4187/9134 4008/9138 4262/9139
f 3945/9128 3959/9137 3928/9140
f 3945/9128 3928/9140 4008/9138
f 4262/9139 4008/9138 4060/9141
f 4262/9139 4060/9141 4147/9142
f 4262/9139 4147/9142 4316/9143
f 4316/9143 4147/9142 4297/9144
f 4060/9141 4008/9138 3975/9145
f 3975/9145 4008/9138 3928/9140
f 4060/9141 3975/9145 3958/9146
f 3958/9146 3975/9145 3833/9147
f 3975/9145 3928/9140 3823/9148
f 3975/9145 3823/9148 3833/9147
f 3958/9146 3833/9147 3731/9149
f 3731/9149 3833/9147 3823/9148
f 3958/9146 3731/9149 3854/9150
f 3854/9150 3731/9149 3662/9151
f 3662/9151 3731/9149 3519/9152
f 3519/9152 3731/9149 3467/9153
f 3467/9153 3731/9149 3823/9148
f 3519/9152 3467/9153 2963/9154
f 3507/9155 23/9156 3467/9153
f 3507/9155 3467/9153 3708/9157
f 3708/9157 3467/9153 3823/9148
f 3708/9157 3823/9148 3871/9158
f 3871/9158 3823/9148 3928/9140
f 3708/9157 3871/9158 3812/9159
f 3708/9157 3812/9159 3776/9160
f 3871/9158 3928/9140 3865/9161
f 3871/9158 3865/9161 3812/9159
f 3812/9159 3865/9161 3776/9160
f 3865/9161 3928/9140 3959/9137
f 3865/9161 3959/9137 3776/9160
f 3507/9162 2974/9163 23/9164
f 4060/9165 3958/9166 4000/9167
f 4060/9165 4000/9167 4149/9168
f 4000/9167 3958/9166 3854/9169
f 4149/9168 4000/9167 4032/9170
f 4000/9167 3854/9169 3839/9171
f 4000/9167 3839/9171 4032/9170
f 4032/9170 3839/9171 3994/9172
f 3839/9171 3854/9169 3662/9173
f 3994/9172 3839/9171 3900/9174
f 3900/9174 3839/9171 3730/9175
f 3730/9175 3839/9171 3662/9173
f 3900/9174 3730/9175 3560/9176
f 3730/9175 3662/9173 3463/9177
f 3730/9175 3463/9177 3560/9176
f 3560/9176 3463/9177 47/9178
f 3463/9177 3662/9173 3519/9179
f 3463/9177 3519/9179 28/9180
f 3467/9181 23/9182 2963/9183
f 3519/9184 2963/9185 28/9186
f 3463/9187 28/9188 45/9189
f 3463/9187 45/9189 47/9190
f 47/9190 45/9189 547/9191
f 547/9191 45/9189 726/9192
f 47/9190 547/9191 78/9193
f 47/9190 78/9193 3560/9194
f 547/9191 726/9192 681/9195
f 547/9191 681/9195 78/9193
f 681/9195 726/9192 870/9196
f 870/9196 726/9192 936/9197
f 78/9193 681/9195 671/9198
f 870/9196 936/9197 986/9199
f 986/9199 936/9197 1004/9200
f 2953/9201 3619/9202 78/9193
f 2953/9201 78/9193 532/9203
f 532/9203 78/9193 671/9198
f 2953/9201 532/9203 184/9204
f 184/9204 532/9203 671/9198
f 184/9204 671/9198 3016/9205
f 3016/9205 671/9198 696/9206
f 3016/9205 696/9206 3010/9207
f 3010/9207 696/9206 2999/9208
f 2999/9208 696/9206 601/9209
f 601/9209 696/9206 881/9210
f 696/9206 671/9198 777/9211
f 777/9211 671/9198 681/9195
f 881/9210 696/9206 1087/9212
f 881/9210 1087/9212 1318/9213
f 1318/9213 1087/9212 1321/9214
f 1087/9212 696/9206 1132/9215
f 1132/9215 696/9206 777/9211
f 1321/9214 1087/9212 1166/9216
f 1166/9216 1087/9212 1132/9215
f 1321/9214 1166/9216 1221/9217
f 1132/9215 777/9211 1100/9218
f 1221/9217 1166/9216 1177/9219
f 1221/9217 1177/9219 1118/9220
f 1118/9220 1177/9219 1166/9216
f 1221/9217 1118/9220 1267/9221
f 1267/9221 1118/9220 1037/9222
f 1037/9222 1118/9220 1004/9200
f 1004/9200 1118/9220 986/9199
f 986/9199 1118/9220 1166/9216
f 986/9199 1166/9216 1132/9215
f 986/9199 1132/9215 998/9223
f 998/9223 1132/9215 1100/9218
f 986/9199 998/9223 870/9196
f 870/9196 998/9223 827/9224
f 998/9223 1100/9218 780/9225
f 998/9223 780/9225 827/9224
f 780/9225 1100/9218 777/9211
f 870/9196 827/9224 821/9226
f 821/9226 827/9224 780/9225
f 821/9226 780/9225 777/9211
f 870/9196 821/9226 681/9195
f 681/9195 821/9226 777/9211
f 4075/9227 4159/9228 4135/9229
f 4135/9229 4159/9228 3994/9230
f 3994/9230 4159/9228 4032/9231
f 4135/9229 3994/9230 3900/9232
f 4032/9231 4159/9228 4216/9233
f 4216/9233 4159/9228 4075/9227
f 4032/9231 4216/9233 4149/9234
f 4149/9234 4216/9233 4234/9235
f 4216/9233 4075/9227 4312/9236
f 4312/9236 4075/9227 3851/9237
f 4135/9229 3900/9232 3822/9238
f 3851/9237 4075/9227 3694/9239
f 3814/9240 4075/9227 4135/9229
f 3814/9240 4135/9229 3822/9238
f 4075/9227 3814/9240 3694/9239
f 3822/9238 3900/9232 3853/9241
f 3822/9238 3853/9241 3814/9240
f 3853/9241 3900/9232 3697/9242
f 3853/9241 3697/9242 3814/9240
f 3697/9242 3900/9232 3560/9243
f 3603/9244 3851/9237 3694/9239
f 3697/9242 3560/9243 3619/9245
f 3619/9245 3560/9243 78/9246
f 3814/9240 3697/9242 3679/9247
f 3679/9247 3697/9242 3619/9245
f 3814/9240 3679/9247 3694/9239
f 3679/9247 3619/9245 2953/9248
f 3679/9247 2953/9248 184/9249
f 3679/9247 184/9249 3016/9250
f 3679/9247 3016/9250 3694/9239
f 3694/9239 3016/9250 3010/9251
f 3694/9239 3010/9251 3603/9244
f 3603/9244 3010/9251 2999/9252
f 3603/9253 2999/9254 25/9255
f 25/9255 2999/9254 559/9256
f 559/9256 2999/9254 601/9257
f 559/9256 601/9257 881/9258
f 559/9256 881/9258 941/9259
f 941/9259 881/9258 1318/9260
f 25/9255 559/9256 513/9261
f 513/9261 559/9256 941/9259
f 513/9261 941/9259 959/9262
f 941/9259 1318/9260 1144/9263
f 941/9259 1144/9263 959/9262
f 1144/9263 1318/9260 1241/9264
f 1241/9264 1318/9260 1390/9265
f 1144/9263 1241/9264 1108/9266
f 1144/9263 1108/9266 959/9262
f 1241/9264 1390/9265 1593/9267
f 1593/9267 1390/9265 1702/9268
f 1241/9264 1593/9267 1537/9269
f 1241/9264 1537/9269 1108/9266
f 1593/9267 1702/9268 1864/9270
f 1593/9267 1864/9270 1537/9269
f 1864/9270 1702/9268 2110/9271
f 1864/9270 2110/9271 1926/9272
f 1926/9272 2110/9271 2109/9273
f 1537/9269 1864/9270 1747/9274
f 1108/9266 1537/9269 1531/9275
f 1531/9275 1537/9269 1747/9274
f 977/9276 959/9262 1108/9266
f 1531/9275 1747/9274 1666/9277
f 1666/9277 1747/9274 1860/9278
f 1108/9266 1531/9275 1231/9279
f 1108/9266 1231/9279 977/9276
f 977/9276 1231/9279 1226/9280
f 1226/9280 1231/9279 1424/9281
f 1424/9281 1231/9279 1531/9275
f 1666/9277 1860/9278 1811/9282
f 1811/9282 1860/9278 2009/9283
f 1613/9284 1531/9275 1666/9277
f 1613/9284 1666/9277 1811/9282
f 1531/9275 1613/9284 1424/9281
f 1811/9282 2009/9283 1838/9285
f 1811/9282 1838/9285 1613/9284
f 1838/9285 2009/9283 1932/9286
f 1838/9285 1932/9286 1649/9287
f 1838/9285 1649/9287 1613/9284
f 1613/9284 1649/9287 1424/9281
f 1424/9281 1649/9287 1490/9288
f 1490/9288 1649/9287 1651/9289
f 1651/9289 1649/9287 1732/9290
f 1490/9288 1651/9289 1526/9291
f 1526/9291 1651/9289 1732/9290
f 117/9292 25/9255 513/9261
f 25/9255 117/9292 2985/9293
f 25/9255 2985/9293 3078/9294
f 3078/9294 2985/9293 117/9292
f 117/9292 513/9261 573/9295
f 573/9295 513/9261 959/9262
f 117/9292 573/9295 175/9296
f 573/9295 959/9262 561/9297
f 573/9295 561/9297 175/9296
f 561/9297 959/9262 977/9276
f 175/9296 561/9297 2947/9298
f 561/9297 977/9276 969/9299
f 969/9299 977/9276 972/9300
f 969/9299 972/9300 886/9301
f 561/9297 969/9299 512/9302
f 512/9302 969/9299 886/9301
f 561/9297 512/9302 114/9303
f 561/9297 114/9303 2947/9298
f 512/9302 886/9301 452/9304
f 452/9304 886/9301 689/9305
f 452/9304 689/9305 490/9306
f 512/9302 452/9304 102/9307
f 102/9307 452/9304 490/9306
f 512/9302 102/9307 114/9303
f 102/9307 490/9306 3/9308
f 114/9303 102/9307 2957/9309
f 2957/9309 102/9307 3/9308
f 114/9303 2957/9309 2947/9298
f 2957/9309 3/9308 3087/9310
f 2957/9309 3087/9310 3103/9311
f 2957/9309 3103/9311 2997/9312
f 2957/9309 2997/9312 2947/9298
f 2997/9312 3103/9311 3169/9313
f 2997/9312 3169/9313 2947/9298
f 2947/9298 3169/9313 3110/9314
f 3110/9314 3169/9313 3208/9315
f 3208/9316 3078/9317 3143/9318
f 3208/9316 3143/9318 3110/9319
f 3143/9318 3078/9317 1/9320
f 1/9320 3078/9317 117/9321
f 3110/9319 3143/9318 2942/9322
f 2942/9322 3143/9318 1/9320
f 3110/9319 2942/9322 2947/9323
f 1/9320 117/9321 150/9324
f 1/9320 150/9324 2942/9322
f 150/9324 117/9321 175/9325
f 2947/9323 2942/9322 175/9325
f 175/9325 2942/9322 150/9324
f 1827/9326 1865/9327 2043/9328
f 1827/9326 2043/9328 2066/9329
f 2066/9329 2043/9328 2187/9330
f 1865/9327 1827/9326 1780/9331
f 2066/9329 2187/9330 2220/9332
f 1775/9333 1865/9327 1578/9334
f 1578/9334 1865/9327 1536/9335
f 1578/9334 1536/9335 1184/9336
f 1184/9336 1536/9335 1003/9337
f 1536/9335 1865/9327 1785/9338
f 1785/9338 1865/9327 1780/9331
f 1003/9337 1536/9335 1114/9339
f 1003/9337 1114/9339 1000/9340
f 1000/9340 1114/9339 1102/9341
f 1114/9339 1536/9335 1535/9342
f 1535/9342 1536/9335 1785/9338
f 1102/9341 1114/9339 1165/9343
f 1114/9339 1535/9342 1616/9344
f 1616/9344 1535/9342 1785/9338
f 1114/9339 1616/9344 1559/9345
f 1165/9343 1114/9339 1475/9346
f 1475/9346 1114/9339 1559/9345
f 1165/9343 1475/9346 1384/9347
f 1882/9348 1785/9338 1780/9331
f 1882/9348 1780/9331 1827/9326
f 1616/9344 1785/9338 1768/9349
f 1785/9338 1882/9348 1884/9350
f 1785/9338 1884/9350 1768/9349
f 1882/9348 1827/9326 1975/9351
f 1975/9351 1827/9326 2066/9329
f 1884/9350 1882/9348 1914/9352
f 1914/9352 1882/9348 1975/9351
f 1914/9352 1975/9351 1948/9353
f 1914/9352 1948/9353 1884/9350
f 1975/9351 2066/9329 2099/9354
f 2099/9354 2066/9329 2220/9332
f 1948/9353 1975/9351 1977/9355
f 1948/9353 1977/9355 1884/9350
f 1975/9351 2099/9354 2056/9356
f 1884/9350 1977/9355 1891/9357
f 1975/9351 2056/9356 1988/9358
f 1977/9355 1975/9351 2027/9359
f 2027/9359 1975/9351 1988/9358
f 1988/9358 2056/9356 2058/9360
f 1988/9358 2058/9360 2027/9359
f 2058/9360 2056/9356 2114/9361
f 2153/9362 2056/9356 2099/9354
f 2056/9356 2153/9362 2114/9361
f 2153/9362 2099/9354 2220/9332
f 2058/9360 2114/9361 2078/9363
f 2058/9360 2078/9363 2027/9359
f 2078/9363 2114/9361 2153/9362
f 1968/9364 1977/9355 2027/9359
f 1968/9364 2027/9359 2078/9363
f 1977/9355 1968/9364 1891/9357
f 1968/9364 2078/9363 1982/9365
f 1968/9364 1982/9365 1891/9357
f 2078/9363 2153/9362 2130/9366
f 2078/9363 2130/9366 2046/9367
f 2078/9363 2046/9367 2052/9368
f 2078/9363 2052/9368 1982/9365
f 2046/9367 2130/9366 2163/9369
f 2163/9369 2130/9366 2153/9362
f 2052/9368 2046/9367 2068/9370
f 2068/9370 2046/9367 2163/9369
f 2052/9368 2068/9370 2122/9371
f 2122/9371 2068/9370 2163/9369
f 1982/9365 2052/9368 2016/9372
f 2016/9372 2052/9368 2122/9371
f 2163/9369 2153/9362 2184/9373
f 2163/9369 2184/9373 2122/9371
f 2184/9373 2153/9362 2246/9374
f 2246/9374 2153/9362 2309/9375
f 2309/9375 2153/9362 2220/9332
f 2184/9373 2246/9374 2263/9376
f 2263/9376 2246/9374 2309/9375
f 2122/9371 2184/9373 2188/9377
f 2184/9373 2263/9376 2267/9378
f 2184/9373 2267/9378 2188/9377
f 2263/9376 2309/9375 2320/9379
f 2267/9378 2263/9376 2235/9380
f 2235/9380 2263/9376 2320/9379
f 2267/9378 2235/9380 2215/9381
f 2267/9378 2215/9381 2188/9377
f 2235/9380 2320/9379 2322/9382
f 2235/9380 2322/9382 2194/9383
f 2235/9380 2194/9383 2215/9381
f 2322/9382 2320/9379 2370/9384
f 2215/9381 2194/9383 2179/9385
f 2370/9384 2320/9379 2376/9386
f 2376/9386 2320/9379 2309/9375
f 2370/9384 2376/9386 2399/9387
f 2376/9386 2309/9375 2333/9388
f 2333/9388 2309/9375 2220/9332
f 2376/9386 2333/9388 2335/9389
f 2333/9388 2220/9332 2281/9390
f 2333/9388 2281/9390 2335/9389
f 2281/9390 2220/9332 2187/9330
f 2281/9390 2187/9330 2314/9391
f 2335/9389 2281/9390 2334/9392
f 2334/9392 2281/9390 2314/9391
f 2335/9389 2334/9392 2365/9393
f 2334/9392 2314/9391 2364/9394
f 2334/9392 2364/9394 2365/9393
f 2365/9393 2364/9394 2371/9395
f 2174/9396 2215/9381 2179/9385
f 2215/9381 2174/9396 2188/9377
f 2174/9396 2179/9385 2141/9397
f 2188/9377 2174/9396 2094/9398
f 2094/9398 2174/9396 2141/9397
f 2141/9397 2179/9385 2104/9399
f 2104/9399 2179/9385 2100/9400
f 2104/9399 2100/9400 1990/9401
f 2141/9397 2104/9399 2049/9402
f 2141/9397 2049/9402 2094/9398
f 2104/9399 1990/9401 2008/9403
f 2104/9399 2008/9403 2049/9402
f 2094/9398 2049/9402 1955/9404
f 1955/9404 2049/9402 2008/9403
f 2094/9398 1955/9404 2047/9405
f 2094/9398 2047/9405 2188/9377
f 2047/9405 1955/9404 2008/9403
f 2008/9403 1990/9401 1941/9406
f 1941/9406 1990/9401 1958/9407
f 2047/9405 2008/9403 1996/9408
f 2188/9377 2047/9405 1999/9409
f 1999/9409 2047/9405 1996/9408
f 2188/9377 1999/9409 2122/9371
f 1996/9408 2008/9403 1947/9410
f 1947/9410 2008/9403 1941/9406
f 1996/9408 1947/9410 1999/9409
f 1947/9410 1941/9406 1929/9411
f 2122/9371 1999/9409 2016/9372
f 2016/9372 1999/9409 1991/9412
f 1991/9412 1999/9409 1947/9410
f 2016/9372 1991/9412 1972/9413
f 1972/9413 1991/9412 1947/9410
f 2016/9372 1972/9413 1959/9414
f 2016/9372 1959/9414 1982/9365
f 1972/9413 1947/9410 1949/9415
f 1972/9413 1949/9415 1959/9414
f 1949/9415 1947/9410 1928/9416
f 1982/9365 1959/9414 1833/9417
f 1959/9414 1949/9415 1871/9418
f 1982/9365 1833/9417 1891/9357
f 1871/9418 1949/9415 1911/9419
f 1911/9419 1949/9415 1928/9416
f 1959/9414 1871/9418 1912/9420
f 1912/9420 1871/9418 1911/9419
f 1959/9414 1912/9420 1872/9421
f 1959/9414 1872/9421 1833/9417
f 1872/9421 1912/9420 1851/9422
f 1851/9422 1912/9420 1911/9419
f 1833/9417 1872/9421 1797/9423
f 1797/9423 1872/9421 1851/9422
f 1768/9349 1891/9357 1833/9417
f 1891/9357 1768/9349 1839/9424
f 1891/9357 1839/9424 1884/9350
f 1884/9350 1839/9424 1786/9425
f 1786/9425 1839/9424 1768/9349
f 1786/9425 1768/9349 1884/9350
f 1768/9349 1833/9417 1727/9426
f 1727/9426 1833/9417 1797/9423
f 1768/9349 1727/9426 1707/9427
f 1768/9349 1707/9427 1616/9344
f 1707/9427 1727/9426 1713/9428
f 1713/9428 1727/9426 1797/9423
f 1713/9428 1797/9423 1707/9427
f 1616/9344 1707/9427 1559/9345
f 1707/9427 1797/9423 1720/9429
f 1707/9427 1720/9429 1689/9430
f 1720/9429 1797/9423 1657/9431
f 1707/9427 1689/9430 1638/9432
f 1638/9432 1689/9430 1720/9429
f 1707/9427 1638/9432 1559/9345
f 1638/9432 1720/9429 1657/9431
f 1559/9345 1638/9432 1633/9433
f 1633/9433 1638/9432 1657/9431
f 1657/9431 1797/9423 1851/9422
f 1559/9345 1633/9433 1547/9434
f 1547/9434 1633/9433 1657/9431
f 1559/9345 1547/9434 1475/9346
f 1657/9431 1851/9422 1619/9435
f 1657/9431 1619/9435 1547/9434
f 1619/9435 1851/9422 1714/9436
f 1475/9346 1547/9434 1499/9437
f 1714/9436 1851/9422 1911/9419
f 1475/9346 1499/9437 1384/9347
f 1547/9434 1619/9435 1503/9438
f 1547/9434 1503/9438 1499/9437
f 1619/9435 1714/9436 1661/9439
f 1619/9435 1661/9439 1503/9438
f 1384/9347 1499/9437 1400/9440
f 1400/9440 1499/9437 1503/9438
f 1400/9440 1503/9438 1384/9347
f 1384/9347 1503/9438 1485/9441
f 1503/9438 1661/9439 1481/9442
f 1503/9438 1481/9442 1485/9441
f 1618/9443 1661/9439 1714/9436
f 1661/9439 1618/9443 1481/9442
f 1618/9443 1714/9436 1635/9444
f 1635/9444 1714/9436 1911/9419
f 1481/9442 1618/9443 1560/9445
f 1560/9445 1618/9443 1635/9444
f 1481/9442 1560/9445 1485/9441
f 1635/9444 1911/9419 1721/9446
f 1560/9445 1635/9444 1525/9447
f 1525/9447 1635/9444 1721/9446
f 1721/9446 1911/9419 1928/9416
f 1560/9445 1525/9447 1467/9448
f 1560/9445 1467/9448 1485/9441
f 1485/9441 1467/9448 1420/9449
f 1467/9448 1525/9447 1458/9450
f 1467/9448 1458/9450 1420/9449
f 1485/9441 1420/9449 1294/9451
f 1294/9451 1420/9449 1458/9450
f 1485/9441 1294/9451 1193/9452
f 1485/9441 1193/9452 1384/9347
f 1384/9347 1193/9452 1165/9343
f 1165/9343 1193/9452 1189/9453
f 1189/9453 1193/9452 1206/9454
f 1206/9454 1193/9452 1294/9451
f 1267/9455 1270/9456 1206/9454
f 1267/9455 1206/9454 1257/9457
f 1257/9457 1206/9454 1341/9458
f 1341/9458 1206/9454 1294/9451
f 1341/9458 1294/9451 1458/9450
f 1341/9458 1458/9450 1469/9459
f 1469/9459 1458/9450 1525/9447
f 1341/9458 1469/9459 1450/9460
f 1469/9459 1525/9447 1582/9461
f 1450/9460 1469/9459 1620/9462
f 1450/9460 1620/9462 1504/9463
f 1620/9462 1469/9459 1582/9461
f 1582/9461 1525/9447 1721/9446
f 1620/9462 1582/9461 1565/9464
f 1582/9461 1721/9446 1669/9465
f 1582/9461 1669/9465 1565/9464
f 1669/9465 1721/9446 1857/9466
f 1857/9466 1721/9446 1928/9416
f 1565/9464 1669/9465 1694/9467
f 1694/9467 1669/9465 1857/9466
f 1565/9464 1694/9467 1620/9462
f 1857/9466 1928/9416 1917/9468
f 1857/9466 1917/9468 1694/9467
f 1917/9468 1928/9416 1943/9469
f 1943/9469 1928/9416 1947/9410
f 1943/9469 1947/9410 1929/9411
f 1694/9467 1917/9468 1748/9470
f 1748/9470 1917/9468 1943/9469
f 1694/9467 1748/9470 1620/9462
f 1943/9469 1929/9411 1793/9471
f 1943/9469 1793/9471 1748/9470
f 1748/9470 1793/9471 1620/9462
f 1793/9471 1929/9411 1818/9472
f 1620/9462 1793/9471 1698/9473
f 2452/9474 2451/9475 2392/9476
f 2392/9476 2451/9475 2374/9477
f 2451/9475 2452/9474 2556/9478
f 2556/9478 2452/9474 2478/9479
f 2556/9478 2478/9479 2516/9480
f 2374/9477 2451/9475 2405/9481
f 2374/9477 2405/9481 2371/9482
f 2371/9482 2405/9481 2365/9483
f 2365/9483 2405/9481 2335/9484
f 2335/9484 2405/9481 2442/9485
f 2442/9485 2405/9481 2451/9475
f 2335/9484 2442/9485 2376/9486
f 2376/9486 2442/9485 2399/9487
f 2370/9488 2399/9487 2343/9489
f 2343/9489 2399/9487 2500/9490
f 2500/9490 2399/9487 2442/9485
f 2442/9485 2451/9475 2499/9491
f 2442/9485 2499/9491 2500/9490
f 2499/9491 2451/9475 2556/9478
f 2500/9490 2499/9491 2605/9492
f 2605/9492 2499/9491 2556/9478
f 2500/9490 2605/9492 2673/9493
f 2500/9490 2673/9493 2511/9494
f 2511/9494 2673/9493 2647/9495
f 2647/9495 2673/9493 2687/9496
f 2673/9493 2605/9492 2587/9497
f 2673/9493 2587/9497 2687/9496
f 2587/9497 2605/9492 2556/9478
f 2687/9496 2587/9497 2640/9498
f 2640/9498 2587/9497 2612/9499
f 2587/9497 2556/9478 2525/9500
f 2587/9497 2525/9500 2612/9499
f 2525/9500 2556/9478 2516/9480
f 2525/9500 2516/9480 2494/9501
f 2525/9500 2494/9501 2533/9502
f 2525/9500 2533/9502 2579/9503
f 2525/9500 2579/9503 2612/9499
f 2612/9499 2579/9503 2679/9504
f 2679/9504 2579/9503 2651/9505
f 2651/9505 2579/9503 2572/9506
f 2651/9505 2572/9506 2524/9507
f 2331/9508 2412/9509 2443/9510
f 2412/9509 2331/9508 2348/9511
f 2331/9508 2443/9510 2441/9512
f 2443/9510 2412/9509 2511/9513
f 2443/9510 2511/9513 2485/9514
f 2441/9512 2443/9510 2536/9515
f 2536/9515 2443/9510 2485/9514
f 2485/9514 2511/9513 2590/9516
f 2485/9514 2590/9516 2536/9515
f 2590/9516 2511/9513 2662/9517
f 2662/9517 2511/9513 2647/9518
f 2536/9515 2590/9516 2642/9519
f 2642/9519 2590/9516 2662/9517
f 2441/9512 2536/9515 2577/9520
f 2577/9520 2536/9515 2642/9519
f 2671/9521 2647/9518 2687/9522
f 2647/9518 2671/9521 2690/9523
f 2647/9518 2690/9523 2662/9517
f 2662/9517 2690/9523 2771/9524
f 2662/9517 2771/9524 2642/9519
f 2771/9524 2690/9523 2772/9525
f 2771/9524 2772/9525 2861/9526
f 2771/9524 2861/9526 2781/9527
f 2771/9524 2781/9527 2642/9519
f 2781/9527 2861/9526 2783/9528
f 2781/9527 2783/9528 2672/9529
f 2672/9529 2783/9528 2696/9530
f 2781/9527 2672/9529 2642/9519
f 2642/9519 2672/9529 2619/9531
f 2619/9531 2672/9529 2703/9532
f 2619/9531 2703/9532 2633/9533
f 2619/9531 2633/9533 2615/9534
f 2619/9531 2615/9534 2642/9519
f 2615/9534 2633/9533 2639/9535
f 2642/9519 2615/9534 2535/9536
f 2642/9519 2535/9536 2577/9520
f 2615/9534 2639/9535 2634/9537
f 2615/9534 2634/9537 2535/9536
f 2634/9537 2639/9535 2635/9538
f 2635/9538 2639/9535 2641/9539
f 2635/9538 2641/9539 2621/9540
f 2635/9538 2621/9540 2634/9537
f 2621/9540 2641/9539 2580/9541
f 2621/9540 2580/9541 2634/9537
f 2580/9541 2641/9539 2543/9542
f 2634/9537 2580/9541 2550/9543
f 2550/9543 2580/9541 2543/9542
f 2550/9543 2543/9542 2512/9544
f 2550/9543 2512/9544 2634/9537
f 2512/9544 2543/9542 2495/9545
f 2634/9537 2512/9544 2508/9546
f 2508/9546 2512/9544 2495/9545
f 2634/9537 2508/9546 2535/9536
f 2508/9546 2495/9545 2616/9547
f 2508/9546 2616/9547 2570/9548
f 2535/9536 2508/9546 2497/9549
f 2497/9549 2508/9546 2570/9548
f 2535/9536 2497/9549 2513/9550
f 2513/9550 2497/9549 2570/9548
f 2535/9536 2513/9550 2577/9520
f 2513/9550 2570/9548 2441/9512
f 2513/9550 2441/9512 2577/9520
f 2361/9551 2343/9552 2500/9553
f 2361/9551 2500/9553 2511/9554
f 2361/9551 2511/9554 2412/9555
f 2361/9551 2412/9555 2348/9556
f 2343/9552 2361/9551 2283/9557
f 2343/9552 2283/9557 2338/9558
f 2343/9552 2338/9558 2370/9559
f 2283/9557 2361/9551 2268/9560
f 2268/9560 2361/9551 2348/9556
f 2283/9557 2268/9560 2279/9561
f 2283/9557 2279/9561 2338/9558
f 2370/9559 2338/9558 2322/9562
f 2279/9561 2268/9560 2269/9563
f 2279/9561 2269/9563 2338/9558
f 2322/9562 2338/9558 2292/9564
f 2292/9564 2338/9558 2269/9563
f 2322/9562 2292/9564 2194/9565
f 2269/9563 2268/9560 2148/9566
f 2269/9563 2148/9566 2292/9564
f 2148/9566 2268/9560 2348/9556
f 2292/9564 2148/9566 2194/9565
f 2148/9566 2348/9556 2321/9567
f 2179/9568 2194/9565 2190/9569
f 2179/9568 2190/9569 2100/9570
f 2190/9569 2194/9565 2126/9571
f 2190/9569 2126/9571 2100/9570
f 2126/9571 2194/9565 2127/9572
f 2127/9572 2194/9565 2148/9566
f 2100/9570 2126/9571 2080/9573
f 2100/9570 2080/9573 1990/9574
f 2126/9571 2127/9572 2137/9575
f 2126/9571 2137/9575 2080/9573
f 1990/9574 2080/9573 2020/9576
f 2020/9576 2080/9573 2137/9575
f 2137/9575 2127/9572 2033/9577
f 2137/9575 2033/9577 2020/9576
f 2033/9577 2127/9572 2148/9566
f 1990/9574 2020/9576 1958/9578
f 2020/9576 2033/9577 1964/9579
f 1964/9579 2033/9577 2148/9566
f 1958/9578 2020/9576 1967/9580
f 1967/9580 2020/9576 1964/9579
f 1929/9581 1941/9582 1958/9578
f 1929/9581 1958/9578 1970/9583
f 1970/9583 1958/9578 1967/9580
f 1929/9581 1970/9583 1818/9584
f 1967/9580 1964/9579 1894/9585
f 1967/9580 1894/9585 1879/9586
f 1879/9586 1894/9585 1964/9579
f 1967/9580 1879/9586 1970/9583
f 2097/9587 1964/9579 2148/9566
f 1964/9579 2097/9587 1879/9586
f 2097/9587 2148/9566 2199/9588
f 2199/9588 2148/9566 2321/9567
f 2097/9587 2199/9588 2110/9589
f 2199/9588 2321/9567 2206/9590
f 2199/9588 2206/9590 2110/9589
f 2097/9587 2110/9589 1963/9591
f 1963/9591 2110/9589 1985/9592
f 1985/9592 2110/9589 1702/9593
f 2097/9587 1963/9591 1684/9594
f 2097/9587 1684/9594 1879/9586
f 1963/9591 1985/9592 1682/9595
f 1682/9595 1985/9592 1702/9593
f 1963/9591 1682/9595 1684/9594
f 1682/9595 1702/9593 1321/9596
f 1682/9595 1321/9596 1684/9594
f 1321/9596 1702/9593 1390/9597
f 1321/9596 1390/9597 1318/9598
f 2109/9599 2110/9589 2206/9590
f 1684/9594 1321/9596 1478/9600
f 2109/9599 2206/9590 2286/9601
f 2286/9601 2206/9590 2321/9567
f 2109/9599 2286/9601 2243/9602
f 2109/9599 2243/9602 2128/9603
f 2109/9599 2128/9603 2018/9604
f 2128/9603 2243/9602 2216/9605
f 2128/9603 2216/9605 2018/9604
f 2243/9602 2286/9601 2295/9606
f 2243/9602 2295/9606 2216/9605
f 2286/9601 2321/9567 2385/9607
f 2286/9601 2385/9607 2295/9606
f 2018/9604 2216/9605 2177/9608
f 2018/9604 2177/9608 2074/9609
f 2177/9608 2216/9605 2241/9610
f 2177/9608 2241/9610 2074/9609
f 2216/9605 2295/9606 2262/9611
f 2295/9606 2385/9607 2377/9612
f 2295/9606 2377/9612 2262/9611
f 2216/9605 2262/9611 2233/9613
f 2216/9605 2233/9613 2241/9610
f 2262/9611 2377/9612 2488/9614
f 2488/9614 2377/9612 2385/9607
f 2233/9613 2262/9611 2339/9615
f 2233/9613 2339/9615 2241/9610
f 2339/9615 2262/9611 2488/9614
f 2380/9616 2385/9607 2321/9567
f 2380/9616 2321/9567 2348/9556
f 2380/9616 2348/9556 2331/9617
f 2380/9616 2331/9617 2441/9618
f 2385/9607 2380/9616 2456/9619
f 2456/9619 2380/9616 2441/9618
f 2385/9607 2456/9619 2488/9614
f 2456/9619 2441/9618 2570/9620
f 2456/9619 2570/9620 2488/9614
f 2488/9614 2570/9620 2562/9621
f 2562/9621 2570/9620 2616/9622
f 2488/9614 2562/9621 2434/9623
f 2434/9623 2562/9621 2429/9624
f 2401/9625 2339/9615 2488/9614
f 2401/9625 2488/9614 2434/9623
f 2434/9623 2429/9624 2354/9626
f 2354/9626 2429/9624 2328/9627
f 2354/9626 2328/9627 2341/9628
f 2354/9626 2341/9628 2434/9623
f 2341/9628 2328/9627 2316/9629
f 2341/9628 2316/9629 2336/9630
f 2341/9628 2336/9630 2434/9623
f 2434/9623 2336/9630 2401/9625
f 2351/9631 2339/9615 2401/9625
f 2351/9631 2401/9625 2336/9630
f 2351/9631 2336/9630 2304/9632
f 2351/9631 2304/9632 2291/9633
f 2339/9615 2351/9631 2241/9610
f 2241/9610 2351/9631 2291/9633
f 2241/9610 2291/9633 2247/9634
f 2241/9610 2247/9634 2204/9635
f 2241/9610 2204/9635 2144/9636
f 2241/9610 2144/9636 2074/9609
f 2074/9609 2144/9636 1979/9637
f 2144/9636 2204/9635 2039/9638
f 2144/9636 2039/9638 1979/9637
f 2039/9638 2204/9635 2212/9639
f 2039/9638 2212/9639 2054/9640
f 1979/9637 2039/9638 1787/9641
f 2039/9638 2054/9640 1951/9642
f 2039/9638 1951/9642 1787/9641
f 1951/9642 2054/9640 1919/9643
f 1951/9642 1919/9643 1787/9641
f 1787/9641 1919/9643 1847/9644
f 1787/9641 1847/9644 1705/9645
f 1705/9645 1847/9644 1700/9646
f 1608/9647 1879/9586 1684/9594
f 1608/9647 1684/9594 1478/9600
f 1879/9586 1608/9647 1735/9648
f 1879/9586 1735/9648 1784/9649
f 1879/9586 1784/9649 1970/9583
f 1735/9648 1608/9647 1676/9650
f 1735/9648 1676/9650 1784/9649
f 1970/9583 1784/9649 1718/9651
f 1718/9651 1784/9649 1676/9650
f 1970/9583 1718/9651 1818/9584
f 1718/9651 1676/9650 1640/9652
f 1818/9584 1718/9651 1698/9653
f 1698/9653 1718/9651 1640/9652
f 1818/9584 1698/9653 1793/9654
f 1640/9652 1676/9650 1584/9655
f 1640/9652 1584/9655 1698/9653
f 1425/9656 1676/9650 1608/9647
f 1676/9650 1425/9656 1584/9655
f 1425/9656 1608/9647 1478/9600
f 1698/9653 1584/9655 1504/9657
f 1698/9653 1504/9657 1620/9658
f 1584/9655 1425/9656 1258/9659
f 1504/9657 1584/9655 1460/9660
f 1460/9660 1584/9655 1258/9659
f 1504/9657 1460/9660 1450/9661
f 1450/9661 1460/9660 1257/9662
f 1450/9661 1257/9662 1341/9663
f 1257/9662 1460/9660 1258/9659
f 1257/9662 1258/9659 1267/9664
f 1267/9664 1258/9659 1221/9665
f 1269/9666 1258/9659 1425/9656
f 1258/9659 1269/9666 1221/9665
f 1269/9666 1425/9656 1478/9600
f 1269/9666 1478/9600 1371/9667
f 1221/9665 1269/9666 1244/9668
f 1244/9668 1269/9666 1371/9667
f 1244/9668 1371/9667 1478/9600
f 1221/9665 1244/9668 1321/9596
f 1321/9596 1244/9668 1478/9600
f 1685/9669 1732/9670 1892/9671
f 1685/9669 1892/9671 2074/9672
f 2074/9672 1892/9671 2018/9673
f 2018/9673 1892/9671 1732/9670
f 1649/9674 1932/9675 1732/9670
f 2018/9673 1732/9670 1798/9676
f 1798/9676 1732/9670 1932/9675
f 1798/9676 1932/9675 1956/9677
f 1956/9677 1932/9675 2009/9678
f 1956/9677 2009/9678 1940/9679
f 1956/9677 1940/9679 1798/9676
f 1940/9679 2009/9678 1860/9680
f 1940/9679 1860/9680 1747/9681
f 1940/9679 1747/9681 1798/9676
f 1855/9682 2018/9673 1798/9676
f 2018/9673 1855/9682 2109/9683
f 2109/9683 1855/9682 1926/9684
f 1855/9682 1798/9676 1853/9685
f 1853/9685 1798/9676 1747/9681
f 1855/9682 1853/9685 1926/9684
f 1853/9685 1747/9681 1864/9686
f 1853/9685 1864/9686 1926/9684
f 2291/9687 2304/9688 2481/9689
f 2481/9689 2304/9688 2260/9690
f 2481/9689 2260/9690 2435/9691
f 2481/9689 2435/9691 2571/9692
f 2291/9687 2481/9689 2457/9693
f 2457/9693 2481/9689 2571/9692
f 2291/9687 2457/9693 2247/9694
f 2457/9693 2571/9692 2421/9695
f 2457/9693 2421/9695 2247/9694
f 432/9696 433/9697 409/9698
f 409/9698 433/9697 469/9699
f 409/9698 469/9699 426/9700
f 426/9700 469/9699 456/9701
f 456/9701 469/9699 543/9702
f 469/9699 433/9697 545/9703
f 545/9703 433/9697 432/9696
f 469/9699 545/9703 543/9702
f 543/9702 545/9703 588/9704
f 545/9703 432/9696 970/9705
f 588/9704 545/9703 571/9706
f 571/9706 545/9703 660/9707
f 571/9706 660/9707 676/9708
f 676/9708 660/9707 741/9709
f 741/9709 660/9707 545/9703
f 545/9703 970/9705 999/9710
f 545/9703 999/9710 741/9709
f 999/9710 970/9705 1009/9711
f 1009/9711 970/9705 1003/9712
f 1009/9711 1003/9712 1000/9713
f 1009/9711 1000/9713 1070/9714
f 1009/9711 1070/9714 999/9710
f 1070/9714 1000/9713 1102/9715
f 741/9709 999/9710 944/9716
f 944/9716 999/9710 1070/9714
f 860/9717 771/9718 741/9709
f 860/9717 741/9709 944/9716
f 898/9719 876/9720 860/9717
f 898/9719 860/9717 944/9716
f 898/9719 944/9716 912/9721
f 944/9716 1070/9714 1079/9722
f 1079/9722 1070/9714 1102/9715
f 944/9716 1079/9722 1056/9723
f 944/9716 1056/9723 1053/9724
f 1079/9722 1102/9715 1140/9725
f 1079/9722 1140/9725 1056/9723
f 1056/9723 1140/9725 1153/9726
f 1140/9725 1102/9715 1165/9727
f 1140/9725 1165/9727 1155/9728
f 456/9729 543/9730 400/9731
f 400/9731 543/9730 467/9732
f 467/9732 543/9730 588/9733
f 2974/9734 173/9735 400/9731
f 2974/9734 400/9731 467/9732
f 2974/9734 467/9732 23/9736
f 467/9732 588/9733 676/9737
f 676/9737 588/9733 571/9738
f 23/9736 467/9732 318/9739
f 23/9736 318/9739 2963/9740
f 318/9739 467/9732 693/9741
f 693/9741 467/9732 676/9737
f 2963/9740 318/9739 498/9742
f 498/9742 318/9739 693/9741
f 2963/9740 498/9742 28/9743
f 28/9743 498/9742 482/9744
f 28/9743 482/9744 45/9745
f 45/9745 482/9744 726/9746
f 482/9744 498/9742 698/9747
f 482/9744 698/9747 726/9746
f 698/9747 498/9742 693/9741
f 726/9746 698/9747 936/9748
f 936/9748 698/9747 825/9749
f 825/9749 698/9747 693/9741
f 936/9748 825/9749 1004/9750
f 1004/9750 825/9749 940/9751
f 940/9751 825/9749 693/9741
f 1004/9750 940/9751 1037/9752
f 940/9751 693/9741 808/9753
f 808/9753 693/9741 784/9754
f 940/9751 808/9753 942/9755
f 942/9755 808/9753 784/9754
f 940/9751 942/9755 1037/9752
f 784/9754 693/9741 676/9737
f 741/9756 771/9757 676/9737
f 676/9737 771/9757 818/9758
f 676/9737 818/9758 784/9754
f 818/9758 771/9757 860/9759
f 818/9758 860/9759 876/9760
f 818/9758 876/9760 784/9754
f 784/9754 876/9760 942/9755
f 942/9755 876/9760 1018/9761
f 942/9755 1018/9761 1037/9752
f 898/9762 912/9763 876/9760
f 876/9760 912/9763 1018/9761
f 1018/9761 912/9763 1053/9764
f 1270/9765 1267/9766 1037/9752
f 1037/9752 1018/9761 1217/9767
f 1037/9752 1217/9767 1270/9765
f 1270/9765 1217/9767 1189/9768
f 1270/9765 1189/9768 1206/9769
f 1217/9767 1018/9761 1155/9770
f 1217/9767 1155/9770 1189/9768
f 1155/9770 1018/9761 1053/9764
f 1189/9768 1155/9770 1165/9771
f 1155/9770 1053/9764 1151/9772
f 1155/9770 1151/9772 1140/9773
f 1140/9773 1151/9772 1153/9774
f 1153/9774 1151/9772 1053/9764
f 1153/9774 1053/9764 1056/9775
f 944/9776 931/9777 912/9778
f 912/9778 931/9777 1008/9779
f 944/9780 1008/9781 931/9782
f 1008/9781 944/9780 1053/9783
f 1008/9781 1053/9783 912/9784
f 2480/9785 2624/9786 2575/9787
f 2480/9785 2575/9787 2455/9788
f 2480/9785 2455/9788 2645/9789
f 2722/9790 2636/9791 2575/9787
f 2722/9790 2575/9787 2704/9792
f 2704/9792 2575/9787 2624/9786
f 2722/9790 2704/9792 2701/9793
f 2701/9793 2704/9792 2645/9794
f 2701/9793 2645/9794 2661/9795
f 2645/9794 2704/9792 2685/9796
f 2685/9796 2704/9792 2715/9797
f 2715/9797 2704/9792 2624/9786
f 2715/9797 2624/9786 2727/9798
f 2727/9798 2624/9786 2538/9799
f 2727/9798 2538/9799 2648/9800
f 2538/9799 2624/9786 2469/9801
f 2469/9801 2624/9786 2480/9785
f 2538/9799 2469/9801 2592/9802
f 2592/9802 2469/9801 2480/9785
f 2538/9799 2592/9802 2648/9800
f 2592/9802 2480/9785 2645/9789
f 2592/9802 2645/9789 2648/9800
f 2648/9800 2645/9789 2685/9803
f 2727/9804 2648/9805 2769/9806
f 2769/9806 2648/9805 2685/9807
f 2727/9804 2769/9806 2715/9808
f 2715/9808 2769/9806 2685/9807
f 2862/9809 2897/9810 2888/9811
f 2897/9810 2862/9809 2883/9812
f 2883/9812 2862/9809 2882/9813
f 2882/9813 2862/9809 2847/9814
f 2882/9813 2847/9814 2878/9815
f 2878/9815 2847/9814 2880/9816
f 2878/9815 2880/9816 2919/9817
f 2878/9815 2919/9817 2882/9813
f 2919/9817 2880/9816 2918/9818
f 2882/9813 2919/9817 2938/9819
f 2882/9813 2938/9819 2936/9820
f 2888/9821 2893/9822 2857/9823
f 2893/9822 2888/9821 2930/9824
f 2930/9824 2888/9821 2897/9825
f 2893/9822 2930/9824 2927/9826
f 2930/9824 2897/9825 2936/9827
f 2936/9827 2897/9825 2883/9828
f 2936/9827 2883/9828 2882/9829
f 2930/9824 2936/9827 2938/9830
f 2930/9824 2938/9830 2919/9831
f 2930/9824 2919/9831 2927/9826
f 2927/9826 2919/9831 2918/9832
f 2005/9833 2057/9834 2070/9835
f 4642/9836 4689/9837 4471/9838
