# Blender 4.5.0
# www.blender.org
mtllib tripo_convert_07c4b30e-d6cc-4f65-9ad2-a382384e1b0f.mtl
o tripo_node_07c4b30e-d6cc-4f65-9ad2-a382384e1b0f
v 0.000124 -0.129898 0.251190
v 0.000138 -0.047630 0.300293
v 0.000155 -0.020924 -0.149841
v 0.000426 0.391144 -0.160446
v 0.000603 -0.155319 -0.206070
v 0.000765 0.047100 -0.136139
v 0.000878 -0.161926 -0.458160
v 0.000974 -0.105057 -0.416321
v 0.001086 0.336121 -0.114716
v 0.001144 0.138870 -0.126328
v 0.001167 -0.213181 0.134567
v 0.001376 0.152008 0.152328
v 0.001395 -0.020082 0.138351
v 0.001519 0.388672 -0.143280
v 0.001653 -0.031597 0.130737
v 0.001685 0.322540 0.103851
v 0.001791 -0.173996 0.207520
v 0.001952 -0.095100 -0.415436
v 0.002151 -0.065376 0.313446
v 0.002253 -0.033802 0.288147
v 0.002334 -0.094475 0.286499
v 0.002351 -0.094284 0.320557
v 0.002470 -0.212418 0.158493
v 0.002655 -0.032372 0.130981
v 0.002846 -0.101936 0.330841
v 0.002852 -0.030449 0.150574
v 0.003049 -0.023336 -0.162170
v 0.003124 -0.257324 -0.457092
v 0.003161 0.046261 0.130203
v 0.003246 -0.336243 0.432648
v 0.003410 -0.020496 -0.140991
v 0.003422 -0.009636 -0.358582
v 0.003514 0.205566 -0.195023
v 0.003577 -0.040710 -0.163681
v 0.003579 0.333344 -0.189850
v 0.003648 -0.039806 -0.349152
v 0.003687 0.152390 0.117935
v 0.003704 -0.028414 0.303833
v 0.004044 -0.101891 0.248352
v 0.004122 -0.105812 -0.337860
v 0.004267 0.321533 0.182007
v 0.004295 0.152176 -0.160324
v 0.004340 -0.166687 0.428101
v 0.004591 -0.152618 -0.263763
v 0.004595 -0.131592 -0.252686
v 0.004729 -0.130066 0.428345
v 0.004748 -0.075508 0.152054
v 0.004888 0.175583 0.160950
v 0.004986 0.218414 -0.188675
v 0.005277 0.138000 0.119865
v 0.005302 -0.095421 -0.339142
v 0.005316 -0.206940 -0.214371
v 0.005358 -0.175278 -0.214233
v 0.005380 -0.094429 0.281555
v 0.005426 0.216965 0.187057
v 0.005556 -0.040794 0.252502
v 0.005690 -0.024937 -0.395355
v 0.005764 -0.060390 0.141312
v 0.005948 0.204422 0.179123
v 0.006025 0.163132 -0.121391
v 0.006094 0.205734 0.187317
v 0.006272 0.163177 0.154099
v 0.006519 -0.418182 0.456085
v 0.006554 -0.073509 -0.156036
v 0.006701 -0.101540 0.279266
v 0.006734 0.101379 -0.130096
v 0.006894 -0.159409 -0.210754
v 0.006902 -0.205734 0.198914
v 0.007003 0.189697 0.174881
v 0.007007 -0.131271 -0.265045
v 0.007224 -0.110542 -0.245941
v 0.007269 -0.013250 0.128281
v 0.007282 -0.026146 -0.357269
v 0.007414 0.152252 -0.120514
v 0.007776 -0.050098 0.248489
v 0.007804 -0.060295 -0.401154
v 0.007918 -0.061653 0.129852
v 0.008276 -0.046085 -0.266296
v 0.008462 0.204010 -0.181854
v 0.008492 -0.152756 0.250549
v 0.008560 -0.130630 0.242737
v 0.008689 -0.129333 -0.466827
v 0.008701 0.163651 -0.161148
v 0.009075 -0.171570 0.256073
v 0.009116 0.169418 0.112000
v 0.009348 -0.060585 -0.162918
v 0.009699 -0.207779 -0.261810
v 0.009834 -0.077675 -0.261658
v 0.009838 0.189255 0.165222
v 0.009895 -0.077972 0.250122
v 0.009903 0.248459 0.176956
v 0.010242 -0.070740 -0.142212
v 0.010374 0.330048 -0.199234
v 0.010624 -0.023172 0.169815
v 0.010706 0.152435 0.135254
v 0.010763 0.296112 -0.117584
v 0.010811 -0.155624 -0.237930
v 0.010881 -0.055962 -0.148010
v 0.010948 -0.188141 -0.264038
v 0.011067 -0.068901 -0.466156
v 0.011155 -0.151825 -0.458923
v 0.011517 0.189728 -0.176498
v 0.011571 -0.070030 -0.480652
v 0.011622 0.048454 -0.136169
v 0.011776 0.163986 0.129623
v 0.012029 0.296570 0.110405
v 0.012134 -0.129593 0.447723
v 0.012403 -0.028595 -0.155045
v 0.012449 -0.048939 -0.465149
v 0.012540 -0.412903 0.445984
v 0.012547 -0.337372 -0.455841
v 0.012576 0.323242 -0.117981
v 0.012682 -0.176132 0.199844
v 0.012683 0.177628 -0.116760
v 0.012874 -0.207535 -0.141968
v 0.012941 -0.165115 0.194962
v 0.012970 -0.049068 -0.255127
v 0.013211 -0.049507 0.237152
v 0.013218 0.330658 0.187653
v 0.013224 -0.151657 -0.141373
v 0.013227 0.248032 -0.117424
v 0.013288 -0.017748 -0.390076
v 0.013325 -0.076653 -0.254028
v 0.013356 -0.173126 -0.455109
v 0.013371 -0.039307 -0.469788
v 0.013521 0.164215 -0.142090
v 0.013650 0.247711 0.108566
v 0.013739 -0.400421 -0.461151
v 0.013796 0.189346 -0.115829
v 0.013899 -0.269714 0.259277
v 0.014053 -0.025600 -0.176636
v 0.014087 -0.274597 -0.272186
v 0.014094 -0.095001 -0.395142
v 0.014312 -0.048798 -0.479553
v 0.014457 -0.041222 0.239655
v 0.014709 -0.205856 -0.178436
v 0.015113 -0.188538 -0.273712
v 0.015143 0.330536 -0.103394
v 0.015431 -0.049030 -0.245270
v 0.015471 0.176208 0.152359
v 0.015496 -0.076897 0.241211
v 0.015593 -0.073952 -0.163376
v 0.015621 -0.048019 -0.487762
v 0.015627 0.321899 -0.100113
v 0.015657 -0.227112 0.262726
v 0.015703 0.219757 -0.178085
v 0.015755 -0.164185 0.208374
v 0.015760 -0.041866 -0.248123
v 0.015799 -0.160767 -0.273438
v 0.015812 -0.025162 -0.374207
v 0.015833 -0.389679 0.436829
v 0.016012 -0.386078 0.258911
v 0.016207 -0.137848 -0.470032
v 0.016285 0.118706 -0.120758
v 0.016699 -0.095184 -0.362152
v 0.016947 -0.414459 -0.272247
v 0.017017 0.176559 -0.152405
v 0.017153 -0.206451 0.212418
v 0.017450 -0.368195 0.426300
v 0.017839 -0.105728 0.453796
v 0.017931 0.322266 -0.175308
v 0.018114 0.196121 0.106293
v 0.018263 -0.211273 -0.274689
v 0.018768 -0.131638 -0.269531
v 0.018822 -0.170715 0.423767
v 0.018829 -0.035042 -0.374725
v 0.018921 0.219406 0.165451
v 0.019205 0.322784 0.164001
v 0.019266 0.177994 0.124451
v 0.019714 -0.023968 0.129181
v 0.019804 -0.049198 0.434357
v 0.019909 -0.104874 -0.464264
v 0.019932 -0.247437 0.250854
v 0.020212 -0.168396 0.259277
v 0.020273 -0.283295 -0.254822
v 0.020298 -0.195404 0.423981
v 0.020746 0.295959 -0.131042
v 0.020761 -0.227737 -0.259369
v 0.020920 -0.131912 0.428680
v 0.021074 0.329681 0.103638
v 0.021154 -0.384247 0.247177
v 0.021255 0.296234 0.123833
v 0.021284 -0.249176 -0.256683
v 0.021290 -0.289246 0.423492
v 0.021591 0.205017 -0.111092
v 0.021786 0.229630 0.100937
v 0.021814 -0.076401 -0.157791
v 0.021997 0.340240 -0.136856
v 0.022058 -0.410736 -0.258301
v 0.022083 -0.137329 -0.153839
v 0.022308 0.094719 -0.122696
v 0.022734 -0.107864 -0.484314
v 0.022738 -0.372620 -0.252899
v 0.023050 0.323120 0.131409
v 0.023123 -0.060349 -0.169128
v 0.023134 0.322021 0.149963
v 0.023474 -0.056412 -0.164429
v 0.023569 0.247910 -0.132904
v 0.023638 0.334625 -0.167953
v 0.024117 0.231445 -0.108650
v 0.024210 0.322754 -0.142960
v 0.024279 -0.421875 0.443665
v 0.024340 -0.171249 -0.450714
v 0.024355 0.321564 0.184860
v 0.024540 0.190231 0.137115
v 0.024757 -0.099541 0.244873
v 0.024942 0.223480 0.126389
v 0.024956 0.189774 -0.139374
v 0.025257 -0.213272 0.269806
v 0.025278 0.220352 -0.151810
v 0.025457 -0.127151 0.269623
v 0.025688 0.205887 0.164368
v 0.025688 0.219986 0.141220
v 0.025696 -0.039921 0.429443
v 0.025810 0.041870 -0.116707
v 0.026012 -0.130692 -0.256409
v 0.026190 -0.105499 -0.387390
v 0.026350 -0.399078 -0.250244
v 0.026423 -0.211304 0.263641
v 0.026630 -0.103470 -0.475769
v 0.026731 -0.130020 0.442139
v 0.026739 -0.214035 0.125839
v 0.026745 -0.029747 0.133179
v 0.026783 -0.170486 0.262299
v 0.027065 -0.095573 -0.378540
v 0.027065 -0.176193 0.271454
v 0.027109 0.207672 0.137207
v 0.027115 0.301788 -0.102074
v 0.027258 0.302551 0.094818
v 0.027716 -0.130585 -0.451416
v 0.027739 -0.107544 -0.267914
v 0.027903 0.207397 -0.148560
v 0.027937 0.207016 0.108475
v 0.028154 0.206497 -0.168762
v 0.028561 -0.107628 0.239624
v 0.028786 -0.152344 0.262756
v 0.028948 -0.102318 0.429840
v 0.029051 0.084465 -0.126175
v 0.029316 -0.027819 -0.166199
v 0.029465 -0.327606 -0.289001
v 0.029886 -0.408783 0.431732
v 0.030003 0.218414 -0.164642
v 0.030262 -0.207321 -0.162827
v 0.030392 -0.016996 -0.133560
v 0.030436 0.219666 -0.128662
v 0.030523 -0.041431 0.450378
v 0.030571 -0.133469 -0.276978
v 0.030729 -0.014572 -0.121368
v 0.030790 -0.172531 0.418549
v 0.031311 -0.105316 -0.257904
v 0.031586 -0.129715 0.420868
v 0.031620 -0.025810 -0.182098
v 0.031685 -0.409637 0.451080
v 0.032001 -0.334595 0.284943
v 0.032166 -0.389740 0.273193
v 0.032394 0.230621 -0.103096
v 0.032558 0.295441 0.102211
v 0.032627 -0.258240 0.274597
v 0.032757 0.230621 0.095558
v 0.032879 -0.420776 0.421692
v 0.032921 -0.017653 -0.164902
v 0.033108 0.296906 -0.109451
v 0.033249 -0.306030 0.273560
v 0.033268 -0.129471 0.253235
v 0.033409 0.217896 0.145935
v 0.033806 -0.130371 -0.467163
v 0.033863 -0.008058 0.121017
v 0.034218 0.107979 0.111938
v 0.034473 0.321869 -0.175079
v 0.034554 0.111832 -0.118103
v 0.034790 -0.332184 -0.284210
v 0.035114 -0.116287 -0.470337
v 0.035389 -0.101578 0.264435
v 0.035427 0.329254 -0.169022
v 0.035637 0.193771 0.097473
v 0.035839 -0.117683 -0.261108
v 0.035950 -0.130646 0.279694
v 0.035992 -0.083961 -0.457214
v 0.036034 -0.298737 -0.285828
v 0.036270 -0.416229 0.443359
v 0.036316 -0.373352 -0.447723
v 0.036388 0.273102 0.109573
v 0.036629 0.322418 0.121582
v 0.036652 0.331421 0.150421
v 0.036846 -0.076752 -0.161652
v 0.037075 0.324402 -0.125366
v 0.037094 -0.156708 0.274475
v 0.037182 -0.374176 0.413269
v 0.037308 0.011488 -0.116669
v 0.037361 0.073074 -0.124214
v 0.037567 -0.130325 -0.445038
v 0.037640 -0.043301 0.269623
v 0.037643 -0.168686 -0.443848
v 0.037888 0.295410 -0.118881
v 0.037964 -0.430176 0.428406
v 0.038158 0.295166 0.118942
v 0.038208 -0.049473 -0.456482
v 0.038250 -0.293152 0.280853
v 0.038349 -0.220230 0.252625
v 0.038574 -0.130692 -0.261871
v 0.038670 -0.115845 0.439423
v 0.038906 -0.207153 -0.248505
v 0.038963 -0.346497 0.281036
v 0.038979 -0.076599 0.266388
v 0.039013 0.206696 -0.112770
v 0.039127 0.041592 -0.125519
v 0.039261 -0.188568 -0.252045
v 0.039326 -0.281952 -0.443970
v 0.039394 -0.169708 -0.287415
v 0.039436 -0.306458 -0.447510
v 0.039463 0.234863 0.124222
v 0.039478 -0.254242 0.238571
v 0.039787 0.234085 -0.131256
v 0.039871 -0.098007 0.119347
v 0.040073 -0.033897 0.116852
v 0.040077 -0.249023 -0.246262
v 0.040634 -0.172943 -0.246460
v 0.040695 0.278137 -0.125397
v 0.040741 -0.226349 0.240616
v 0.040909 -0.459167 -0.447418
v 0.040913 -0.226608 -0.246964
v 0.040997 -0.145630 -0.162109
v 0.041233 -0.049229 0.421692
v 0.041241 -0.344055 0.409576
v 0.041428 -0.226776 -0.256836
v 0.041523 -0.049206 -0.278290
v 0.041550 0.250427 0.118607
v 0.041557 0.191635 -0.101456
v 0.041637 -0.100655 0.436249
v 0.041687 -0.131027 -0.286316
v 0.041779 -0.166626 0.414124
v 0.041870 -0.255829 0.408173
v 0.042042 -0.076920 -0.275848
v 0.042053 -0.207153 0.237793
v 0.042278 -0.046082 -0.447479
v 0.042290 -0.266998 0.232040
v 0.042355 0.080246 -0.116371
v 0.042412 -0.042488 -0.277252
v 0.042595 0.063301 -0.126678
v 0.042625 -0.306885 0.288971
v 0.042664 -0.048595 0.445435
v 0.042713 -0.017559 -0.120575
v 0.042721 0.310455 -0.123093
v 0.042747 -0.113525 -0.128021
v 0.042755 -0.267456 -0.238205
v 0.042854 -0.074593 -0.168900
v 0.043049 -0.206329 -0.127731
v 0.043072 -0.426758 0.417328
v 0.043221 -0.395996 0.426849
v 0.043297 -0.131058 0.413635
v 0.043434 -0.176224 -0.258301
v 0.043488 -0.393799 0.410645
v 0.043499 -0.168884 -0.257111
v 0.043629 0.310516 0.116638
v 0.043762 0.249283 -0.130524
v 0.043907 -0.128647 0.434845
v 0.044067 -0.059910 -0.169479
v 0.044121 -0.030567 -0.127319
v 0.044201 -0.408447 0.240784
v 0.044209 -0.079475 0.255951
v 0.044209 -0.433990 -0.448700
v 0.044231 -0.423523 0.229202
v 0.044277 -0.282227 0.288300
v 0.044487 0.221420 0.111732
v 0.044666 -0.351929 -0.299652
v 0.045040 0.215958 0.083405
v 0.045052 -0.030094 -0.175766
v 0.045212 -0.048470 0.255249
v 0.045528 -0.216370 -0.255829
v 0.045563 -0.057491 -0.127518
v 0.045612 -0.076988 -0.266968
v 0.045631 -0.391205 0.224945
v 0.045738 -0.402008 0.411896
v 0.045753 0.231384 -0.097076
v 0.045773 0.274109 0.094505
v 0.045818 0.197601 0.092293
v 0.045956 -0.040638 -0.471924
v 0.046082 -0.166092 0.289856
v 0.046120 -0.015715 -0.161438
v 0.046238 -0.429413 -0.264740
v 0.046280 0.298767 0.118408
v 0.046329 -0.049118 0.432953
v 0.046356 -0.408142 -0.290192
v 0.046562 -0.173035 -0.267853
v 0.046616 0.086548 -0.128815
v 0.046860 0.247650 0.094894
v 0.046867 -0.323822 0.281616
v 0.046970 0.105545 0.099785
v 0.047012 0.299225 -0.124947
v 0.047108 -0.401703 -0.244415
v 0.047173 -0.131989 0.283142
v 0.047245 -0.076347 -0.129303
v 0.047337 -0.399811 0.265259
v 0.047478 -0.168030 0.402832
v 0.047535 -0.129868 0.261627
v 0.047619 -0.162872 -0.437714
v 0.047794 0.231064 0.089012
v 0.047852 -0.049683 -0.266937
v 0.047878 -0.015043 -0.107742
v 0.048050 -0.409363 -0.439362
v 0.048164 -0.027599 -0.159576
v 0.048733 -0.353485 -0.295807
v 0.048939 -0.131485 0.401947
v 0.049164 0.092751 0.104904
v 0.049175 -0.422058 0.424164
v 0.049435 -0.320282 0.296783
v 0.049683 -0.039627 0.250031
v 0.049728 -0.130463 -0.457947
v 0.049854 0.250793 0.112526
v 0.049965 -0.226990 0.228622
v 0.049969 -0.115967 0.258179
v 0.050220 0.034496 0.108665
v 0.050327 0.232376 -0.124733
v 0.050625 -0.326965 -0.303314
v 0.050663 -0.205826 -0.159424
v 0.050716 -0.101974 0.260498
v 0.050838 -0.413818 -0.281616
v 0.050976 -0.227234 0.245621
v 0.050991 -0.226105 -0.236633
v 0.051136 -0.258636 -0.237350
v 0.051228 -0.042393 -0.260620
v 0.051304 -0.340759 -0.436188
v 0.051426 -0.077751 -0.152359
v 0.051514 -0.282288 0.298767
v 0.051651 -0.049950 -0.463013
v 0.051716 -0.131653 -0.434814
v 0.051857 -0.424469 -0.278107
v 0.051991 0.247498 -0.097122
v 0.052078 -0.081444 0.410706
v 0.052086 -0.003606 -0.115791
v 0.052128 -0.205795 -0.139023
v 0.052269 -0.062897 -0.124161
v 0.052284 -0.042351 0.407410
v 0.052391 0.075790 -0.120216
v 0.052597 -0.398346 0.302673
v 0.052719 -0.411316 0.256653
v 0.052746 -0.163666 -0.294891
v 0.052853 -0.301147 -0.301727
v 0.052921 -0.056866 -0.154892
v 0.053074 -0.242798 0.232803
v 0.053112 0.228470 0.082581
v 0.053150 -0.277069 0.395660
v 0.053188 -0.425568 0.248306
v 0.053249 -0.102303 0.408569
v 0.053272 0.212418 -0.106216
v 0.053421 -0.148819 0.277588
v 0.053604 0.231552 -0.089806
v 0.053791 -0.166656 0.291962
v 0.053864 -0.129395 0.425659
v 0.053905 0.191589 -0.091805
v 0.053993 -0.370422 0.394409
v 0.054001 -0.173828 0.231567
v 0.054039 -0.028976 -0.144882
v 0.054073 -0.424652 0.405457
v 0.054298 0.097076 -0.110382
v 0.054623 -0.436707 -0.260284
v 0.055061 -0.130585 -0.293976
v 0.055077 -0.130783 0.289825
v 0.055141 0.197510 0.085289
v 0.055325 -0.174149 0.303619
v 0.055500 -0.168488 0.391937
v 0.055546 -0.129807 -0.275330
v 0.055607 0.167313 -0.078918
v 0.055691 -0.213486 -0.262115
v 0.055939 -0.104851 -0.445679
v 0.056137 -0.227814 -0.244690
v 0.056252 -0.418274 0.278839
v 0.056370 -0.452881 -0.429047
v 0.056435 0.233856 0.117165
v 0.056442 -0.031353 -0.120697
v 0.056496 -0.112961 -0.467346
v 0.056717 -0.049252 0.283844
v 0.057018 -0.453247 0.259308
v 0.057087 -0.159348 -0.428192
v 0.057133 -0.402252 -0.221695
v 0.057190 -0.047039 0.248825
v 0.057232 0.160751 -0.093857
v 0.057308 0.264954 0.106529
v 0.057415 -0.420807 0.408295
v 0.057625 -0.345154 0.345062
v 0.057636 -0.425842 -0.295105
v 0.057690 -0.130707 0.392151
v 0.057732 -0.101562 0.287415
v 0.057774 -0.413239 0.392151
v 0.057827 0.306793 0.077934
v 0.057991 -0.273499 -0.426239
v 0.058090 0.306732 -0.086067
v 0.058151 -0.277344 0.386505
v 0.058399 -0.442657 0.223801
v 0.058411 -0.026165 -0.169769
v 0.058636 0.283020 -0.090057
v 0.058685 -0.427094 0.398163
v 0.058754 -0.073738 -0.143341
v 0.058887 -0.407654 0.321289
v 0.058910 0.298828 -0.088318
v 0.059021 -0.060116 -0.150681
v 0.059055 0.298981 0.080238
v 0.059166 -0.436676 0.271271
v 0.059200 -0.072212 -0.442932
v 0.059273 -0.022970 -0.113541
v 0.059383 0.158875 0.085266
v 0.059391 0.283997 0.082550
v 0.059429 0.226303 0.105156
v 0.059437 -0.173767 0.255219
v 0.059635 -0.380554 0.348999
v 0.059654 -0.072365 -0.117256
v 0.059673 -0.128540 0.272552
v 0.060513 -0.406403 0.380432
v 0.060543 -0.266144 0.216324
v 0.060699 -0.167892 -0.308655
v 0.060783 -0.156601 0.106224
v 0.060852 -0.413147 -0.227631
v 0.060856 -0.050289 -0.291046
v 0.060944 -0.438904 0.391144
v 0.060974 -0.226028 0.218948
v 0.061016 0.176010 0.082207
v 0.061039 -0.306458 0.322266
v 0.061089 -0.457031 -0.252594
v 0.061134 -0.104561 -0.456055
v 0.061157 -0.206818 0.132568
v 0.061249 -0.168823 0.380310
v 0.061272 -0.130432 0.302765
v 0.061398 -0.130646 0.381653
v 0.061592 -0.427704 0.209579
v 0.061611 -0.041077 -0.115791
v 0.061771 0.175934 -0.069748
v 0.061817 0.234802 -0.118301
v 0.061893 -0.107536 -0.292145
v 0.061996 -0.446503 0.204849
v 0.062134 -0.413544 0.297943
v 0.062199 -0.239151 0.324463
v 0.062229 -0.228546 -0.226196
v 0.062454 0.248688 0.108025
v 0.062492 -0.170242 0.318542
v 0.062515 0.060284 0.096664
v 0.062622 -0.109650 -0.269104
v 0.062668 -0.048687 -0.465240
v 0.062851 -0.345581 0.338074
v 0.063103 -0.130386 0.316040
v 0.063225 0.045826 -0.108757
v 0.063370 -0.449066 0.292999
v 0.063377 -0.410248 -0.416626
v 0.063477 0.195084 0.075211
v 0.063576 -0.422516 0.381531
v 0.063583 -0.364136 0.347900
v 0.063599 -0.090477 0.395172
v 0.063637 -0.421509 0.350983
v 0.063904 -0.427307 0.304291
v 0.063904 -0.440735 0.308533
v 0.063965 -0.048786 0.416412
v 0.063980 -0.338470 -0.415009
v 0.064056 0.229904 -0.082069
v 0.064087 -0.206879 -0.115021
v 0.064095 0.230362 0.073433
v 0.064209 -0.253967 -0.229782
v 0.064262 -0.424500 -0.240875
v 0.064301 -0.328339 0.365082
v 0.064369 -0.040222 -0.431671
v 0.064507 -0.381195 0.341095
v 0.064667 -0.130814 -0.305756
v 0.064903 -0.168625 0.368530
v 0.064957 -0.048313 0.384491
v 0.065018 -0.130386 0.412872
v 0.065170 -0.207626 0.104248
v 0.065216 -0.039646 0.388214
v 0.065285 0.193375 -0.081238
v 0.065292 -0.171097 0.330139
v 0.065300 -0.484650 -0.250824
v 0.065407 -0.130569 0.367371
v 0.065445 -0.028484 0.109764
v 0.065544 0.249207 -0.110886
v 0.065697 -0.410889 0.374268
v 0.065750 -0.254608 0.344452
v 0.065811 -0.305664 0.208145
v 0.065910 -0.273682 -0.217117
v 0.065971 -0.075302 0.414368
v 0.066017 -0.210663 -0.247742
v 0.066109 -0.162292 -0.305267
v 0.066124 -0.171570 0.358612
v 0.066315 -0.040787 0.418488
v 0.066315 -0.158524 -0.416199
v 0.066338 -0.049145 -0.433868
v 0.066353 -0.101547 0.414581
v 0.066681 -0.032928 0.100952
v 0.066711 0.166702 -0.083595
v 0.066742 -0.410004 0.401245
v 0.066841 -0.130249 0.357819
v 0.067055 -0.080002 0.384277
v 0.067085 -0.130051 0.330078
v 0.067139 0.217346 -0.103127
v 0.067169 -0.426971 0.332092
v 0.067268 -0.407379 -0.242188
v 0.067368 0.137711 -0.089653
v 0.067413 -0.104980 -0.283539
v 0.067444 -0.437622 0.320953
v 0.068123 -0.171280 0.345215
v 0.068222 -0.130386 0.344147
v 0.068352 -0.445801 -0.412842
v 0.068382 -0.442200 0.376862
v 0.068504 -0.459564 0.365082
v 0.068565 -0.475922 0.327087
v 0.068581 -0.467712 0.284332
v 0.068634 -0.129868 0.283569
v 0.068726 -0.023699 0.100327
v 0.068771 -0.437958 0.370270
v 0.068909 -0.027557 -0.112816
v 0.068947 0.220428 0.097229
v 0.069054 -0.170471 -0.321564
v 0.069221 -0.049908 -0.286011
v 0.069305 -0.423401 -0.235138
v 0.069336 -0.067627 0.307892
v 0.069435 -0.042591 0.308441
v 0.069519 -0.052746 -0.125015
v 0.069740 -0.115799 -0.285675
v 0.069756 -0.152618 0.384766
v 0.069992 -0.487091 0.297272
v 0.070190 -0.300293 -0.211670
v 0.070274 -0.112885 -0.108879
v 0.070274 -0.313141 -0.406738
v 0.070366 0.229568 -0.073044
v 0.070610 -0.428894 -0.305725
v 0.070679 -0.420685 0.313965
v 0.070793 -0.399384 -0.319611
v 0.071358 -0.115135 -0.443115
v 0.071495 -0.165192 0.370667
v 0.071571 -0.322388 -0.328491
v 0.071732 -0.044357 0.341614
v 0.071747 -0.253479 -0.208969
v 0.071793 0.194153 0.064835
v 0.071861 -0.240173 -0.328369
v 0.071907 0.190948 -0.071983
v 0.072090 -0.265503 0.203995
v 0.072182 -0.231857 0.230530
v 0.072197 -0.129486 0.402283
v 0.072205 0.230911 0.065643
v 0.072212 -0.230621 -0.237488
v 0.072456 -0.101891 0.318359
v 0.072479 -0.490265 0.321136
v 0.072662 -0.131683 -0.434082
v 0.072678 -0.427429 0.347748
v 0.072739 -0.023392 -0.140228
v 0.072838 0.235336 -0.108055
v 0.072899 -0.352234 -0.329681
v 0.073166 -0.049572 -0.440460
v 0.073532 0.237381 0.101166
v 0.073669 0.283875 0.094566
v 0.073837 0.283569 -0.100960
v 0.073837 -0.102867 0.286102
v 0.073891 -0.106125 0.414093
v 0.074188 -0.251526 0.209885
v 0.074234 -0.397034 -0.391724
v 0.074265 -0.115784 0.404297
v 0.074287 -0.131119 -0.319641
v 0.074287 -0.441376 0.329407
v 0.074379 0.297913 -0.102585
v 0.074440 -0.049698 0.363861
v 0.074654 -0.071327 -0.437897
v 0.074707 -0.364929 -0.385315
v 0.074738 0.107025 0.079849
v 0.074768 0.167618 -0.073486
v 0.074844 -0.101761 0.365265
v 0.074875 -0.033077 -0.102058
v 0.074928 -0.145798 -0.408936
v 0.074951 -0.114532 0.082146
v 0.075012 0.058296 0.068077
v 0.075142 -0.430664 -0.221649
v 0.075226 -0.168320 -0.335236
v 0.075272 0.308929 -0.103897
v 0.075348 -0.038921 0.341736
v 0.075363 -0.131363 0.296417
v 0.075386 -0.111938 0.276276
v 0.075470 -0.388794 0.196991
v 0.075523 -0.114914 0.412354
v 0.075531 -0.085114 0.397827
v 0.075607 -0.163788 -0.395203
v 0.075829 0.301086 0.050472
v 0.075897 -0.068878 0.340088
v 0.075974 -0.346832 -0.204010
v 0.076294 -0.000872 -0.096725
v 0.076500 -0.435913 0.364105
v 0.076599 -0.228226 -0.216187
v 0.076637 -0.309448 0.186798
v 0.076759 0.306732 0.095612
v 0.076790 -0.049793 0.391693
v 0.076981 -0.026142 -0.098183
v 0.077133 0.027201 -0.098244
v 0.077454 -0.226578 0.207169
v 0.077484 -0.213165 0.240005
v 0.077560 -0.132156 -0.394226
v 0.077576 0.232269 -0.060627
v 0.077599 -0.042015 -0.443970
v 0.077667 0.190811 0.055561
v 0.077904 -0.130997 -0.332245
v 0.078056 -0.121048 0.091568
v 0.078072 -0.048569 -0.320160
v 0.078072 -0.455383 0.367371
v 0.078094 -0.169556 0.216553
v 0.078125 -0.129608 -0.297089
v 0.078224 0.231689 0.053307
v 0.078262 -0.335999 0.194641
v 0.078285 -0.469025 -0.238098
v 0.078316 -0.116173 0.296204
v 0.078377 -0.466034 0.349030
v 0.078484 -0.483490 0.338074
v 0.078629 -0.353516 -0.350250
v 0.078644 0.225616 0.088219
v 0.078720 0.041470 -0.090790
v 0.078804 0.305450 -0.058876
v 0.078819 0.193237 -0.061665
v 0.078850 -0.451813 -0.389374
v 0.078896 -0.452728 0.245178
v 0.078987 -0.252960 -0.214401
v 0.079086 -0.223602 -0.352844
v 0.079285 0.067017 0.079147
v 0.079414 -0.447693 0.191010
v 0.079887 -0.242783 -0.372345
v 0.080116 -0.164200 -0.348969
v 0.080315 -0.078178 -0.320007
v 0.080360 -0.238419 0.217484
v 0.080429 0.042221 0.082260
v 0.080437 -0.252655 0.203033
v 0.080505 -0.087433 0.088387
v 0.080589 -0.206879 -0.217392
v 0.080620 -0.129745 -0.348358
v 0.080750 -0.170441 -0.373840
v 0.080772 -0.216324 -0.233154
v 0.080948 -0.420074 -0.404114
v 0.081093 -0.171280 -0.220490
v 0.081352 -0.046902 -0.285919
v 0.081360 -0.161194 -0.088318
v 0.081444 -0.129776 -0.363892
v 0.081451 -0.308136 -0.359650
v 0.081665 -0.131348 -0.381195
v 0.081711 0.283325 0.056461
v 0.081802 -0.130554 0.384247
v 0.081818 -0.271393 -0.200424
v 0.081871 -0.112007 -0.438324
v 0.081871 -0.306305 -0.197205
v 0.081879 -0.238922 -0.225525
v 0.081970 -0.048599 -0.398712
v 0.081978 -0.466003 -0.220428
v 0.082024 0.231033 -0.097046
v 0.082092 0.247467 0.057468
v 0.082153 -0.405182 -0.353821
v 0.082291 -0.445801 0.351685
v 0.082382 0.209946 0.071999
v 0.082443 -0.449951 -0.375854
v 0.082779 0.071335 -0.082481
v 0.083046 0.299103 0.054531
v 0.083153 -0.050747 0.302246
v 0.083412 0.283630 -0.063080
v 0.083549 -0.130142 0.312927
v 0.083672 -0.412262 -0.372772
v 0.083725 -0.447906 0.207138
v 0.083801 0.211426 -0.080269
v 0.084160 -0.436676 -0.325134
v 0.084190 0.298309 -0.061581
v 0.084267 -0.039295 -0.317688
v 0.084404 -0.051208 -0.344727
v 0.084457 -0.400146 -0.194199
v 0.084572 -0.071228 -0.400604
v 0.084694 -0.407471 -0.323608
v 0.084999 0.027275 -0.093979
v 0.085068 0.000663 -0.083656
v 0.085083 -0.072113 0.306854
v 0.085167 -0.048813 -0.344879
v 0.085678 0.232101 0.039726
v 0.085716 -0.422699 -0.386444
v 0.085838 -0.128525 0.081726
v 0.085861 0.193008 -0.046509
v 0.085892 0.191849 0.040089
v 0.085907 -0.441833 -0.355469
v 0.085953 -0.131363 0.359528
v 0.085976 -0.130035 -0.311554
v 0.086220 -0.143219 -0.092018
v 0.086273 -0.152374 -0.364838
v 0.086395 0.247345 -0.056366
v 0.086418 -0.129715 0.326721
v 0.086578 0.230865 -0.047215
v 0.086609 -0.176895 0.224594
v 0.086838 -0.151108 -0.379791
v 0.087036 -0.115639 0.371460
v 0.087051 -0.039635 -0.401123
v 0.087257 0.045158 0.071510
v 0.087303 -0.104538 0.308289
v 0.087364 -0.215683 0.220245
v 0.087387 -0.105927 -0.394653
v 0.087524 0.080910 0.067406
v 0.087593 -0.206421 -0.091423
v 0.087662 -0.302368 0.186539
v 0.087784 -0.492371 -0.204514
v 0.087852 -0.106194 -0.336090
v 0.087883 -0.175705 -0.230026
v 0.087898 -0.077553 -0.344696
v 0.088066 -0.043236 0.398163
v 0.088196 -0.266815 0.188110
v 0.088211 -0.105103 -0.416016
v 0.088623 -0.042793 0.303467
v 0.088623 -0.343414 -0.193756
v 0.088654 -0.130783 0.346222
v 0.088669 0.248947 -0.092720
v 0.088966 -0.005921 -0.113068
v 0.089096 -0.408691 -0.353851
v 0.089401 -0.070915 0.341583
v 0.089439 0.207535 0.059681
v 0.089500 -0.098221 0.363586
v 0.089699 -0.226776 -0.200043
v 0.089752 -0.031574 -0.104996
v 0.089783 -0.074493 -0.315643
v 0.089806 -0.105637 -0.315948
v 0.089912 -0.049377 -0.358246
v 0.089989 -0.074028 -0.356171
v 0.090080 0.249054 0.083641
v 0.090088 -0.229309 0.214630
v 0.090141 -0.227676 -0.223221
v 0.090179 -0.118401 0.340302
v 0.090416 -0.461670 0.258789
v 0.090530 -0.232498 0.191925
v 0.090599 -0.000459 -0.111183
v 0.090599 -0.366302 -0.188248
v 0.090622 -0.128143 -0.401001
v 0.090889 -0.420532 -0.197922
v 0.090935 -0.171173 0.234238
v 0.091141 -0.207672 0.076637
v 0.091156 0.231598 0.026819
v 0.091187 -0.438385 -0.339661
v 0.091316 -0.049068 -0.314636
v 0.091316 -0.423920 -0.187469
v 0.091362 0.132141 -0.053612
v 0.091408 0.304016 0.013337
v 0.091652 -0.006712 -0.101974
v 0.092056 -0.463623 -0.197815
v 0.092072 -0.256561 -0.203171
v 0.092079 0.229446 -0.035301
v 0.092102 -0.039963 -0.342255
v 0.092361 -0.048447 0.339966
v 0.092407 -0.073181 -0.402924
v 0.092560 -0.049515 -0.401917
v 0.092567 -0.172165 -0.241562
v 0.092659 -0.032295 0.072922
v 0.092964 -0.130814 -0.330261
v 0.093109 0.193222 0.018129
v 0.093491 -0.255524 0.197281
v 0.093636 0.134491 0.007415
v 0.093689 0.194077 -0.023136
v 0.093735 0.231674 -0.023184
v 0.093819 -0.461548 0.234512
v 0.093971 -0.173309 -0.079079
v 0.094360 0.230789 0.016317
v 0.094460 -0.206726 0.198807
v 0.094521 0.214630 -0.068985
v 0.094688 -0.093468 0.069794
v 0.094772 0.234100 0.077576
v 0.094879 0.234055 -0.085236
v 0.094940 0.134232 -0.015066
v 0.095245 0.150543 -0.003871
v 0.095261 -0.145599 -0.077812
v 0.095291 -0.023220 0.069420
v 0.095558 -0.116974 -0.333435
v 0.095779 0.306000 -0.019958
v 0.096146 -0.129135 -0.380341
v 0.096207 -0.129700 -0.344299
v 0.096230 0.092384 -0.004193
v 0.096474 -0.129471 -0.365723
v 0.096611 0.310425 0.062958
v 0.096642 0.197495 -0.003441
v 0.096825 -0.107048 0.358246
v 0.096870 0.249603 0.067169
v 0.097061 -0.040394 0.340790
v 0.097115 -0.116287 -0.383850
v 0.097488 0.093719 0.009760
v 0.097572 -0.456299 0.218887
v 0.097641 -0.047943 0.364014
v 0.097801 -0.332336 0.174591
v 0.098068 0.298279 0.063744
v 0.098083 0.298615 -0.019888
v 0.098282 0.149338 -0.009661
v 0.098328 0.093224 -0.016886
v 0.098343 -0.115364 0.345032
v 0.098351 0.283722 0.062943
v 0.098427 0.284210 -0.069908
v 0.098450 0.213196 0.002920
v 0.098480 -0.462189 0.248169
v 0.098518 0.247681 0.017944
v 0.098541 0.170593 -0.003313
v 0.098595 -0.075920 -0.343140
v 0.098694 0.282471 0.017731
v 0.099022 0.139526 0.014122
v 0.099091 -0.266815 -0.183746
v 0.099129 0.141403 -0.021276
v 0.099190 -0.227386 -0.190369
v 0.099442 -0.049706 -0.341064
v 0.099640 -0.072296 -0.357147
v 0.099945 -0.227570 0.182312
v 0.100037 -0.250824 -0.187836
v 0.100052 0.284515 -0.019632
v 0.100090 0.247650 -0.003454
v 0.100159 0.297760 0.013541
v 0.100189 0.062149 -0.052044
v 0.100304 0.207367 0.030449
v 0.100380 0.207291 -0.010039
v 0.100426 -0.109192 -0.400696
v 0.100510 -0.250427 0.181061
v 0.100624 0.037621 -0.003583
v 0.100624 -0.109161 0.018414
v 0.100716 -0.124146 -0.028927
v 0.100746 0.205841 -0.036781
v 0.100754 -0.032665 -0.070923
v 0.100815 -0.175644 0.193085
v 0.101013 -0.105865 -0.361633
v 0.101036 -0.136200 -0.003537
v 0.101212 -0.467133 0.222382
v 0.101265 -0.229401 -0.211487
v 0.101387 -0.215195 -0.226608
v 0.101395 0.231842 0.064774
v 0.101410 -0.455750 0.165253
v 0.101570 -0.176010 -0.027525
v 0.101624 0.309357 -0.073715
v 0.101646 -0.049713 -0.358002
v 0.101692 -0.175079 -0.200638
v 0.102226 0.054844 0.040680
v 0.102348 -0.175735 0.021574
v 0.102745 0.299988 -0.074493
v 0.102989 -0.001109 0.080750
v 0.103004 -0.453339 0.168564
v 0.103027 -0.016586 0.010933
v 0.103188 0.232498 -0.003504
v 0.103294 -0.040611 0.067696
v 0.103294 -0.188828 0.190994
v 0.103302 -0.048260 -0.402802
v 0.103546 -0.096626 -0.003252
v 0.103790 -0.435364 -0.175247
v 0.103897 -0.015671 -0.003588
v 0.103928 0.235474 -0.072212
v 0.104004 -0.007664 0.101357
v 0.104195 -0.035500 0.081230
v 0.104340 -0.002004 -0.054222
v 0.104393 -0.485229 -0.183777
v 0.104500 -0.047657 0.085762
v 0.104591 -0.111244 -0.337646
v 0.104729 -0.207626 0.088432
v 0.105164 0.083321 -0.022976
v 0.105568 0.084007 0.015949
v 0.105583 0.024292 -0.018032
v 0.105621 0.305908 0.067253
v 0.105675 0.026693 0.008572
v 0.105911 -0.020233 -0.013354
v 0.106110 -0.189682 -0.195572
v 0.106346 -0.042084 -0.355316
v 0.106400 -0.106712 0.045891
v 0.106400 -0.473572 0.233704
v 0.106735 -0.021046 0.000705
v 0.106819 -0.026842 -0.058987
v 0.106972 -0.010167 0.073341
v 0.107224 -0.227386 0.200714
v 0.107292 -0.206223 0.046291
v 0.107338 0.007668 -0.003415
v 0.107376 -0.177628 0.083473
v 0.107445 -0.131714 -0.053925
v 0.107475 0.004705 -0.019470
v 0.107521 0.211472 0.004135
v 0.107521 -0.092659 -0.052231
v 0.107712 -0.205704 -0.054241
v 0.107727 -0.250641 -0.179199
v 0.107811 -0.242126 0.189728
v 0.108185 -0.121719 0.022207
v 0.108223 0.083412 -0.003361
v 0.108246 0.299042 -0.048779
v 0.108284 0.213943 -0.023987
v 0.108330 0.029612 -0.031296
v 0.108337 0.249573 -0.055889
v 0.108574 -0.248108 0.171494
v 0.108879 -0.054970 0.080368
v 0.108986 -0.484253 0.254517
v 0.109070 0.029047 0.023907
v 0.109177 -0.101089 0.008607
v 0.109406 0.002636 -0.031160
v 0.109467 -0.188416 0.202744
v 0.109543 0.161606 -0.003426
v 0.109871 -0.227142 0.172211
v 0.109940 0.152603 -0.003570
v 0.110031 0.063019 -0.003801
v 0.110146 0.140213 -0.021849
v 0.110382 0.249969 0.038193
v 0.110420 -0.174896 0.205902
v 0.110458 -0.032242 0.039402
v 0.110497 0.232605 -0.056149
v 0.110619 -0.471649 0.227051
v 0.110664 -0.187668 -0.210068
v 0.110695 0.298401 0.035389
v 0.110809 0.042362 0.001745
v 0.110847 -0.227234 -0.181107
v 0.111015 -0.209259 0.202774
v 0.111046 -0.028648 0.058071
v 0.111046 -0.048164 0.099586
v 0.111153 0.043106 -0.008764
v 0.111206 0.234406 0.050392
v 0.111526 -0.077003 0.038380
v 0.111664 -0.181473 -0.052681
v 0.111748 0.002159 0.023148
v 0.111755 -0.022358 -0.030163
v 0.111763 0.309967 0.013928
v 0.111794 -0.036331 0.096092
v 0.112251 0.136307 -0.015434
v 0.112259 0.138153 0.008293
v 0.112335 0.084564 0.016491
v 0.112350 -0.048279 0.064781
v 0.112373 -0.407684 0.154800
v 0.112373 -0.459167 0.191177
v 0.112907 -0.089981 0.015760
v 0.112991 -0.227966 -0.202240
v 0.113022 -0.265228 0.159607
v 0.113052 -0.112854 0.090981
v 0.113129 -0.205521 0.045452
v 0.113152 -0.032524 -0.030916
v 0.113190 -0.498322 -0.163773
v 0.113220 -0.172699 0.182800
v 0.113449 -0.176163 -0.212173
v 0.113579 -0.484741 0.239243
v 0.113609 -0.085678 -0.049023
v 0.113686 -0.091675 0.042336
v 0.113800 0.089653 -0.014936
v 0.113861 0.083862 -0.023109
v 0.113914 0.002605 0.013643
v 0.114105 -0.172821 -0.189774
v 0.114372 0.087181 0.008058
v 0.114380 0.231964 0.034901
v 0.114433 -0.267822 -0.164062
v 0.114761 -0.123863 -0.053642
v 0.114807 0.284149 0.012020
v 0.114952 -0.177002 -0.038048
v 0.115059 -0.206741 -0.185654
v 0.115112 0.286438 -0.019629
v 0.115234 0.300446 0.045166
v 0.115265 -0.005056 0.061211
v 0.115356 -0.097076 -0.025923
v 0.115364 -0.011775 0.100647
v 0.115524 -0.470825 0.206070
v 0.115570 -0.206360 0.068588
v 0.115616 -0.129654 0.047363
v 0.115631 0.251007 -0.029293
v 0.115631 -0.084846 -0.003590
v 0.115692 -0.030123 -0.071045
v 0.115944 -0.021500 -0.003447
v 0.115952 -0.006841 -0.070229
v 0.116142 -0.178528 0.030708
v 0.116196 -0.464600 0.208405
v 0.116371 0.233093 -0.041252
v 0.116737 -0.061466 -0.017498
v 0.116806 -0.032772 -0.003438
v 0.116875 -0.241455 0.179245
v 0.116875 -0.471649 0.153473
v 0.116890 -0.133728 0.029190
v 0.117027 -0.206039 -0.050808
v 0.117233 0.302032 0.013715
v 0.117432 -0.205780 -0.018438
v 0.117546 -0.058361 -0.003500
v 0.117546 -0.231888 0.158081
v 0.117638 0.229874 0.018694
v 0.117790 0.250885 -0.003522
v 0.117912 0.300049 -0.043983
v 0.117989 -0.176437 -0.006781
v 0.118027 -0.119751 -0.036961
v 0.118126 0.062084 -0.003521
v 0.118126 -0.206406 0.031490
v 0.118500 -0.477936 -0.157837
v 0.118584 0.001886 -0.023491
v 0.118599 0.231491 -0.025860
v 0.118790 -0.477081 0.220245
v 0.118935 -0.227600 -0.166397
v 0.118942 -0.119568 0.032700
v 0.119049 -0.484863 0.178558
v 0.119148 0.308502 -0.020298
v 0.119415 -0.023844 0.016426
v 0.119873 -0.106865 0.068413
v 0.119942 -0.215973 0.186523
v 0.120049 -0.001026 -0.073029
v 0.120178 -0.039806 0.108742
v 0.120216 -0.352325 -0.153580
v 0.120293 -0.359802 0.146194
v 0.120415 0.233795 -0.010690
v 0.120575 -0.185165 0.189270
v 0.120720 -0.482178 0.163651
v 0.120796 -0.183975 -0.196198
v 0.121208 -0.053307 0.097824
v 0.121216 -0.226837 0.183762
v 0.121368 0.234314 0.003949
v 0.121429 -0.250183 0.143417
v 0.121429 -0.475128 0.190872
v 0.121925 -0.484741 0.210648
v 0.121994 -0.027485 -0.020390
v 0.122032 -0.268555 0.144318
v 0.122139 -0.419250 -0.151169
v 0.122360 -0.268097 -0.150253
v 0.122368 -0.485748 0.192032
v 0.122551 -0.089172 -0.029875
v 0.122726 -0.226624 -0.153793
v 0.122749 -0.207108 0.099937
v 0.122749 -0.250275 0.162796
v 0.122910 -0.227402 -0.191864
v 0.123093 -0.495636 0.157181
v 0.123352 0.040234 -0.003524
v 0.123398 -0.001843 0.099289
v 0.123535 0.044788 -0.008132
v 0.123772 -0.226974 0.145386
v 0.123848 -0.081543 0.015924
v 0.123993 0.023338 -0.021727
v 0.124344 -0.128479 0.028765
v 0.124451 0.029377 0.026577
v 0.124496 0.027458 -0.033260
v 0.124496 -0.467743 0.179489
v 0.124535 0.002354 -0.034645
v 0.124596 0.030693 0.012514
v 0.124886 0.002274 0.024111
v 0.125214 -0.186844 0.163574
v 0.125595 -0.215347 -0.187607
v 0.125626 -0.054485 0.065948
v 0.125626 -0.172348 0.164581
v 0.125748 -0.176041 -0.202118
v 0.125870 -0.076698 -0.003549
v 0.126526 -0.209259 -0.195618
v 0.126541 -0.187042 -0.170685
v 0.126602 -0.172607 -0.172363
v 0.126999 -0.115181 0.098213
v 0.127014 -0.488495 0.169205
v 0.127243 -0.066765 0.092392
v 0.128281 -0.495667 0.138977
v 0.129929 -0.490234 -0.143723
v 0.130035 -0.251740 -0.159317
v 0.130341 0.001150 0.073196
v 0.130585 -0.409088 -0.135864
v 0.130646 -0.466522 0.134186
v 0.130753 -0.002911 0.109230
v 0.130936 -0.424835 0.130066
v 0.131210 -0.267151 0.128494
v 0.131699 -0.008809 0.064514
v 0.131821 -0.287659 -0.135300
v 0.132584 -0.227600 0.129593
v 0.132599 -0.012243 0.099579
v 0.132614 -0.227356 -0.176224
v 0.132721 -0.227417 0.169586
v 0.132751 -0.342194 0.127167
v 0.132782 -0.036339 0.062630
v 0.132812 -0.227264 -0.138214
v 0.133209 -0.206619 0.066734
v 0.133301 -0.473755 0.214066
v 0.134125 -0.186401 0.099449
v 0.134323 -0.488739 0.201492
v 0.134567 -0.185440 0.171997
v 0.134644 -0.003546 0.058357
v 0.134872 -0.177628 0.186142
v 0.135010 -0.047989 0.063370
v 0.135101 -0.184525 -0.178833
v 0.136490 -0.109665 0.073456
v 0.138077 -0.490112 -0.157974
v 0.138412 -0.069221 0.091522
v 0.138443 -0.052979 0.102028
v 0.138733 -0.041477 0.104843
v 0.139206 -0.181046 0.145218
v 0.139343 -0.181778 0.075462
v 0.139389 -0.035271 0.097366
v 0.139725 -0.182480 -0.151840
v 0.140091 -0.177856 -0.186722
v 0.140289 -0.229004 -0.164673
v 0.140488 -0.227295 0.158356
v 0.141724 -0.175064 0.087631
v 0.142517 -0.054115 0.082176
v 0.145004 -0.207108 0.094879
v 0.145020 -0.011727 0.083282
v 0.145935 -0.206711 -0.143967
v 0.146133 -0.008727 0.106041
v 0.147751 -0.050316 0.085587
v 0.147995 -0.173111 -0.158005
v 0.148117 -0.207184 0.132477
v 0.148849 -0.039265 0.080437
v 0.149277 -0.188171 -0.157135
v 0.149368 -0.265564 -0.139709
v 0.149414 -0.173843 0.149658
v 0.150391 -0.206299 -0.159302
v 0.150406 -0.187164 0.149841
v 0.151077 -0.215363 -0.158752
v 0.151901 -0.011980 0.070999
v 0.152542 -0.216080 0.148514
v 0.153107 -0.259735 0.131607
v 0.153580 -0.228455 -0.143265
v 0.154251 -0.173645 -0.136200
v 0.155334 -0.002803 0.082779
v 0.155609 -0.172668 -0.110222
v 0.156097 -0.165741 -0.143036
v 0.156113 -0.499390 -0.146606
v 0.156418 -0.223221 0.134521
v 0.156540 -0.205475 0.141632
v 0.156555 -0.250061 -0.150696
v 0.157272 -0.166183 0.112717
v 0.157440 -0.173691 0.124542
v 0.157516 -0.212830 0.159607
v 0.157562 -0.208008 0.123703
v 0.157639 -0.248154 -0.142197
v 0.157944 -0.345947 -0.006736
v 0.158005 -0.239838 0.140823
v 0.158295 -0.363403 0.030159
v 0.158310 -0.217636 -0.150787
v 0.158386 -0.204437 -0.146301
v 0.158463 -0.428040 -0.004433
v 0.158463 -0.484375 0.044941
v 0.158600 -0.495667 0.136658
v 0.159012 -0.367554 -0.045681
v 0.159241 -0.410736 0.046684
v 0.159348 -0.464569 -0.056721
v 0.159348 -0.490326 -0.143692
v 0.159592 -0.384796 0.043720
v 0.159683 -0.176376 0.132980
v 0.159698 -0.406525 -0.055199
v 0.159729 -0.484283 -0.055939
v 0.159790 -0.173080 0.092216
v 0.160065 -0.212662 -0.165573
v 0.161301 -0.427185 -0.137756
v 0.161545 -0.336456 -0.137909
v 0.161652 -0.331390 0.127686
v 0.161758 -0.267456 -0.155579
v 0.162964 -0.405609 0.127899
v 0.163040 -0.287781 -0.140335
v 0.163559 -0.287201 0.130157
v 0.165848 -0.241882 0.144821
v 0.165970 -0.166534 0.140121
v 0.167007 -0.212753 0.160507
v 0.167068 -0.174744 -0.109230
v 0.167404 -0.206360 -0.113312
v 0.167465 -0.218338 -0.154861
v 0.167862 -0.485413 -0.153336
v 0.168213 -0.290466 -0.061729
v 0.168533 -0.286377 -0.071762
v 0.169067 -0.266754 0.145294
v 0.169632 -0.180847 -0.154709
v 0.170258 -0.338074 -0.146851
v 0.170486 -0.167206 -0.095459
v 0.170822 -0.450592 0.137253
v 0.171204 -0.249939 -0.158005
v 0.171646 -0.405731 -0.145935
v 0.171906 -0.499359 -0.157471
v 0.172089 -0.293457 -0.096992
v 0.172089 -0.473450 -0.150284
v 0.172165 -0.167435 0.083481
v 0.173050 -0.219437 0.140213
v 0.173080 -0.276367 0.145081
v 0.174591 -0.295197 0.135590
v 0.174744 -0.256042 0.133804
v 0.175552 -0.287872 0.081078
v 0.175644 -0.203583 0.148834
v 0.175659 -0.250519 -0.149353
v 0.175949 -0.182831 0.145584
v 0.176239 -0.375244 0.081459
v 0.176559 -0.453461 -0.097717
v 0.176788 -0.271576 -0.087410
v 0.177261 -0.246170 0.147263
v 0.177719 -0.218643 0.154999
v 0.177734 -0.217056 -0.167831
v 0.177902 -0.425537 0.081940
v 0.177994 -0.219086 -0.157013
v 0.178055 -0.373840 0.136185
v 0.178131 -0.395508 -0.086617
v 0.178223 -0.286316 -0.150772
v 0.178558 -0.247787 0.054348
v 0.178818 -0.409271 -0.058678
v 0.178955 -0.442505 0.055729
v 0.179443 -0.409485 -0.081726
v 0.180008 -0.309845 -0.076248
v 0.180405 -0.406677 0.070641
v 0.180664 -0.247055 0.072639
v 0.180664 -0.265228 -0.075394
v 0.180771 -0.394897 0.065453
v 0.181046 -0.247177 -0.082275
v 0.181046 -0.417908 0.058102
v 0.181152 -0.494812 0.143570
v 0.181320 -0.395355 -0.076004
v 0.181961 -0.461548 0.067383
v 0.182327 -0.373810 0.064377
v 0.182541 -0.175980 -0.091385
v 0.182785 -0.415314 -0.075996
v 0.182892 -0.206436 -0.090385
v 0.183044 -0.253326 0.065422
v 0.183167 -0.172180 0.147659
v 0.183243 -0.279419 -0.061489
v 0.183609 -0.157318 -0.123711
v 0.183640 -0.361237 -0.067398
v 0.183655 -0.266724 0.057499
v 0.183823 -0.227341 -0.080528
v 0.184250 -0.481842 -0.084297
v 0.184387 -0.309448 -0.061363
v 0.184509 -0.225250 0.069328
v 0.184509 -0.252869 -0.062645
v 0.184540 -0.156830 0.105507
v 0.184570 -0.468536 0.081055
v 0.184586 -0.481232 -0.098145
v 0.185776 -0.395386 -0.098297
v 0.185852 -0.167847 -0.142059
v 0.186142 -0.206497 0.083992
v 0.186264 -0.166046 -0.115257
v 0.186478 -0.350220 0.050632
v 0.186890 -0.278870 -0.003983
v 0.187241 -0.278748 -0.004155
v 0.187485 -0.172195 -0.080536
v 0.187500 -0.203918 -0.160263
v 0.187515 -0.177551 -0.160782
v 0.187531 -0.171570 0.075104
v 0.188293 -0.312378 -0.149445
v 0.188522 -0.147552 -0.113853
v 0.188980 -0.165588 0.112289
v 0.189163 -0.250031 0.145874
v 0.189224 -0.224197 -0.062706
v 0.189453 -0.263733 -0.046703
v 0.189499 -0.251251 -0.077599
v 0.189514 -0.448608 -0.078552
v 0.189774 -0.266602 0.038216
v 0.189835 -0.478241 -0.158508
v 0.189880 -0.286163 0.137589
v 0.190125 -0.343842 0.135193
v 0.190216 -0.167923 -0.163010
v 0.190262 -0.333832 -0.037632
v 0.190353 -0.216782 -0.167831
v 0.190353 -0.265778 0.024809
v 0.190384 -0.267303 0.149307
v 0.190536 -0.224960 0.054836
v 0.190720 -0.303284 -0.003516
v 0.190735 -0.245560 0.036629
v 0.190765 -0.266754 -0.162598
v 0.190781 -0.466858 -0.149261
v 0.190811 -0.303497 -0.003553
v 0.190872 -0.289429 0.009623
v 0.190872 -0.301208 -0.018892
v 0.190933 -0.414673 0.084793
v 0.191345 -0.247711 0.056503
v 0.191360 -0.268555 0.075310
v 0.191391 -0.293182 0.082802
v 0.191574 -0.272736 -0.003301
v 0.191605 -0.264893 -0.031162
v 0.191711 -0.407623 0.134384
v 0.191803 -0.213486 0.160248
v 0.191925 -0.439117 0.063217
v 0.191956 -0.484436 -0.058254
v 0.192047 -0.464905 -0.060146
v 0.192215 -0.455017 0.068489
v 0.192276 -0.413300 -0.146942
v 0.192322 -0.164795 -0.130844
v 0.192398 -0.418274 -0.067696
v 0.192581 -0.465515 0.047890
v 0.192596 -0.468781 -0.085800
v 0.192657 -0.245255 -0.031281
v 0.192810 -0.446747 -0.069237
v 0.192856 -0.218842 0.142044
v 0.192963 -0.294464 -0.099121
v 0.193039 -0.225052 -0.046337
v 0.193100 -0.225143 0.038601
v 0.193207 -0.249802 -0.151779
v 0.193222 -0.317383 -0.003511
v 0.193222 -0.470367 0.068802
v 0.193222 -0.483795 0.069443
v 0.193359 -0.412781 0.049362
v 0.193436 -0.411774 0.066124
v 0.193588 -0.484436 0.045486
v 0.193939 -0.410675 -0.078224
v 0.194046 -0.263824 -0.011720
v 0.194458 -0.247482 -0.003498
v 0.194504 -0.247314 -0.004479
v 0.194855 -0.114349 -0.120270
v 0.195053 -0.177307 -0.091133
v 0.195068 -0.145187 0.115280
v 0.195206 -0.217682 -0.155457
v 0.195282 -0.392120 -0.054855
v 0.195480 -0.371124 -0.047573
v 0.195663 -0.268555 -0.087608
v 0.195786 -0.378540 0.042580
v 0.195862 -0.356628 0.056171
v 0.196014 -0.358551 -0.067139
v 0.196091 -0.395996 -0.079865
v 0.196274 -0.484619 -0.084824
v 0.196304 -0.395660 0.065056
v 0.196350 -0.408478 -0.056324
v 0.196533 -0.207123 0.044785
v 0.196701 -0.166641 0.075241
v 0.196808 -0.206909 -0.089645
v 0.196854 -0.224319 -0.030298
v 0.196930 -0.249878 -0.158951
v 0.196976 -0.167313 -0.091759
v 0.197067 -0.408356 -0.088074
v 0.197189 -0.225098 0.021315
v 0.197342 -0.112747 0.103859
v 0.197464 -0.407898 0.044079
v 0.197845 -0.152618 -0.128464
v 0.197891 -0.235199 0.070496
v 0.198013 -0.403778 0.076485
v 0.198029 -0.178635 -0.044441
v 0.198257 -0.206940 -0.038391
v 0.198273 -0.347351 -0.012496
v 0.198471 -0.344849 -0.003413
v 0.198761 -0.495422 0.139053
v 0.198883 -0.175415 0.075699
v 0.198929 -0.225739 -0.011655
v 0.199127 -0.226181 0.003598
v 0.199219 -0.499451 -0.151871
v 0.199631 -0.393585 -0.105446
v 0.199646 -0.174088 0.034866
v 0.199661 -0.249161 0.140167
v 0.199890 -0.320007 -0.003453
v 0.200027 -0.165848 0.094185
v 0.200470 -0.206543 -0.003300
v 0.200867 -0.179092 -0.157272
v 0.200958 -0.230713 -0.081055
v 0.201050 -0.499207 -0.123978
v 0.201538 -0.205246 0.074356
v 0.201569 -0.276764 -0.003553
v 0.201630 -0.463867 -0.166306
v 0.201675 -0.177414 -0.142349
v 0.201950 -0.208649 -0.079857
v 0.201981 -0.177109 0.019434
v 0.202026 -0.368866 0.127655
v 0.202103 -0.468506 -0.106575
v 0.202133 -0.484436 0.037422
v 0.202286 -0.469940 0.089912
v 0.202515 -0.480530 -0.107422
v 0.202988 -0.367523 0.112823
v 0.203369 -0.228104 0.058102
v 0.203522 -0.233917 -0.066872
v 0.203674 -0.277100 -0.012719
v 0.203735 -0.478485 -0.163086
v 0.203812 -0.167282 0.128387
v 0.203918 -0.217438 0.150497
v 0.203979 -0.272369 0.140457
v 0.204010 -0.212173 -0.171143
v 0.204193 -0.283020 -0.147659
v 0.204208 -0.303955 -0.012827
v 0.204239 -0.285339 -0.102531
v 0.204361 -0.168106 -0.048183
v 0.204514 -0.217957 -0.163071
v 0.204681 -0.256165 -0.000246
v 0.204697 -0.482971 -0.154556
v 0.204819 -0.175125 -0.029863
v 0.204895 -0.466949 -0.138840
v 0.204971 -0.493256 -0.138794
v 0.205063 -0.144501 -0.118568
v 0.205109 -0.214737 0.074821
v 0.205231 -0.171875 -0.088516
v 0.205292 -0.247864 0.024750
v 0.205627 -0.204468 -0.165207
v 0.205719 -0.166992 -0.114777
v 0.205734 -0.252747 -0.012746
v 0.205795 -0.165405 -0.139572
v 0.206039 -0.339417 -0.138153
v 0.206284 -0.306824 0.003440
v 0.206619 -0.176208 0.140121
v 0.206772 -0.402130 0.119797
v 0.206833 -0.170349 -0.153885
v 0.206833 -0.276031 0.004522
v 0.207062 -0.293427 0.095001
v 0.207108 -0.170486 0.074951
v 0.207108 -0.373993 -0.132751
v 0.207123 -0.400726 0.098900
v 0.207275 -0.203415 0.128723
v 0.207367 -0.477997 0.126465
v 0.207443 -0.203491 0.143860
v 0.207443 -0.484161 0.070984
v 0.207642 -0.249893 -0.142731
v 0.207916 -0.478516 -0.119606
v 0.207947 -0.178314 -0.049355
v 0.207962 -0.374603 -0.119789
v 0.208023 -0.218811 -0.146484
v 0.208130 -0.283691 0.129410
v 0.208282 -0.215256 -0.066071
v 0.208374 -0.292908 -0.136017
v 0.208420 -0.332184 0.117874
v 0.208984 -0.293121 -0.115379
v 0.209045 -0.473846 0.048431
v 0.209091 -0.167847 0.144211
v 0.209122 -0.246140 0.138290
v 0.209229 -0.250549 0.129044
v 0.209274 -0.465698 0.073273
v 0.209290 -0.472107 -0.131332
v 0.209625 -0.332153 -0.130188
v 0.209869 -0.485413 0.102051
v 0.209946 -0.373932 0.108047
v 0.210022 -0.165436 0.112595
v 0.210037 -0.462433 -0.118607
v 0.210098 -0.371185 -0.136887
v 0.210190 -0.213959 0.052582
v 0.210464 -0.292755 0.122101
v 0.210480 -0.465698 0.059677
v 0.210587 -0.250702 -0.110786
v 0.210770 -0.248978 -0.152435
v 0.210938 -0.338531 0.109406
v 0.210953 -0.178574 0.097290
v 0.211212 -0.228134 0.042912
v 0.211227 -0.227554 -0.049381
v 0.211472 -0.219498 0.130600
v 0.211502 -0.279877 0.088768
v 0.211533 -0.471344 -0.155563
v 0.211746 -0.209518 0.066940
v 0.211929 -0.484619 0.084206
v 0.212280 -0.341370 -0.124062
v 0.212311 -0.249649 0.083733
v 0.212738 -0.213943 0.067894
v 0.212784 -0.210800 -0.070381
v 0.213013 -0.169678 0.038074
v 0.213303 -0.184525 0.030445
v 0.213531 -0.343719 0.124298
v 0.213623 -0.481201 -0.105766
v 0.213654 -0.371826 0.124924
v 0.213760 -0.495911 0.106941
v 0.214172 -0.274506 -0.144775
v 0.214233 -0.250549 -0.097755
v 0.214447 -0.469025 -0.090050
v 0.214996 -0.226654 0.028231
v 0.215057 -0.180923 -0.032829
v 0.215073 -0.170074 -0.051678
v 0.215179 -0.284637 -0.127090
v 0.215210 -0.207169 0.026070
v 0.215302 -0.227875 -0.035343
v 0.215775 -0.479279 -0.146332
v 0.215836 -0.371979 -0.123878
v 0.215973 -0.269928 -0.102150
v 0.216263 -0.217682 -0.104286
v 0.216263 -0.472137 0.075005
v 0.216415 -0.180267 -0.145325
v 0.216583 -0.217728 -0.156311
v 0.216980 -0.485321 -0.085991
v 0.217239 -0.263855 -0.148544
v 0.217667 -0.205399 -0.003450
v 0.217682 -0.227814 -0.010366
v 0.217819 -0.226074 0.003383
v 0.217850 -0.497314 -0.024818
v 0.217896 -0.245712 -0.143585
v 0.218063 -0.485138 0.040749
v 0.218140 -0.216492 0.113289
v 0.218338 -0.281921 0.107834
v 0.218506 -0.371887 0.112221
v 0.218521 -0.216751 -0.125977
v 0.218567 -0.214371 -0.003506
v 0.218628 -0.202499 0.083832
v 0.218903 -0.249069 -0.132248
v 0.219147 -0.182556 0.088081
v 0.219177 -0.268738 0.124641
v 0.219208 -0.253937 0.097145
v 0.219727 -0.179443 -0.003536
v 0.220032 -0.201309 -0.145447
v 0.220062 -0.222839 0.091560
v 0.220093 -0.175018 0.023005
v 0.220200 -0.169296 0.132599
v 0.220245 -0.459259 -0.146164
v 0.220276 -0.250793 0.124763
v 0.220352 -0.218719 -0.144638
v 0.220551 -0.172867 -0.003558
v 0.220566 -0.212616 0.146072
v 0.220825 -0.167450 0.086212
v 0.220978 -0.176773 -0.034306
v 0.221008 -0.251953 0.106705
v 0.221024 -0.476013 0.057312
v 0.221283 -0.211731 -0.087547
v 0.221390 -0.203491 0.131516
v 0.221436 -0.250610 -0.120323
v 0.221802 -0.250061 -0.111565
v 0.221817 -0.206528 -0.003541
v 0.221970 -0.170792 -0.150009
v 0.222717 -0.466644 -0.136948
v 0.222977 -0.172852 -0.108383
v 0.222977 -0.218811 -0.096489
v 0.223389 -0.218445 0.134232
v 0.223557 -0.268494 -0.119598
v 0.223724 -0.203781 -0.107025
v 0.224121 -0.166473 -0.120697
v 0.224274 -0.487457 -0.121101
v 0.224762 -0.213638 -0.003503
v 0.225891 -0.464844 -0.115990
v 0.226166 -0.178452 0.100792
v 0.226410 -0.174911 -0.121643
v 0.227371 -0.202591 0.108887
v 0.227936 -0.171310 0.117630
v 0.228470 -0.167572 0.104790
v 0.228653 -0.219025 -0.108757
v 0.229172 -0.465393 0.079788
v 0.230545 -0.217010 0.120949
v 0.231277 -0.218002 -0.121124
v 0.231888 -0.464539 0.056881
v 0.233078 -0.498383 -0.066917
v 0.234009 -0.499176 -0.123146
v 0.234024 -0.210251 0.091774
v 0.234055 -0.486206 -0.003337
v 0.234207 -0.216644 0.105904
v 0.234314 -0.212311 -0.138397
v 0.234634 -0.488220 -0.119995
v 0.235153 -0.208450 0.123726
v 0.235550 -0.487427 -0.060474
v 0.235901 -0.494476 -0.039150
v 0.236954 -0.207809 -0.114815
v 0.237320 -0.497528 0.024233
v 0.237686 -0.470734 0.067131
v 0.237915 -0.493317 -0.003580
v 0.238602 -0.485626 0.081093
v 0.239410 -0.486511 0.054329
v 0.239639 -0.497101 0.078171
v 0.244308 -0.485687 0.094704
v 0.244339 -0.492767 0.055992
v 0.244614 -0.499573 -0.042580
v 0.249420 -0.490906 -0.042374
v 0.254761 -0.491180 -0.003792
v 0.255035 -0.498138 0.042263
v 0.255524 -0.490417 0.020752
v 0.264343 -0.490997 -0.025990
v 0.272247 -0.499451 -0.024799
v 0.274841 -0.491638 -0.003231
v -0.000121 -0.130402 -0.478119
v -0.000329 -0.017714 -0.398193
v -0.000343 0.120415 -0.132019
v -0.000356 -0.081192 0.154083
v -0.000449 -0.207275 0.256531
v -0.000498 -0.207611 -0.144485
v -0.000614 -0.048595 0.455872
v -0.000651 0.139099 -0.156311
v -0.000898 0.117798 0.124657
v -0.001110 -0.114571 0.231384
v -0.001114 -0.039074 0.456940
v -0.001121 -0.101036 0.453522
v -0.001130 0.126282 0.142258
v -0.001193 0.051350 -0.139801
v -0.001257 -0.081841 0.134766
v -0.001270 -0.384125 -0.462830
v -0.001410 0.189178 -0.180847
v -0.001413 -0.094551 -0.406433
v -0.001549 -0.132111 0.157486
v -0.001586 -0.067436 0.453430
v -0.001595 -0.018360 -0.355560
v -0.001603 0.253265 0.183731
v -0.001651 0.320435 0.089272
v -0.001706 -0.195633 0.215591
v -0.001723 -0.118507 0.451721
v -0.001788 0.102150 0.132629
v -0.001797 0.118637 -0.144623
v -0.001806 -0.205933 0.167206
v -0.001849 -0.419281 0.470673
v -0.001909 -0.077827 -0.162033
v -0.002410 -0.459717 -0.467194
v -0.002483 -0.080421 -0.144638
v -0.002699 0.322021 -0.206497
v -0.002803 0.138901 0.152039
v -0.003038 -0.103020 -0.481598
v -0.003260 0.152054 -0.161423
v -0.003370 0.012169 -0.369080
v -0.003375 -0.041882 0.438049
v -0.003681 -0.246857 0.432251
v -0.003856 0.175629 -0.177216
v -0.003871 0.099258 -0.134857
v -0.004042 -0.207458 -0.167847
v -0.004115 -0.070915 0.442200
v -0.004373 -0.028904 0.276672
v -0.004702 0.024754 -0.378784
v -0.004727 0.330383 0.095718
v -0.004815 -0.215927 -0.175903
v -0.005112 -0.375732 0.436157
v -0.005189 -0.113220 -0.487793
v -0.005232 -0.167664 -0.465363
v -0.005335 0.074547 0.139191
v -0.005675 -0.058620 0.163742
v -0.005678 -0.060028 0.170883
v -0.005961 -0.194153 0.427185
v -0.006170 0.010207 -0.386353
v -0.006276 -0.095032 -0.344360
v -0.006419 -0.019806 -0.144653
v -0.007155 0.389099 -0.170151
v -0.007244 0.126251 -0.155304
v -0.007388 -0.020279 -0.408905
v -0.007636 -0.210190 0.433899
v -0.007734 0.218185 0.185867
v -0.008050 -0.166611 0.216904
v -0.008091 0.421173 -0.156494
v -0.008628 -0.157196 0.252289
v -0.008680 0.252716 0.190552
v -0.008697 -0.032192 -0.350525
v -0.009109 0.115997 0.146744
v -0.009190 -0.195801 0.436707
v -0.009207 -0.130173 -0.177948
v -0.009249 -0.170959 0.427338
v -0.009295 -0.411957 0.454163
v -0.009374 0.103447 -0.149994
v -0.009402 -0.045162 -0.406982
v -0.009694 -0.442871 -0.470184
v -0.009938 0.387573 -0.131531
v -0.009968 -0.405548 0.475403
v -0.009972 -0.123543 0.170212
v -0.010481 0.321228 -0.193695
v -0.010597 0.419525 -0.145264
v -0.010767 -0.077248 0.167496
v -0.010926 -0.082909 -0.166656
v -0.011045 -0.025536 -0.191223
v -0.011111 0.175919 0.175262
v -0.011205 -0.006502 -0.355225
v -0.011335 -0.167801 -0.459045
v -0.011453 0.005545 0.145325
v -0.011474 -0.045368 0.225342
v -0.011660 -0.075829 -0.174896
v -0.012064 -0.333099 0.436096
v -0.012152 -0.021860 -0.343323
v -0.012296 -0.116066 -0.249100
v -0.012344 0.043327 -0.379822
v -0.012539 -0.042824 0.323303
v -0.012561 0.004251 -0.150040
v -0.012571 -0.105598 -0.468323
v -0.012674 -0.094482 0.331116
v -0.012691 -0.129303 0.451691
v -0.012764 -0.020248 0.167740
v -0.012770 0.000424 -0.145706
v -0.012773 -0.174561 0.205963
v -0.012821 -0.031002 0.164841
v -0.012918 0.247864 -0.104736
v -0.012994 -0.185776 0.194916
v -0.012997 -0.130295 0.211304
v -0.013141 -0.033752 -0.404816
v -0.013573 -0.124626 -0.171951
v -0.013649 0.044342 -0.141800
v -0.013668 -0.031574 0.180130
v -0.013680 -0.155151 -0.255768
v -0.013763 -0.116478 -0.481689
v -0.013867 -0.375275 -0.462982
v -0.013898 -0.067825 0.329773
v -0.014169 -0.035069 0.316132
v -0.014385 0.163727 -0.174561
v -0.014521 -0.195389 0.220093
v -0.014574 -0.129944 0.433838
v -0.014658 0.138962 0.153442
v -0.014739 -0.133224 0.230026
v -0.014757 -0.419922 0.484253
v -0.014841 0.322449 -0.189346
v -0.014998 0.011361 0.301147
v -0.015019 0.090919 -0.137680
v -0.015029 -0.115990 0.235672
v -0.015279 -0.000730 -0.354553
v -0.015329 -0.206833 0.215271
v -0.015432 0.024345 -0.371216
v -0.015671 -0.130188 0.239944
v -0.015812 0.163910 0.167770
v -0.015886 0.002540 -0.393158
v -0.016088 -0.111572 0.222595
v -0.016155 0.324158 0.081528
v -0.016247 -0.201004 0.177353
v -0.016447 0.050064 0.147827
v -0.016642 -0.018255 -0.403778
v -0.016697 0.024992 0.300507
v -0.016716 -0.049980 -0.260132
v -0.017000 0.092499 -0.149872
v -0.017271 -0.154266 0.209671
v -0.017281 0.026369 -0.385437
v -0.017782 -0.113159 0.462982
v -0.017807 -0.172714 0.434753
v -0.017939 -0.453278 -0.463379
v -0.018038 0.001289 -0.362183
v -0.018049 -0.020864 0.149277
v -0.018131 -0.036400 -0.344116
v -0.018137 -0.156662 0.221817
v -0.018314 -0.020903 -0.165451
v -0.018330 -0.108078 0.207108
v -0.018333 0.101784 0.142578
v -0.018385 -0.340759 0.453369
v -0.018400 -0.206543 -0.185974
v -0.018856 0.126144 0.151138
v -0.019020 -0.184906 0.193192
v -0.019138 -0.134140 0.195953
v -0.019489 -0.172150 0.254608
v -0.019617 -0.102226 0.444214
v -0.019676 0.151993 0.164230
v -0.019682 -0.001838 0.309937
v -0.019810 0.447449 -0.151077
v -0.019884 -0.154312 0.189850
v -0.019979 -0.094727 -0.408112
v -0.020044 -0.094002 0.272461
v -0.020153 0.203888 -0.191803
v -0.020205 -0.205475 0.191956
v -0.020224 0.321869 -0.094429
v -0.020245 0.189270 -0.189850
v -0.020605 -0.383972 0.456177
v -0.020735 0.365509 -0.121132
v -0.020868 -0.031719 -0.169846
v -0.020912 0.102409 0.148392
v -0.020971 0.331787 0.129395
v -0.021212 -0.406036 0.482391
v -0.021494 -0.034420 0.271210
v -0.021509 0.324951 -0.103989
v -0.021563 -0.060024 -0.178528
v -0.021658 0.331116 -0.094872
v -0.021774 0.055546 -0.146225
v -0.021940 0.251984 0.190094
v -0.021997 -0.103867 0.235077
v -0.022167 -0.146149 0.217422
v -0.022205 -0.027838 0.327454
v -0.022326 0.041584 0.290680
v -0.022335 0.320831 0.096893
v -0.022398 0.421387 -0.162796
v -0.022408 0.389038 -0.173187
v -0.022461 -0.047504 -0.408142
v -0.022539 -0.173401 -0.459137
v -0.022776 0.042740 0.297363
v -0.022863 -0.049267 -0.252045
v -0.023207 -0.094673 0.339111
v -0.023232 0.018490 0.290039
v -0.023315 0.259094 0.204651
v -0.023418 -0.058464 -0.170319
v -0.023430 -0.107544 -0.259674
v -0.023701 -0.153915 0.248703
v -0.023848 0.333313 -0.195450
v -0.023869 0.320801 0.188522
v -0.023954 0.328522 0.203003
v -0.024277 -0.025309 0.271698
v -0.024317 -0.050766 0.322266
v -0.024321 -0.094315 -0.168839
v -0.024412 0.092979 -0.139206
v -0.024437 -0.076355 0.167480
v -0.024443 0.006409 -0.368744
v -0.024517 -0.131256 0.254089
v -0.024591 -0.107712 0.227661
v -0.024738 -0.325256 -0.458282
v -0.024773 -0.107834 0.228287
v -0.025005 -0.134689 0.187958
v -0.025049 -0.129974 0.169449
v -0.025303 -0.300293 0.436310
v -0.025423 -0.043083 -0.463165
v -0.025541 -0.068283 -0.481110
v -0.025551 0.189346 0.179535
v -0.025637 -0.069290 -0.466003
v -0.025650 -0.187302 0.175064
v -0.025864 -0.058529 0.330627
v -0.025906 -0.094406 -0.344849
v -0.026131 -0.153854 -0.236404
v -0.026152 -0.129684 -0.252991
v -0.026266 0.320282 0.202469
v -0.026409 -0.019056 -0.160431
v -0.026440 -0.103996 -0.250885
v -0.026443 -0.129196 -0.477722
v -0.026463 -0.131241 -0.461334
v -0.026470 0.115746 -0.154327
v -0.026548 0.218414 -0.193756
v -0.026653 -0.135788 -0.178101
v -0.026825 0.151672 -0.171005
v -0.026831 0.004314 -0.384613
v -0.026857 -0.033951 -0.359344
v -0.027136 -0.078217 0.216354
v -0.027203 -0.170410 0.436554
v -0.027403 -0.049469 -0.483643
v -0.027451 -0.208725 -0.179871
v -0.027674 -0.059502 0.166000
v -0.027678 0.003785 -0.151031
v -0.027699 0.035824 0.144852
v -0.027786 -0.040768 -0.484222
v -0.027802 -0.129486 0.454346
v -0.028320 -0.034645 -0.395508
v -0.028397 -0.212631 0.191818
v -0.028566 0.175598 -0.179962
v -0.028683 0.216324 -0.197739
v -0.028748 -0.129883 0.436798
v -0.028770 0.013357 0.301849
v -0.028889 0.152039 -0.163681
v -0.028896 0.103157 -0.146988
v -0.028944 0.327972 0.116531
v -0.029377 -0.398499 0.464355
v -0.029467 -0.022133 -0.396667
v -0.029568 0.388702 -0.133392
v -0.029642 0.023512 0.296539
v -0.029699 0.205154 0.191040
v -0.029911 0.048546 0.134445
v -0.030104 0.038250 -0.141373
v -0.030188 -0.418976 0.462738
v -0.030256 0.416504 -0.155975
v -0.030579 -0.406433 -0.463440
v -0.030668 0.118355 0.144775
v -0.030714 0.138657 0.155685
v -0.030954 0.261902 0.186630
v -0.031036 0.101791 0.129364
v -0.031040 -0.155838 0.169144
v -0.031076 -0.023392 -0.357849
v -0.031349 -0.047256 0.273895
v -0.031620 0.138626 -0.160126
v -0.031631 -0.021446 -0.142990
v -0.031761 -0.213211 0.167984
v -0.031784 -0.094337 0.330292
v -0.031792 -0.132599 0.164154
v -0.031837 0.337372 -0.111290
v -0.032269 0.302307 -0.192337
v -0.032345 0.098778 -0.136383
v -0.032345 -0.102509 0.336456
v -0.032429 0.247803 0.098183
v -0.032635 -0.152466 -0.250458
v -0.032925 0.151871 0.157211
v -0.033108 -0.101692 0.268494
v -0.033119 -0.047104 -0.242508
v -0.033157 -0.107185 0.206985
v -0.033268 0.330444 0.087189
v -0.033295 -0.079865 -0.144547
v -0.033329 -0.091934 -0.161469
v -0.033619 -0.081207 0.137024
v -0.033844 -0.021494 0.136658
v -0.034031 -0.125824 0.205063
v -0.034126 -0.125885 0.225220
v -0.034142 -0.213501 0.137222
v -0.034283 -0.041248 -0.248489
v -0.034626 0.126587 -0.152679
v -0.034664 0.175461 0.170609
v -0.034683 -0.044044 -0.398010
v -0.034721 -0.404175 0.462341
v -0.035057 -0.003806 -0.366150
v -0.035233 -0.071297 0.455780
v -0.035286 -0.213913 -0.144714
v -0.035477 -0.093956 0.277039
v -0.035824 -0.075691 -0.168869
v -0.035839 -0.112709 -0.246964
v -0.035881 -0.009938 -0.377655
v -0.036137 -0.077026 0.154190
v -0.036247 -0.332733 0.455902
v -0.036953 -0.031948 0.153076
v -0.036983 0.119835 -0.133148
v -0.037125 -0.295471 0.434753
v -0.037369 -0.022112 -0.360870
v -0.037384 0.163788 -0.168945
v -0.037415 -0.360229 0.458069
v -0.037685 0.125198 0.125900
v -0.037914 -0.094597 -0.395172
v -0.037933 0.163513 0.163040
v -0.037971 -0.053013 -0.357391
v -0.038136 -0.033424 0.136322
v -0.038261 -0.023539 -0.175308
v -0.038273 0.388977 -0.162537
v -0.038349 -0.108673 0.220108
v -0.038715 -0.154861 0.223099
v -0.038734 -0.032257 -0.143784
v -0.039154 -0.105972 -0.481598
v -0.039204 -0.042255 -0.265808
v -0.039455 0.260010 0.197601
v -0.039963 0.203644 0.180557
v -0.040134 0.389374 -0.144974
v -0.040192 -0.030634 -0.174789
v -0.040222 -0.049377 -0.265045
v -0.040375 -0.154388 -0.220245
v -0.040413 -0.105209 -0.406250
v -0.040665 -0.060165 0.136841
v -0.040791 -0.024969 -0.391632
v -0.040840 -0.131561 -0.459839
v -0.040878 -0.023474 0.165344
v -0.040894 -0.328033 0.443359
v -0.041016 0.329773 0.144318
v -0.041046 -0.060589 -0.144379
v -0.041130 0.216812 0.188568
v -0.041138 -0.123962 0.213669
v -0.041260 -0.060555 -0.160278
v -0.041332 -0.078079 -0.263031
v -0.041698 0.321777 -0.189667
v -0.041698 -0.167404 -0.457092
v -0.041759 0.146393 -0.128662
v -0.041901 0.139282 0.134460
v -0.042454 -0.029652 0.164139
v -0.042572 0.205322 -0.195435
v -0.042637 0.247437 -0.109222
v -0.042789 -0.022608 -0.369629
v -0.042850 -0.032681 0.312073
v -0.042961 -0.054527 -0.376312
v -0.042976 -0.094498 -0.370087
v -0.043358 -0.123589 -0.220627
v -0.043598 0.139297 -0.144318
v -0.043602 -0.207855 0.258545
v -0.043625 -0.129623 0.436554
v -0.043663 -0.154373 -0.209167
v -0.043861 -0.061264 0.150818
v -0.044144 -0.173721 0.229111
v -0.044163 -0.429291 -0.457672
v -0.044197 -0.094696 -0.400360
v -0.044308 -0.077011 -0.255341
v -0.044357 0.328979 -0.099503
v -0.044395 -0.040691 0.254608
v -0.044487 -0.207443 -0.196671
v -0.044571 -0.172150 0.434662
v -0.044746 -0.248199 0.434326
v -0.044754 -0.172577 0.222229
v -0.044884 0.152176 0.120636
v -0.044941 -0.025061 -0.378998
v -0.045094 -0.044353 -0.253052
v -0.045113 -0.213928 -0.189651
v -0.045181 -0.100151 -0.232681
v -0.045883 0.329407 -0.204407
v -0.046005 -0.050598 -0.461639
v -0.046162 -0.134735 -0.248322
v -0.046185 -0.460510 -0.457855
v -0.046192 -0.028114 0.283997
v -0.046268 -0.094971 -0.363251
v -0.046333 -0.094208 0.287842
v -0.046593 -0.102196 0.248047
v -0.046783 -0.049404 0.249298
v -0.047058 -0.135086 0.217361
v -0.047062 -0.105721 -0.355743
v -0.047081 0.321472 -0.203400
v -0.047157 -0.206833 -0.213547
v -0.047211 -0.130371 0.451752
v -0.047409 0.151855 -0.143906
v -0.047562 0.332214 -0.187973
v -0.047626 -0.045216 0.314911
v -0.047680 0.319977 0.180573
v -0.047726 0.326019 -0.112938
v -0.048004 0.218185 0.179504
v -0.048027 -0.027464 0.308258
v -0.048107 -0.134903 0.168655
v -0.048134 -0.215225 -0.213501
v -0.048267 0.163361 0.117912
v -0.048313 -0.129272 -0.473389
v -0.048412 -0.033634 0.289520
v -0.048454 0.152023 0.139999
v -0.048542 -0.078156 0.249039
v -0.048809 -0.168869 0.259003
v -0.048977 -0.094391 0.311432
v -0.049419 -0.418793 0.478882
v -0.049759 -0.410919 0.465698
v -0.049915 0.217911 -0.184341
v -0.050583 0.188766 0.167267
v -0.050781 0.175278 0.114143
v -0.050808 -0.100777 0.453369
v -0.050964 -0.165588 0.226532
v -0.051010 0.320831 0.108208
v -0.051010 -0.101761 0.323303
v -0.051025 -0.050259 0.239243
v -0.051212 -0.077400 0.240677
v -0.051655 -0.253662 -0.452362
v -0.051666 -0.130508 0.256622
v -0.051872 0.175201 0.153015
v -0.051910 -0.049122 -0.474884
v -0.051994 0.188812 -0.174408
v -0.052013 -0.131958 0.189331
v -0.052048 0.183243 -0.119804
v -0.052055 -0.150833 -0.258209
v -0.052132 0.163162 -0.147018
v -0.052155 -0.039997 0.234940
v -0.052841 -0.071136 0.441956
v -0.052979 -0.170425 -0.452942
v -0.053337 -0.397247 -0.456818
v -0.053356 0.322571 -0.101280
v -0.053387 -0.330902 -0.453217
v -0.053444 -0.415436 0.476257
v -0.053890 -0.100624 0.292603
v -0.053932 0.175751 -0.164185
v -0.054058 0.139923 -0.127884
v -0.054096 -0.129105 0.243713
v -0.054169 0.163483 0.134186
v -0.054203 -0.332550 0.453552
v -0.054276 0.188202 0.111717
v -0.055534 -0.153732 -0.222397
v -0.056057 -0.130920 -0.453064
v -0.056068 -0.032284 -0.141266
v -0.056286 -0.330902 0.431305
v -0.056355 -0.169281 0.431183
v -0.056446 -0.151810 -0.242889
v -0.056656 -0.032604 0.133713
v -0.056671 0.203613 0.177841
v -0.057079 0.351837 -0.143967
v -0.057232 0.038357 -0.137451
v -0.057270 -0.130478 0.432831
v -0.057766 -0.123444 -0.232025
v -0.057774 0.175537 -0.142670
v -0.057919 -0.383453 0.455566
v -0.058411 -0.023726 0.132126
v -0.058720 0.176102 0.130539
v -0.059475 0.335724 -0.126846
v -0.059711 0.329407 0.102760
v -0.060009 -0.024164 -0.139191
v -0.060139 -0.044861 0.436035
v -0.060139 -0.086441 0.132614
v -0.060368 0.215973 -0.182968
v -0.060444 -0.122627 -0.261932
v -0.060448 -0.105209 -0.457092
v -0.060478 -0.046093 -0.450745
v -0.060490 -0.130981 0.448151
v -0.060783 0.321503 -0.173248
v -0.060814 -0.072472 -0.140274
v -0.060818 0.247528 0.117355
v -0.060905 0.259583 0.118950
v -0.060917 -0.336578 0.443359
v -0.061172 0.089813 0.124123
v -0.061283 0.259705 -0.126923
v -0.061680 -0.131180 -0.256531
v -0.061749 0.334808 -0.169769
v -0.061775 0.319733 0.164230
v -0.061829 -0.067680 0.450195
v -0.061962 0.205872 -0.112358
v -0.061970 0.188492 0.146835
v -0.062180 0.203842 -0.170593
v -0.062294 -0.129944 -0.465057
v -0.062454 0.204788 0.105164
v -0.062561 0.188171 -0.144257
v -0.062691 0.247574 -0.127914
v -0.063225 -0.114029 0.237335
v -0.063271 0.189255 0.127136
v -0.063377 -0.049614 0.450592
v -0.063545 -0.415680 0.461853
v -0.063972 -0.040016 0.453400
v -0.064384 -0.214813 -0.139053
v -0.064667 0.220474 0.123009
v -0.064758 0.248245 0.124672
v -0.064781 0.225662 -0.132309
v -0.065529 -0.173691 0.130920
v -0.065742 0.203979 0.148621
v -0.065834 0.321289 -0.140533
v -0.065834 -0.103348 0.243652
v -0.065987 0.218353 -0.160706
v -0.066147 0.320343 0.104820
v -0.066162 -0.040932 -0.476440
v -0.066216 0.218277 0.152817
v -0.066505 -0.170319 -0.445374
v -0.066788 -0.041161 -0.278687
v -0.066879 -0.458435 -0.445679
v -0.067116 -0.095657 -0.468719
v -0.067284 -0.102173 0.435791
v -0.067406 -0.049328 -0.278717
v -0.067436 -0.114388 -0.473083
v -0.067635 0.319397 0.136551
v -0.067970 -0.131180 -0.446655
v -0.068130 0.318695 0.180405
v -0.068459 -0.135361 -0.273041
v -0.068680 0.227844 0.103989
v -0.068787 0.206085 -0.129684
v -0.069237 -0.119118 -0.465424
v -0.069641 -0.079262 -0.278107
v -0.069679 -0.160660 0.259979
v -0.070000 -0.169174 0.425690
v -0.070190 -0.398804 0.486938
v -0.070244 -0.155838 0.193832
v -0.070290 0.236237 0.128845
v -0.070343 -0.130814 0.427643
v -0.070389 0.205948 0.119705
v -0.070412 -0.050385 -0.451935
v -0.070580 0.204666 -0.161316
v -0.070641 0.229187 -0.110504
v -0.070656 0.246918 -0.139465
v -0.070778 -0.382019 0.442535
v -0.070900 0.329681 -0.121170
v -0.070908 -0.308075 -0.444153
v -0.071266 -0.207916 0.221222
v -0.071411 -0.176956 0.191681
v -0.071434 -0.160446 0.223541
v -0.072258 0.327545 0.172272
v -0.072365 0.214874 0.154175
v -0.072647 -0.214203 0.191971
v -0.072784 -0.314240 -0.281738
v -0.073029 -0.049046 0.457214
v -0.073280 -0.214661 -0.212830
v -0.073303 -0.169312 -0.213425
v -0.073326 -0.077652 -0.268372
v -0.073624 0.321442 -0.172913
v -0.073997 -0.415253 -0.282745
v -0.074120 -0.239258 -0.284912
v -0.074287 -0.049088 -0.265808
v -0.074341 -0.412415 0.446564
v -0.074623 -0.165970 -0.284515
v -0.074715 0.330017 -0.168030
v -0.074944 0.303619 -0.103416
v -0.075172 0.216904 0.114044
v -0.075188 -0.269104 0.269501
v -0.075226 -0.423401 -0.447235
v -0.075378 -0.172089 0.247452
v -0.075386 -0.107338 0.452484
v -0.075447 -0.177551 0.244385
v -0.075859 -0.418213 0.471375
v -0.075966 -0.375916 -0.443359
v -0.076012 -0.374298 0.268982
v -0.076088 -0.337311 0.435303
v -0.076118 0.247742 -0.112694
v -0.076172 -0.410126 0.469299
v -0.076263 -0.048180 0.266815
v -0.076370 -0.419159 0.268402
v -0.076591 0.307190 0.098503
v -0.076645 -0.208435 0.244064
v -0.076675 0.216248 -0.121819
v -0.076744 -0.169388 -0.252502
v -0.076927 -0.354919 0.434570
v -0.077057 -0.164688 -0.232544
v -0.077179 -0.215149 0.270996
v -0.077347 -0.271149 -0.437500
v -0.077370 -0.153427 -0.211700
v -0.077469 -0.172348 -0.437378
v -0.077484 -0.177185 0.260345
v -0.077652 -0.153595 -0.271271
v -0.077682 -0.131989 0.251556
v -0.078041 0.321320 -0.135834
v -0.078079 -0.041000 0.266083
v -0.078300 -0.041405 -0.261383
v -0.078537 -0.215149 0.126312
v -0.078568 -0.171173 -0.265656
v -0.078606 0.231430 -0.131683
v -0.078606 -0.077026 0.263763
v -0.078629 -0.130295 -0.459625
v -0.078636 -0.170868 0.265778
v -0.078644 0.259521 -0.110909
v -0.078758 -0.176727 0.272461
v -0.078896 -0.107559 0.241928
v -0.078926 0.298706 -0.110626
v -0.078926 0.329254 0.137253
v -0.079117 0.297546 0.102730
v -0.079262 -0.261139 0.419281
v -0.079277 -0.413177 -0.270203
v -0.079330 -0.129776 0.441376
v -0.079346 0.259491 0.103851
v -0.079437 -0.485199 0.177994
v -0.079468 -0.115479 0.448639
v -0.079521 -0.215210 -0.255157
v -0.079636 -0.212585 -0.268311
v -0.079788 -0.131638 -0.439087
v -0.079849 0.234756 0.127960
v -0.079926 -0.211227 0.259247
v -0.080009 -0.132431 0.271790
v -0.080025 -0.164276 -0.234879
v -0.080070 -0.164383 0.206161
v -0.080154 -0.107407 -0.284027
v -0.080170 -0.048840 -0.471680
v -0.081261 -0.160583 -0.250061
v -0.081451 -0.169479 0.419952
v -0.081535 0.229218 -0.103142
v -0.081566 -0.116577 0.251648
v -0.081802 -0.049011 -0.460022
v -0.082001 0.229355 0.095779
v -0.082611 -0.107750 -0.467804
v -0.082886 -0.111275 -0.263611
v -0.083168 -0.422363 0.442749
v -0.083168 -0.452820 -0.428406
v -0.083267 -0.376465 0.418182
v -0.083359 -0.406036 0.456268
v -0.083672 -0.130646 0.421204
v -0.083710 -0.076248 0.253601
v -0.083755 -0.414764 -0.293640
v -0.083832 0.192780 -0.107216
v -0.083855 0.194794 0.099098
v -0.083916 -0.227905 -0.261780
v -0.084000 -0.217957 0.255310
v -0.084236 -0.050518 0.252106
v -0.084358 -0.144119 -0.286530
v -0.084373 -0.341949 0.416107
v -0.084694 -0.049404 0.427979
v -0.085030 -0.433868 -0.433685
v -0.085609 -0.040577 0.249176
v -0.086021 -0.101921 0.439728
v -0.086349 0.260986 0.119034
v -0.086731 0.261353 -0.126129
v -0.086800 -0.353607 -0.296173
v -0.086807 -0.346863 -0.430359
v -0.086929 0.155960 0.105659
v -0.087219 -0.378510 0.428223
v -0.087296 -0.173065 -0.248993
v -0.087456 0.297424 0.119202
v -0.087456 -0.177399 -0.116570
v -0.087463 0.307495 -0.126556
v -0.087860 -0.320160 -0.249451
v -0.088127 -0.217651 -0.261688
v -0.088379 -0.433319 0.245621
v -0.088409 -0.049179 -0.292236
v -0.088745 -0.431549 -0.248230
v -0.088966 -0.024200 -0.127899
v -0.089005 -0.249374 -0.248611
v -0.089050 -0.131790 0.277588
v -0.089104 -0.162552 -0.430115
v -0.089127 -0.132004 -0.430389
v -0.089188 -0.162613 -0.300385
v -0.089386 -0.213989 0.240433
v -0.089508 -0.224548 0.243179
v -0.089523 -0.105583 -0.436890
v -0.089699 -0.024233 0.120308
v -0.089737 -0.415497 -0.409393
v -0.089760 -0.320679 0.241196
v -0.089806 -0.429413 0.240051
v -0.089821 0.050381 -0.122581
v -0.089859 -0.075813 -0.128906
v -0.090073 -0.128998 -0.450714
v -0.090103 0.028254 0.117401
v -0.090240 -0.135468 -0.300293
v -0.090515 -0.048294 -0.432800
v -0.090714 -0.171234 0.412567
v -0.090797 -0.028807 -0.134506
v -0.090797 -0.256592 0.241318
v -0.090851 -0.115768 -0.276794
v -0.090904 -0.196045 -0.126831
v -0.090912 -0.406494 0.463409
v -0.091064 -0.068512 -0.434052
v -0.091110 -0.102127 0.272186
v -0.091118 0.305573 0.125076
v -0.091156 -0.162125 0.281097
v -0.091187 -0.130173 0.259033
v -0.091225 -0.103668 -0.278351
v -0.091927 -0.396393 0.425507
v -0.092056 -0.131485 0.413788
v -0.092201 -0.139999 0.119507
v -0.092224 -0.129639 0.434326
v -0.092430 -0.032532 -0.126053
v -0.092445 -0.072182 0.119911
v -0.092773 0.217239 -0.116684
v -0.093224 0.303680 -0.132828
v -0.093407 -0.147018 -0.126297
v -0.093468 -0.428741 -0.265381
v -0.093697 -0.250122 0.286194
v -0.093788 -0.103447 0.259491
v -0.094261 -0.357147 0.410034
v -0.094292 -0.049320 0.435333
v -0.094452 0.059868 0.111382
v -0.094482 -0.253387 -0.308777
v -0.094795 0.230942 -0.096367
v -0.094948 -0.414764 -0.419281
v -0.095291 -0.385651 0.408875
v -0.095558 -0.337769 0.286469
v -0.095581 -0.227219 0.251099
v -0.095642 -0.043652 0.444702
v -0.095673 -0.102394 -0.448883
v -0.095680 -0.452179 -0.408264
v -0.095787 -0.423737 -0.279144
v -0.095894 -0.418793 0.286591
v -0.096008 0.232437 0.090286
v -0.096313 -0.049412 -0.285492
v -0.096649 -0.116463 0.433228
v -0.096809 -0.171249 -0.416962
v -0.096848 0.201050 0.090729
v -0.096893 0.196625 -0.097740
v -0.097145 0.248703 -0.123497
v -0.097229 0.232132 0.116058
v -0.097397 0.235580 -0.128082
v -0.097969 -0.177917 0.403717
v -0.098015 -0.164383 -0.313995
v -0.098206 -0.420135 0.466461
v -0.098305 -0.134720 -0.312225
v -0.098709 -0.420380 0.464569
v -0.098831 -0.269104 -0.413513
v -0.099251 -0.215271 -0.189316
v -0.099396 -0.393433 0.291901
v -0.099739 -0.427582 -0.316193
v -0.099762 -0.045433 -0.317963
v -0.099838 -0.414673 -0.407623
v -0.100044 -0.039845 -0.441742
v -0.100204 -0.067665 -0.442047
v -0.100533 0.152374 -0.102974
v -0.100975 -0.156189 0.289673
v -0.101105 0.102303 -0.109215
v -0.101570 -0.182968 -0.121506
v -0.101608 -0.130585 0.401978
v -0.101677 -0.130386 -0.439087
v -0.101830 -0.169907 -0.407532
v -0.101860 -0.327820 -0.407471
v -0.101997 -0.455231 -0.253815
v -0.102989 -0.149612 -0.409210
v -0.103241 -0.226517 -0.240601
v -0.103256 -0.129990 -0.292267
v -0.103455 0.305603 -0.084488
v -0.103462 -0.169281 -0.325867
v -0.103683 0.306396 0.078934
v -0.103828 -0.132477 -0.419464
v -0.103882 -0.106720 -0.311493
v -0.103935 -0.170731 0.298584
v -0.104286 -0.131012 0.423126
v -0.104813 -0.131180 0.287872
v -0.104813 -0.403687 0.399109
v -0.105263 -0.045662 0.403198
v -0.105362 -0.427948 -0.305115
v -0.105652 0.231613 -0.087929
v -0.105667 -0.049129 0.285889
v -0.105789 -0.132553 -0.324432
v -0.105797 -0.128922 0.270905
v -0.105827 0.248001 0.115311
v -0.105904 0.231354 0.080658
v -0.106010 -0.152786 0.405640
v -0.106133 0.298798 -0.090630
v -0.106468 -0.171936 -0.396729
v -0.106552 -0.226364 0.232620
v -0.106598 -0.422180 0.406677
v -0.106796 0.283234 0.083549
v -0.106903 -0.048203 -0.399200
v -0.106964 -0.114372 -0.445740
v -0.107002 -0.437347 -0.328888
v -0.107109 -0.077637 0.403595
v -0.107216 -0.047775 0.260956
v -0.107292 -0.137360 -0.426910
v -0.107376 -0.215454 0.108421
v -0.107483 -0.266327 -0.335907
v -0.107567 -0.371796 -0.334656
v -0.107597 -0.330933 0.389282
v -0.107620 -0.079941 -0.317322
v -0.107681 -0.041286 -0.401917
v -0.107712 -0.047985 -0.448151
v -0.107727 0.282745 -0.089653
v -0.107803 0.195892 0.082382
v -0.107933 -0.383484 -0.390930
v -0.107941 -0.033157 0.110825
v -0.108047 -0.039700 -0.315521
v -0.108047 -0.325378 0.304047
v -0.108063 -0.107391 -0.286346
v -0.108253 -0.247543 -0.239822
v -0.108543 -0.027971 0.118019
v -0.108559 -0.044350 -0.343475
v -0.108566 -0.102150 0.404694
v -0.108597 0.232391 0.107155
v -0.108612 -0.166351 -0.340302
v -0.108772 -0.169479 0.388733
v -0.109154 -0.130035 0.391022
v -0.109398 -0.426697 -0.388275
v -0.109436 -0.241577 0.385437
v -0.109566 -0.419098 0.442932
v -0.109787 -0.116539 -0.430878
v -0.109970 -0.069855 -0.404114
v -0.110382 -0.131439 -0.338837
v -0.110527 -0.292786 -0.383728
v -0.110535 -0.172256 -0.381805
v -0.110565 -0.425781 -0.233826
v -0.110695 0.233505 -0.118080
v -0.110703 -0.168091 -0.353577
v -0.110802 -0.130356 -0.395782
v -0.110878 -0.101761 0.293182
v -0.111069 -0.339325 -0.350159
v -0.111153 -0.132736 -0.305023
v -0.111176 -0.421417 0.309113
v -0.111572 -0.049911 -0.403900
v -0.111679 -0.045185 -0.288971
v -0.111816 -0.443420 -0.362305
v -0.111916 -0.426025 0.389557
v -0.112007 -0.105812 -0.404083
v -0.112007 -0.228577 0.243362
v -0.112099 -0.168976 -0.368439
v -0.112152 -0.446625 0.226654
v -0.112297 -0.439972 0.281952
v -0.112663 -0.129379 -0.351288
v -0.112732 -0.452545 -0.394623
v -0.112740 -0.169174 0.315216
v -0.112930 -0.485046 -0.250183
v -0.113022 -0.129868 -0.366638
v -0.113029 -0.256836 0.317108
v -0.113190 -0.250519 0.230148
v -0.113312 0.098076 0.092628
v -0.113579 -0.129944 0.378113
v -0.113609 -0.111565 0.426697
v -0.113846 -0.129562 0.279694
v -0.113922 -0.265625 -0.234100
v -0.114136 -0.049110 0.278717
v -0.114143 -0.451569 -0.380463
v -0.114166 -0.130035 -0.381195
v -0.114670 0.195908 -0.082832
v -0.114769 -0.161636 0.378998
v -0.115280 -0.128632 0.414520
v -0.115433 0.247696 0.076485
v -0.115547 -0.103302 -0.111015
v -0.115570 -0.173203 -0.232620
v -0.115669 -0.419891 0.370148
v -0.115814 -0.330750 0.366028
v -0.115982 -0.115593 0.280487
v -0.115997 -0.080658 -0.340302
v -0.116081 -0.090469 -0.419250
v -0.116112 -0.039669 -0.341431
v -0.116173 -0.077576 -0.310120
v -0.116234 -0.174332 0.328735
v -0.116280 0.230713 0.073532
v -0.116325 -0.053020 0.102112
v -0.116432 -0.425262 0.332458
v -0.116577 -0.172546 0.225464
v -0.116646 -0.271088 0.224304
v -0.116776 -0.131866 0.367645
v -0.116943 0.247437 -0.081726
v -0.116959 0.284027 -0.106087
v -0.116966 -0.076042 0.412109
v -0.116966 -0.214233 0.226761
v -0.117043 -0.168961 0.365417
v -0.117096 0.198151 0.073135
v -0.117554 -0.088837 -0.379486
v -0.117676 -0.174103 0.353027
v -0.117699 0.310516 -0.098923
v -0.117706 -0.048855 -0.309479
v -0.117882 -0.103996 0.283966
v -0.117981 -0.360992 0.349304
v -0.118004 0.310913 0.091713
v -0.118164 -0.039452 0.412567
v -0.118195 -0.461334 0.220932
v -0.118225 -0.043495 0.307037
v -0.118332 0.249191 0.098282
v -0.118393 -0.049500 -0.363617
v -0.118401 -0.102623 -0.310822
v -0.118454 -0.369568 0.222031
v -0.118614 -0.105377 -0.346893
v -0.118675 -0.169373 0.339996
v -0.118851 0.230988 -0.077065
v -0.119041 -0.130234 0.352814
v -0.119171 -0.211075 0.239822
v -0.119583 -0.214798 -0.235672
v -0.119789 -0.074509 0.307526
v -0.119797 -0.129547 -0.411285
v -0.119858 -0.226730 -0.246429
v -0.119911 -0.129898 0.340393
v -0.120178 -0.427277 0.399628
v -0.120323 -0.131958 0.311401
v -0.120377 -0.127060 -0.316895
v -0.120438 -0.227036 -0.230911
v -0.120506 -0.023996 -0.105797
v -0.120743 -0.111420 0.274811
v -0.120766 -0.113731 -0.306671
v -0.120956 -0.226807 0.222687
v -0.120979 0.299225 0.094170
v -0.121033 -0.215256 -0.104179
v -0.121101 -0.069763 -0.408539
v -0.121101 -0.496429 -0.182053
v -0.121140 -0.244690 -0.234207
v -0.121201 0.299286 -0.102005
v -0.121223 -0.130463 0.296448
v -0.121262 -0.081924 0.384430
v -0.121376 -0.043030 0.379730
v -0.121536 -0.469910 0.261017
v -0.121643 -0.096497 0.098618
v -0.121719 -0.210831 -0.244476
v -0.121811 -0.191101 0.233932
v -0.121880 0.246902 -0.108238
v -0.121887 -0.023247 0.097221
v -0.121925 -0.048737 -0.409180
v -0.121971 -0.133057 0.322784
v -0.122032 0.231567 0.065010
v -0.122040 0.283508 0.094002
v -0.122124 -0.048695 0.381592
v -0.122124 -0.177734 0.237823
v -0.122307 0.193771 -0.072792
v -0.122749 -0.175400 -0.246048
v -0.122864 -0.191788 -0.242401
v -0.123260 0.194260 0.064323
v -0.123291 0.232162 -0.106010
v -0.123550 -0.041313 -0.411133
v -0.123726 -0.216934 -0.243881
v -0.123833 -0.047104 0.417847
v -0.123856 -0.471436 -0.239090
v -0.124474 -0.429657 0.428528
v -0.124542 -0.129150 0.399445
v -0.124603 -0.102119 0.403564
v -0.124680 0.234024 0.099892
v -0.124802 -0.227859 0.233185
v -0.124847 0.053974 -0.072014
v -0.124931 -0.216904 0.235016
v -0.124969 -0.434937 0.310059
v -0.125015 -0.106934 -0.417847
v -0.125351 -0.424652 0.422852
v -0.125366 0.301819 -0.054821
v -0.125534 0.302979 0.100357
v -0.125534 -0.101784 0.323151
v -0.125595 -0.332489 -0.225143
v -0.125671 -0.174530 0.244858
v -0.125748 0.304291 -0.105324
v -0.125839 -0.045898 0.328857
v -0.126038 -0.130692 -0.399841
v -0.126297 0.053532 0.065598
v -0.126358 0.305298 0.051357
v -0.126511 0.143188 0.071335
v -0.126556 -0.469238 0.285400
v -0.127304 -0.471313 0.237640
v -0.127365 0.055344 -0.090431
v -0.127518 -0.077438 -0.336487
v -0.127686 -0.080208 0.329041
v -0.127716 -0.129196 -0.335785
v -0.127899 -0.049305 0.359528
v -0.128357 0.056210 0.079872
v -0.128418 -0.104401 -0.399048
v -0.128540 -0.032562 -0.096886
v -0.128540 -0.049606 -0.337738
v -0.128723 -0.129105 0.305908
v -0.128906 -0.101822 0.356537
v -0.129898 0.283142 -0.061401
v -0.130020 0.282318 0.053986
v -0.130280 -0.131332 -0.348877
v -0.130325 -0.049896 0.300873
v -0.130402 -0.049755 -0.375244
v -0.130493 -0.130051 -0.381470
v -0.130585 0.196564 0.053638
v -0.130890 -0.428345 0.419830
v -0.130936 0.232452 0.051842
v -0.130966 0.231216 -0.059307
v -0.131058 -0.080101 0.305878
v -0.131119 -0.028225 -0.104713
v -0.131119 -0.126572 0.388123
v -0.131149 0.228455 -0.093971
v -0.131302 0.298218 -0.060066
v -0.131470 -0.078033 0.386353
v -0.131485 -0.116180 -0.369751
v -0.131668 -0.095123 -0.364777
v -0.131744 -0.129028 -0.367981
v -0.131958 -0.040211 -0.335754
v -0.132095 0.232330 0.088768
v -0.132126 -0.130478 0.322937
v -0.132217 -0.040981 0.386261
v -0.132294 -0.105698 -0.340393
v -0.132324 -0.102951 0.307037
v -0.132980 -0.302063 -0.219681
v -0.133652 0.212326 0.071640
v -0.133728 -0.439026 0.391571
v -0.133942 0.194946 -0.052670
v -0.134003 -0.040348 0.298096
v -0.134140 -0.331482 0.211349
v -0.134537 -0.040897 -0.374786
v -0.134628 -0.096893 0.379608
v -0.135208 -0.158112 -0.088814
v -0.135773 0.231842 0.042278
v -0.135956 0.228928 -0.048786
v -0.136169 -0.192291 0.080849
v -0.136414 0.074341 -0.075294
v -0.136520 -0.130219 0.368622
v -0.136566 0.187729 0.039585
v -0.136719 -0.429535 0.370056
v -0.136734 0.074898 0.066498
v -0.136856 -0.114601 0.388733
v -0.137085 0.283905 -0.082726
v -0.137222 -0.078545 0.326813
v -0.137329 -0.048653 -0.376984
v -0.137375 -0.427460 0.361420
v -0.137543 -0.127869 0.337708
v -0.137756 0.037167 -0.078362
v -0.138184 -0.227142 0.208359
v -0.138412 0.133301 -0.060753
v -0.138687 -0.214783 -0.243637
v -0.139038 -0.128723 0.354553
v -0.139252 -0.487579 0.288605
v -0.139359 0.037678 0.069366
v -0.139633 -0.458405 0.317078
v -0.139847 -0.227722 -0.213501
v -0.139923 -0.116035 0.333191
v -0.139938 -0.040142 0.325684
v -0.139954 -0.102066 0.349701
v -0.140015 -0.111694 -0.364502
v -0.140076 -0.215378 0.073715
v -0.140350 -0.049843 0.356934
v -0.140427 0.196228 0.027531
v -0.140518 0.193802 -0.035164
v -0.140564 -0.107231 0.382874
v -0.140579 -0.478424 0.250854
v -0.140686 -0.455505 -0.213104
v -0.140717 0.304565 -0.019453
v -0.140747 -0.024254 -0.082275
v -0.140778 0.211914 -0.067444
v -0.140793 -0.489807 -0.224319
v -0.140945 0.231689 -0.022518
v -0.141251 0.231232 -0.035591
v -0.141602 0.232330 0.027725
v -0.141693 0.231537 0.015250
v -0.141693 0.247726 0.025284
v -0.141815 -0.263153 0.206116
v -0.142059 -0.047672 0.388275
v -0.142288 0.310760 -0.068054
v -0.142303 0.194534 0.015848
v -0.142365 0.247833 -0.029387
v -0.142426 -0.441101 0.377686
v -0.142487 -0.485168 0.263855
v -0.142929 -0.262787 -0.212219
v -0.142975 0.305908 0.012691
v -0.142990 0.283722 0.023500
v -0.143295 -0.032490 0.068039
v -0.143555 0.165070 -0.031635
v -0.143677 0.234604 0.076241
v -0.143845 0.197784 -0.023127
v -0.144073 -0.143570 0.067802
v -0.144348 -0.466949 0.349976
v -0.144562 -0.089058 -0.074623
v -0.144730 -0.173889 -0.203720
v -0.144745 0.235107 -0.084915
v -0.144775 -0.476471 0.342621
v -0.144791 0.195816 0.003521
v -0.144958 -0.456421 0.202637
v -0.145035 0.124809 0.040630
v -0.145279 0.283997 -0.022640
v -0.145279 -0.023718 0.067314
v -0.145432 0.200317 -0.003552
v -0.145508 0.283875 -0.069595
v -0.145523 -0.040752 0.360718
v -0.145554 0.298706 -0.070557
v -0.145737 -0.047733 0.326843
v -0.145828 0.283569 0.062614
v -0.145859 0.208755 -0.051792
v -0.146118 0.211182 0.044540
v -0.146301 -0.112549 0.334808
v -0.146332 -0.214859 -0.215408
v -0.146591 -0.475616 -0.218231
v -0.146622 -0.174942 0.197617
v -0.146698 -0.470032 0.224075
v -0.146713 -0.215134 0.211945
v -0.146866 0.153351 -0.003669
v -0.147003 -0.472168 0.235138
v -0.147217 -0.227432 -0.222137
v -0.147400 -0.182480 -0.208832
v -0.147430 -0.030178 0.077690
v -0.147598 -0.475006 0.326447
v -0.147629 -0.214951 0.204468
v -0.147644 0.215118 0.002833
v -0.147659 -0.485107 0.243698
v -0.148026 -0.349884 -0.205383
v -0.148315 -0.214355 0.229248
v -0.148880 -0.215515 -0.064423
v -0.148972 -0.460632 0.364777
v -0.149078 -0.189346 -0.216125
v -0.149307 0.232452 -0.071922
v -0.149353 -0.226913 0.217926
v -0.149460 0.039951 -0.056557
v -0.149719 -0.045589 -0.003803
v -0.149765 -0.491425 0.314392
v -0.149994 0.249451 0.055824
v -0.150055 0.224304 -0.009991
v -0.150513 0.103203 -0.037041
v -0.150589 0.231476 0.064835
v -0.150757 -0.187042 0.211121
v -0.150772 0.307709 0.066345
v -0.150925 -0.265045 0.197220
v -0.150925 -0.419708 -0.202774
v -0.151138 -0.263489 -0.204956
v -0.151779 0.302612 -0.075806
v -0.152298 -0.225586 0.195084
v -0.152359 -0.227036 -0.202744
v -0.152573 -0.190735 -0.221481
v -0.152618 0.132660 -0.003019
v -0.152832 -0.428680 0.194351
v -0.152863 0.248886 -0.065384
v -0.153000 0.250031 -0.056061
v -0.153305 -0.150757 -0.054070
v -0.153366 -0.487091 0.331024
v -0.153641 -0.032551 -0.052425
v -0.153748 -0.076668 0.048119
v -0.154083 0.214294 0.032471
v -0.154465 0.248489 0.062336
v -0.154678 -0.181671 -0.221542
v -0.155609 -0.071083 -0.008686
v -0.155884 0.232498 -0.003422
v -0.156586 -0.174194 -0.224976
v -0.156647 -0.022680 0.041142
v -0.156754 -0.175003 0.217789
v -0.156967 0.298187 0.036140
v -0.156998 0.077469 -0.004075
v -0.157028 0.054893 0.017282
v -0.157043 -0.489929 -0.224045
v -0.157059 0.064697 -0.002234
v -0.157135 0.231735 0.048920
v -0.157272 0.232468 -0.057487
v -0.157303 0.237793 0.057533
v -0.157455 0.045078 -0.025497
v -0.157959 -0.215225 0.031914
v -0.158340 -0.032661 0.032383
v -0.158508 -0.468292 0.207565
v -0.158722 -0.228973 0.205444
v -0.158844 0.298065 -0.036839
v -0.159393 -0.023460 -0.040432
v -0.159546 -0.474152 0.223831
v -0.159576 0.068832 -0.004028
v -0.160614 -0.033665 0.010104
v -0.161011 -0.227112 -0.218109
v -0.161224 0.283203 -0.019976
v -0.161423 -0.032104 -0.010548
v -0.161621 0.310120 0.013855
v -0.161636 -0.146805 0.016222
v -0.161667 0.012170 -0.003490
v -0.161758 -0.157654 -0.020786
v -0.161880 0.282532 0.012925
v -0.161896 -0.339020 0.185959
v -0.162109 -0.056202 -0.017536
v -0.162155 -0.074165 -0.003509
v -0.162216 0.233276 0.035713
v -0.162247 -0.485931 0.228683
v -0.162704 -0.214859 -0.003560
v -0.162704 -0.267792 0.184555
v -0.162750 -0.132248 -0.003652
v -0.162827 -0.226288 0.185547
v -0.163193 -0.474548 0.185135
v -0.163223 -0.210022 -0.214539
v -0.163620 -0.493439 -0.192230
v -0.163696 -0.022770 -0.003480
v -0.163849 0.235123 -0.044998
v -0.163864 -0.261047 -0.191986
v -0.163940 -0.028849 -0.051319
v -0.163971 -0.226974 -0.193588
v -0.164566 0.249451 -0.003449
v -0.165756 0.232376 -0.026127
v -0.165787 0.230621 0.018188
v -0.165833 -0.209946 0.205292
v -0.165924 0.299438 -0.020866
v -0.166138 0.302246 0.013675
v -0.166138 0.307617 -0.020910
v -0.166489 0.228439 0.004243
v -0.166809 -0.485443 0.197281
v -0.166931 -0.217682 0.206955
v -0.167038 -0.174042 -0.186478
v -0.167114 -0.180496 0.179672
v -0.167282 0.230469 -0.011591
v -0.167343 -0.031206 0.023264
v -0.167603 -0.489227 0.213684
v -0.167618 -0.472473 0.206909
v -0.168732 -0.246109 0.190552
v -0.169403 -0.190384 0.180634
v -0.169708 -0.187027 -0.187943
v -0.170105 -0.024929 0.010933
v -0.170166 -0.374878 -0.184296
v -0.171371 -0.476013 0.193909
v -0.171524 -0.305939 -0.183914
v -0.171646 0.247574 -0.003277
v -0.171692 0.236984 -0.003465
v -0.171951 -0.227982 -0.182343
v -0.172058 -0.229462 0.175354
v -0.173035 -0.265106 0.174561
v -0.173157 -0.264404 -0.181747
v -0.174805 -0.217331 -0.207413
v -0.174881 -0.489471 0.202911
v -0.174911 -0.319702 0.173813
v -0.175583 -0.227798 -0.204056
v -0.177490 -0.488403 0.171814
v -0.178558 -0.494507 0.189911
v -0.179565 -0.486816 0.190506
v -0.179764 -0.190887 0.189758
v -0.180084 -0.240616 0.182388
v -0.180130 -0.191132 -0.197540
v -0.180145 -0.172745 0.192352
v -0.180344 -0.471893 -0.173660
v -0.180557 -0.179871 0.193573
v -0.180954 -0.495605 -0.177444
v -0.181290 -0.416809 0.165298
v -0.182037 -0.227356 0.189880
v -0.183609 -0.228729 -0.192657
v -0.183655 -0.176254 -0.204651
v -0.184189 -0.248138 0.162659
v -0.184433 -0.499847 -0.142990
v -0.184723 -0.262665 -0.167984
v -0.185104 -0.227264 -0.170166
v -0.185883 -0.228119 0.163513
v -0.186432 -0.266541 0.159836
v -0.187668 -0.214951 0.159668
v -0.188980 -0.176956 -0.151917
v -0.189255 -0.214844 -0.164795
v -0.189545 -0.180679 0.145615
v -0.190186 -0.250000 0.166031
v -0.190964 -0.250305 -0.172485
v -0.191223 -0.267578 -0.160767
v -0.192993 -0.227051 -0.157181
v -0.193375 -0.251892 -0.158264
v -0.193481 -0.188461 -0.157669
v -0.193573 -0.185654 0.152023
v -0.194138 -0.226776 0.149506
v -0.196335 -0.251770 0.152969
v -0.198288 -0.496063 0.159393
v -0.198746 -0.248352 -0.163284
v -0.199371 -0.412872 -0.149765
v -0.199600 -0.227631 -0.143616
v -0.200516 -0.226974 0.136642
v -0.201111 -0.398193 0.139542
v -0.201599 -0.227921 -0.174347
v -0.201935 -0.214188 0.171555
v -0.202164 -0.210922 0.164871
v -0.202744 -0.227936 0.165665
v -0.202744 -0.484589 0.137711
v -0.203018 -0.189346 -0.169174
v -0.203552 -0.189865 0.160965
v -0.203705 -0.250031 0.138672
v -0.204590 -0.327850 0.136124
v -0.204636 -0.215103 -0.181442
v -0.205124 -0.497833 -0.162506
v -0.206223 -0.250397 -0.146210
v -0.206253 -0.269409 0.133240
v -0.206284 -0.177734 -0.172806
v -0.206375 -0.173920 0.166260
v -0.206650 -0.482391 -0.140656
v -0.206955 -0.329712 -0.139786
v -0.210236 -0.265289 -0.133621
v -0.210724 -0.182907 -0.133209
v -0.211411 -0.227615 -0.133469
v -0.211548 -0.210693 -0.161057
v -0.211594 -0.227249 0.127258
v -0.213135 -0.248138 0.129883
v -0.215942 -0.230560 0.143982
v -0.216141 -0.242950 -0.138992
v -0.217773 -0.228287 -0.149048
v -0.217865 -0.176483 -0.104462
v -0.218430 -0.227066 0.112503
v -0.219299 -0.257263 0.113434
v -0.219528 -0.406036 0.110855
v -0.219635 -0.227585 -0.118858
v -0.220016 -0.180161 0.097847
v -0.220520 -0.266541 -0.115196
v -0.221481 -0.252411 -0.120712
v -0.221725 -0.214462 -0.114029
v -0.222977 -0.395020 -0.111435
v -0.223267 -0.181213 0.133240
v -0.223282 -0.214783 0.102623
v -0.223907 -0.226791 -0.104889
v -0.224487 -0.486725 0.100700
v -0.224564 -0.238708 0.098289
v -0.224609 -0.188446 -0.106850
v -0.224701 -0.173431 0.100273
v -0.224960 -0.486572 -0.110527
v -0.225357 -0.188873 0.100266
v -0.225464 -0.268127 0.098251
v -0.226791 -0.177231 0.072701
v -0.226868 -0.177765 -0.080238
v -0.227295 -0.253876 -0.108002
v -0.227448 -0.335815 0.096054
v -0.231186 -0.217209 -0.130783
v -0.231583 -0.227615 -0.125397
v -0.231934 -0.228821 0.117882
v -0.232605 -0.217651 0.122475
v -0.232864 -0.226151 0.079369
v -0.233200 -0.266907 -0.087585
v -0.233688 -0.226181 -0.085236
v -0.233810 -0.406433 0.080070
v -0.233871 -0.188736 0.075935
v -0.234360 -0.191147 -0.083694
v -0.235184 -0.249939 -0.087440
v -0.235611 -0.476746 -0.085281
v -0.235901 -0.267639 0.073463
v -0.235977 -0.211014 0.113251
v -0.236023 -0.176682 0.041065
v -0.236160 -0.175690 -0.048298
v -0.236298 -0.249451 0.080597
v -0.237137 -0.487061 0.097717
v -0.237228 -0.226624 -0.074051
v -0.237244 -0.486420 0.073357
v -0.237488 -0.259674 -0.074318
v -0.237579 -0.191223 0.105202
v -0.237717 -0.190262 -0.111893
v -0.237762 -0.227234 0.106071
v -0.237991 -0.496490 0.117630
v -0.238220 -0.229401 0.067215
v -0.238373 -0.345093 -0.075775
v -0.238617 -0.180618 -0.114571
v -0.238876 -0.227844 -0.113365
v -0.240143 -0.488281 -0.113098
v -0.240646 -0.228714 -0.060604
v -0.240692 -0.332520 0.062420
v -0.240967 -0.227127 0.053013
v -0.241104 -0.172943 -0.115959
v -0.241165 -0.179184 0.109306
v -0.241455 -0.265747 -0.060024
v -0.241898 -0.214890 0.056400
v -0.242371 -0.263031 0.052422
v -0.242798 -0.249664 0.036324
v -0.243210 -0.229309 -0.045300
v -0.243530 -0.185562 -0.049671
v -0.244080 -0.176834 0.018185
v -0.244293 -0.338348 -0.053616
v -0.244385 -0.175644 -0.026262
v -0.244446 -0.187912 0.042160
v -0.244461 -0.228210 -0.026886
v -0.244598 -0.227844 0.004883
v -0.244659 -0.420776 0.045773
v -0.244675 -0.228088 -0.011391
v -0.244751 -0.346741 0.043839
v -0.244949 -0.231506 0.019939
v -0.245316 -0.498962 -0.113831
v -0.245514 -0.265900 -0.044071
v -0.245682 -0.266357 0.037045
v -0.246155 -0.486877 -0.060150
v -0.246429 -0.419983 -0.046715
v -0.246750 -0.226791 -0.092384
v -0.246933 -0.485931 0.041512
v -0.246948 -0.226593 0.084648
v -0.247055 -0.228256 0.038452
v -0.247177 -0.248672 -0.011535
v -0.247238 -0.260803 0.020405
v -0.247253 -0.214661 -0.039764
v -0.247711 -0.185684 -0.088280
v -0.247849 -0.251282 0.004827
v -0.247864 -0.189880 0.081673
v -0.248260 -0.425812 0.024807
v -0.248276 -0.266479 -0.015938
v -0.248352 -0.344635 -0.024490
v -0.248566 -0.190048 -0.026890
v -0.248627 -0.335663 0.016489
v -0.248718 -0.269806 -0.003448
v -0.248901 -0.343323 -0.002395
v -0.249359 -0.483185 -0.031010
v -0.249725 -0.228073 0.071487
v -0.249847 -0.327179 -0.005177
v -0.250031 -0.183563 0.018269
v -0.250214 -0.176315 0.081558
v -0.250214 -0.214447 -0.003492
v -0.250366 -0.228516 -0.078712
v -0.250397 -0.215363 0.095512
v -0.250580 -0.482147 -0.001376
v -0.251465 -0.261078 -0.026630
v -0.251831 -0.487335 0.013956
v -0.251923 -0.174606 -0.089302
v -0.251984 -0.210770 -0.080864
v -0.253937 -0.251312 0.020153
v -0.254120 -0.217682 -0.072792
v -0.255493 -0.227188 -0.060890
v -0.255737 -0.227188 0.053654
v -0.255920 -0.183731 -0.051651
v -0.256561 -0.217392 0.054417
v -0.256592 -0.172974 0.044601
v -0.256744 -0.190414 0.044170
v -0.257172 -0.210342 0.049652
v -0.257965 -0.227539 -0.047588
v -0.259338 -0.232254 0.005496
v -0.259399 -0.229813 -0.012904
v -0.259491 -0.214966 -0.079056
v -0.259644 -0.189819 -0.029039
v -0.259796 -0.179230 0.044968
v -0.259796 -0.227737 -0.027750
v -0.259888 -0.227814 0.020916
v -0.259979 -0.190048 0.020422
v -0.261353 -0.210098 -0.012428
v -0.261505 -0.218018 -0.003424
v -0.261871 -0.181061 -0.026371
v -0.262054 -0.175491 -0.052780
v -0.263885 -0.176453 0.020199
v -0.264008 -0.497406 0.063110
v -0.264648 -0.173584 -0.027203
v -0.265594 -0.492279 -0.054573
v -0.266937 -0.489929 0.029516
v -0.267303 -0.214249 0.023319
v -0.274475 -0.498016 0.004773
v -0.275452 -0.497650 -0.031563
vt 0.402832 0.538818
vt 0.401855 0.551514
vt 0.380371 0.549316
vt 0.383545 0.553711
vt 0.382080 0.557861
vt 0.387695 0.566406
vt 0.364014 0.564453
vt 0.402344 0.560303
vt 0.404785 0.568604
vt 0.398926 0.576660
vt 0.457031 0.659668
vt 0.463379 0.480469
vt 0.447754 0.472656
vt 0.338135 0.547852
vt 0.318115 0.554688
vt 0.308838 0.540039
vt 0.278076 0.549805
vt 0.349854 0.534668
vt 0.262207 0.527344
vt 0.264404 0.523193
vt 0.269287 0.509277
vt 0.315186 0.521484
vt 0.270508 0.500000
vt 0.389404 0.540039
vt 0.311279 0.502441
vt 0.271484 0.492432
vt 0.275879 0.480957
vt 0.349365 0.492188
vt 0.333740 0.519287
vt 0.346924 0.509766
vt 0.364502 0.527100
vt 0.376953 0.513428
vt 0.385742 0.530029
vt 0.400635 0.525879
vt 0.408447 0.512695
vt 0.428711 0.474854
vt 0.393311 0.509766
vt 0.384033 0.500244
vt 0.412109 0.494873
vt 0.373779 0.487549
vt 0.379150 0.479980
vt 0.406982 0.500488
vt 0.404297 0.493896
vt 0.389160 0.474609
vt 0.618408 0.789551
vt 0.606445 0.796143
vt 0.619385 0.770996
vt 0.595947 0.738770
vt 0.578369 0.758057
vt 0.571777 0.686523
vt 0.560059 0.731689
vt 0.574951 0.775635
vt 0.593018 0.796875
vt 0.537354 0.735840
vt 0.557129 0.796875
vt 0.531006 0.775879
vt 0.523926 0.761719
vt 0.521973 0.734375
vt 0.500244 0.738281
vt 0.718506 0.809082
vt 0.689697 0.856201
vt 0.686279 0.856201
vt 0.700439 0.859131
vt 0.696045 0.859375
vt 0.697510 0.866699
vt 0.693848 0.866943
vt 0.701172 0.875732
vt 0.704590 0.870117
vt 0.693115 0.870850
vt 0.706299 0.886230
vt 0.681396 0.863037
vt 0.624512 0.861084
vt 0.693115 0.876709
vt 0.701172 0.893799
vt 0.686768 0.886475
vt 0.690186 0.875244
vt 0.681885 0.868408
vt 0.624268 0.877441
vt 0.685059 0.880371
vt 0.679688 0.873047
vt 0.676514 0.880127
vt 0.623779 0.886963
vt 0.674316 0.884521
vt 0.625732 0.894775
vt 0.672852 0.888916
vt 0.543213 0.675293
vt 0.535645 0.689697
vt 0.524414 0.662109
vt 0.536377 0.664551
vt 0.530273 0.691650
vt 0.529785 0.620605
vt 0.522461 0.678223
vt 0.523438 0.693604
vt 0.508057 0.663818
vt 0.511963 0.645020
vt 0.499756 0.655029
vt 0.512939 0.623779
vt 0.526367 0.610352
vt 0.494141 0.625488
vt 0.477783 0.627197
vt 0.497070 0.605469
vt 0.517334 0.587891
vt 0.557373 0.521973
vt 0.496338 0.593506
vt 0.467529 0.594971
vt 0.417480 0.572266
vt 0.413086 0.566895
vt 0.425537 0.564209
vt 0.425537 0.560547
vt 0.428467 0.558105
vt 0.577393 0.380371
vt 0.591064 0.373779
vt 0.589355 0.407715
vt 0.572021 0.395752
vt 0.583984 0.420410
vt 0.560791 0.424805
vt 0.556396 0.403564
vt 0.570312 0.455322
vt 0.590088 0.489014
vt 0.555176 0.460693
vt 0.543945 0.416260
vt 0.540283 0.451904
vt 0.526611 0.425537
vt 0.747314 0.226562
vt 0.743164 0.230469
vt 0.743164 0.224121
vt 0.763672 0.213867
vt 0.733887 0.230957
vt 0.738770 0.239014
vt 0.715576 0.218994
vt 0.730469 0.235352
vt 0.699219 0.218750
vt 0.693115 0.230713
vt 0.672607 0.215820
vt 0.606934 0.126953
vt 0.603760 0.144775
vt 0.565186 0.138428
vt 0.564453 0.146973
vt 0.562500 0.128418
vt 0.561768 0.121826
vt 0.542969 0.122559
vt 0.541260 0.128662
vt 0.548096 0.132812
vt 0.551270 0.136963
vt 0.546875 0.142090
vt 0.548828 0.148438
vt 0.543945 0.153809
vt 0.552490 0.153320
vt 0.562012 0.153809
vt 0.533447 0.485352
vt 0.526855 0.486572
vt 0.531006 0.480957
vt 0.533691 0.482178
vt 0.550781 0.465332
vt 0.522217 0.486816
vt 0.531250 0.534180
vt 0.522217 0.479492
vt 0.516846 0.473389
vt 0.526611 0.533203
vt 0.523682 0.534668
vt 0.525391 0.541992
vt 0.513672 0.484619
vt 0.517090 0.537598
vt 0.511475 0.543457
vt 0.504395 0.467285
vt 0.509521 0.538574
vt 0.520264 0.448975
vt 0.527100 0.450928
vt 0.495117 0.546387
vt 0.507324 0.458252
vt 0.511230 0.444092
vt 0.508057 0.549072
vt 0.486816 0.458008
vt 0.489990 0.439941
vt 0.501953 0.556641
vt 0.486816 0.416016
vt 0.478271 0.430664
vt 0.475830 0.452393
vt 0.464844 0.435791
vt 0.468506 0.444092
vt 0.465332 0.444336
vt 0.474121 0.459473
vt 0.461914 0.446533
vt 0.467041 0.464111
vt 0.480469 0.465088
vt 0.480957 0.483887
vt 0.472900 0.566895
vt 0.486572 0.468018
vt 0.494385 0.473877
vt 0.499268 0.471680
vt 0.505127 0.478516
vt 0.497314 0.477051
vt 0.504395 0.484863
vt 0.479004 0.551514
vt 0.476562 0.562012
vt 0.474365 0.569824
vt 0.479004 0.562500
vt 0.489502 0.552002
vt 0.485352 0.560547
vt 0.498291 0.581055
vt 0.499756 0.574951
vt 0.498291 0.564209
vt 0.503174 0.565918
vt 0.834961 0.752930
vt 0.836670 0.757080
vt 0.832275 0.755859
vt 0.829346 0.749512
vt 0.830566 0.760254
vt 0.835449 0.769287
vt 0.823975 0.754150
vt 0.820068 0.773438
vt 0.825928 0.782471
vt 0.829590 0.786133
vt 0.817383 0.789062
vt 0.818604 0.775879
vt 0.811279 0.774170
vt 0.812256 0.781982
vt 0.804932 0.784912
vt 0.800781 0.778564
vt 0.809570 0.776367
vt 0.791992 0.770752
vt 0.812988 0.751221
vt 0.790283 0.763672
vt 0.780518 0.763672
vt 0.782959 0.755859
vt 0.799561 0.731201
vt 0.822266 0.750000
vt 0.821045 0.746094
vt 0.818604 0.735352
vt 0.823730 0.739990
vt 0.830811 0.743408
vt 0.826416 0.731934
vt 0.816650 0.724854
vt 0.803711 0.724365
vt 0.798340 0.727051
vt 0.824707 0.720947
vt 0.801025 0.711182
vt 0.821777 0.708984
vt 0.825439 0.723389
vt 0.838135 0.717773
vt 0.832031 0.729248
vt 0.841064 0.730957
vt 0.832275 0.734131
vt 0.838135 0.739746
vt 0.830322 0.736572
vt 0.590088 0.421631
vt 0.608154 0.420898
vt 0.600098 0.492676
vt 0.621338 0.492188
vt 0.634766 0.450684
vt 0.647217 0.455566
vt 0.637939 0.488525
vt 0.630371 0.489258
vt 0.640869 0.510498
vt 0.634521 0.515381
vt 0.645264 0.515869
vt 0.643555 0.521240
vt 0.649658 0.527344
vt 0.624512 0.496582
vt 0.626221 0.516602
vt 0.643555 0.525879
vt 0.617188 0.523926
vt 0.619873 0.510010
vt 0.607178 0.516357
vt 0.595459 0.528076
vt 0.611084 0.495850
vt 0.613770 0.510742
vt 0.599609 0.511475
vt 0.593506 0.510986
vt 0.580811 0.504883
vt 0.593994 0.520020
vt 0.588623 0.524414
vt 0.240723 0.105957
vt 0.303467 0.111572
vt 0.238525 0.115723
vt 0.870850 0.797607
vt 0.860107 0.789062
vt 0.892090 0.785156
vt 0.894043 0.775391
vt 0.895020 0.800049
vt 0.892334 0.807861
vt 0.906006 0.817383
vt 0.908691 0.812744
vt 0.915039 0.810059
vt 0.915527 0.803711
vt 0.920166 0.802490
vt 0.926270 0.809326
vt 0.918945 0.780029
vt 0.909424 0.798584
vt 0.909668 0.793701
vt 0.914062 0.789795
vt 0.902100 0.787598
vt 0.913086 0.782471
vt 0.916748 0.769043
vt 0.902832 0.782959
vt 0.907959 0.778320
vt 0.907959 0.774414
vt 0.802246 0.229492
vt 0.788330 0.218506
vt 0.797852 0.219971
vt 0.794189 0.214111
vt 0.808838 0.216064
vt 0.796387 0.207520
vt 0.818359 0.216064
vt 0.806885 0.208008
vt 0.796875 0.201660
vt 0.795898 0.196533
vt 0.814209 0.202393
vt 0.822510 0.196533
vt 0.824463 0.205078
vt 0.822021 0.221436
vt 0.805908 0.239990
vt 0.818604 0.238770
vt 0.802734 0.258301
vt 0.799805 0.257812
vt 0.813477 0.253662
vt 0.801514 0.269043
vt 0.814697 0.267334
vt 0.813965 0.278076
vt 0.818359 0.266602
vt 0.822266 0.273926
vt 0.387939 0.100586
vt 0.381592 0.100830
vt 0.398682 0.049316
vt 0.398438 0.096680
vt 0.026123 0.647705
vt 0.003174 0.648926
vt 0.020508 0.643311
vt 0.018555 0.640381
vt 0.005615 0.636475
vt 0.024414 0.634521
vt 0.033936 0.631348
vt 0.003418 0.631592
vt 0.018555 0.628418
vt 0.020752 0.625244
vt 0.011719 0.625977
vt 0.022949 0.620361
vt 0.007080 0.622803
vt 0.003174 0.615479
vt 0.006836 0.618408
vt 0.028320 0.613281
vt 0.038330 0.637939
vt 0.033691 0.611816
vt 0.039062 0.622314
vt 0.663574 0.967041
vt 0.662109 0.988770
vt 0.654297 0.988281
vt 0.655762 0.969727
vt 0.651123 0.972412
vt 0.007080 0.919189
vt 0.011475 0.904297
vt 0.012207 0.910400
vt 0.031738 0.920166
vt 0.030029 0.913818
vt 0.034180 0.908691
vt 0.036865 0.919434
vt 0.043945 0.924072
vt 0.037842 0.897217
vt 0.034424 0.887695
vt 0.032471 0.900146
vt 0.025879 0.896973
vt 0.007568 0.890625
vt 0.026367 0.892578
vt 0.161621 0.367188
vt 0.179932 0.368164
vt 0.163330 0.374512
vt 0.153076 0.365234
vt 0.182373 0.374268
vt 0.167969 0.378174
vt 0.169678 0.382080
vt 0.163330 0.385986
vt 0.180664 0.385742
vt 0.187744 0.391602
vt 0.155518 0.389893
vt 0.167725 0.391846
vt 0.163574 0.400879
vt 0.169922 0.395264
vt 0.178467 0.396973
vt 0.189209 0.397705
vt 0.189941 0.401123
vt 0.240723 0.407959
vt 0.166992 0.404297
vt 0.151123 0.423340
vt 0.146973 0.423584
vt 0.130859 0.450928
vt 0.149414 0.384766
vt 0.139648 0.397217
vt 0.148193 0.361816
vt 0.141113 0.334473
vt 0.138672 0.330322
vt 0.140625 0.346436
vt 0.144775 0.370117
vt 0.137939 0.377930
vt 0.750244 0.783691
vt 0.753418 0.789307
vt 0.756836 0.812500
vt 0.760986 0.804199
vt 0.760986 0.791992
vt 0.782715 0.779785
vt 0.764404 0.796143
vt 0.785156 0.790771
vt 0.787598 0.798096
vt 0.763916 0.808105
vt 0.774170 0.809082
vt 0.791992 0.813232
vt 0.771240 0.813477
vt 0.765137 0.819336
vt 0.763184 0.826416
vt 0.760010 0.837402
vt 0.753906 0.843506
vt 0.752441 0.864502
vt 0.255371 0.094727
vt 0.256104 0.101807
vt 0.200439 0.099121
vt 0.256348 0.088379
vt 0.256348 0.081543
vt 0.420654 0.238281
vt 0.475098 0.233154
vt 0.424072 0.244629
vt 0.469727 0.252441
vt 0.483887 0.263184
vt 0.468750 0.263184
vt 0.459473 0.260498
vt 0.463135 0.266602
vt 0.426025 0.256104
vt 0.414307 0.255615
vt 0.409180 0.270264
vt 0.418945 0.272217
vt 0.399170 0.278809
vt 0.402588 0.282959
vt 0.377930 0.304932
vt 0.398926 0.257080
vt 0.401611 0.244873
vt 0.387695 0.231445
vt 0.407471 0.240234
vt 0.404297 0.232910
vt 0.579590 0.603271
vt 0.580078 0.609131
vt 0.562988 0.595215
vt 0.566162 0.605469
vt 0.580078 0.625488
vt 0.558105 0.628174
vt 0.557373 0.602051
vt 0.555420 0.609619
vt 0.535645 0.613770
vt 0.554199 0.627441
vt 0.545166 0.586182
vt 0.553467 0.590088
vt 0.554443 0.587646
vt 0.554199 0.568359
vt 0.583984 0.578857
vt 0.594727 0.584717
vt 0.592773 0.569580
vt 0.580078 0.570312
vt 0.571533 0.559814
vt 0.565674 0.550049
vt 0.570312 0.548828
vt 0.575195 0.541748
vt 0.573486 0.517822
vt 0.562500 0.524658
vt 0.763428 0.974121
vt 0.760742 0.966309
vt 0.766602 0.965332
vt 0.761963 0.954346
vt 0.538086 0.811768
vt 0.523926 0.807129
vt 0.527100 0.803955
vt 0.519043 0.803955
vt 0.510986 0.798340
vt 0.511719 0.811768
vt 0.518555 0.787598
vt 0.502930 0.806885
vt 0.504150 0.781006
vt 0.515381 0.770508
vt 0.503906 0.769043
vt 0.494385 0.790283
vt 0.481689 0.820312
vt 0.501953 0.771973
vt 0.498779 0.766846
vt 0.423584 0.819092
vt 0.444824 0.808350
vt 0.460205 0.798340
vt 0.475586 0.779785
vt 0.478271 0.766602
vt 0.494385 0.768799
vt 0.490234 0.761719
vt 0.494873 0.756348
vt 0.498291 0.745361
vt 0.489258 0.751465
vt 0.846680 0.519287
vt 0.840820 0.523926
vt 0.848877 0.513428
vt 0.833496 0.502197
vt 0.854980 0.511230
vt 0.864990 0.518066
vt 0.885986 0.520264
vt 0.894043 0.524902
vt 0.874512 0.525146
vt 0.964844 0.121826
vt 0.947021 0.124756
vt 0.962402 0.119141
vt 0.955566 0.114502
vt 0.969727 0.121582
vt 0.965576 0.131104
vt 0.979248 0.134033
vt 0.986328 0.152588
vt 0.975342 0.122314
vt 0.965332 0.115234
vt 0.967529 0.099365
vt 0.968262 0.115234
vt 0.971436 0.106934
vt 0.979248 0.105957
vt 0.229980 0.382812
vt 0.252930 0.368652
vt 0.271240 0.397705
vt 0.255127 0.361572
vt 0.281006 0.376465
vt 0.267090 0.406982
vt 0.240234 0.400391
vt 0.263672 0.410400
vt 0.281738 0.414062
vt 0.298096 0.392822
vt 0.302002 0.403564
vt 0.301025 0.421387
vt 0.306641 0.404785
vt 0.309326 0.380859
vt 0.320312 0.359131
vt 0.348389 0.368652
vt 0.315430 0.390869
vt 0.324219 0.398193
vt 0.323242 0.387695
vt 0.331299 0.387939
vt 0.366211 0.384033
vt 0.331787 0.391602
vt 0.620850 0.168457
vt 0.637939 0.165771
vt 0.622803 0.205078
vt 0.614014 0.193848
vt 0.617432 0.166748
vt 0.610107 0.194824
vt 0.619629 0.206787
vt 0.633057 0.208252
vt 0.626465 0.211914
vt 0.649902 0.166992
vt 0.637939 0.215576
vt 0.632324 0.216553
vt 0.645996 0.213379
vt 0.661621 0.190430
vt 0.656982 0.214600
vt 0.668945 0.206055
vt 0.661133 0.173584
vt 0.671387 0.165771
vt 0.668457 0.179199
vt 0.683105 0.183350
vt 0.664795 0.179932
vt 0.784912 0.014404
vt 0.786133 0.021484
vt 0.763916 0.028076
vt 0.781250 0.007324
vt 0.746338 0.023682
vt 0.744385 0.015625
vt 0.762695 0.000244
vt 0.740234 0.013184
vt 0.949219 0.862305
vt 0.939209 0.869629
vt 0.944824 0.860107
vt 0.936035 0.844971
vt 0.940918 0.837646
vt 0.944092 0.831787
vt 0.935791 0.832275
vt 0.927734 0.844971
vt 0.922119 0.836426
vt 0.947266 0.824951
vt 0.954834 0.828369
vt 0.954346 0.819580
vt 0.942627 0.817871
vt 0.926514 0.825684
vt 0.913818 0.829346
vt 0.923584 0.821777
vt 0.906006 0.825439
vt 0.936523 0.807861
vt 0.946045 0.810547
vt 0.937744 0.267334
vt 0.936768 0.280762
vt 0.928711 0.261230
vt 0.928711 0.280518
vt 0.935303 0.293457
vt 0.923584 0.274658
vt 0.920166 0.284912
vt 0.922119 0.267090
vt 0.916748 0.263672
vt 0.919434 0.273682
vt 0.911133 0.282959
vt 0.909912 0.270752
vt 0.914795 0.297607
vt 0.937500 0.301514
vt 0.939209 0.318359
vt 0.909424 0.314697
vt 0.912109 0.294189
vt 0.907959 0.292725
vt 0.906250 0.312500
vt 0.902832 0.307373
vt 0.898193 0.318115
vt 0.663086 0.910156
vt 0.651123 0.900391
vt 0.660889 0.901855
vt 0.669434 0.909180
vt 0.664307 0.901367
vt 0.666016 0.899170
vt 0.665039 0.915527
vt 0.656250 0.917969
vt 0.661865 0.926025
vt 0.674316 0.906006
vt 0.675049 0.904297
vt 0.670166 0.915771
vt 0.671143 0.926758
vt 0.666504 0.939941
vt 0.677002 0.931641
vt 0.673584 0.921387
vt 0.680420 0.929443
vt 0.679932 0.920654
vt 0.691162 0.913574
vt 0.680664 0.905762
vt 0.681396 0.937500
vt 0.677490 0.937500
vt 0.691406 0.939209
vt 0.701416 0.927246
vt 0.696777 0.919434
vt 0.702148 0.922119
vt 0.708984 0.920410
vt 0.697266 0.915771
vt 0.708740 0.915039
vt 0.721436 0.912842
vt 0.717773 0.909180
vt 0.733154 0.900146
vt 0.732178 0.908936
vt 0.043213 0.650635
vt 0.037598 0.643066
vt 0.049561 0.648193
vt 0.051270 0.651855
vt 0.044189 0.666748
vt 0.062500 0.649414
vt 0.068848 0.641846
vt 0.064941 0.656982
vt 0.073486 0.644775
vt 0.072510 0.631592
vt 0.053467 0.662109
vt 0.077881 0.654053
vt 0.085205 0.648926
vt 0.090088 0.653076
vt 0.106445 0.647949
vt 0.075928 0.658936
vt 0.065186 0.663330
vt 0.070557 0.699707
vt 0.056641 0.667236
vt 0.058105 0.700684
vt 0.048828 0.709473
vt 0.823242 0.044678
vt 0.816406 0.039795
vt 0.842041 0.024658
vt 0.816406 0.028564
vt 0.842529 0.033936
vt 0.845947 0.037109
vt 0.833740 0.019775
vt 0.794189 0.020264
vt 0.836670 0.010254
vt 0.020020 0.929443
vt 0.032715 0.940918
vt 0.017334 0.936279
vt 0.022705 0.941895
vt 0.023438 0.949219
vt 0.040039 0.939209
vt 0.017090 0.960693
vt 0.042725 0.968506
vt 0.933350 0.775879
vt 0.911865 0.755127
vt 0.950928 0.748047
vt 0.943848 0.763916
vt 0.912598 0.750000
vt 0.912842 0.739014
vt 0.909180 0.747559
vt 0.920410 0.729248
vt 0.949463 0.732666
vt 0.952393 0.722900
vt 0.924072 0.713135
vt 0.920410 0.714600
vt 0.072021 0.472168
vt 0.045410 0.464355
vt 0.058105 0.458740
vt 0.052246 0.448486
vt 0.037598 0.446045
vt 0.063477 0.451660
vt 0.079102 0.450195
vt 0.061768 0.428467
vt 0.072510 0.429932
vt 0.071045 0.415771
vt 0.057861 0.403076
vt 0.071777 0.398438
vt 0.318604 0.095459
vt 0.324707 0.083252
vt 0.330322 0.095703
vt 0.310791 0.100342
vt 0.336670 0.080322
vt 0.338867 0.100830
vt 0.347900 0.091309
vt 0.367676 0.101807
vt 0.362549 0.094727
vt 0.349365 0.075439
vt 0.352539 0.086914
vt 0.356689 0.084961
vt 0.362793 0.073486
vt 0.343262 0.061035
vt 0.296875 0.810791
vt 0.310547 0.808838
vt 0.309082 0.825684
vt 0.306885 0.841553
vt 0.266113 0.863770
vt 0.283447 0.861816
vt 0.342285 0.836426
vt 0.330322 0.810791
vt 0.358887 0.815674
vt 0.358154 0.805908
vt 0.363281 0.816895
vt 0.336182 0.845947
vt 0.329590 0.848877
vt 0.355225 0.866455
vt 0.322266 0.852295
vt 0.338867 0.868408
vt 0.307617 0.850098
vt 0.301758 0.856934
vt 0.285889 0.868652
vt 0.313721 0.866699
vt 0.316895 0.855469
vt 0.322998 0.860840
vt 0.325928 0.867188
vt 0.415771 0.883057
vt 0.406982 0.875488
vt 0.429932 0.870850
vt 0.395264 0.880127
vt 0.363037 0.873779
vt 0.398438 0.885986
vt 0.426270 0.894043
vt 0.369629 0.879395
vt 0.343506 0.870605
vt 0.362793 0.885986
vt 0.354736 0.880615
vt 0.342529 0.892090
vt 0.845703 0.416260
vt 0.838379 0.399658
vt 0.848145 0.388428
vt 0.842529 0.380859
vt 0.852783 0.404053
vt 0.843506 0.348389
vt 0.836426 0.352295
vt 0.850342 0.361328
vt 0.854004 0.381104
vt 0.868164 0.360840
vt 0.867920 0.396484
vt 0.867188 0.413574
vt 0.882812 0.380127
vt 0.883057 0.361084
vt 0.883057 0.394287
vt 0.986084 0.343018
vt 0.983154 0.350830
vt 0.980469 0.329102
vt 0.985596 0.318604
vt 0.975830 0.305176
vt 0.970703 0.320801
vt 0.979980 0.341553
vt 0.962158 0.334229
vt 0.950195 0.321045
vt 0.949219 0.333740
vt 0.967529 0.346191
vt 0.978516 0.359375
vt 0.143066 0.876221
vt 0.158691 0.885986
vt 0.145020 0.881348
vt 0.128662 0.869873
vt 0.132568 0.881348
vt 0.152100 0.890625
vt 0.127197 0.889893
vt 0.114746 0.882568
vt 0.104736 0.867432
vt 0.095703 0.884277
vt 0.115234 0.887451
vt 0.099609 0.891846
vt 0.079346 0.885742
vt 0.064697 0.876709
vt 0.069336 0.860352
vt 0.096436 0.874756
vt 0.083740 0.865234
vt 0.070801 0.853271
vt 0.091797 0.865479
vt 0.083496 0.856689
vt 0.919678 0.406006
vt 0.923096 0.395264
vt 0.924805 0.419189
vt 0.926514 0.409424
vt 0.940918 0.398926
vt 0.942871 0.414307
vt 0.928467 0.421875
vt 0.922607 0.434326
vt 0.949463 0.432373
vt 0.951904 0.416016
vt 0.926025 0.438232
vt 0.920898 0.448975
vt 0.068359 0.001709
vt 0.080322 0.001465
vt 0.061035 0.010742
vt 0.055420 0.005859
vt 0.036621 0.003662
vt 0.074463 0.018799
vt 0.035400 0.026611
vt 0.057373 0.024902
vt 0.061279 0.028564
vt 0.080322 0.021973
vt 0.068848 0.038574
vt 0.053467 0.033691
vt 0.057129 0.036865
vt 0.051025 0.037109
vt 0.055420 0.039795
vt 0.766602 0.045898
vt 0.781982 0.028809
vt 0.775146 0.056152
vt 0.767334 0.036621
vt 0.767822 0.056152
vt 0.764404 0.049805
vt 0.758789 0.062256
vt 0.759277 0.047363
vt 0.740479 0.059570
vt 0.760498 0.043213
vt 0.754883 0.032715
vt 0.750000 0.047852
vt 0.738281 0.053955
vt 0.747559 0.044189
vt 0.740967 0.032715
vt 0.732910 0.046143
vt 0.730713 0.030029
vt 0.459961 0.120850
vt 0.462402 0.127686
vt 0.453613 0.146484
vt 0.451904 0.143311
vt 0.449707 0.126709
vt 0.447266 0.145508
vt 0.447266 0.149170
vt 0.452881 0.157227
vt 0.458740 0.156006
vt 0.459961 0.173584
vt 0.454346 0.174561
vt 0.461670 0.182373
vt 0.455322 0.187012
vt 0.462646 0.186279
vt 0.038574 0.505127
vt 0.046387 0.495361
vt 0.050049 0.506104
vt 0.057861 0.493164
vt 0.073730 0.506836
vt 0.041016 0.528320
vt 0.074219 0.521973
vt 0.084961 0.540771
vt 0.063721 0.564697
vt 0.045410 0.551025
vt 0.412842 0.096191
vt 0.406982 0.081299
vt 0.425537 0.084473
vt 0.418457 0.069092
vt 0.416748 0.057129
vt 0.434082 0.104492
vt 0.449951 0.102051
vt 0.573242 0.204346
vt 0.569580 0.216553
vt 0.564453 0.210693
vt 0.564941 0.197266
vt 0.565186 0.191895
vt 0.555176 0.183350
vt 0.565430 0.177002
vt 0.588623 0.185303
vt 0.604248 0.202148
vt 0.607666 0.170410
vt 0.581543 0.171387
vt 0.563232 0.160400
vt 0.579834 0.153320
vt 0.616455 0.148193
vt 0.941162 0.515869
vt 0.944580 0.513184
vt 0.943848 0.533691
vt 0.951416 0.529297
vt 0.930176 0.534180
vt 0.933594 0.524414
vt 0.947510 0.541992
vt 0.928711 0.551758
vt 0.946045 0.545410
vt 0.947510 0.547363
vt 0.975098 0.524414
vt 0.969971 0.540283
vt 0.953369 0.540039
vt 0.971191 0.544189
vt 0.953857 0.543701
vt 0.974854 0.568115
vt 0.972900 0.548096
vt 0.196777 0.988525
vt 0.185547 0.984619
vt 0.187744 0.975830
vt 0.208984 0.968262
vt 0.196533 0.959961
vt 0.211914 0.990967
vt 0.224365 0.968506
vt 0.894287 0.302734
vt 0.891846 0.302490
vt 0.883301 0.282715
vt 0.888916 0.284424
vt 0.898682 0.299316
vt 0.894775 0.278320
vt 0.870850 0.274170
vt 0.860352 0.271484
vt 0.858154 0.275879
vt 0.871582 0.267578
vt 0.890381 0.266602
vt 0.896484 0.270264
vt 0.913330 0.256836
vt 0.908203 0.252930
vt 0.874512 0.250000
vt 0.861328 0.257324
vt 0.847412 0.264648
vt 0.867676 0.238525
vt 0.166016 0.884277
vt 0.171631 0.853271
vt 0.198975 0.885498
vt 0.153076 0.910889
vt 0.196045 0.903564
vt 0.212158 0.886475
vt 0.233643 0.894287
vt 0.226807 0.907471
vt 0.233398 0.901855
vt 0.235596 0.914307
vt 0.243896 0.914307
vt 0.881348 0.225098
vt 0.874512 0.202148
vt 0.885742 0.218994
vt 0.893799 0.238281
vt 0.890137 0.227783
vt 0.890137 0.216553
vt 0.913574 0.216797
vt 0.880615 0.203369
vt 0.883301 0.206055
vt 0.901123 0.203369
vt 0.910400 0.209473
vt 0.915283 0.207764
vt 0.898193 0.194824
vt 0.876953 0.191650
vt 0.865234 0.183594
vt 0.904297 0.182373
vt 0.875244 0.184326
vt 0.907227 0.189941
vt 0.909180 0.180420
vt 0.912109 0.187744
vt 0.095703 0.031250
vt 0.095703 0.024902
vt 0.107666 0.021729
vt 0.103516 0.008789
vt 0.112793 0.025391
vt 0.111572 0.012695
vt 0.128906 0.004150
vt 0.764160 0.179932
vt 0.764648 0.207520
vt 0.741211 0.187500
vt 0.745117 0.211182
vt 0.730713 0.202393
vt 0.738770 0.179932
vt 0.743164 0.217285
vt 0.726807 0.209473
vt 0.724854 0.200439
vt 0.722900 0.208008
vt 0.692139 0.212646
vt 0.080078 0.777832
vt 0.095703 0.787109
vt 0.072998 0.788818
vt 0.097656 0.798828
vt 0.113770 0.774902
vt 0.093262 0.777100
vt 0.128418 0.782227
vt 0.110107 0.767090
vt 0.106201 0.747559
vt 0.082764 0.762695
vt 0.155273 0.794434
vt 0.145996 0.833008
vt 0.177002 0.804932
vt 0.224121 0.913330
vt 0.236572 0.927979
vt 0.207275 0.927490
vt 0.221924 0.948486
vt 0.237793 0.958496
vt 0.205811 0.914307
vt 0.200439 0.923584
vt 0.199951 0.918457
vt 0.174072 0.916016
vt 0.200684 0.909180
vt 0.707520 0.961426
vt 0.703369 0.963135
vt 0.694580 0.946045
vt 0.702393 0.944824
vt 0.700439 0.940430
vt 0.715820 0.942139
vt 0.728271 0.968262
vt 0.725830 0.933105
vt 0.729980 0.923096
vt 0.738770 0.944336
vt 0.752441 0.961426
vt 0.733643 0.929199
vt 0.742188 0.940430
vt 0.749268 0.916992
vt 0.733887 0.923340
vt 0.746826 0.905273
vt 0.860107 0.661133
vt 0.853516 0.642334
vt 0.856445 0.641357
vt 0.842773 0.650391
vt 0.865723 0.656494
vt 0.836914 0.675049
vt 0.872314 0.668701
vt 0.866699 0.679199
vt 0.836670 0.707764
vt 0.853516 0.698975
vt 0.874268 0.698486
vt 0.881348 0.661621
vt 0.876465 0.670898
vt 0.886230 0.696289
vt 0.881592 0.666992
vt 0.894531 0.679688
vt 0.898438 0.701660
vt 0.898682 0.674805
vt 0.581787 0.931396
vt 0.585693 0.934570
vt 0.581787 0.937012
vt 0.588379 0.946777
vt 0.585938 0.950684
vt 0.596924 0.957520
vt 0.593994 0.959961
vt 0.579590 0.965576
vt 0.605713 0.966553
vt 0.595947 0.964844
vt 0.531006 0.974365
vt 0.527832 0.964111
vt 0.536865 0.970947
vt 0.535889 0.976074
vt 0.532715 0.984863
vt 0.528076 0.984375
vt 0.963379 0.407959
vt 0.964844 0.417725
vt 0.949463 0.406250
vt 0.970459 0.420898
vt 0.963379 0.403564
vt 0.958008 0.398193
vt 0.968018 0.409180
vt 0.970947 0.406250
vt 0.969482 0.400146
vt 0.985596 0.426025
vt 0.982422 0.397461
vt 0.977295 0.382568
vt 0.989502 0.432373
vt 0.980957 0.381348
vt 0.989746 0.408936
vt 0.023193 0.538818
vt 0.034180 0.537354
vt 0.027344 0.549072
vt 0.029053 0.562988
vt 0.043945 0.565430
vt 0.021240 0.543945
vt 0.011963 0.543213
vt 0.018066 0.546143
vt 0.022949 0.549316
vt 0.018555 0.550537
vt 0.018311 0.556396
vt 0.014893 0.568359
vt 0.023193 0.564697
vt 0.016846 0.571777
vt 0.027100 0.567627
vt 0.032227 0.575439
vt 0.451172 0.960693
vt 0.448242 0.968262
vt 0.436279 0.964600
vt 0.437744 0.951904
vt 0.450195 0.950439
vt 0.453857 0.952881
vt 0.438721 0.942139
vt 0.450439 0.942871
vt 0.451904 0.937744
vt 0.438477 0.923096
vt 0.451172 0.924561
vt 0.451904 0.918945
vt 0.436768 0.910889
vt 0.450195 0.902344
vt 0.652100 0.459229
vt 0.667236 0.453857
vt 0.663330 0.462891
vt 0.654541 0.471436
vt 0.666504 0.468994
vt 0.669922 0.455811
vt 0.667725 0.443604
vt 0.670898 0.436279
vt 0.671387 0.426758
vt 0.669678 0.467529
vt 0.673096 0.476562
vt 0.664551 0.475586
vt 0.669922 0.479248
vt 0.673340 0.480225
vt 0.657227 0.485352
vt 0.666016 0.479980
vt 0.666260 0.485840
vt 0.670410 0.486572
vt 0.669434 0.495361
vt 0.655273 0.500732
vt 0.669922 0.500732
vt 0.655762 0.513672
vt 0.667969 0.513428
vt 0.672363 0.511230
vt 0.655518 0.518066
vt 0.675293 0.526123
vt 0.671631 0.528809
vt 0.675293 0.530762
vt 0.672607 0.532959
vt 0.015137 0.278564
vt 0.029053 0.282959
vt 0.012207 0.284424
vt 0.037109 0.287109
vt 0.042969 0.278809
vt 0.049561 0.278564
vt 0.038818 0.294678
vt 0.013672 0.292236
vt 0.026367 0.298584
vt 0.015625 0.295410
vt 0.013428 0.310791
vt 0.017822 0.302734
vt 0.020508 0.298096
vt 0.172119 0.074463
vt 0.161865 0.069580
vt 0.173340 0.068359
vt 0.166260 0.053955
vt 0.171143 0.060059
vt 0.159180 0.052979
vt 0.169189 0.044189
vt 0.160645 0.042725
vt 0.168213 0.035156
vt 0.162354 0.034180
vt 0.178223 0.034668
vt 0.180176 0.038818
vt 0.186035 0.035645
vt 0.178955 0.027588
vt 0.165527 0.029297
vt 0.958252 0.979004
vt 0.970459 0.982910
vt 0.955811 0.985352
vt 0.967041 0.975586
vt 0.944336 0.989990
vt 0.941650 0.988037
vt 0.948486 0.982910
vt 0.948486 0.978760
vt 0.938232 0.965088
vt 0.959229 0.974365
vt 0.962646 0.970703
vt 0.952393 0.961914
vt 0.954346 0.974854
vt 0.949707 0.975586
vt 0.945557 0.965820
vt 0.948242 0.962891
vt 0.952148 0.957031
vt 0.128906 0.962402
vt 0.129639 0.952393
vt 0.132080 0.964355
vt 0.117920 0.972900
vt 0.121582 0.976807
vt 0.133545 0.969971
vt 0.141846 0.968994
vt 0.123291 0.980957
vt 0.370117 0.987061
vt 0.368896 0.974609
vt 0.373535 0.975830
vt 0.378174 0.969727
vt 0.378174 0.989258
vt 0.378174 0.975342
vt 0.220215 0.575439
vt 0.222900 0.585693
vt 0.209473 0.584961
vt 0.210205 0.594482
vt 0.199219 0.583984
vt 0.229736 0.590820
vt 0.235107 0.578857
vt 0.241455 0.589355
vt 0.205078 0.600098
vt 0.193115 0.590332
vt 0.218506 0.605225
vt 0.233887 0.603516
vt 0.254883 0.604492
vt 0.254883 0.590820
vt 0.225586 0.612793
vt 0.211426 0.612061
vt 0.192627 0.623779
vt 0.240967 0.608154
vt 0.248535 0.669189
vt 0.259521 0.702637
vt 0.255859 0.718262
vt 0.235107 0.670410
vt 0.245850 0.713623
vt 0.240479 0.718018
vt 0.246094 0.720459
vt 0.236328 0.709961
vt 0.229492 0.718750
vt 0.218994 0.662354
vt 0.211426 0.637939
vt 0.211914 0.645752
vt 0.212158 0.657715
vt 0.201172 0.640381
vt 0.204834 0.655518
vt 0.179688 0.666504
vt 0.203125 0.657715
vt 0.006836 0.815918
vt 0.025635 0.820557
vt 0.011475 0.821045
vt 0.005127 0.832275
vt 0.023193 0.823975
vt 0.012939 0.824219
vt 0.024414 0.828613
vt 0.030273 0.828857
vt 0.010010 0.827393
vt 0.010010 0.832520
vt 0.005859 0.837891
vt 0.016113 0.730713
vt 0.011719 0.724609
vt 0.023926 0.732910
vt 0.025146 0.721680
vt 0.035400 0.727295
vt 0.019775 0.747070
vt 0.036133 0.745117
vt 0.022461 0.745361
vt 0.033447 0.749756
vt 0.033691 0.753662
vt 0.025635 0.740234
vt 0.021240 0.768311
vt 0.023682 0.777832
vt 0.008301 0.778076
vt 0.029053 0.769043
vt 0.028809 0.763916
vt 0.016357 0.764893
vt 0.003906 0.755859
vt 0.016602 0.758057
vt 0.007080 0.752197
vt 0.020508 0.753418
vt 0.023926 0.761230
vt 0.029785 0.760010
vt 0.033203 0.765381
vt 0.239258 0.738770
vt 0.236572 0.726318
vt 0.253662 0.730225
vt 0.239990 0.750977
vt 0.228516 0.743652
vt 0.267578 0.742188
vt 0.304199 0.741211
vt 0.309082 0.725586
vt 0.266602 0.750732
vt 0.340088 0.739502
vt 0.337402 0.726807
vt 0.315674 0.750977
vt 0.239258 0.770508
vt 0.305908 0.770264
vt 0.279053 0.791016
vt 0.310303 0.781494
vt 0.229736 0.781250
vt 0.005371 0.991943
vt 0.001465 0.986572
vt 0.010254 0.981934
vt 0.014893 0.989258
vt 0.027588 0.990967
vt 0.028320 0.994873
vt 0.017334 0.983154
vt 0.014893 0.974609
vt 0.005859 0.972900
vt 0.010254 0.964844
vt 0.019531 0.980469
vt 0.031982 0.974609
vt 0.031982 0.985840
vt 0.029297 0.980713
vt 0.229492 0.374023
vt 0.218750 0.374756
vt 0.231934 0.351318
vt 0.212402 0.375488
vt 0.307373 0.311279
vt 0.216553 0.361084
vt 0.206543 0.354004
vt 0.216797 0.355957
vt 0.223633 0.345459
vt 0.275879 0.322266
vt 0.225586 0.328857
vt 0.188232 0.354980
vt 0.181885 0.339844
vt 0.180908 0.328857
vt 0.283203 0.316162
vt 0.251709 0.325439
vt 0.247314 0.317627
vt 0.270264 0.318359
vt 0.271240 0.310547
vt 0.262939 0.302979
vt 0.280029 0.306641
vt 0.286133 0.308350
vt 0.303955 0.306885
vt 0.295410 0.300049
vt 0.024414 0.133057
vt 0.015625 0.127686
vt 0.018311 0.126221
vt 0.012451 0.101807
vt 0.011719 0.131592
vt 0.015625 0.102051
vt 0.018066 0.102295
vt 0.025146 0.128906
vt 0.038818 0.131836
vt 0.028076 0.125000
vt 0.041016 0.122559
vt 0.023682 0.119873
vt 0.024902 0.113770
vt 0.047119 0.112549
vt 0.022705 0.103516
vt 0.020020 0.099609
vt 0.030762 0.108154
vt 0.030029 0.102051
vt 0.026611 0.095215
vt 0.039307 0.109619
vt 0.046631 0.104492
vt 0.041016 0.100586
vt 0.567139 0.014404
vt 0.560791 0.044678
vt 0.552734 0.029541
vt 0.555908 0.022217
vt 0.566162 0.013184
vt 0.549561 0.025635
vt 0.548340 0.028809
vt 0.555664 0.010742
vt 0.572998 0.003906
vt 0.553955 0.021240
vt 0.551514 0.010986
vt 0.547852 0.001465
vt 0.540771 0.005859
vt 0.580078 0.548096
vt 0.583008 0.546387
vt 0.608398 0.565918
vt 0.582275 0.544189
vt 0.593994 0.551758
vt 0.579834 0.541748
vt 0.592529 0.544189
vt 0.611084 0.543457
vt 0.610840 0.556641
vt 0.618164 0.557129
vt 0.608643 0.562012
vt 0.623047 0.563477
vt 0.628906 0.555176
vt 0.619629 0.571289
vt 0.618164 0.585205
vt 0.607178 0.569824
vt 0.604980 0.589600
vt 0.601318 0.577881
vt 0.612549 0.599121
vt 0.609619 0.608643
vt 0.615479 0.612061
vt 0.596680 0.629395
vt 0.623291 0.600342
vt 0.625488 0.606689
vt 0.624756 0.585449
vt 0.628906 0.585449
vt 0.632568 0.597412
vt 0.639893 0.608643
vt 0.642578 0.602783
vt 0.640625 0.593262
vt 0.650635 0.604248
vt 0.650635 0.627441
vt 0.650146 0.595703
vt 0.648438 0.638184
vt 0.636475 0.624512
vt 0.633789 0.643799
vt 0.641113 0.627686
vt 0.642334 0.632812
vt 0.639893 0.640137
vt 0.638184 0.637451
vt 0.635010 0.638916
vt 0.650879 0.581543
vt 0.640381 0.586670
vt 0.658447 0.590820
vt 0.669434 0.591797
vt 0.666016 0.582520
vt 0.661133 0.583008
vt 0.671143 0.585205
vt 0.681152 0.582520
vt 0.673584 0.573730
vt 0.675049 0.564209
vt 0.668701 0.570557
vt 0.665527 0.566650
vt 0.669678 0.557129
vt 0.660156 0.572266
vt 0.655518 0.581299
vt 0.656982 0.570312
vt 0.651855 0.564453
vt 0.656250 0.559082
vt 0.646973 0.571045
vt 0.645508 0.582275
vt 0.643066 0.568604
vt 0.638672 0.560303
vt 0.637695 0.566406
vt 0.634277 0.571045
vt 0.629639 0.565918
vt 0.645264 0.555420
vt 0.652344 0.551758
vt 0.648682 0.538086
vt 0.658936 0.537598
vt 0.660889 0.546387
vt 0.663574 0.542480
vt 0.677490 0.538086
vt 0.670898 0.549072
vt 0.671143 0.543945
vt 0.680908 0.542969
vt 0.681885 0.539062
vt 0.528076 0.068848
vt 0.494141 0.068604
vt 0.526855 0.066406
vt 0.501953 0.065186
vt 0.513428 0.059082
vt 0.524902 0.061523
vt 0.495117 0.061523
vt 0.506348 0.058350
vt 0.509277 0.046631
vt 0.517822 0.051758
vt 0.507812 0.034912
vt 0.500244 0.038574
vt 0.486816 0.042725
vt 0.500000 0.055420
vt 0.495361 0.055908
vt 0.499023 0.047363
vt 0.491943 0.046875
vt 0.488525 0.052490
vt 0.489014 0.060791
vt 0.487061 0.070312
vt 0.483398 0.061768
vt 0.484375 0.050049
vt 0.482178 0.052002
vt 0.475830 0.033447
vt 0.044678 0.428955
vt 0.043701 0.417969
vt 0.047363 0.411621
vt 0.037598 0.410889
vt 0.040771 0.403564
vt 0.046387 0.402588
vt 0.056885 0.388428
vt 0.049561 0.384521
vt 0.046143 0.383301
vt 0.054199 0.385986
vt 0.076172 0.382568
vt 0.065918 0.381348
vt 0.058838 0.378906
vt 0.041504 0.375488
vt 0.049316 0.374023
vt 0.056396 0.370850
vt 0.051758 0.366699
vt 0.041992 0.364502
vt 0.045654 0.363281
vt 0.040039 0.354492
vt 0.694336 0.978760
vt 0.677002 0.989746
vt 0.703613 0.969238
vt 0.667969 0.962158
vt 0.163330 0.991943
vt 0.156006 0.988281
vt 0.165039 0.985107
vt 0.168213 0.989746
vt 0.169189 0.972900
vt 0.160400 0.980957
vt 0.155273 0.978760
vt 0.604736 0.970703
vt 0.602295 0.974609
vt 0.598633 0.971436
vt 0.596191 0.976074
vt 0.591309 0.969727
vt 0.598389 0.990234
vt 0.360840 0.023438
vt 0.359863 0.014404
vt 0.390869 0.012939
vt 0.360107 0.008789
vt 0.402832 0.009033
vt 0.402832 0.000488
vt 0.391846 0.029785
vt 0.359131 0.037109
vt 0.385742 0.041748
vt 0.318359 0.970703
vt 0.318359 0.990234
vt 0.306152 0.973389
vt 0.313965 0.987305
vt 0.012939 0.854004
vt 0.004150 0.852783
vt 0.013184 0.849365
vt 0.023438 0.849854
vt 0.025879 0.854004
vt 0.011230 0.858643
vt 0.027344 0.843506
vt 0.015869 0.838379
vt 0.030273 0.836670
vt 0.033447 0.837402
vt 0.036133 0.851562
vt 0.033691 0.834229
vt 0.027832 0.833496
vt 0.292725 0.132568
vt 0.288086 0.145508
vt 0.266113 0.153320
vt 0.272949 0.156250
vt 0.278076 0.156738
vt 0.277100 0.164795
vt 0.269531 0.167969
vt 0.281006 0.171387
vt 0.268311 0.160889
vt 0.261230 0.156006
vt 0.263428 0.163086
vt 0.258545 0.174561
vt 0.270020 0.181396
vt 0.244629 0.143311
vt 0.268066 0.196777
vt 0.258545 0.184326
vt 0.244141 0.180420
vt 0.255371 0.166748
vt 0.251953 0.172363
vt 0.253418 0.170654
vt 0.243652 0.163818
vt 0.230469 0.158691
vt 0.244385 0.159424
vt 0.243408 0.149658
vt 0.238037 0.146729
vt 0.220703 0.159668
vt 0.223877 0.142090
vt 0.227295 0.147461
vt 0.218994 0.155762
vt 0.802490 0.559570
vt 0.797607 0.569580
vt 0.792969 0.560547
vt 0.801514 0.556641
vt 0.809082 0.553711
vt 0.795410 0.553711
vt 0.784180 0.547607
vt 0.774414 0.566895
vt 0.759521 0.552490
vt 0.748291 0.554932
vt 0.746094 0.548828
vt 0.748291 0.543213
vt 0.763428 0.531982
vt 0.791748 0.531982
vt 0.816650 0.537354
vt 0.816406 0.529541
vt 0.805420 0.526367
vt 0.802002 0.516846
vt 0.763672 0.519531
vt 0.787354 0.516113
vt 0.790771 0.505615
vt 0.759277 0.516113
vt 0.762695 0.512695
vt 0.784912 0.513916
vt 0.761719 0.510254
vt 0.787842 0.501221
vt 0.783691 0.510742
vt 0.777832 0.506104
vt 0.763428 0.502197
vt 0.778564 0.502197
vt 0.770508 0.488281
vt 0.781738 0.500244
vt 0.773926 0.485107
vt 0.789551 0.499512
vt 0.792236 0.500000
vt 0.777832 0.479004
vt 0.770020 0.478516
vt 0.880615 0.588379
vt 0.879639 0.582275
vt 0.886963 0.583252
vt 0.894043 0.588379
vt 0.904297 0.593994
vt 0.895508 0.585449
vt 0.895752 0.582275
vt 0.902100 0.585449
vt 0.903076 0.580566
vt 0.917236 0.617188
vt 0.931885 0.617432
vt 0.914795 0.586182
vt 0.907959 0.580322
vt 0.914795 0.576660
vt 0.907959 0.573486
vt 0.923828 0.565186
vt 0.932129 0.559082
vt 0.278320 0.819336
vt 0.279541 0.824707
vt 0.274170 0.823730
vt 0.266113 0.832764
vt 0.265869 0.824707
vt 0.268555 0.820068
vt 0.252441 0.820801
vt 0.277588 0.814697
vt 0.291016 0.809082
vt 0.256348 0.817383
vt 0.257568 0.815186
vt 0.284424 0.807373
vt 0.283691 0.801514
vt 0.250244 0.815430
vt 0.246582 0.816650
vt 0.241211 0.821777
vt 0.237549 0.817871
vt 0.250488 0.807861
vt 0.237061 0.802734
vt 0.249756 0.797119
vt 0.190430 0.833008
vt 0.215576 0.832520
vt 0.222900 0.796631
vt 0.256836 0.805176
vt 0.256104 0.799561
vt 0.264893 0.794678
vt 0.270508 0.795166
vt 0.264404 0.805176
vt 0.265625 0.810547
vt 0.279785 0.802979
vt 0.273682 0.807129
vt 0.270264 0.814697
vt 0.679199 0.648193
vt 0.680176 0.655762
vt 0.672607 0.648682
vt 0.678467 0.660400
vt 0.677490 0.645508
vt 0.672119 0.672119
vt 0.668213 0.635010
vt 0.651367 0.649414
vt 0.656738 0.676270
vt 0.674805 0.637939
vt 0.678467 0.631592
vt 0.680908 0.624756
vt 0.675537 0.634521
vt 0.654053 0.642578
vt 0.636719 0.654297
vt 0.667480 0.687988
vt 0.649658 0.679199
vt 0.657471 0.682373
vt 0.656494 0.686768
vt 0.664307 0.698975
vt 0.681885 0.729980
vt 0.647217 0.689453
vt 0.638428 0.681885
vt 0.646729 0.705811
vt 0.644287 0.701416
vt 0.638184 0.712158
vt 0.521484 0.923096
vt 0.529785 0.910645
vt 0.542236 0.902344
vt 0.528320 0.921387
vt 0.540283 0.909668
vt 0.552979 0.902100
vt 0.517578 0.927734
vt 0.532715 0.930176
vt 0.499268 0.929932
vt 0.550049 0.927490
vt 0.560791 0.918457
vt 0.495117 0.963623
vt 0.482666 0.928955
vt 0.514893 0.951416
vt 0.527344 0.935059
vt 0.520264 0.948975
vt 0.517334 0.959961
vt 0.529541 0.951660
vt 0.536133 0.941162
vt 0.543213 0.935791
vt 0.554688 0.931396
vt 0.559570 0.931641
vt 0.545166 0.940918
vt 0.557373 0.942627
vt 0.568115 0.944580
vt 0.540283 0.946045
vt 0.533691 0.953613
vt 0.533936 0.960205
vt 0.562256 0.946533
vt 0.562744 0.949219
vt 0.555908 0.948975
vt 0.547119 0.949219
vt 0.551758 0.953369
vt 0.575195 0.961914
vt 0.543457 0.953613
vt 0.539795 0.965088
vt 0.551758 0.967529
vt 0.302734 0.456055
vt 0.272705 0.470703
vt 0.266357 0.471191
vt 0.252930 0.491699
vt 0.265137 0.491211
vt 0.258545 0.504639
vt 0.252686 0.503906
vt 0.246582 0.512451
vt 0.249268 0.486328
vt 0.236328 0.502441
vt 0.252441 0.474365
vt 0.240479 0.520264
vt 0.249268 0.522705
vt 0.234375 0.513184
vt 0.234863 0.525879
vt 0.248291 0.535645
vt 0.218994 0.537109
vt 0.236328 0.484131
vt 0.232178 0.492676
vt 0.223877 0.501465
vt 0.226318 0.471191
vt 0.226562 0.445312
vt 0.221680 0.477295
vt 0.214600 0.490723
vt 0.211182 0.475098
vt 0.214600 0.464600
vt 0.163086 0.416016
vt 0.183838 0.458252
vt 0.206787 0.474121
vt 0.181885 0.469238
vt 0.210938 0.489258
vt 0.202148 0.484131
vt 0.197266 0.491211
vt 0.173828 0.476318
vt 0.206299 0.500000
vt 0.196777 0.505127
vt 0.190430 0.499756
vt 0.169189 0.478760
vt 0.184326 0.508301
vt 0.195068 0.512939
vt 0.179443 0.523438
vt 0.206299 0.519775
vt 0.211914 0.513428
vt 0.211670 0.531982
vt 0.185303 0.545166
vt 0.202881 0.560059
vt 0.210449 0.560791
vt 0.215576 0.552490
vt 0.210693 0.575195
vt 0.217041 0.517822
vt 0.220459 0.519775
vt 0.226562 0.509766
vt 0.752686 0.650146
vt 0.777100 0.661865
vt 0.759033 0.657959
vt 0.773682 0.667725
vt 0.790527 0.668945
vt 0.794678 0.700928
vt 0.765625 0.723877
vt 0.778809 0.750977
vt 0.753906 0.686279
vt 0.743652 0.684326
vt 0.744629 0.705322
vt 0.750488 0.699951
vt 0.752930 0.704346
vt 0.754150 0.740234
vt 0.039307 0.710205
vt 0.046143 0.720215
vt 0.040527 0.723389
vt 0.042236 0.745361
vt 0.041260 0.754395
vt 0.047119 0.741943
vt 0.053711 0.722656
vt 0.054688 0.713867
vt 0.054688 0.742188
vt 0.741943 0.982178
vt 0.733643 0.973633
vt 0.755615 0.991455
vt 0.755371 0.967041
vt 0.740723 0.992920
vt 0.089111 0.047119
vt 0.084473 0.042969
vt 0.088623 0.026611
vt 0.938721 0.006592
vt 0.920166 0.005859
vt 0.931152 0.000244
vt 0.916992 0.000488
vt 0.942871 0.001709
vt 0.918945 0.163574
vt 0.920898 0.147217
vt 0.923828 0.164062
vt 0.929443 0.172607
vt 0.926270 0.144287
vt 0.923096 0.176025
vt 0.910156 0.175049
vt 0.928467 0.135010
vt 0.930908 0.181396
vt 0.932617 0.172119
vt 0.939941 0.179443
vt 0.947754 0.171631
vt 0.946533 0.129395
vt 0.949463 0.180176
vt 0.956299 0.144775
vt 0.962402 0.178955
vt 0.965332 0.143799
vt 0.047363 0.976318
vt 0.047363 0.956055
vt 0.051758 0.963867
vt 0.707764 0.993164
vt 0.691162 0.993164
vt 0.705078 0.977539
vt 0.039551 0.319336
vt 0.050537 0.312500
vt 0.054443 0.330322
vt 0.027588 0.348633
vt 0.039062 0.306396
vt 0.029053 0.313232
vt 0.033203 0.304443
vt 0.026855 0.309814
vt 0.256104 0.020996
vt 0.294678 0.016113
vt 0.271484 0.040283
vt 0.299561 0.032227
vt 0.302490 0.040039
vt 0.255127 0.039551
vt 0.258057 0.045166
vt 0.259521 0.057373
vt 0.448486 0.035400
vt 0.450439 0.003662
vt 0.451416 0.031982
vt 0.450439 0.045654
vt 0.461670 0.026123
vt 0.461914 0.015381
vt 0.468262 0.002441
vt 0.466797 0.019775
vt 0.469238 0.026123
vt 0.027588 0.441895
vt 0.020996 0.439209
vt 0.028076 0.400391
vt 0.015869 0.426025
vt 0.158691 0.937500
vt 0.144287 0.945801
vt 0.145752 0.929688
vt 0.146484 0.911377
vt 0.132568 0.913818
vt 0.147461 0.906494
vt 0.129883 0.907227
vt 0.123535 0.919189
vt 0.122559 0.912109
vt 0.091064 0.905029
vt 0.089355 0.897217
vt 0.118896 0.895264
vt 0.129150 0.897949
vt 0.632080 0.658203
vt 0.612061 0.672119
vt 0.608154 0.659912
vt 0.606445 0.670898
vt 0.618652 0.681641
vt 0.613281 0.710693
vt 0.603271 0.737061
vt 0.583496 0.694336
vt 0.582275 0.683350
vt 0.588867 0.668945
vt 0.598389 0.665283
vt 0.599609 0.661133
vt 0.604492 0.657471
vt 0.594727 0.659424
vt 0.593018 0.651367
vt 0.600342 0.645264
vt 0.586182 0.667236
vt 0.586914 0.671631
vt 0.582031 0.667969
vt 0.564209 0.649170
vt 0.575195 0.664551
vt 0.592529 0.644287
vt 0.588623 0.644043
vt 0.546387 0.649170
vt 0.555908 0.638672
vt 0.574219 0.636230
vt 0.586670 0.638184
vt 0.588867 0.629150
vt 0.592041 0.628662
vt 0.584717 0.634766
vt 0.591064 0.618652
vt 0.585205 0.620605
vt 0.016357 0.675537
vt 0.023682 0.681152
vt 0.017578 0.689209
vt 0.012207 0.690674
vt 0.014893 0.714600
vt 0.025391 0.717529
vt 0.033203 0.684082
vt 0.041748 0.697021
vt 0.040039 0.685547
vt 0.372314 0.107178
vt 0.337646 0.115723
vt 0.308105 0.110352
vt 0.316162 0.104980
vt 0.046143 0.945312
vt 0.054443 0.937744
vt 0.070801 0.953369
vt 0.061279 0.960938
vt 0.060303 0.963379
vt 0.071533 0.960205
vt 0.061035 0.967285
vt 0.079834 0.945312
vt 0.044189 0.896484
vt 0.078857 0.954834
vt 0.071045 0.915527
vt 0.086426 0.949951
vt 0.084229 0.958252
vt 0.090820 0.940918
vt 0.083252 0.906494
vt 0.092529 0.947266
vt 0.094482 0.958008
vt 0.093018 0.930664
vt 0.098633 0.925537
vt 0.103027 0.929932
vt 0.100830 0.939453
vt 0.105957 0.934326
vt 0.107178 0.942871
vt 0.116943 0.937988
vt 0.114014 0.945557
vt 0.101318 0.948730
vt 0.103027 0.954346
vt 0.100098 0.967285
vt 0.121338 0.960449
vt 0.121094 0.953369
vt 0.111572 0.961670
vt 0.113037 0.966553
vt 0.923584 0.014893
vt 0.918701 0.020508
vt 0.875488 0.017578
vt 0.905029 0.567383
vt 0.905029 0.505127
vt 0.910645 0.529785
vt 0.991699 0.104492
vt 0.983643 0.101074
vt 0.984863 0.077148
vt 0.974854 0.084229
vt 0.977783 0.066406
vt 0.953369 0.079590
vt 0.986572 0.051514
vt 0.969727 0.517334
vt 0.978027 0.469971
vt 0.980469 0.520264
vt 0.016113 0.367920
vt 0.023438 0.374756
vt 0.021973 0.382568
vt 0.028076 0.383545
vt 0.016113 0.410400
vt 0.898682 0.957275
vt 0.861816 0.967529
vt 0.884277 0.945068
vt 0.854248 0.961182
vt 0.880371 0.938477
vt 0.851807 0.952881
vt 0.886475 0.936279
vt 0.896484 0.943848
vt 0.880859 0.923828
vt 0.887939 0.932129
vt 0.858154 0.942139
vt 0.847412 0.949463
vt 0.872559 0.936768
vt 0.873291 0.918701
vt 0.850586 0.942139
vt 0.881348 0.900146
vt 0.894043 0.912109
vt 0.095459 0.985352
vt 0.097656 0.982422
vt 0.109619 0.991699
vt 0.104248 0.983887
vt 0.109863 0.973389
vt 0.095215 0.971924
vt 0.139648 0.990723
vt 0.135498 0.977051
vt 0.145020 0.973877
vt 0.391357 0.303223
vt 0.428711 0.313965
vt 0.431152 0.338867
vt 0.420898 0.344971
vt 0.393066 0.322266
vt 0.376221 0.313965
vt 0.394043 0.339111
vt 0.414062 0.360840
vt 0.364746 0.323975
vt 0.394287 0.361816
vt 0.341797 0.288330
vt 0.408447 0.372314
vt 0.416748 0.374756
vt 0.403320 0.389404
vt 0.406982 0.391602
vt 0.419189 0.379150
vt 0.409424 0.395996
vt 0.416992 0.387939
vt 0.349854 0.334229
vt 0.371582 0.364258
vt 0.384277 0.393311
vt 0.360596 0.342773
vt 0.340332 0.344482
vt 0.295410 0.341553
vt 0.321289 0.304199
vt 0.330811 0.355957
vt 0.770264 0.246338
vt 0.787598 0.244385
vt 0.784668 0.256348
vt 0.790283 0.242188
vt 0.744385 0.258301
vt 0.724854 0.244385
vt 0.786621 0.261475
vt 0.794922 0.242676
vt 0.790283 0.265137
vt 0.788086 0.286133
vt 0.781982 0.264404
vt 0.783691 0.272705
vt 0.766357 0.268311
vt 0.746094 0.267334
vt 0.777588 0.269531
vt 0.742188 0.278320
vt 0.770264 0.270508
vt 0.772461 0.275391
vt 0.745117 0.293701
vt 0.783936 0.288574
vt 0.766113 0.304443
vt 0.790283 0.303955
vt 0.792725 0.305420
vt 0.765869 0.327393
vt 0.858643 0.030029
vt 0.841553 0.009766
vt 0.866699 0.019043
vt 0.841553 0.000244
vt 0.853271 0.000977
vt 0.881104 0.000488
vt 0.061768 0.803223
vt 0.049072 0.804443
vt 0.050781 0.780518
vt 0.036865 0.796875
vt 0.032471 0.820557
vt 0.032959 0.775635
vt 0.864258 0.889648
vt 0.847656 0.935303
vt 0.844482 0.867676
vt 0.701660 0.010498
vt 0.681396 0.001221
vt 0.726318 0.002197
vt 0.591553 0.022949
vt 0.588623 0.023438
vt 0.592041 0.015869
vt 0.600830 0.020020
vt 0.614746 0.018799
vt 0.600586 0.025879
vt 0.618652 0.025146
vt 0.599365 0.027832
vt 0.591309 0.031494
vt 0.614990 0.028564
vt 0.616699 0.034424
vt 0.591309 0.035400
vt 0.630615 0.029297
vt 0.615967 0.036621
vt 0.591797 0.038818
vt 0.634033 0.034180
vt 0.594238 0.048828
vt 0.617188 0.041504
vt 0.635742 0.038574
vt 0.630615 0.048340
vt 0.533203 0.128662
vt 0.536621 0.137695
vt 0.512695 0.135010
vt 0.514648 0.145996
vt 0.539062 0.147949
vt 0.515381 0.162598
vt 0.479980 0.152100
vt 0.491943 0.137207
vt 0.493652 0.133545
vt 0.506104 0.131348
vt 0.492920 0.129639
vt 0.489746 0.129150
vt 0.488281 0.134521
vt 0.483154 0.135498
vt 0.484863 0.142822
vt 0.476318 0.148193
vt 0.479248 0.137695
vt 0.474121 0.138672
vt 0.472656 0.145508
vt 0.533936 0.305420
vt 0.559082 0.288330
vt 0.565918 0.300537
vt 0.529297 0.322266
vt 0.546387 0.328857
vt 0.512207 0.324219
vt 0.558594 0.325195
vt 0.551025 0.331299
vt 0.548828 0.340332
vt 0.577148 0.307617
vt 0.565430 0.331543
vt 0.560547 0.353516
vt 0.575195 0.300781
vt 0.586670 0.313965
vt 0.586914 0.319336
vt 0.602295 0.328369
vt 0.575684 0.342285
vt 0.575928 0.356201
vt 0.578857 0.354980
vt 0.580322 0.353516
vt 0.588867 0.354492
vt 0.589844 0.338379
vt 0.596680 0.328613
vt 0.612305 0.335449
vt 0.599121 0.378174
vt 0.623047 0.338867
vt 0.621338 0.358887
vt 0.523438 0.984619
vt 0.518799 0.987305
vt 0.520996 0.979736
vt 0.515381 0.983398
vt 0.513184 0.990967
vt 0.508301 0.987305
vt 0.515381 0.973633
vt 0.521729 0.973145
vt 0.511230 0.977783
vt 0.512207 0.968506
vt 0.510742 0.962891
vt 0.505859 0.979004
vt 0.502930 0.989258
vt 0.497559 0.985107
vt 0.501953 0.974365
vt 0.495605 0.971436
vt 0.492676 0.982422
vt 0.496094 0.969971
vt 0.490479 0.969727
vt 0.419678 0.830078
vt 0.418945 0.837646
vt 0.413818 0.838135
vt 0.416992 0.825928
vt 0.418945 0.844238
vt 0.416016 0.822998
vt 0.403564 0.848877
vt 0.422119 0.849365
vt 0.410156 0.826416
vt 0.411377 0.816650
vt 0.408691 0.837158
vt 0.406006 0.820068
vt 0.403320 0.838867
vt 0.400391 0.830811
vt 0.397461 0.838379
vt 0.395264 0.825439
vt 0.405029 0.809326
vt 0.388184 0.830078
vt 0.388184 0.813721
vt 0.382812 0.811768
vt 0.379883 0.818848
vt 0.384033 0.834473
vt 0.371826 0.831543
vt 0.390869 0.843506
vt 0.394043 0.853027
vt 0.385742 0.850586
vt 0.373779 0.839600
vt 0.377441 0.852539
vt 0.400146 0.862549
vt 0.456787 0.869141
vt 0.387207 0.863037
vt 0.389160 0.870117
vt 0.386719 0.857910
vt 0.376221 0.865234
vt 0.378662 0.857422
vt 0.371338 0.859863
vt 0.374268 0.869385
vt 0.369629 0.857422
vt 0.360107 0.864502
vt 0.173828 0.986816
vt 0.173828 0.975830
vt 0.177002 0.976562
vt 0.549316 0.824219
vt 0.550537 0.812500
vt 0.558350 0.814697
vt 0.555908 0.832764
vt 0.552979 0.846191
vt 0.556641 0.844971
vt 0.561768 0.849121
vt 0.559814 0.825928
vt 0.563965 0.817139
vt 0.559570 0.809082
vt 0.563721 0.831543
vt 0.570068 0.816406
vt 0.569092 0.838135
vt 0.569336 0.808838
vt 0.562744 0.800049
vt 0.573730 0.821533
vt 0.581299 0.819336
vt 0.581787 0.806396
vt 0.578613 0.836914
vt 0.565674 0.849365
vt 0.570801 0.852783
vt 0.567383 0.860840
vt 0.538574 0.861572
vt 0.576172 0.858887
vt 0.576660 0.856934
vt 0.586914 0.849121
vt 0.583984 0.846924
vt 0.584717 0.829590
vt 0.586182 0.815674
vt 0.583496 0.799072
vt 0.592285 0.803711
vt 0.593506 0.818604
vt 0.594482 0.805420
vt 0.591064 0.833740
vt 0.594727 0.838379
vt 0.597168 0.849609
vt 0.632568 0.852051
vt 0.634521 0.832275
vt 0.594238 0.824951
vt 0.637207 0.814697
vt 0.632812 0.804443
vt 0.638916 0.812744
vt 0.864258 0.500977
vt 0.860107 0.497070
vt 0.864014 0.488525
vt 0.867188 0.491211
vt 0.865967 0.501221
vt 0.866211 0.478271
vt 0.902100 0.498291
vt 0.907471 0.491943
vt 0.911865 0.501465
vt 0.913574 0.491943
vt 0.906494 0.480957
vt 0.911133 0.479736
vt 0.909668 0.464600
vt 0.904541 0.465332
vt 0.867920 0.459717
vt 0.878662 0.457275
vt 0.907471 0.452148
vt 0.913330 0.451172
vt 0.869873 0.445801
vt 0.869385 0.454102
vt 0.868896 0.438721
vt 0.910156 0.443359
vt 0.912598 0.440674
vt 0.307129 0.886475
vt 0.316650 0.891357
vt 0.302002 0.889160
vt 0.318848 0.899658
vt 0.324707 0.896240
vt 0.350586 0.929932
vt 0.330322 0.911621
vt 0.308594 0.910645
vt 0.303711 0.919434
vt 0.307129 0.897217
vt 0.305176 0.899902
vt 0.295410 0.897949
vt 0.295654 0.903809
vt 0.295898 0.909424
vt 0.282959 0.908936
vt 0.289551 0.889893
vt 0.301514 0.865234
vt 0.292480 0.876465
vt 0.271484 0.906982
vt 0.267822 0.920654
vt 0.250488 0.922852
vt 0.251953 0.925049
vt 0.292480 0.919189
vt 0.281250 0.913818
vt 0.295166 0.930420
vt 0.273193 0.919922
vt 0.284424 0.920410
vt 0.283447 0.923828
vt 0.285400 0.931396
vt 0.289551 0.940674
vt 0.270508 0.931885
vt 0.261230 0.925293
vt 0.265381 0.934814
vt 0.254395 0.927002
vt 0.253174 0.939697
vt 0.358643 0.732910
vt 0.361328 0.717041
vt 0.365967 0.737305
vt 0.360107 0.734619
vt 0.362061 0.755615
vt 0.357910 0.750977
vt 0.352051 0.767822
vt 0.368164 0.743408
vt 0.375244 0.720459
vt 0.375488 0.731934
vt 0.372803 0.743652
vt 0.371338 0.758057
vt 0.365723 0.758789
vt 0.372803 0.773682
vt 0.360596 0.773438
vt 0.360840 0.784424
vt 0.356201 0.783691
vt 0.359863 0.798340
vt 0.325195 0.768555
vt 0.337891 0.771973
vt 0.335693 0.777588
vt 0.354980 0.797119
vt 0.368652 0.787354
vt 0.369141 0.801025
vt 0.347656 0.779053
vt 0.350586 0.795166
vt 0.316162 0.793457
vt 0.314697 0.786133
vt 0.315430 0.807617
vt 0.381836 0.797363
vt 0.393799 0.801758
vt 0.391846 0.793457
vt 0.394531 0.787842
vt 0.406738 0.798340
vt 0.418701 0.806641
vt 0.871094 0.864990
vt 0.866455 0.850342
vt 0.874268 0.863770
vt 0.866943 0.880127
vt 0.869629 0.847412
vt 0.864014 0.834717
vt 0.875488 0.848145
vt 0.868896 0.829590
vt 0.868164 0.818115
vt 0.871826 0.817139
vt 0.873047 0.808105
vt 0.876221 0.810547
vt 0.879150 0.818604
vt 0.875000 0.830811
vt 0.900146 0.828857
vt 0.882568 0.837158
vt 0.898193 0.836670
vt 0.909424 0.838623
vt 0.899170 0.844482
vt 0.877441 0.857178
vt 0.903320 0.851318
vt 0.881836 0.865723
vt 0.830811 0.049561
vt 0.852539 0.041504
vt 0.856934 0.054688
vt 0.831787 0.057861
vt 0.833008 0.064209
vt 0.857666 0.068359
vt 0.819580 0.058105
vt 0.818115 0.052002
vt 0.809326 0.059570
vt 0.818848 0.065674
vt 0.831055 0.071533
vt 0.855225 0.078125
vt 0.817383 0.071045
vt 0.805176 0.077637
vt 0.825928 0.075684
vt 0.839111 0.458496
vt 0.836914 0.495850
vt 0.821289 0.464600
vt 0.817383 0.453125
vt 0.833984 0.431885
vt 0.799561 0.456543
vt 0.811523 0.470459
vt 0.799561 0.476807
vt 0.786865 0.452637
vt 0.796387 0.441162
vt 0.792725 0.445801
vt 0.783447 0.441895
vt 0.804443 0.441406
vt 0.798584 0.429932
vt 0.793945 0.429932
vt 0.795654 0.422119
vt 0.803467 0.425537
vt 0.797607 0.420654
vt 0.809082 0.441162
vt 0.808350 0.425781
vt 0.818359 0.416992
vt 0.816895 0.414062
vt 0.832275 0.415527
vt 0.837646 0.413086
vt 0.820312 0.419434
vt 0.836182 0.421143
vt 0.811035 0.427734
vt 0.818359 0.425293
vt 0.828613 0.423584
vt 0.822266 0.429932
vt 0.824219 0.437500
vt 0.826904 0.430176
vt 0.249268 0.031738
vt 0.253662 0.071289
vt 0.235596 0.082031
vt 0.236328 0.052002
vt 0.423096 0.955811
vt 0.432129 0.949951
vt 0.424805 0.960449
vt 0.429443 0.963135
vt 0.421875 0.962646
vt 0.433105 0.971436
vt 0.790527 0.614014
vt 0.794678 0.576416
vt 0.793213 0.597900
vt 0.793213 0.637939
vt 0.792969 0.662598
vt 0.794678 0.663818
vt 0.091797 0.738281
vt 0.097656 0.745117
vt 0.084961 0.739990
vt 0.081055 0.742920
vt 0.088867 0.724121
vt 0.092285 0.719482
vt 0.080322 0.721191
vt 0.084717 0.725342
vt 0.078369 0.736572
vt 0.082275 0.734131
vt 0.079834 0.733154
vt 0.059570 0.722412
vt 0.088379 0.709229
vt 0.066895 0.725342
vt 0.075928 0.727295
vt 0.071777 0.728271
vt 0.070801 0.737061
vt 0.066406 0.734375
vt 0.061768 0.729980
vt 0.067383 0.744629
vt 0.059570 0.742432
vt 0.074219 0.767578
vt 0.059814 0.748535
vt 0.064209 0.794678
vt 0.050293 0.753174
vt 0.036133 0.531982
vt 0.031494 0.531250
vt 0.030518 0.522461
vt 0.034180 0.523193
vt 0.028076 0.526367
vt 0.018311 0.526367
vt 0.029541 0.516602
vt 0.033936 0.497314
vt 0.017578 0.518555
vt 0.013916 0.526367
vt 0.030518 0.506104
vt 0.016113 0.504150
vt 0.025879 0.508545
vt 0.023193 0.513428
vt 0.075195 0.287109
vt 0.065918 0.285645
vt 0.070068 0.277588
vt 0.063721 0.279541
vt 0.043701 0.301514
vt 0.058594 0.277100
vt 0.074951 0.268799
vt 0.078857 0.269043
vt 0.068115 0.267334
vt 0.070312 0.269775
vt 0.066406 0.260986
vt 0.052490 0.269287
vt 0.073242 0.261963
vt 0.063477 0.256592
vt 0.062988 0.239258
vt 0.075928 0.261963
vt 0.061035 0.230713
vt 0.058105 0.256104
vt 0.043945 0.262451
vt 0.054688 0.250488
vt 0.060791 0.249512
vt 0.052002 0.240967
vt 0.060303 0.243652
vt 0.059326 0.237793
vt 0.420654 0.912354
vt 0.429443 0.942871
vt 0.395996 0.911133
vt 0.364990 0.895264
vt 0.392090 0.897217
vt 0.423340 0.904053
vt 0.448975 0.895264
vt 0.448975 0.889893
vt 0.450684 0.882568
vt 0.280762 0.689941
vt 0.275879 0.686035
vt 0.285645 0.687012
vt 0.272949 0.680420
vt 0.293213 0.687500
vt 0.287109 0.683594
vt 0.274658 0.679199
vt 0.292969 0.697021
vt 0.292480 0.681152
vt 0.300781 0.677490
vt 0.304199 0.683594
vt 0.261719 0.660889
vt 0.315430 0.671387
vt 0.264160 0.552246
vt 0.354980 0.580078
vt 0.307861 0.681641
vt 0.310303 0.677490
vt 0.315674 0.680664
vt 0.326660 0.673340
vt 0.343018 0.662109
vt 0.361816 0.583008
vt 0.330078 0.668701
vt 0.341309 0.667725
vt 0.355713 0.634277
vt 0.363770 0.583496
vt 0.322998 0.677734
vt 0.349365 0.660156
vt 0.329834 0.673584
vt 0.313721 0.692383
vt 0.319580 0.691162
vt 0.329590 0.689941
vt 0.337646 0.686279
vt 0.322266 0.703857
vt 0.309082 0.707764
vt 0.346191 0.685059
vt 0.337646 0.700684
vt 0.347900 0.699951
vt 0.358643 0.697998
vt 0.328125 0.704346
vt 0.332031 0.713623
vt 0.353516 0.678955
vt 0.315186 0.708252
vt 0.320557 0.717529
vt 0.315918 0.720459
vt 0.309814 0.720215
vt 0.305664 0.720459
vt 0.362793 0.692627
vt 0.307617 0.710449
vt 0.297363 0.712646
vt 0.303223 0.708496
vt 0.362305 0.672852
vt 0.374268 0.685059
vt 0.372070 0.694580
vt 0.385742 0.695557
vt 0.379639 0.672363
vt 0.391602 0.682373
vt 0.355225 0.665283
vt 0.372559 0.668457
vt 0.380615 0.671631
vt 0.362793 0.666504
vt 0.377441 0.661621
vt 0.370361 0.665771
vt 0.372070 0.661621
vt 0.366455 0.661865
vt 0.386475 0.666504
vt 0.361328 0.663330
vt 0.372314 0.656982
vt 0.364258 0.660400
vt 0.368652 0.659424
vt 0.381592 0.659912
vt 0.368896 0.655273
vt 0.359863 0.661865
vt 0.356445 0.662842
vt 0.357178 0.659424
vt 0.364014 0.657715
vt 0.360107 0.658203
vt 0.356445 0.656738
vt 0.354004 0.660156
vt 0.354004 0.661621
vt 0.374023 0.654785
vt 0.365723 0.585693
vt 0.368896 0.583252
vt 0.367188 0.579834
vt 0.371338 0.579346
vt 0.373291 0.581787
vt 0.380127 0.582520
vt 0.383301 0.587646
vt 0.391846 0.598145
vt 0.395996 0.599365
vt 0.380371 0.653320
vt 0.386719 0.654297
vt 0.390625 0.655273
vt 0.401855 0.597656
vt 0.394287 0.654785
vt 0.405518 0.597168
vt 0.396729 0.655762
vt 0.391602 0.657471
vt 0.391357 0.661133
vt 0.392578 0.665283
vt 0.403320 0.663574
vt 0.404297 0.663086
vt 0.400391 0.657227
vt 0.405762 0.660889
vt 0.398438 0.666504
vt 0.406738 0.666992
vt 0.394775 0.668457
vt 0.396240 0.674072
vt 0.390869 0.671143
vt 0.387451 0.674072
vt 0.401855 0.685303
vt 0.024658 0.659912
vt 0.014893 0.655518
vt 0.030518 0.655762
vt 0.033203 0.667480
vt 0.035645 0.660156
vt 0.032227 0.653076
vt 0.036133 0.665283
vt 0.039062 0.666504
vt 0.037109 0.671387
vt 0.125977 0.923828
vt 0.133057 0.945312
vt 0.125732 0.947754
vt 0.783203 0.410156
vt 0.763428 0.433105
vt 0.760254 0.426270
vt 0.748047 0.435791
vt 0.753174 0.427734
vt 0.751709 0.420410
vt 0.744629 0.430908
vt 0.745605 0.422607
vt 0.745117 0.410889
vt 0.738281 0.433594
vt 0.747314 0.443604
vt 0.753662 0.444580
vt 0.758301 0.446289
vt 0.778564 0.444580
vt 0.753662 0.451660
vt 0.744629 0.447754
vt 0.735596 0.427490
vt 0.728027 0.427490
vt 0.738525 0.417969
vt 0.734619 0.412109
vt 0.730957 0.423096
vt 0.732666 0.439209
vt 0.718750 0.438965
vt 0.736084 0.448730
vt 0.745605 0.463135
vt 0.745361 0.470703
vt 0.757568 0.500488
vt 0.752930 0.477539
vt 0.754150 0.458008
vt 0.768555 0.452881
vt 0.782959 0.461182
vt 0.769775 0.461914
vt 0.762207 0.459717
vt 0.760498 0.468750
vt 0.757324 0.477051
vt 0.757568 0.486816
vt 0.765625 0.479004
vt 0.761475 0.482178
vt 0.763916 0.486572
vt 0.703369 0.045410
vt 0.709229 0.039551
vt 0.726074 0.057373
vt 0.711426 0.068359
vt 0.699463 0.036621
vt 0.696289 0.046631
vt 0.694336 0.056396
vt 0.688721 0.067139
vt 0.700684 0.084961
vt 0.689697 0.049316
vt 0.684326 0.045410
vt 0.678223 0.048340
vt 0.687988 0.053223
vt 0.684814 0.074463
vt 0.683838 0.081543
vt 0.684814 0.060547
vt 0.679932 0.052734
vt 0.672852 0.058105
vt 0.677002 0.040771
vt 0.668945 0.059326
vt 0.678467 0.055908
vt 0.670166 0.068604
vt 0.681641 0.063232
vt 0.682617 0.065918
vt 0.675537 0.063721
vt 0.675537 0.068359
vt 0.675781 0.072266
vt 0.675537 0.076416
vt 0.666992 0.076172
vt 0.970947 0.196289
vt 0.973389 0.180908
vt 0.980225 0.181641
vt 0.968750 0.164551
vt 0.975098 0.157227
vt 0.988037 0.162109
vt 0.984619 0.182373
vt 0.976318 0.194580
vt 0.979980 0.197021
vt 0.985596 0.196533
vt 0.970459 0.202393
vt 0.091309 0.152832
vt 0.105957 0.153076
vt 0.098877 0.156250
vt 0.112793 0.162354
vt 0.103027 0.164307
vt 0.134277 0.168213
vt 0.115234 0.168213
vt 0.131348 0.171875
vt 0.134521 0.180176
vt 0.136475 0.179443
vt 0.146240 0.161133
vt 0.143311 0.151123
vt 0.164551 0.139160
vt 0.157715 0.121338
vt 0.139893 0.131104
vt 0.129395 0.164062
vt 0.131836 0.148926
vt 0.128662 0.158203
vt 0.125488 0.160400
vt 0.122803 0.140625
vt 0.123291 0.120605
vt 0.111816 0.137451
vt 0.123779 0.155518
vt 0.119141 0.158936
vt 0.121826 0.148682
vt 0.115234 0.156006
vt 0.115479 0.151611
vt 0.110107 0.149658
vt 0.655762 0.962402
vt 0.649902 0.956299
vt 0.664307 0.955566
vt 0.638916 0.953369
vt 0.647705 0.949463
vt 0.625244 0.944580
vt 0.666992 0.954102
vt 0.688721 0.960449
vt 0.654785 0.940186
vt 0.668701 0.948730
vt 0.626953 0.938232
vt 0.654541 0.933594
vt 0.658447 0.939453
vt 0.653320 0.937012
vt 0.644043 0.931396
vt 0.644287 0.923828
vt 0.639160 0.934326
vt 0.635986 0.923584
vt 0.644531 0.911621
vt 0.643555 0.898438
vt 0.634521 0.926758
vt 0.624756 0.930908
vt 0.617920 0.935791
vt 0.615967 0.942383
vt 0.610352 0.958496
vt 0.600098 0.950439
vt 0.613525 0.941406
vt 0.597412 0.943848
vt 0.805420 0.110840
vt 0.795410 0.140869
vt 0.801758 0.108887
vt 0.804199 0.104980
vt 0.780518 0.088867
vt 0.780762 0.082764
vt 0.791016 0.080811
vt 0.809570 0.095947
vt 0.818604 0.100586
vt 0.827148 0.092285
vt 0.812500 0.080566
vt 0.822266 0.101562
vt 0.843018 0.104492
vt 0.468506 0.070801
vt 0.471680 0.094971
vt 0.457520 0.088135
vt 0.458740 0.094727
vt 0.457764 0.073242
vt 0.478027 0.064941
vt 0.452637 0.074707
vt 0.455322 0.086182
vt 0.453125 0.053711
vt 0.467773 0.033447
vt 0.450195 0.064941
vt 0.445068 0.055664
vt 0.440186 0.075195
vt 0.427246 0.067139
vt 0.425781 0.064697
vt 0.195557 0.005127
vt 0.206787 0.013428
vt 0.195312 0.013428
vt 0.194092 0.017334
vt 0.045410 0.130859
vt 0.049805 0.127197
vt 0.053223 0.142090
vt 0.063721 0.134277
vt 0.060303 0.120605
vt 0.062012 0.143555
vt 0.068115 0.154053
vt 0.047852 0.147949
vt 0.063965 0.168457
vt 0.079590 0.158447
vt 0.088623 0.146484
vt 0.067627 0.138184
vt 0.086426 0.140381
vt 0.087646 0.134766
vt 0.089844 0.124268
vt 0.111328 0.123047
vt 0.487305 0.958740
vt 0.475342 0.958008
vt 0.473145 0.953125
vt 0.468506 0.963623
vt 0.479248 0.947754
vt 0.467529 0.956787
vt 0.464600 0.945068
vt 0.457764 0.928467
vt 0.458740 0.951172
vt 0.310547 0.028076
vt 0.308594 0.038330
vt 0.300293 0.014404
vt 0.305664 0.001953
vt 0.312500 0.024902
vt 0.325439 0.023682
vt 0.327637 0.029297
vt 0.343750 0.001953
vt 0.320801 0.003662
vt 0.318115 0.009766
vt 0.311279 0.011475
vt 0.316895 0.011230
vt 0.979492 0.002441
vt 0.984131 0.003174
vt 0.979004 0.013428
vt 0.971924 0.001709
vt 0.983887 0.014648
vt 0.996582 0.000488
vt 0.995605 0.024170
vt 0.838867 0.161133
vt 0.822021 0.169189
vt 0.804443 0.169189
vt 0.799805 0.161865
vt 0.818604 0.172119
vt 0.796143 0.172119
vt 0.822998 0.179443
vt 0.777100 0.159180
vt 0.806152 0.171875
vt 0.818359 0.176758
vt 0.805176 0.177490
vt 0.802246 0.181641
vt 0.811035 0.190430
vt 0.797852 0.189941
vt 0.788574 0.181641
vt 0.778320 0.191895
vt 0.773438 0.188477
vt 0.786133 0.172363
vt 0.772217 0.167480
vt 0.782471 0.180664
vt 0.769043 0.174072
vt 0.781982 0.174072
vt 0.839111 0.343994
vt 0.834229 0.330322
vt 0.829590 0.306152
vt 0.826660 0.304443
vt 0.833496 0.270264
vt 0.837402 0.261963
vt 0.817871 0.289551
vt 0.817871 0.292480
vt 0.812988 0.290771
vt 0.816406 0.287598
vt 0.805908 0.286133
vt 0.497314 0.995361
vt 0.515381 0.996826
vt 0.486572 0.996826
vt 0.240967 0.289307
vt 0.280029 0.290771
vt 0.191650 0.321289
vt 0.212646 0.303711
vt 0.219238 0.290039
vt 0.200684 0.302979
vt 0.209473 0.293457
vt 0.215332 0.284424
vt 0.220459 0.283447
vt 0.214111 0.278809
vt 0.208252 0.286621
vt 0.211914 0.271729
vt 0.205566 0.293213
vt 0.192871 0.303711
vt 0.195068 0.285400
vt 0.189941 0.310547
vt 0.179199 0.321533
vt 0.186035 0.303711
vt 0.189209 0.283203
vt 0.180176 0.308594
vt 0.173584 0.306396
vt 0.174561 0.319092
vt 0.174805 0.324463
vt 0.169922 0.330322
vt 0.841553 0.439209
vt 0.852295 0.418701
vt 0.856201 0.429443
vt 0.846680 0.446533
vt 0.855469 0.444580
vt 0.851807 0.447266
vt 0.844238 0.449463
vt 0.858154 0.450928
vt 0.860352 0.448486
vt 0.850342 0.450928
vt 0.864258 0.452393
vt 0.863281 0.455811
vt 0.860352 0.454590
vt 0.859131 0.456055
vt 0.854736 0.457764
vt 0.856445 0.461670
vt 0.861816 0.459229
vt 0.850830 0.465088
vt 0.843262 0.484131
vt 0.744629 0.103027
vt 0.774414 0.113037
vt 0.745850 0.117188
vt 0.775146 0.061035
vt 0.912354 0.000488
vt 0.912354 0.010498
vt 0.889404 0.000244
vt 0.883545 0.010498
vt 0.543213 0.034668
vt 0.551270 0.048340
vt 0.544922 0.064941
vt 0.559326 0.050293
vt 0.554443 0.062988
vt 0.534180 0.066406
vt 0.546631 0.071045
vt 0.542725 0.071533
vt 0.543945 0.086914
vt 0.540771 0.081055
vt 0.537109 0.081055
vt 0.533691 0.086182
vt 0.971680 0.930908
vt 0.980713 0.915283
vt 0.978760 0.948242
vt 0.967285 0.940186
vt 0.963379 0.932129
vt 0.959961 0.937012
vt 0.963379 0.956055
vt 0.958252 0.946533
vt 0.958740 0.958008
vt 0.966309 0.960449
vt 0.966797 0.965332
vt 0.975586 0.954590
vt 0.978271 0.958740
vt 0.982910 0.961182
vt 0.854248 0.355225
vt 0.885010 0.343506
vt 0.890869 0.349121
vt 0.893311 0.341064
vt 0.900635 0.333740
vt 0.901611 0.341064
vt 0.895264 0.361572
vt 0.908691 0.342529
vt 0.898438 0.329590
vt 0.911621 0.335449
vt 0.906006 0.329102
vt 0.900879 0.322754
vt 0.910645 0.330322
vt 0.970703 0.572998
vt 0.975098 0.573730
vt 0.973389 0.587402
vt 0.968994 0.603271
vt 0.972900 0.610107
vt 0.973877 0.625000
vt 0.380615 0.145752
vt 0.388672 0.177979
vt 0.346680 0.143555
vt 0.350830 0.135742
vt 0.345947 0.158447
vt 0.339355 0.148682
vt 0.341064 0.141357
vt 0.330811 0.157715
vt 0.331055 0.136963
vt 0.622803 0.113037
vt 0.644287 0.108887
vt 0.627197 0.117676
vt 0.653809 0.128418
vt 0.635498 0.129883
vt 0.622314 0.122070
vt 0.615967 0.111572
vt 0.611572 0.115479
vt 0.604492 0.116211
vt 0.599121 0.109619
vt 0.611572 0.122314
vt 0.614746 0.129883
vt 0.622559 0.135010
vt 0.630859 0.134277
vt 0.637695 0.150635
vt 0.641846 0.156250
vt 0.634766 0.152100
vt 0.634033 0.159668
vt 0.811279 0.839111
vt 0.818604 0.815918
vt 0.825684 0.819336
vt 0.826416 0.844482
vt 0.810059 0.847900
vt 0.824463 0.853027
vt 0.853271 0.837402
vt 0.864502 0.869141
vt 0.834473 0.820557
vt 0.864502 0.800537
vt 0.843262 0.804443
vt 0.824219 0.808105
vt 0.811279 0.803467
vt 0.827393 0.799561
vt 0.870117 0.054443
vt 0.861084 0.037109
vt 0.902588 0.026611
vt 0.907959 0.040771
vt 0.861816 0.061279
vt 0.908203 0.048096
vt 0.864746 0.071289
vt 0.913330 0.053711
vt 0.691895 0.527832
vt 0.674805 0.498535
vt 0.702148 0.496826
vt 0.709473 0.523682
vt 0.706787 0.532227
vt 0.715576 0.502441
vt 0.697266 0.475830
vt 0.682861 0.462402
vt 0.701904 0.485352
vt 0.716553 0.477051
vt 0.700684 0.452637
vt 0.697021 0.449219
vt 0.676025 0.444336
vt 0.688721 0.433350
vt 0.320312 0.930420
vt 0.309082 0.940918
vt 0.309570 0.929688
vt 0.305176 0.938965
vt 0.300781 0.946045
vt 0.320312 0.933838
vt 0.312744 0.956543
vt 0.320068 0.965576
vt 0.319336 0.960449
vt 0.301025 0.967529
vt 0.290039 0.967041
vt 0.287598 0.954102
vt 0.275391 0.958252
vt 0.265381 0.956055
vt 0.265625 0.960693
vt 0.272461 0.950195
vt 0.280762 0.946533
vt 0.253418 0.953369
vt 0.267090 0.939941
vt 0.076416 0.058594
vt 0.048584 0.086426
vt 0.078369 0.045654
vt 0.053711 0.053955
vt 0.079102 0.040527
vt 0.043213 0.068848
vt 0.037842 0.093750
vt 0.047119 0.054688
vt 0.037598 0.062500
vt 0.046631 0.048584
vt 0.048096 0.045654
vt 0.038330 0.046631
vt 0.040283 0.049561
vt 0.541992 0.408447
vt 0.531494 0.407715
vt 0.536377 0.402344
vt 0.529541 0.393555
vt 0.540527 0.397217
vt 0.551514 0.394287
vt 0.523193 0.406738
vt 0.542236 0.388184
vt 0.525391 0.393066
vt 0.521973 0.384766
vt 0.518311 0.393799
vt 0.536865 0.389648
vt 0.532227 0.387207
vt 0.530762 0.379883
vt 0.516846 0.374756
vt 0.512207 0.380127
vt 0.492920 0.372314
vt 0.490234 0.367188
vt 0.466553 0.367920
vt 0.424072 0.354248
vt 0.527832 0.369873
vt 0.539795 0.378662
vt 0.546631 0.384277
vt 0.555908 0.391846
vt 0.557373 0.373291
vt 0.548340 0.375732
vt 0.535645 0.367676
vt 0.537842 0.356934
vt 0.548340 0.369629
vt 0.547119 0.357422
vt 0.548828 0.351318
vt 0.459473 0.334229
vt 0.453857 0.326172
vt 0.469727 0.333984
vt 0.505859 0.324951
vt 0.447510 0.310303
vt 0.505615 0.309326
vt 0.434570 0.272461
vt 0.555664 0.268799
vt 0.522705 0.307617
vt 0.497314 0.344238
vt 0.486816 0.345215
vt 0.497803 0.353271
vt 0.474854 0.341797
vt 0.481934 0.350342
vt 0.468506 0.344971
vt 0.457275 0.338867
vt 0.473877 0.355225
vt 0.477295 0.353516
vt 0.494873 0.359375
vt 0.488770 0.361572
vt 0.591064 0.923340
vt 0.582275 0.919189
vt 0.571289 0.886230
vt 0.565674 0.898438
vt 0.576416 0.921875
vt 0.527832 0.890869
vt 0.598145 0.915283
vt 0.615967 0.915771
vt 0.608643 0.919922
vt 0.592529 0.883789
vt 0.582031 0.885986
vt 0.572510 0.875977
vt 0.566406 0.865967
vt 0.574219 0.871094
vt 0.582764 0.872314
vt 0.579102 0.869873
vt 0.573975 0.866699
vt 0.588379 0.858154
vt 0.597900 0.867920
vt 0.610596 0.893311
vt 0.612305 0.873779
vt 0.624023 0.911865
vt 0.570312 0.069824
vt 0.563965 0.068848
vt 0.567383 0.043213
vt 0.575928 0.045898
vt 0.582275 0.073975
vt 0.571533 0.031982
vt 0.580078 0.026855
vt 0.028564 0.028809
vt 0.026855 0.038818
vt 0.019775 0.033203
vt 0.019287 0.030762
vt 0.010254 0.027588
vt 0.022705 0.050293
vt 0.016602 0.053223
vt 0.031250 0.063477
vt 0.008057 0.048340
vt 0.018311 0.044189
vt 0.015381 0.043213
vt 0.557373 0.990967
vt 0.550049 0.982910
vt 0.556641 0.984619
vt 0.565186 0.980225
vt 0.572510 0.989502
vt 0.564697 0.974121
vt 0.559814 0.970947
vt 0.568604 0.979736
vt 0.572021 0.974609
vt 0.556641 0.962891
vt 0.577881 0.975098
vt 0.580566 0.971680
vt 0.585205 0.973633
vt 0.645020 0.725830
vt 0.640625 0.716797
vt 0.657471 0.720459
vt 0.652588 0.743652
vt 0.668701 0.745117
vt 0.654053 0.747559
vt 0.670410 0.727783
vt 0.672607 0.744873
vt 0.679932 0.737793
vt 0.665771 0.772217
vt 0.660889 0.772949
vt 0.651367 0.773438
vt 0.660645 0.783203
vt 0.665039 0.789551
vt 0.649658 0.785645
vt 0.641113 0.781250
vt 0.645996 0.791016
vt 0.654053 0.790039
vt 0.650146 0.795410
vt 0.652832 0.803223
vt 0.646484 0.818359
vt 0.397217 0.195801
vt 0.382324 0.194336
vt 0.397217 0.179688
vt 0.400879 0.183350
vt 0.402588 0.159912
vt 0.409912 0.166748
vt 0.405518 0.156006
vt 0.409180 0.173340
vt 0.413574 0.176514
vt 0.433105 0.167969
vt 0.438232 0.162598
vt 0.449951 0.178711
vt 0.430420 0.174561
vt 0.969971 0.483154
vt 0.969971 0.433594
vt 0.978027 0.433594
vt 0.045898 0.243164
vt 0.015869 0.262207
vt 0.017334 0.245605
vt 0.047852 0.229736
vt 0.040771 0.218018
vt 0.016846 0.219482
vt 0.912842 0.893799
vt 0.908447 0.908447
vt 0.903320 0.883301
vt 0.909180 0.877930
vt 0.915527 0.882568
vt 0.920166 0.891602
vt 0.923340 0.896484
vt 0.923340 0.884766
vt 0.926270 0.873535
vt 0.915771 0.879395
vt 0.910889 0.870605
vt 0.906494 0.871582
vt 0.915283 0.868652
vt 0.904541 0.859131
vt 0.922852 0.855469
vt 0.909668 0.856445
vt 0.916016 0.859863
vt 0.918945 0.848389
vt 0.352051 0.020752
vt 0.348145 0.025391
vt 0.348145 0.010986
vt 0.542725 0.986816
vt 0.542725 0.971191
vt 0.545654 0.977783
vt 0.150146 0.197998
vt 0.144531 0.188477
vt 0.154541 0.196533
vt 0.142334 0.196289
vt 0.158936 0.203857
vt 0.147217 0.206055
vt 0.141602 0.203369
vt 0.122559 0.200684
vt 0.113525 0.212891
vt 0.105957 0.228516
vt 0.132324 0.216309
vt 0.135254 0.230957
vt 0.160645 0.213867
vt 0.164551 0.220947
vt 0.169678 0.216553
vt 0.185303 0.214600
vt 0.173828 0.207520
vt 0.176758 0.199951
vt 0.176270 0.212402
vt 0.167236 0.166260
vt 0.156250 0.159668
vt 0.162109 0.159668
vt 0.172363 0.166992
vt 0.184326 0.163086
vt 0.170898 0.182373
vt 0.166260 0.194580
vt 0.177490 0.189941
vt 0.175293 0.177734
vt 0.182373 0.184082
vt 0.178467 0.172852
vt 0.182617 0.167480
vt 0.182861 0.175781
vt 0.198975 0.189453
vt 0.186768 0.175293
vt 0.194336 0.167725
vt 0.206055 0.158203
vt 0.188721 0.184082
vt 0.191406 0.176270
vt 0.195068 0.178223
vt 0.204346 0.165283
vt 0.201660 0.179199
vt 0.208496 0.185791
vt 0.214111 0.201660
vt 0.206055 0.179199
vt 0.209229 0.172363
vt 0.217041 0.185547
vt 0.226074 0.192383
vt 0.211914 0.179688
vt 0.222168 0.166748
vt 0.217285 0.166260
vt 0.212891 0.170654
vt 0.410645 0.104248
vt 0.440674 0.112305
vt 0.403564 0.113525
vt 0.376953 0.105713
vt 0.455322 0.896729
vt 0.479736 0.872559
vt 0.480469 0.893311
vt 0.521484 0.863525
vt 0.460938 0.856689
vt 0.473633 0.854736
vt 0.500488 0.861328
vt 0.462646 0.828613
vt 0.491699 0.841309
vt 0.539062 0.876953
vt 0.529541 0.873779
vt 0.550537 0.875000
vt 0.545166 0.882812
vt 0.513916 0.854980
vt 0.502197 0.849121
vt 0.493652 0.842285
vt 0.507080 0.843750
vt 0.512939 0.846191
vt 0.510254 0.839600
vt 0.501709 0.835205
vt 0.504395 0.830078
vt 0.496094 0.830322
vt 0.941895 0.016113
vt 0.973389 0.014893
vt 0.924805 0.022949
vt 0.951416 0.034668
vt 0.930176 0.048828
vt 0.973877 0.028076
vt 0.949219 0.047607
vt 0.962158 0.044678
vt 0.974365 0.042725
vt 0.964355 0.060547
vt 0.959961 0.050293
vt 0.110596 0.731445
vt 0.107178 0.729004
vt 0.109619 0.724365
vt 0.116943 0.730957
vt 0.114990 0.733154
vt 0.116699 0.728760
vt 0.119141 0.723877
vt 0.115479 0.726807
vt 0.123291 0.723145
vt 0.114746 0.724854
vt 0.113525 0.724365
vt 0.117676 0.721191
vt 0.120605 0.721924
vt 0.126221 0.719238
vt 0.122803 0.716797
vt 0.115967 0.719727
vt 0.107666 0.717773
vt 0.102539 0.725586
vt 0.124756 0.712891
vt 0.108154 0.708984
vt 0.136475 0.707764
vt 0.099854 0.706543
vt 0.119385 0.717041
vt 0.112061 0.717285
vt 0.110352 0.712646
vt 0.114258 0.708984
vt 0.120605 0.711914
vt 0.123047 0.705078
vt 0.131104 0.706055
vt 0.141113 0.700684
vt 0.141846 0.704346
vt 0.145508 0.700439
vt 0.130859 0.700439
vt 0.147705 0.696045
vt 0.124512 0.700195
vt 0.133301 0.696289
vt 0.136719 0.694092
vt 0.131348 0.693359
vt 0.117676 0.700928
vt 0.118408 0.696777
vt 0.112061 0.703125
vt 0.112793 0.698486
vt 0.104492 0.697754
vt 0.089355 0.701416
vt 0.083496 0.695068
vt 0.079590 0.678711
vt 0.080566 0.663574
vt 0.116943 0.693359
vt 0.106689 0.689697
vt 0.088867 0.664795
vt 0.114258 0.688965
vt 0.108398 0.688232
vt 0.098633 0.670166
vt 0.125244 0.685547
vt 0.108154 0.676758
vt 0.106201 0.673584
vt 0.102539 0.666992
vt 0.112305 0.669678
vt 0.107910 0.668701
vt 0.105469 0.666260
vt 0.105469 0.659912
vt 0.107910 0.659180
vt 0.118896 0.658936
vt 0.131592 0.683350
vt 0.133545 0.674561
vt 0.128906 0.666504
vt 0.132324 0.688232
vt 0.141357 0.685791
vt 0.127686 0.690674
vt 0.124512 0.694824
vt 0.137451 0.688477
vt 0.139404 0.692871
vt 0.144775 0.690186
vt 0.146729 0.686279
vt 0.149658 0.680420
vt 0.142090 0.681396
vt 0.149902 0.685547
vt 0.150391 0.690186
vt 0.152588 0.691895
vt 0.205322 0.704346
vt 0.207764 0.699951
vt 0.206787 0.689453
vt 0.153320 0.685791
vt 0.156250 0.681641
vt 0.203613 0.683594
vt 0.199463 0.679199
vt 0.155029 0.678467
vt 0.155518 0.676514
vt 0.204102 0.673340
vt 0.159912 0.673096
vt 0.154785 0.675537
vt 0.162598 0.669434
vt 0.151367 0.674316
vt 0.156982 0.672607
vt 0.147949 0.675293
vt 0.151611 0.670166
vt 0.145264 0.677734
vt 0.144775 0.675537
vt 0.158203 0.669922
vt 0.153076 0.667725
vt 0.155762 0.665527
vt 0.149902 0.667480
vt 0.134521 0.673584
vt 0.132568 0.668945
vt 0.135254 0.668701
vt 0.124268 0.650879
vt 0.141846 0.665039
vt 0.132080 0.660400
vt 0.148438 0.662598
vt 0.145508 0.658203
vt 0.153809 0.659668
vt 0.157715 0.660156
vt 0.160156 0.656494
vt 0.160889 0.658936
vt 0.158447 0.663818
vt 0.159424 0.662598
vt 0.161621 0.664551
vt 0.169189 0.647461
vt 0.174805 0.640381
vt 0.258301 0.844482
vt 0.258789 0.850098
vt 0.253662 0.844238
vt 0.255127 0.855469
vt 0.260986 0.857666
vt 0.260254 0.859863
vt 0.251709 0.860352
vt 0.250732 0.854248
vt 0.256592 0.872314
vt 0.246826 0.848633
vt 0.252686 0.842529
vt 0.244629 0.860840
vt 0.246094 0.870605
vt 0.219238 0.864746
vt 0.214844 0.855957
vt 0.203613 0.870850
vt 0.224121 0.845703
vt 0.170898 0.837646
vt 0.246338 0.838135
vt 0.239746 0.867188
vt 0.230469 0.870605
vt 0.226562 0.875977
vt 0.229980 0.883057
vt 0.234863 0.880371
vt 0.238525 0.872314
vt 0.241455 0.874512
vt 0.245117 0.880859
vt 0.236816 0.888916
vt 0.248535 0.886719
vt 0.253662 0.877197
vt 0.258057 0.888672
vt 0.257324 0.882080
vt 0.259277 0.878418
vt 0.265381 0.878662
vt 0.260986 0.883057
vt 0.262207 0.880371
vt 0.460693 0.104004
vt 0.509277 0.114746
vt 0.462646 0.109131
vt 0.459961 0.106201
vt 0.453369 0.110840
vt 0.445801 0.115723
vt 0.445557 0.108887
vt 0.021729 0.351074
vt 0.028076 0.357666
vt 0.016113 0.363525
vt 0.017578 0.319824
vt 0.015137 0.882080
vt 0.018555 0.877197
vt 0.030518 0.877441
vt 0.059326 0.884277
vt 0.028564 0.869873
vt 0.030762 0.863037
vt 0.027100 0.870117
vt 0.032471 0.857910
vt 0.035889 0.864990
vt 0.087402 0.553223
vt 0.098145 0.551025
vt 0.092529 0.556641
vt 0.105469 0.555420
vt 0.094238 0.562744
vt 0.101807 0.546875
vt 0.084717 0.525879
vt 0.112061 0.590088
vt 0.105713 0.637939
vt 0.072754 0.580566
vt 0.088379 0.626953
vt 0.106201 0.539551
vt 0.111084 0.548096
vt 0.098389 0.526611
vt 0.081055 0.507812
vt 0.094238 0.505615
vt 0.110840 0.531494
vt 0.125488 0.562256
vt 0.137939 0.582520
vt 0.145752 0.615967
vt 0.102051 0.510742
vt 0.093018 0.501465
vt 0.101807 0.492676
vt 0.117188 0.500000
vt 0.114746 0.512451
vt 0.120117 0.535889
vt 0.124756 0.510010
vt 0.131104 0.500977
vt 0.139648 0.513184
vt 0.125732 0.530762
vt 0.127197 0.555176
vt 0.154785 0.564697
vt 0.150635 0.541016
vt 0.172852 0.543213
vt 0.167236 0.576660
vt 0.174805 0.581543
vt 0.182617 0.567383
vt 0.202881 0.570801
vt 0.178955 0.580078
vt 0.193115 0.579834
vt 0.643799 0.272461
vt 0.643799 0.309814
vt 0.632812 0.282715
vt 0.625488 0.283447
vt 0.628174 0.324219
vt 0.608398 0.309326
vt 0.623535 0.232422
vt 0.629639 0.231445
vt 0.640625 0.232910
vt 0.634766 0.229980
vt 0.619385 0.233154
vt 0.623047 0.218262
vt 0.610107 0.233643
vt 0.611084 0.230225
vt 0.602051 0.221436
vt 0.603760 0.234619
vt 0.593506 0.240967
vt 0.590332 0.280518
vt 0.605957 0.322266
vt 0.614258 0.225342
vt 0.615967 0.217041
vt 0.610840 0.218018
vt 0.837402 0.787842
vt 0.844238 0.755859
vt 0.865479 0.760498
vt 0.854980 0.749512
vt 0.842041 0.750488
vt 0.871094 0.763916
vt 0.876221 0.769531
vt 0.893311 0.762207
vt 0.898926 0.767578
vt 0.964844 0.680176
vt 0.980957 0.674805
vt 0.972656 0.686035
vt 0.986084 0.698975
vt 0.978516 0.698486
vt 0.975586 0.716797
vt 0.959473 0.676758
vt 0.953613 0.666992
vt 0.967041 0.715820
vt 0.957031 0.718262
vt 0.966553 0.706787
vt 0.959961 0.702881
vt 0.950195 0.705566
vt 0.942383 0.702393
vt 0.078125 0.305908
vt 0.086426 0.299561
vt 0.090088 0.319336
vt 0.091064 0.331543
vt 0.094238 0.318359
vt 0.101318 0.318604
vt 0.093506 0.299072
vt 0.103760 0.313965
vt 0.102539 0.325928
vt 0.119873 0.305908
vt 0.090088 0.343506
vt 0.096191 0.355469
vt 0.083496 0.384766
vt 0.108398 0.340088
vt 0.089355 0.383545
vt 0.077881 0.404053
vt 0.101318 0.374023
vt 0.089111 0.392822
vt 0.076416 0.417480
vt 0.109375 0.349609
vt 0.109619 0.386719
vt 0.117188 0.373535
vt 0.130371 0.362305
vt 0.403564 0.052979
vt 0.406494 0.026367
vt 0.410400 0.033447
vt 0.415771 0.033203
vt 0.421387 0.052002
vt 0.423340 0.026367
vt 0.439941 0.019043
vt 0.396484 0.017090
vt 0.433105 0.025146
vt 0.431396 0.054443
vt 0.437744 0.032227
vt 0.443604 0.031982
vt 0.439941 0.023682
vt 0.855469 0.337646
vt 0.852051 0.345947
vt 0.849365 0.327148
vt 0.845459 0.337891
vt 0.839355 0.321777
vt 0.838623 0.293945
vt 0.845947 0.294922
vt 0.857910 0.332275
vt 0.882812 0.336426
vt 0.853760 0.312256
vt 0.881348 0.324463
vt 0.882812 0.313477
vt 0.862061 0.326172
vt 0.863281 0.322266
vt 0.857178 0.319092
vt 0.869141 0.311035
vt 0.883057 0.305908
vt 0.861572 0.306152
vt 0.873779 0.289307
vt 0.859375 0.301758
vt 0.850098 0.300537
vt 0.871582 0.285889
vt 0.853271 0.285400
vt 0.856445 0.280518
vt 0.840820 0.281250
vt 0.805908 0.031738
vt 0.796387 0.076904
vt 0.793457 0.029785
vt 0.811523 0.035400
vt 0.889893 0.078857
vt 0.865723 0.101562
vt 0.857910 0.094971
vt 0.852539 0.083496
vt 0.851562 0.092041
vt 0.835205 0.089844
vt 0.830811 0.080078
vt 0.821045 0.477539
vt 0.833008 0.522461
vt 0.823486 0.559814
vt 0.838135 0.550293
vt 0.838135 0.630371
vt 0.831543 0.548096
vt 0.907471 0.619141
vt 0.909668 0.624268
vt 0.891846 0.639404
vt 0.887451 0.634277
vt 0.895996 0.648193
vt 0.891357 0.622803
vt 0.886963 0.622803
vt 0.896729 0.608887
vt 0.895020 0.597168
vt 0.879395 0.623047
vt 0.872559 0.629883
vt 0.888672 0.654785
vt 0.876465 0.617676
vt 0.875977 0.613037
vt 0.871338 0.611328
vt 0.868652 0.614258
vt 0.850342 0.610840
vt 0.869141 0.633789
vt 0.845947 0.613037
vt 0.852295 0.630615
vt 0.842285 0.619629
vt 0.705566 0.162598
vt 0.718750 0.170166
vt 0.693359 0.205811
vt 0.725342 0.173584
vt 0.729980 0.180176
vt 0.739014 0.158936
vt 0.743164 0.162109
vt 0.747803 0.163330
vt 0.521240 0.872803
vt 0.506348 0.898682
vt 0.456299 0.919922
vt 0.489502 0.913086
vt 0.470947 0.926270
vt 0.514160 0.912354
vt 0.488770 0.921875
vt 0.800537 0.675293
vt 0.799316 0.652344
vt 0.814209 0.666992
vt 0.813232 0.675781
vt 0.831787 0.713379
vt 0.831543 0.675537
vt 0.822998 0.668213
vt 0.829102 0.652832
vt 0.834961 0.651611
vt 0.821777 0.647705
vt 0.830566 0.643311
vt 0.812744 0.642578
vt 0.815186 0.649414
vt 0.805908 0.651367
vt 0.812256 0.654053
vt 0.012695 0.923584
vt 0.012695 0.953857
vt 0.000977 0.928711
vt 0.084473 0.066650
vt 0.086914 0.052246
vt 0.091064 0.070312
vt 0.090332 0.051514
vt 0.085205 0.072998
vt 0.781494 0.898438
vt 0.782227 0.905029
vt 0.770508 0.892090
vt 0.737793 0.892334
vt 0.721680 0.888184
vt 0.692139 0.906494
vt 0.739746 0.885742
vt 0.767578 0.886719
vt 0.779053 0.873535
vt 0.751465 0.883057
vt 0.741943 0.863525
vt 0.743408 0.850342
vt 0.731201 0.863037
vt 0.726562 0.881592
vt 0.714111 0.870605
vt 0.711914 0.856445
vt 0.060547 0.988770
vt 0.052246 0.994629
vt 0.052490 0.978760
vt 0.249756 0.010986
vt 0.249268 0.027100
vt 0.241943 0.013916
vt 0.238525 0.012695
vt 0.092041 0.116211
vt 0.068359 0.116211
vt 0.096191 0.111084
vt 0.062500 0.103516
vt 0.089600 0.098877
vt 0.096680 0.105957
vt 0.101074 0.099121
vt 0.106445 0.110840
vt 0.105957 0.098145
vt 0.098389 0.090088
vt 0.067383 0.093506
vt 0.048340 0.097412
vt 0.067871 0.076904
vt 0.081543 0.082764
vt 0.070068 0.084961
vt 0.091797 0.082031
vt 0.083740 0.078369
vt 0.098145 0.077393
vt 0.084229 0.080322
vt 0.398926 0.220703
vt 0.382568 0.226807
vt 0.389160 0.204346
vt 0.403809 0.199463
vt 0.419189 0.211914
vt 0.424316 0.233154
vt 0.407959 0.189453
vt 0.439697 0.225342
vt 0.419434 0.192627
vt 0.441162 0.206543
vt 0.472412 0.204834
vt 0.445557 0.187988
vt 0.423096 0.187500
vt 0.189697 0.019043
vt 0.181641 0.018066
vt 0.182617 0.010986
vt 0.185059 0.027100
vt 0.189941 0.030029
vt 0.903564 0.973877
vt 0.903320 0.964355
vt 0.914307 0.971191
vt 0.903564 0.979980
vt 0.913330 0.961914
vt 0.932129 0.979248
vt 0.907715 0.958984
vt 0.906494 0.944580
vt 0.325684 0.053223
vt 0.326172 0.043945
vt 0.333984 0.053467
vt 0.334717 0.058105
vt 0.339844 0.050781
vt 0.336426 0.074219
vt 0.336670 0.030273
vt 0.349854 0.029541
vt 0.177246 0.023193
vt 0.171875 0.022461
vt 0.173096 0.010254
vt 0.730957 0.011719
vt 0.730957 0.025391
vt 0.894287 0.983887
vt 0.893066 0.971924
vt 0.898682 0.965088
vt 0.892334 0.965088
vt 0.735840 0.011963
vt 0.735840 0.025391
vt 0.302002 0.971924
vt 0.302002 0.989746
vt 0.295166 0.973633
vt 0.037598 0.595703
vt 0.049805 0.569092
vt 0.043457 0.587891
vt 0.226562 0.980957
vt 0.232178 0.964111
vt 0.232178 0.980225
vt 0.850342 0.986816
vt 0.875977 0.971924
vt 0.887939 0.987793
vt 0.050781 0.641846
vt 0.808594 0.981689
vt 0.793213 0.985840
vt 0.770996 0.982910
vt 0.036865 0.972900
vt 0.045654 0.984863
vt 0.036621 0.989014
vt 0.386475 0.956299
vt 0.351318 0.948242
vt 0.368896 0.939453
vt 0.324951 0.954834
vt 0.366211 0.927490
vt 0.385986 0.944824
vt 0.392578 0.951416
vt 0.372070 0.927246
vt 0.364746 0.902344
vt 0.386719 0.939209
vt 0.392578 0.937256
vt 0.398438 0.930664
vt 0.403076 0.941650
vt 0.404541 0.951416
vt 0.412842 0.964355
vt 0.417236 0.957764
vt 0.411865 0.946045
vt 0.416748 0.942139
vt 0.776611 0.935059
vt 0.767334 0.951660
vt 0.776123 0.920166
vt 0.792480 0.951416
vt 0.770264 0.921143
vt 0.760254 0.919434
vt 0.767334 0.923340
vt 0.765869 0.916992
vt 0.776611 0.913330
vt 0.753906 0.916748
vt 0.795898 0.911133
vt 0.830322 0.948975
vt 0.795166 0.906982
vt 0.822266 0.925781
vt 0.807861 0.907959
vt 0.799072 0.899414
vt 0.833740 0.922363
vt 0.806152 0.879883
vt 0.808594 0.887207
vt 0.811523 0.901855
vt 0.815430 0.904785
vt 0.827881 0.908691
vt 0.839111 0.918457
vt 0.817871 0.889160
vt 0.826416 0.884521
vt 0.830322 0.902344
vt 0.820801 0.894775
vt 0.823486 0.898926
vt 0.725586 0.640381
vt 0.713379 0.650879
vt 0.712891 0.635742
vt 0.726318 0.623047
vt 0.736816 0.627930
vt 0.729004 0.609131
vt 0.736328 0.612305
vt 0.742188 0.621582
vt 0.760498 0.621826
vt 0.754639 0.608643
vt 0.736328 0.600098
vt 0.751709 0.598145
vt 0.746338 0.592529
vt 0.733887 0.576904
vt 0.737549 0.589844
vt 0.740967 0.579102
vt 0.737549 0.564697
vt 0.356934 0.987305
vt 0.364746 0.981689
vt 0.363770 0.991699
vt 0.273926 0.964844
vt 0.290771 0.977295
vt 0.279297 0.987061
vt 0.335449 0.423096
vt 0.374023 0.410889
vt 0.363770 0.418213
vt 0.328125 0.429199
vt 0.295410 0.426514
vt 0.341797 0.432617
vt 0.375244 0.419922
vt 0.340820 0.439697
vt 0.310791 0.435303
vt 0.277588 0.427246
vt 0.267822 0.420410
vt 0.236572 0.412109
vt 0.257568 0.424561
vt 0.271484 0.432617
vt 0.292480 0.436768
vt 0.311523 0.442139
vt 0.297852 0.448975
vt 0.316162 0.454590
vt 0.321777 0.479004
vt 0.326172 0.477051
vt 0.352783 0.483398
vt 0.675781 0.321777
vt 0.670654 0.313477
vt 0.672607 0.294678
vt 0.682617 0.314209
vt 0.685059 0.305664
vt 0.688965 0.321045
vt 0.692139 0.344971
vt 0.704346 0.334717
vt 0.706787 0.309326
vt 0.724121 0.307861
vt 0.721436 0.280518
vt 0.692139 0.278809
vt 0.706055 0.259521
vt 0.695312 0.263916
vt 0.726562 0.264648
vt 0.729248 0.260010
vt 0.712891 0.255859
vt 0.710693 0.238281
vt 0.706299 0.248535
vt 0.089844 0.009033
vt 0.089844 0.022217
vt 0.084717 0.022217
vt 0.913330 0.116943
vt 0.911621 0.131104
vt 0.902344 0.135742
vt 0.901855 0.111328
vt 0.894531 0.120361
vt 0.874512 0.134033
vt 0.906494 0.153076
vt 0.912354 0.156982
vt 0.901855 0.177002
vt 0.896729 0.164062
vt 0.894775 0.150146
vt 0.882568 0.152588
vt 0.888184 0.171875
vt 0.867432 0.147705
vt 0.867432 0.136963
vt 0.872803 0.121582
vt 0.861084 0.130615
vt 0.755859 0.160645
vt 0.746338 0.155762
vt 0.745605 0.138672
vt 0.739746 0.144287
vt 0.771484 0.151611
vt 0.730957 0.125732
vt 0.728027 0.125732
vt 0.735107 0.123535
vt 0.726074 0.119629
vt 0.765625 0.120605
vt 0.780029 0.145020
vt 0.772461 0.120850
vt 0.779297 0.126465
vt 0.791748 0.150146
vt 0.775391 0.154785
vt 0.783447 0.142822
vt 0.789551 0.128418
vt 0.969971 0.908203
vt 0.953857 0.918213
vt 0.962158 0.902588
vt 0.976074 0.909912
vt 0.972656 0.913086
vt 0.976074 0.903809
vt 0.965820 0.892822
vt 0.951172 0.869873
vt 0.983154 0.884033
vt 0.956055 0.867920
vt 0.971191 0.868896
vt 0.664062 0.095947
vt 0.689209 0.088379
vt 0.689453 0.106689
vt 0.665527 0.129395
vt 0.695312 0.092529
vt 0.680420 0.124268
vt 0.699951 0.111572
vt 0.705322 0.099365
vt 0.712891 0.089355
vt 0.703369 0.120605
vt 0.726074 0.091797
vt 0.707520 0.128662
vt 0.685303 0.130127
vt 0.454346 0.968018
vt 0.483154 0.968018
vt 0.470459 0.972412
vt 0.481689 0.997803
vt 0.453125 0.983643
vt 0.454102 0.997803
vt 0.863525 0.153564
vt 0.859863 0.154541
vt 0.850098 0.144043
vt 0.854736 0.159424
vt 0.856934 0.141357
vt 0.830322 0.153564
vt 0.850098 0.127441
vt 0.855469 0.120850
vt 0.848389 0.125000
vt 0.819824 0.121338
vt 0.836670 0.126953
vt 0.812500 0.142334
vt 0.813477 0.151367
vt 0.803223 0.139648
vt 0.811523 0.137695
vt 0.797363 0.155029
vt 0.591553 0.078613
vt 0.592529 0.053467
vt 0.607178 0.095459
vt 0.647705 0.097900
vt 0.629883 0.105713
vt 0.649658 0.053223
vt 0.919189 0.459229
vt 0.937500 0.442627
vt 0.941895 0.461426
vt 0.946533 0.458252
vt 0.917236 0.464600
vt 0.957275 0.475830
vt 0.937012 0.469238
vt 0.960205 0.492676
vt 0.168945 0.136475
vt 0.168701 0.114014
vt 0.175537 0.137695
vt 0.179932 0.151855
vt 0.177002 0.117920
vt 0.186035 0.104248
vt 0.183594 0.143555
vt 0.193115 0.136230
vt 0.197021 0.137451
vt 0.200684 0.150879
vt 0.208984 0.141113
vt 0.200195 0.118896
vt 0.233154 0.105469
vt 0.234375 0.133545
vt 0.978271 0.372803
vt 0.966309 0.381104
vt 0.950195 0.386963
vt 0.955322 0.345703
vt 0.951172 0.338623
vt 0.944580 0.333252
vt 0.943604 0.339844
vt 0.924805 0.337646
vt 0.925049 0.332764
vt 0.945801 0.356689
vt 0.919434 0.351562
vt 0.916504 0.366211
vt 0.893311 0.371094
vt 0.932861 0.377197
vt 0.944824 0.390869
vt 0.202393 0.951904
vt 0.193604 0.950928
vt 0.197754 0.936035
vt 0.187500 0.961182
vt 0.163818 0.923096
vt 0.202393 0.935059
vt 0.197021 0.929199
vt 0.223389 0.961182
vt 0.973633 0.260986
vt 0.974121 0.297363
vt 0.967285 0.272461
vt 0.960693 0.260498
vt 0.961182 0.288330
vt 0.952148 0.306396
vt 0.946533 0.262207
vt 0.942627 0.303223
vt 0.942627 0.257324
vt 0.531982 0.008301
vt 0.531982 0.012939
vt 0.523926 0.010254
vt 0.531982 0.028076
vt 0.524170 0.029053
vt 0.476807 0.202148
vt 0.479736 0.159668
vt 0.497803 0.182617
vt 0.512695 0.171143
vt 0.489258 0.194336
vt 0.548584 0.197754
vt 0.539795 0.158447
vt 0.528076 0.200928
vt 0.512207 0.196045
vt 0.506836 0.211670
vt 0.489746 0.202637
vt 0.503662 0.217041
vt 0.961914 0.847412
vt 0.966064 0.835693
vt 0.978760 0.823975
vt 0.982178 0.861572
vt 0.971436 0.816650
vt 0.982178 0.819092
vt 0.959961 0.831055
vt 0.958984 0.811035
vt 0.084229 0.348389
vt 0.074951 0.371338
vt 0.051758 0.357178
vt 0.063721 0.332520
vt 0.042480 0.346680
vt 0.080811 0.334961
vt 0.074707 0.326416
vt 0.067383 0.317383
vt 0.069824 0.294434
vt 0.059570 0.298828
vt 0.982910 0.771729
vt 0.982422 0.790039
vt 0.971436 0.806641
vt 0.964844 0.765381
vt 0.962158 0.802002
vt 0.956787 0.806641
vt 0.959473 0.769043
vt 0.953369 0.763916
vt 0.925781 0.797852
vt 0.495361 0.075928
vt 0.505371 0.073975
vt 0.498535 0.097412
vt 0.480469 0.102051
vt 0.475830 0.073975
vt 0.503906 0.107422
vt 0.509277 0.097168
vt 0.525146 0.079590
vt 0.533936 0.102539
vt 0.932373 0.121338
vt 0.907715 0.104980
vt 0.913818 0.103516
vt 0.921631 0.106201
vt 0.900635 0.075684
vt 0.896240 0.078613
vt 0.891846 0.092529
vt 0.877441 0.104248
vt 0.924072 0.703857
vt 0.906494 0.673340
vt 0.944824 0.685791
vt 0.936279 0.624756
vt 0.894531 0.658936
vt 0.920898 0.496094
vt 0.919922 0.470703
vt 0.938721 0.499023
vt 0.929932 0.511475
vt 0.954590 0.497803
vt 0.915771 0.508301
vt 0.925537 0.513672
vt 0.922119 0.540039
vt 0.914062 0.514160
vt 0.486328 0.029541
vt 0.475586 0.022217
vt 0.497803 0.006348
vt 0.500000 0.020508
vt 0.490967 0.034668
vt 0.508789 0.026611
vt 0.508789 0.018555
vt 0.515625 0.011230
vt 0.519287 0.018311
vt 0.518799 0.025879
vt 0.519531 0.034912
vt 0.808105 0.792480
vt 0.801270 0.824219
vt 0.793213 0.823975
vt 0.800537 0.837891
vt 0.793701 0.836670
vt 0.765137 0.857178
vt 0.778564 0.852295
vt 0.772949 0.864746
vt 0.813232 0.875244
vt 0.905518 0.394775
vt 0.914551 0.375732
vt 0.915283 0.434570
vt 0.905273 0.410400
vt 0.891113 0.397461
vt 0.883789 0.425537
vt 0.896240 0.436035
vt 0.878662 0.434082
vt 0.878906 0.411865
vt 0.872803 0.405518
vt 0.873047 0.418701
vt 0.050781 0.217529
vt 0.044189 0.207275
vt 0.050049 0.189697
vt 0.039307 0.197021
vt 0.033936 0.209717
vt 0.051514 0.182861
vt 0.029785 0.192139
vt 0.037842 0.191406
vt 0.050049 0.174561
vt 0.034424 0.172852
vt 0.016113 0.195801
vt 0.020996 0.175781
vt 0.019287 0.198486
vt 0.021240 0.214600
vt 0.703125 0.152344
vt 0.687988 0.190918
vt 0.693848 0.166260
vt 0.701904 0.149170
vt 0.726074 0.135010
vt 0.716797 0.136475
vt 0.709229 0.141357
vt 0.681641 0.159912
vt 0.701904 0.133545
vt 0.711670 0.133789
vt 0.699707 0.142822
vt 0.690186 0.147461
vt 0.678223 0.144775
vt 0.674561 0.148438
vt 0.656250 0.133789
vt 0.662354 0.158203
vt 0.158691 0.106201
vt 0.164551 0.114990
vt 0.148682 0.107910
vt 0.157959 0.094238
vt 0.167725 0.099121
vt 0.147461 0.100586
vt 0.152832 0.092041
vt 0.170166 0.081299
vt 0.134033 0.080566
vt 0.139404 0.103516
vt 0.121338 0.084961
vt 0.128418 0.112793
vt 0.125732 0.116455
vt 0.130371 0.101318
vt 0.127441 0.104980
vt 0.111328 0.092773
vt 0.080322 0.221436
vt 0.083740 0.216797
vt 0.098877 0.233887
vt 0.101807 0.244385
vt 0.079590 0.224609
vt 0.082520 0.234375
vt 0.105469 0.252686
vt 0.084229 0.240723
vt 0.142090 0.235107
vt 0.082520 0.246094
vt 0.195801 0.219971
vt 0.179932 0.233154
vt 0.141113 0.247559
vt 0.173096 0.252686
vt 0.104980 0.258789
vt 0.082031 0.255127
vt 0.087891 0.264893
vt 0.109863 0.268799
vt 0.088867 0.272705
vt 0.090820 0.281006
vt 0.108643 0.275635
vt 0.092041 0.289062
vt 0.096924 0.292969
vt 0.111816 0.277100
vt 0.099365 0.295166
vt 0.106445 0.291016
vt 0.112793 0.287598
vt 0.124268 0.286133
vt 0.108154 0.303711
vt 0.146484 0.286133
vt 0.171143 0.274170
vt 0.156006 0.287842
vt 0.178467 0.286377
vt 0.177490 0.258057
vt 0.185059 0.261963
vt 0.192627 0.262939
vt 0.730957 0.981445
vt 0.730957 0.991943
vt 0.724121 0.991943
vt 0.721924 0.984375
vt 0.448975 0.989014
vt 0.440186 0.977051
vt 0.448242 0.972656
vt 0.578613 0.992188
vt 0.582764 0.979492
vt 0.582275 0.989990
vt 0.591064 0.982422
vt 0.588379 0.994141
vt 0.323730 0.986816
vt 0.324951 0.967041
vt 0.329102 0.980713
vt 0.338135 0.980957
vt 0.328369 0.968506
vt 0.332275 0.961182
vt 0.031006 0.795654
vt 0.028320 0.809326
vt 0.022949 0.800537
vt 0.025391 0.789307
vt 0.022217 0.792969
vt 0.018066 0.796387
vt 0.013428 0.790039
vt 0.011475 0.801758
vt 0.009766 0.795410
vt 0.011475 0.802979
vt 0.007324 0.809570
vt 0.001221 0.805908
vt 0.743408 0.091064
vt 0.730713 0.115234
vt 0.735596 0.086914
vt 0.745850 0.078857
vt 0.739258 0.078125
vt 0.731201 0.059082
vt 0.584229 0.009277
vt 0.584229 0.021973
vt 0.577637 0.021484
vt 0.360107 0.051758
vt 0.346191 0.051270
vt 0.373047 0.045166
vt 0.354004 0.055664
vt 0.369873 0.050537
vt 0.381348 0.052490
vt 0.369141 0.070068
vt 0.374268 0.075439
vt 0.384277 0.070557
vt 0.367920 0.078125
vt 0.376221 0.093994
vt 0.381348 0.080078
vt 0.992676 0.604736
vt 0.977539 0.602051
vt 0.990234 0.597412
vt 0.978516 0.590332
vt 0.999756 0.602295
vt 0.999268 0.594971
vt 0.992432 0.593506
vt 0.995605 0.586670
vt 0.989258 0.590332
vt 0.990234 0.584473
vt 0.994629 0.580322
vt 0.981689 0.580811
vt 0.524658 0.033691
vt 0.531738 0.038574
vt 0.523926 0.055664
vt 0.533936 0.045898
vt 0.311279 0.184326
vt 0.305420 0.185791
vt 0.293213 0.177490
vt 0.307373 0.202881
vt 0.314209 0.205078
vt 0.316406 0.225586
vt 0.321045 0.221191
vt 0.325684 0.229248
vt 0.325439 0.222900
vt 0.322021 0.209717
vt 0.315430 0.194092
vt 0.315918 0.183838
vt 0.317139 0.176270
vt 0.334961 0.173584
vt 0.329346 0.187256
vt 0.346191 0.209229
vt 0.352539 0.217041
vt 0.342529 0.196045
vt 0.352783 0.212158
vt 0.334961 0.179199
vt 0.341064 0.177490
vt 0.341797 0.170654
vt 0.347412 0.195068
vt 0.350830 0.204102
vt 0.357666 0.204590
vt 0.360596 0.216309
vt 0.363037 0.209717
vt 0.363525 0.204590
vt 0.356689 0.200928
vt 0.363770 0.195801
vt 0.366211 0.206055
vt 0.368164 0.204346
vt 0.376221 0.201904
vt 0.346436 0.185303
vt 0.349854 0.188721
vt 0.349121 0.181885
vt 0.347656 0.176514
vt 0.359131 0.185059
vt 0.348633 0.173096
vt 0.357666 0.180908
vt 0.352295 0.167725
vt 0.374023 0.179688
vt 0.360596 0.175781
vt 0.365967 0.187988
vt 0.372070 0.194824
vt 0.370361 0.187500
vt 0.993408 0.995361
vt 0.968750 0.996582
vt 0.977051 0.983398
vt 0.995361 0.979980
vt 0.977295 0.971680
vt 0.995850 0.971191
vt 0.004639 0.610596
vt 0.001465 0.603516
vt 0.015869 0.607178
vt 0.015381 0.604004
vt 0.000488 0.597168
vt 0.011230 0.595703
vt 0.003174 0.593262
vt 0.018555 0.598877
vt 0.015137 0.591064
vt 0.005859 0.588623
vt 0.022217 0.596191
vt 0.032959 0.593994
vt 0.023438 0.591553
vt 0.012939 0.581055
vt 0.004395 0.577637
vt 0.029053 0.589844
vt 0.017822 0.577637
vt 0.032959 0.583984
vt 0.416504 0.976074
vt 0.399414 0.989990
vt 0.398682 0.970215
vt 0.392822 0.959961
vt 0.391846 0.970215
vt 0.391602 0.966309
vt 0.382568 0.968994
vt 0.387695 0.970947
vt 0.387451 0.985107
vt 0.203125 0.213623
vt 0.202393 0.203125
vt 0.206543 0.212646
vt 0.220947 0.223389
vt 0.223633 0.213135
vt 0.233154 0.203613
vt 0.233154 0.193848
vt 0.245605 0.207275
vt 0.236084 0.191650
vt 0.236572 0.208740
vt 0.249023 0.205322
vt 0.236816 0.214844
vt 0.249268 0.216797
vt 0.237305 0.218750
vt 0.249512 0.226074
vt 0.257568 0.209229
vt 0.238525 0.225830
vt 0.222412 0.227295
vt 0.257812 0.223877
vt 0.264648 0.201416
vt 0.252930 0.199463
vt 0.244629 0.233887
vt 0.234863 0.235840
vt 0.233887 0.239014
vt 0.217529 0.236328
vt 0.277100 0.209473
vt 0.288818 0.202393
vt 0.287109 0.222412
vt 0.249512 0.240723
vt 0.245850 0.264160
vt 0.241211 0.246582
vt 0.242188 0.257812
vt 0.237061 0.272217
vt 0.239014 0.266113
vt 0.227295 0.261719
vt 0.228760 0.252441
vt 0.213379 0.243896
vt 0.227295 0.245361
vt 0.288574 0.212402
vt 0.294434 0.224121
vt 0.293701 0.212646
vt 0.305420 0.216553
vt 0.301025 0.206055
vt 0.293213 0.208008
vt 0.289551 0.208252
vt 0.295166 0.199707
vt 0.313965 0.079102
vt 0.316162 0.086670
vt 0.310059 0.083496
vt 0.302979 0.088379
vt 0.308838 0.092041
vt 0.302734 0.082031
vt 0.299316 0.077148
vt 0.323486 0.063721
vt 0.297363 0.069092
vt 0.313477 0.047119
vt 0.282471 0.083496
vt 0.282471 0.076904
vt 0.273193 0.071045
vt 0.292480 0.057861
vt 0.287354 0.064697
vt 0.265869 0.066406
vt 0.278076 0.060547
vt 0.277344 0.056885
vt 0.269043 0.054688
vt 0.278076 0.051025
vt 0.293701 0.049805
vt 0.914795 0.979492
vt 0.925293 0.983154
vt 0.918213 0.986328
vt 0.910156 0.987305
vt 0.924805 0.991211
vt 0.916260 0.991943
vt 0.924805 0.994629
vt 0.917236 0.997070
vt 0.163086 0.001221
vt 0.158203 0.007568
vt 0.153809 0.009277
vt 0.160156 0.011230
vt 0.150635 0.016846
vt 0.167236 0.014893
vt 0.152588 0.034180
vt 0.144775 0.031006
vt 0.140381 0.001221
vt 0.135986 0.025635
vt 0.122070 0.024414
vt 0.831299 0.395752
vt 0.821533 0.393799
vt 0.824463 0.379150
vt 0.826416 0.360840
vt 0.831787 0.365234
vt 0.821533 0.346924
vt 0.822510 0.353760
vt 0.806641 0.343994
vt 0.807129 0.338623
vt 0.799561 0.334473
vt 0.817627 0.338623
vt 0.829834 0.336426
vt 0.804443 0.328369
vt 0.802002 0.318848
vt 0.024902 0.487793
vt 0.034912 0.489502
vt 0.016846 0.498535
vt 0.010010 0.487793
vt 0.008545 0.003906
vt 0.030762 0.003174
vt 0.012207 0.007812
vt 0.009766 0.018555
vt 0.002441 0.017090
vt 0.021729 0.023193
vt 0.031006 0.022217
vt 0.847412 0.558838
vt 0.847412 0.545654
vt 0.852295 0.550293
vt 0.853760 0.559814
vt 0.859863 0.563232
vt 0.852051 0.568604
vt 0.842285 0.564697
vt 0.865234 0.571533
vt 0.842285 0.584717
vt 0.856445 0.587158
vt 0.872559 0.581787
vt 0.851562 0.592529
vt 0.843994 0.601562
vt 0.864014 0.590332
vt 0.862793 0.593994
vt 0.866943 0.604492
vt 0.869141 0.597412
vt 0.873779 0.594482
vt 0.886230 0.596191
vt 0.829834 0.181396
vt 0.836914 0.183105
vt 0.828125 0.188477
vt 0.840088 0.208496
vt 0.831787 0.214844
vt 0.856934 0.174805
vt 0.854248 0.193848
vt 0.864014 0.209229
vt 0.863525 0.196533
vt 0.866455 0.209717
vt 0.867676 0.220215
vt 0.872314 0.218994
vt 0.860352 0.222168
vt 0.840820 0.224365
vt 0.856689 0.242188
vt 0.834473 0.251709
vt 0.836182 0.232910
vt 0.828613 0.244385
vt 0.825684 0.229492
vt 0.683105 0.264893
vt 0.687744 0.273193
vt 0.668213 0.282471
vt 0.662354 0.263672
vt 0.660889 0.291748
vt 0.647461 0.246826
vt 0.652100 0.317383
vt 0.661133 0.239502
vt 0.673096 0.251709
vt 0.683105 0.253174
vt 0.688721 0.264404
vt 0.687012 0.251709
vt 0.682129 0.246826
vt 0.688477 0.244385
vt 0.676514 0.243896
vt 0.657227 0.231934
vt 0.678467 0.233643
vt 0.664551 0.216797
vt 0.390625 0.408936
vt 0.414062 0.414795
vt 0.395996 0.433838
vt 0.413818 0.437256
vt 0.514648 0.399414
vt 0.389893 0.428223
vt 0.386230 0.407471
vt 0.390137 0.435303
vt 0.386719 0.445557
vt 0.381348 0.431641
vt 0.387451 0.426514
vt 0.414551 0.673340
vt 0.424561 0.662109
vt 0.425293 0.681396
vt 0.445312 0.666260
vt 0.557617 0.720215
vt 0.451416 0.700684
vt 0.444824 0.678223
vt 0.432129 0.705322
vt 0.422852 0.708008
vt 0.418457 0.684570
vt 0.408447 0.681396
vt 0.415283 0.689453
vt 0.418945 0.706055
vt 0.409912 0.687500
vt 0.408447 0.710938
vt 0.407471 0.717285
vt 0.400391 0.718750
vt 0.402100 0.701904
vt 0.177979 0.961914
vt 0.183105 0.965332
vt 0.175781 0.971191
vt 0.169434 0.963867
vt 0.166504 0.943359
vt 0.158203 0.949707
vt 0.152588 0.973145
vt 0.137451 0.951416
vt 0.669678 0.403564
vt 0.701172 0.393311
vt 0.687988 0.399658
vt 0.702148 0.407227
vt 0.708008 0.403809
vt 0.713379 0.413818
vt 0.689941 0.407959
vt 0.707031 0.420898
vt 0.721924 0.406738
vt 0.685791 0.410889
vt 0.697021 0.431885
vt 0.726318 0.480225
vt 0.845215 0.728760
vt 0.849609 0.708008
vt 0.854248 0.723389
vt 0.858398 0.737793
vt 0.859863 0.724365
vt 0.868896 0.739502
vt 0.866943 0.718994
vt 0.880127 0.708984
vt 0.872314 0.720703
vt 0.875488 0.737061
vt 0.880371 0.723145
vt 0.883789 0.721436
vt 0.892822 0.717773
vt 0.881836 0.729492
vt 0.873047 0.748779
vt 0.875000 0.757568
vt 0.890137 0.742188
vt 0.885010 0.737549
vt 0.897217 0.724854
vt 0.907227 0.729980
vt 0.897461 0.713379
vt 0.913574 0.728027
vt 0.906982 0.709961
vt 0.039307 0.487305
vt 0.040771 0.474854
vt 0.060059 0.474854
vt 0.084229 0.489014
vt 0.682373 0.022217
vt 0.681641 0.028564
vt 0.673340 0.027344
vt 0.668945 0.020996
vt 0.660889 0.042725
vt 0.677979 0.017578
vt 0.645508 0.029053
vt 0.649170 0.048828
vt 0.639160 0.030762
vt 0.642822 0.019043
vt 0.655762 0.017822
vt 0.666748 0.012939
vt 0.675293 0.010498
vt 0.677002 0.001221
vt 0.645752 0.010986
vt 0.633301 0.010742
vt 0.639404 0.003662
vt 0.446045 0.712158
vt 0.451416 0.717041
vt 0.449707 0.734863
vt 0.440430 0.726318
vt 0.455811 0.729980
vt 0.466309 0.714111
vt 0.467041 0.720703
vt 0.476074 0.725830
vt 0.477783 0.720947
vt 0.487793 0.722900
vt 0.496094 0.726562
vt 0.478760 0.738525
vt 0.466064 0.737549
vt 0.484863 0.747803
vt 0.460449 0.747803
vt 0.462158 0.767334
vt 0.460205 0.762695
vt 0.455566 0.759766
vt 0.451172 0.746826
vt 0.441650 0.745117
vt 0.444092 0.754639
vt 0.448975 0.767090
vt 0.440918 0.760498
vt 0.440186 0.769287
vt 0.434082 0.752930
vt 0.426270 0.756104
vt 0.437256 0.773438
vt 0.428955 0.771973
vt 0.423096 0.765625
vt 0.405762 0.790039
vt 0.405029 0.752686
vt 0.419189 0.719238
vt 0.391357 0.730225
vt 0.983887 0.667236
vt 0.961914 0.666992
vt 0.959717 0.658203
vt 0.970459 0.654053
vt 0.977295 0.654053
vt 0.990234 0.630127
vt 0.977539 0.634766
vt 0.973877 0.629883
vt 0.958984 0.641113
vt 0.942139 0.631348
vt 0.957275 0.635498
vt 0.673828 0.596436
vt 0.697998 0.604980
vt 0.685547 0.619141
vt 0.665039 0.600098
vt 0.686523 0.642090
vt 0.722412 0.595215
vt 0.687988 0.684082
vt 0.946533 0.950684
vt 0.924805 0.964355
vt 0.911377 0.930908
vt 0.922852 0.918701
vt 0.936523 0.924072
vt 0.941162 0.916992
vt 0.936768 0.906494
vt 0.933350 0.901123
vt 0.942139 0.898193
vt 0.915283 0.918457
vt 0.921143 0.903809
vt 0.911865 0.913818
vt 0.907715 0.921631
vt 0.891602 0.925537
vt 0.900391 0.917969
vt 0.301514 0.228271
vt 0.314453 0.235840
vt 0.263672 0.230713
vt 0.265625 0.236816
vt 0.319824 0.244141
vt 0.266846 0.256348
vt 0.316162 0.251709
vt 0.331787 0.232666
vt 0.260986 0.266602
vt 0.278320 0.264160
vt 0.313232 0.263916
vt 0.281738 0.276123
vt 0.322754 0.259766
vt 0.311768 0.277588
vt 0.285645 0.290283
vt 0.312744 0.291748
vt 0.322021 0.285645
vt 0.330811 0.283936
vt 0.334717 0.243408
vt 0.343994 0.226807
vt 0.330078 0.262939
vt 0.375244 0.282959
vt 0.359863 0.228027
vt 0.366943 0.266113
vt 0.362305 0.252686
vt 0.368164 0.249756
vt 0.374268 0.232666
vt 0.675537 0.391846
vt 0.664062 0.396729
vt 0.664551 0.390137
vt 0.667969 0.386719
vt 0.644287 0.383301
vt 0.686035 0.385986
vt 0.669434 0.375977
vt 0.647705 0.368164
vt 0.670410 0.371094
vt 0.638916 0.372803
vt 0.630615 0.375488
vt 0.620850 0.368408
vt 0.640625 0.360840
vt 0.635010 0.387451
vt 0.612061 0.388672
vt 0.627930 0.389893
vt 0.655518 0.396484
vt 0.665527 0.404541
vt 0.650879 0.353760
vt 0.641602 0.349854
vt 0.647461 0.348145
vt 0.658936 0.361816
vt 0.678467 0.359131
vt 0.669189 0.359131
vt 0.676025 0.353516
vt 0.660645 0.350586
vt 0.662354 0.345215
vt 0.676270 0.345703
vt 0.656494 0.339355
vt 0.651611 0.332520
vt 0.677734 0.331543
vt 0.662109 0.331299
vt 0.670898 0.329590
vt 0.655762 0.321533
vt 0.578857 0.224609
vt 0.590088 0.235596
vt 0.567383 0.228516
vt 0.570312 0.223145
vt 0.588379 0.217773
vt 0.573486 0.234863
vt 0.579590 0.243896
vt 0.550781 0.216797
vt 0.562012 0.234619
vt 0.568115 0.241699
vt 0.582031 0.256836
vt 0.556396 0.239258
vt 0.569824 0.251465
vt 0.564941 0.258789
vt 0.585449 0.264648
vt 0.561035 0.246826
vt 0.548096 0.245117
vt 0.539062 0.232910
vt 0.562744 0.266113
vt 0.573975 0.274414
vt 0.552246 0.253418
vt 0.547363 0.259033
vt 0.540771 0.252930
vt 0.531006 0.260254
vt 0.535400 0.249023
vt 0.523682 0.251465
vt 0.518555 0.244629
vt 0.504883 0.241211
vt 0.531982 0.230225
vt 0.523438 0.218018
vt 0.517822 0.237793
vt 0.518311 0.233154
vt 0.517334 0.217285
vt 0.482422 0.244629
vt 0.483643 0.239502
vt 0.493652 0.239258
vt 0.501221 0.236816
vt 0.500244 0.226074
vt 0.494629 0.226318
vt 0.483154 0.230225
vt 0.476807 0.221680
vt 0.735840 0.747803
vt 0.718506 0.751709
vt 0.734619 0.744385
vt 0.750244 0.749023
vt 0.747803 0.743164
vt 0.725586 0.692627
vt 0.711426 0.700195
vt 0.736084 0.681641
vt 0.698242 0.701660
vt 0.699707 0.734863
vt 0.704346 0.695801
vt 0.688965 0.702393
vt 0.680420 0.697266
vt 0.678467 0.693848
vt 0.705566 0.691406
vt 0.718506 0.680664
vt 0.735596 0.674561
vt 0.724365 0.659912
vt 0.735596 0.658447
vt 0.743896 0.660889
vt 0.750977 0.656982
vt 0.656982 0.419434
vt 0.649170 0.422607
vt 0.645508 0.412109
vt 0.640625 0.417236
vt 0.630615 0.421875
vt 0.637451 0.406982
vt 0.635986 0.416260
vt 0.955322 0.613281
vt 0.938721 0.615234
vt 0.950439 0.608154
vt 0.922607 0.585449
vt 0.943604 0.576660
vt 0.964600 0.608887
vt 0.947266 0.579590
vt 0.952881 0.572998
vt 0.951416 0.558105
vt 0.916504 0.073486
vt 0.903320 0.064209
vt 0.937988 0.053223
vt 0.929443 0.073242
vt 0.918701 0.078369
vt 0.947266 0.078125
vt 0.953613 0.061035
vt 0.928955 0.086182
vt 0.917480 0.082275
vt 0.946533 0.087158
vt 0.930176 0.106445
vt 0.952393 0.107666
vt 0.944336 0.108398
vt 0.686523 0.731201
vt 0.693359 0.729736
vt 0.690674 0.738281
vt 0.694336 0.741943
vt 0.685791 0.739746
vt 0.687988 0.760254
vt 0.688721 0.771484
vt 0.680664 0.770264
vt 0.682617 0.752686
vt 0.682373 0.798096
vt 0.684326 0.800781
vt 0.664551 0.829590
vt 0.660156 0.830078
vt 0.697754 0.828613
vt 0.758789 0.371582
vt 0.756104 0.377930
vt 0.746094 0.347656
vt 0.764160 0.389404
vt 0.766113 0.386475
vt 0.753174 0.381348
vt 0.713379 0.350830
vt 0.710205 0.327637
vt 0.733398 0.318359
vt 0.757324 0.326904
vt 0.747314 0.315674
vt 0.741699 0.306396
vt 0.754639 0.318359
vt 0.752930 0.307373
vt 0.761230 0.311768
vt 0.729248 0.371338
vt 0.696777 0.369385
vt 0.692139 0.356934
vt 0.713867 0.387939
vt 0.680908 0.367432
vt 0.745361 0.394287
vt 0.742432 0.404541
vt 0.751953 0.387451
vt 0.758789 0.387695
vt 0.115234 0.193359
vt 0.101318 0.212646
vt 0.083984 0.208984
vt 0.057861 0.226318
vt 0.056641 0.211182
vt 0.056641 0.192627
vt 0.092529 0.174561
vt 0.119385 0.175293
vt 0.056152 0.177002
vt 0.087402 0.167725
vt 0.815430 0.988037
vt 0.812012 0.973145
vt 0.818604 0.954590
vt 0.842041 0.983154
vt 0.836182 0.957275
vt 0.843994 0.959717
vt 0.852783 0.977539
vt 0.840088 0.955322
vt 0.840820 0.947266
vt 0.730957 0.500488
vt 0.742432 0.501465
vt 0.737305 0.513428
vt 0.732178 0.508057
vt 0.724121 0.507812
vt 0.726074 0.499512
vt 0.727783 0.515137
vt 0.718018 0.514404
vt 0.733398 0.522949
vt 0.750977 0.514893
vt 0.744629 0.526367
vt 0.720947 0.523438
vt 0.712646 0.552246
vt 0.732910 0.526367
vt 0.727783 0.560303
vt 0.721924 0.538574
vt 0.722900 0.553711
vt 0.725586 0.590820
vt 0.716309 0.576416
vt 0.699219 0.584717
vt 0.693359 0.577881
vt 0.951904 0.242920
vt 0.938721 0.241943
vt 0.954590 0.213135
vt 0.927246 0.187500
vt 0.917480 0.225586
vt 0.922607 0.252686
vt 0.898193 0.234619
vt 0.014648 0.060303
vt 0.026367 0.085693
vt 0.013672 0.096680
vt 0.960205 0.184814
vt 0.965576 0.204590
vt 0.958984 0.238770
vt 0.100098 0.035400
vt 0.111084 0.037598
vt 0.124756 0.076904
vt 0.102783 0.075684
vt 0.125977 0.052246
vt 0.135742 0.033447
vt 0.141357 0.072021
vt 0.140381 0.059814
vt 0.150879 0.044678
vt 0.145264 0.071533
vt 0.152832 0.060303
vt 0.147705 0.081299
vt 0.151367 0.080566
vt 0.075439 0.840332
vt 0.072510 0.827637
vt 0.097168 0.839355
vt 0.070068 0.825195
vt 0.065186 0.809082
vt 0.103760 0.811523
vt 0.129883 0.841553
vt 0.105957 0.846191
vt 0.098145 0.857178
vt 0.129639 0.846924
vt 0.152344 0.846191
vt 0.130127 0.852783
vt 0.127197 0.861572
vt 0.147217 0.860840
vt 0.148682 0.850098
vt 0.155518 0.854736
vt 0.137695 0.850830
vt 0.142578 0.855225
vt 0.147461 0.854736
vt 0.593750 0.105469
vt 0.594238 0.113037
vt 0.584229 0.109131
vt 0.594727 0.094971
vt 0.572998 0.111328
vt 0.582520 0.101807
vt 0.583740 0.079346
vt 0.570557 0.107910
vt 0.578613 0.099854
vt 0.572998 0.091797
vt 0.575439 0.117432
vt 0.539307 0.117188
vt 0.535645 0.108154
vt 0.557373 0.107178
vt 0.545410 0.105469
vt 0.567139 0.096924
vt 0.565918 0.084717
vt 0.552734 0.078613
vt 0.558594 0.096436
vt 0.554688 0.093994
vt 0.023193 0.458252
vt 0.018799 0.483154
vt 0.020264 0.461914
vt 0.016602 0.482422
vt 0.016113 0.443115
vt 0.346924 0.987793
vt 0.337402 0.957520
vt 0.353760 0.962158
vt 0.359375 0.975586
vt 0.363525 0.969482
vt 0.362305 0.956299
vt 0.377197 0.962646
vt 0.261475 0.100098
vt 0.262695 0.083496
vt 0.269287 0.086182
vt 0.258301 0.065186
vt 0.267578 0.096191
vt 0.270996 0.101318
vt 0.276367 0.096191
vt 0.297852 0.105469
vt 0.299561 0.094238
vt 0.741455 0.758057
vt 0.750732 0.827393
vt 0.712158 0.846924
vt 0.735107 0.841064
vt 0.038574 0.826660
vt 0.046875 0.829590
vt 0.042236 0.853027
vt 0.062744 0.845215
vt 0.062012 0.851562
vt 0.071289 0.845215
vt 0.051025 0.855713
vt 0.058105 0.857422
vt 0.056396 0.864746
vt 0.040771 0.874268
vt 0.060547 0.870605
vt 0.127441 0.375732
vt 0.127441 0.494873
vt 0.077393 0.476318
vt 0.956787 0.751709
vt 0.956055 0.731201
vt 0.973633 0.738037
vt 0.971436 0.758057
vt 0.979736 0.741943
vt 0.979980 0.762695
vt 0.984131 0.734619
vt 0.979248 0.730469
vt 0.986816 0.720947
vt 0.986816 0.738770
vt 0.988037 0.743408
vt 0.992188 0.739746
vt 0.990967 0.768311
vt 0.981934 0.745850
vt 0.976562 0.541016
vt 0.995361 0.535645
vt 0.992188 0.542725
vt 0.995850 0.543945
vt 0.984619 0.556396
vt 0.991943 0.556152
vt 0.995605 0.557861
vt 0.990479 0.563477
vt 0.757080 0.354492
vt 0.805908 0.351074
vt 0.783691 0.361084
vt 0.813232 0.375000
vt 0.784668 0.382568
vt 0.797363 0.392090
vt 0.786133 0.394287
vt 0.772461 0.394043
vt 0.787598 0.402588
vt 0.791260 0.400879
vt 0.788086 0.433105
vt 0.797363 0.401367
vt 0.813477 0.396484
vt 0.811768 0.381592
vt 0.627930 0.958740
vt 0.648926 0.964111
vt 0.627441 0.961914
vt 0.646729 0.967773
vt 0.622070 0.956055
vt 0.632568 0.965332
vt 0.641846 0.985352
vt 0.613525 0.983398
vt 0.622070 0.969971
vt 0.619385 0.963379
vt 0.610107 0.966797
vt 0.188232 0.054932
vt 0.204834 0.047607
vt 0.203857 0.064453
vt 0.229736 0.046143
vt 0.225830 0.059082
vt 0.228027 0.068115
vt 0.190918 0.068848
vt 0.178223 0.046143
vt 0.199219 0.082520
vt 0.175781 0.094971
vt 0.210205 0.074707
vt 0.231201 0.082031
vt 0.209229 0.089844
vt 0.196533 0.023193
vt 0.230957 0.012207
vt 0.223389 0.021240
vt 0.241699 0.031738
vt 0.233887 0.041260
vt 0.203125 0.026611
vt 0.198975 0.041748
vt 0.224365 0.030029
vt 0.226807 0.036377
vt 0.209229 0.037842
vt 0.155029 0.784912
vt 0.137207 0.768555
vt 0.146484 0.770508
vt 0.157959 0.781250
vt 0.138672 0.762207
vt 0.177979 0.787598
vt 0.177002 0.797119
vt 0.124023 0.756836
vt 0.159424 0.778809
vt 0.185547 0.772217
vt 0.187744 0.794189
vt 0.166748 0.739502
vt 0.121826 0.746094
vt 0.112305 0.746582
vt 0.131104 0.756592
vt 0.157715 0.740479
vt 0.153564 0.720703
vt 0.141113 0.713867
vt 0.148438 0.708008
vt 0.153076 0.708984
vt 0.158691 0.721680
vt 0.169922 0.733643
vt 0.191162 0.716553
vt 0.184814 0.707275
vt 0.179688 0.743408
vt 0.185791 0.752441
vt 0.196045 0.746826
vt 0.200195 0.722412
vt 0.187744 0.760742
vt 0.206299 0.730469
vt 0.208008 0.720459
vt 0.201904 0.714600
vt 0.225098 0.750488
vt 0.216309 0.718750
vt 0.211914 0.710449
vt 0.214111 0.705811
vt 0.209717 0.748535
vt 0.221924 0.754395
vt 0.203613 0.754883
vt 0.203125 0.760010
vt 0.220215 0.764648
vt 0.204346 0.767334
vt 0.204102 0.773682
vt 0.195801 0.778320
vt 0.199951 0.795654
vt 0.215332 0.795166
vt 0.992188 0.307373
vt 0.986084 0.306641
vt 0.989014 0.296875
vt 0.983398 0.293945
vt 0.979004 0.298584
vt 0.986816 0.289551
vt 0.978516 0.282715
vt 0.990723 0.283203
vt 0.628418 0.014160
vt 0.625488 0.021484
vt 0.620117 0.013672
vt 0.627441 0.001953
vt 0.616699 0.008545
vt 0.611816 0.011719
vt 0.260254 0.988037
vt 0.240234 0.988770
vt 0.244629 0.981201
vt 0.236328 0.981689
vt 0.240967 0.971680
vt 0.251465 0.980957
vt 0.264160 0.978760
vt 0.248779 0.970215
vt 0.243896 0.953369
vt 0.257080 0.967041
vt 0.267578 0.966553
vt 0.989990 0.250488
vt 0.957031 0.254639
vt 0.975342 0.240234
vt 0.964111 0.243164
vt 0.987793 0.237793
vt 0.972412 0.229736
vt 0.989746 0.225342
vt 0.979248 0.225342
vt 0.977295 0.207031
vt 0.967285 0.220947
vt 0.010254 0.145264
vt 0.012207 0.139893
vt 0.017822 0.151123
vt 0.018311 0.137207
vt 0.009033 0.150635
vt 0.013916 0.153076
vt 0.030029 0.141357
vt 0.017822 0.161865
vt 0.028320 0.152832
vt 0.030029 0.162598
vt 0.034180 0.161865
vt 0.031982 0.145996
vt 0.038086 0.137451
vt 0.032471 0.154541
vt 0.041260 0.162109
vt 0.036133 0.151123
vt 0.043945 0.142334
vt 0.074951 0.968994
vt 0.065674 0.982910
vt 0.058350 0.974854
vt 0.079590 0.982666
vt 0.082764 0.976562
vt 0.077148 0.962646
vt 0.086426 0.963867
vt 0.086670 0.985840
vt 0.084229 0.989258
vt 0.726318 0.977295
vt 0.711426 0.978027
vt 0.721680 0.972900
vt 0.708008 0.968018
vt 0.436035 0.979248
vt 0.429199 0.991699
vt 0.422607 0.992920
vt 0.422852 0.973877
s 1
usemtl tripo_mat_07c4b30e-d6cc-4f65-9ad2-a382384e1b0f
f 2221/1 2307/2 2301/3
f 2301/3 2307/2 2263/4
f 2263/4 2307/2 2329/5
f 2263/4 2329/5 2301/3
f 2329/5 2307/2 2395/6
f 2329/5 2395/6 2382/7
f 2329/5 2382/7 2301/3
f 2395/6 2307/2 2421/8
f 2395/6 2421/8 2433/9
f 2395/6 2433/9 2413/10
f 2413/10 2433/9 747/11
f 2433/9 2421/8 710/12
f 710/12 2421/8 468/13
f 468/13 2421/8 2307/2
f 468/13 2307/2 2221/1
f 2339/14 2301/3 2382/7
f 2339/14 2382/7 2401/15
f 2339/14 2401/15 2324/16
f 2324/16 2401/15 2363/17
f 2301/3 2339/14 2241/18
f 2241/18 2339/14 2324/16
f 2338/19 2313/20 2324/16
f 2324/16 2313/20 2177/21
f 2324/16 2177/21 2175/22
f 2324/16 2175/22 2241/18
f 2175/22 2177/21 2106/23
f 2301/3 2241/18 2235/24
f 2301/3 2235/24 2221/1
f 2175/22 2106/23 2022/25
f 2022/25 2106/23 2033/26
f 2022/25 2033/26 1796/27
f 2022/25 1796/27 1816/28
f 2175/22 2022/25 2134/29
f 2175/22 2134/29 2241/18
f 2134/29 2022/25 2036/30
f 2036/30 2022/25 1816/28
f 2241/18 2134/29 2161/31
f 2161/31 2134/29 2036/30
f 2241/18 2161/31 2235/24
f 2036/30 1816/28 2034/32
f 2036/30 2034/32 2161/31
f 2235/24 2161/31 2156/33
f 2235/24 2156/33 2221/1
f 2156/33 2161/31 2034/32
f 2221/1 2156/33 2108/34
f 2108/34 2156/33 2034/32
f 2221/1 2108/34 1984/35
f 1984/35 2108/34 2034/32
f 2221/1 1984/35 468/13
f 468/13 1984/35 320/36
f 1984/35 2034/32 1967/37
f 1967/37 2034/32 1868/38
f 1967/37 1868/38 1984/35
f 1868/38 2034/32 1816/28
f 320/36 1984/35 1639/39
f 1868/38 1816/28 1720/40
f 1720/40 1816/28 1624/41
f 1984/35 1868/38 1751/42
f 1984/35 1751/42 1639/39
f 1868/38 1720/40 1683/43
f 1868/38 1683/43 1751/42
f 1683/43 1720/40 1624/41
f 1751/42 1683/43 1639/39
f 1639/39 1683/43 320/36
f 1683/43 1624/41 128/44
f 1683/43 128/44 320/36
f 2395/45 2413/46 2382/47
f 2382/47 2413/46 2401/48
f 2401/48 2413/46 2408/49
f 2401/48 2408/49 2405/50
f 2405/50 2408/49 2374/51
f 2408/49 2413/46 2375/52
f 2408/49 2375/52 2374/51
f 2375/52 2413/46 2369/53
f 2374/51 2375/52 2299/54
f 2299/54 2375/52 2327/55
f 2299/54 2327/55 2240/56
f 2299/54 2240/56 2141/57
f 2299/54 2141/57 2148/58
f 2148/58 2141/57 2254/59
f 2433/60 710/61 747/62
f 468/63 598/64 710/61
f 710/61 598/64 727/65
f 747/62 710/61 768/66
f 768/66 710/61 727/65
f 768/66 727/65 651/67
f 651/67 727/65 542/68
f 768/66 651/67 753/69
f 768/66 753/69 747/62
f 753/69 651/67 658/70
f 747/62 753/69 772/71
f 747/62 772/71 2413/72
f 753/69 658/70 744/73
f 753/69 744/73 772/71
f 744/73 658/70 705/74
f 744/73 705/74 623/75
f 772/71 744/73 803/76
f 803/76 744/73 623/75
f 2413/72 772/71 826/77
f 826/77 772/71 803/76
f 2413/72 826/77 2369/78
f 803/76 623/75 762/79
f 803/76 762/79 826/77
f 2369/78 826/77 756/80
f 756/80 826/77 762/79
f 2369/78 756/80 621/81
f 621/81 756/80 762/79
f 621/81 762/79 623/75
f 2369/78 621/81 2354/82
f 621/81 623/75 481/83
f 621/81 481/83 2354/82
f 2354/82 481/83 2308/84
f 2308/84 481/83 427/85
f 727/86 598/87 400/88
f 727/86 400/88 542/89
f 400/88 598/87 468/90
f 542/89 400/88 551/91
f 400/88 468/90 361/92
f 361/92 468/90 320/93
f 361/92 320/93 128/94
f 361/92 128/94 281/95
f 361/92 281/95 400/88
f 281/95 128/94 1624/96
f 551/91 400/88 422/97
f 422/97 400/88 281/95
f 551/91 422/97 619/98
f 281/95 1624/96 111/99
f 111/99 1624/96 1816/100
f 422/97 281/95 310/101
f 310/101 281/95 111/99
f 619/98 422/97 486/102
f 486/102 422/97 310/101
f 619/98 486/102 581/103
f 581/103 486/102 308/104
f 308/104 486/102 310/101
f 111/99 1816/100 28/105
f 111/99 28/105 310/101
f 310/101 28/105 308/104
f 28/105 1816/100 1796/106
f 28/105 1796/106 1694/107
f 28/105 1694/107 124/108
f 28/105 124/108 203/109
f 28/105 203/109 308/104
f 308/104 203/109 293/110
f 651/111 542/112 551/113
f 651/111 551/113 658/114
f 658/114 551/113 619/115
f 658/114 619/115 732/116
f 658/114 732/116 705/117
f 716/118 619/115 675/119
f 619/115 716/118 732/116
f 732/116 716/118 713/120
f 705/117 732/116 626/121
f 732/116 713/120 630/122
f 732/116 630/122 626/121
f 626/121 630/122 438/123
f 2369/124 2354/125 2327/126
f 2369/124 2327/126 2375/127
f 2327/126 2354/125 2226/128
f 2226/128 2354/125 2308/129
f 2327/126 2226/128 2240/130
f 2240/130 2226/128 2147/131
f 2240/130 2147/131 2141/132
f 2141/132 2147/131 2248/133
f 2141/132 2248/133 2254/134
f 2374/135 2299/136 2345/137
f 2345/137 2299/136 2320/138
f 2374/135 2345/137 2392/139
f 2374/135 2392/139 2405/140
f 2405/140 2392/139 2559/141
f 2559/141 2392/139 2549/142
f 2549/142 2392/139 2400/143
f 2392/139 2345/137 2357/144
f 2392/139 2357/144 2400/143
f 2549/142 2400/143 2487/145
f 2487/145 2400/143 2357/144
f 2487/145 2357/144 2345/137
f 2487/145 2345/137 2409/146
f 2409/146 2345/137 2320/138
f 2487/145 2409/146 2343/147
f 2343/147 2409/146 2322/148
f 2322/148 2409/146 2320/138
f 2322/148 2320/138 2258/149
f 2226/150 2308/151 2197/152
f 2226/150 2197/152 2147/153
f 2147/153 2197/152 2248/154
f 2197/152 2308/151 2293/155
f 2293/155 2308/151 427/156
f 2248/154 2197/152 2252/157
f 2252/157 2197/152 2293/155
f 2248/154 2252/157 2403/158
f 2293/155 427/156 380/159
f 2293/155 380/159 456/160
f 456/160 380/159 556/161
f 2252/157 2293/155 2340/162
f 2252/157 2340/162 2403/158
f 2293/155 456/160 518/163
f 518/163 456/160 556/161
f 2293/155 518/163 2340/162
f 518/163 556/161 701/164
f 2403/158 2340/162 2624/165
f 518/163 701/164 568/166
f 2682/167 2536/168 2403/158
f 568/166 701/164 791/169
f 2682/167 2403/158 2699/170
f 2699/170 2403/158 2624/165
f 2682/167 2699/170 2784/171
f 791/169 701/164 741/172
f 2784/171 2699/170 2804/173
f 2804/173 2699/170 2624/165
f 2784/171 2804/173 2832/174
f 791/169 741/172 832/175
f 2852/176 2832/174 2871/177
f 2871/177 2832/174 2851/178
f 2851/178 2832/174 2804/173
f 2871/177 2851/178 2897/179
f 2897/179 2851/178 2879/180
f 2879/180 2851/178 2915/181
f 2915/181 2851/178 2846/182
f 2915/181 2846/182 2937/183
f 2937/183 2846/182 2812/184
f 2846/182 2851/178 2806/185
f 2806/185 2851/178 2804/173
f 2812/184 2846/182 2496/186
f 2496/186 2846/182 2806/185
f 2812/184 2496/186 1190/187
f 2806/185 2804/173 2758/188
f 2806/185 2758/188 2496/186
f 2758/188 2804/173 2624/165
f 2496/186 2758/188 2724/189
f 2758/188 2624/165 2669/190
f 2758/188 2669/190 2724/189
f 2669/190 2624/165 2522/191
f 2522/191 2624/165 2340/162
f 2724/189 2669/190 2628/192
f 2628/192 2669/190 2522/191
f 2724/189 2628/192 2496/186
f 2522/191 2340/162 2423/193
f 2522/191 2423/193 2628/192
f 2423/193 2340/162 518/163
f 2628/192 2423/193 2496/186
f 2423/193 518/163 568/166
f 2423/193 568/166 2496/186
f 2496/186 568/166 791/169
f 2496/186 791/169 1016/194
f 2496/186 1016/194 1190/187
f 1190/187 1016/194 1155/195
f 1190/187 1155/195 1210/196
f 1210/196 1155/195 1128/197
f 1128/197 1155/195 1016/194
f 1016/194 791/169 938/198
f 938/198 791/169 832/175
f 1128/197 1016/194 1066/199
f 1066/199 1016/194 938/198
f 1128/197 1066/199 1131/200
f 1131/200 1066/199 1093/201
f 1066/199 938/198 932/202
f 1066/199 932/202 1093/201
f 932/202 938/198 832/175
f 1093/201 932/202 828/203
f 828/203 932/202 832/175
f 427/204 481/205 417/206
f 427/204 417/206 380/207
f 417/206 481/205 383/208
f 383/208 481/205 623/209
f 417/206 383/208 156/210
f 417/206 156/210 380/207
f 383/208 623/209 402/211
f 402/211 623/209 643/212
f 643/212 623/209 705/213
f 643/212 705/213 626/214
f 402/211 643/212 365/215
f 365/215 643/212 626/214
f 383/208 402/211 271/216
f 271/216 402/211 365/215
f 383/208 271/216 156/210
f 365/215 626/214 414/217
f 365/215 414/217 271/216
f 414/217 626/214 438/218
f 414/217 438/218 279/219
f 271/216 414/217 240/220
f 240/220 414/217 279/219
f 240/220 279/219 271/216
f 271/216 279/219 132/221
f 271/216 132/221 156/210
f 156/210 132/221 193/222
f 193/222 132/221 175/223
f 183/224 345/225 175/223
f 175/223 345/225 193/222
f 193/222 345/225 678/226
f 156/210 193/222 189/227
f 156/210 189/227 380/207
f 189/227 193/222 218/228
f 189/227 218/228 380/207
f 193/222 678/226 475/229
f 193/222 475/229 218/228
f 380/207 218/228 390/230
f 390/230 218/228 475/229
f 380/207 390/230 556/231
f 390/230 475/229 512/232
f 390/230 512/232 556/231
f 475/229 678/226 760/233
f 475/229 760/233 512/232
f 760/233 678/226 820/234
f 820/234 678/226 799/235
f 760/233 820/234 828/236
f 828/236 820/234 1079/237
f 828/236 1079/237 1093/238
f 760/233 828/236 822/239
f 760/233 822/239 512/232
f 822/239 828/236 832/240
f 822/239 832/240 666/241
f 822/239 666/241 512/232
f 666/241 832/240 741/242
f 666/241 741/242 610/243
f 666/241 610/243 512/232
f 610/243 741/242 701/244
f 610/243 701/244 556/231
f 512/232 610/243 592/245
f 512/232 592/245 556/231
f 556/231 592/245 610/243
f 279/246 438/247 309/248
f 309/248 438/247 510/249
f 510/249 438/247 630/250
f 713/251 667/252 630/250
f 630/250 667/252 608/253
f 630/250 608/253 510/249
f 608/253 667/252 653/254
f 608/253 653/254 774/255
f 774/255 653/254 693/256
f 774/255 693/256 841/257
f 774/255 841/257 862/258
f 608/253 774/255 578/259
f 608/253 578/259 510/249
f 578/259 774/255 698/260
f 698/260 774/255 859/261
f 698/260 859/261 614/262
f 578/259 698/260 560/263
f 578/259 560/263 510/249
f 698/260 614/262 462/264
f 698/260 462/264 560/263
f 462/264 614/262 276/265
f 510/249 560/263 437/266
f 437/266 560/263 457/267
f 457/267 560/263 462/264
f 457/267 462/264 437/266
f 510/249 437/266 309/248
f 309/248 437/266 462/264
f 309/248 462/264 330/268
f 309/248 330/268 247/269
f 309/248 247/269 149/270
f 330/268 462/264 300/271
f 330/268 300/271 247/269
f 247/269 300/271 149/270
f 300/271 462/264 276/265
f 149/270 300/271 216/272
f 216/272 300/271 276/265
f 675/273 619/274 581/275
f 713/276 716/277 725/278
f 725/278 716/277 675/279
f 713/276 725/278 717/280
f 713/276 717/280 667/281
f 653/282 667/281 693/283
f 693/283 667/281 841/284
f 841/284 667/281 717/280
f 841/284 717/280 862/285
f 859/286 774/287 862/285
f 859/286 862/285 870/288
f 862/285 717/280 724/289
f 724/289 717/280 731/290
f 724/289 731/290 862/285
f 731/290 717/280 725/278
f 870/288 862/285 864/291
f 864/291 862/285 731/290
f 864/291 731/290 776/292
f 776/292 731/290 725/278
f 870/288 864/291 861/293
f 870/288 861/293 821/294
f 864/291 776/292 781/295
f 864/291 781/295 861/293
f 781/295 776/292 725/278
f 861/293 781/295 733/296
f 733/296 781/295 725/278
f 861/293 733/296 821/294
f 733/296 725/278 675/279
f 689/297 675/279 821/294
f 675/279 689/297 733/296
f 733/296 689/297 821/294
f 821/298 675/299 663/300
f 663/300 675/299 581/301
f 663/300 581/301 639/302
f 663/300 639/302 821/298
f 639/302 581/301 474/303
f 821/298 639/302 624/304
f 639/302 474/303 426/305
f 426/305 474/303 396/306
f 396/306 474/303 293/307
f 639/302 426/305 408/308
f 408/308 426/305 396/306
f 408/308 396/306 293/307
f 639/302 408/308 624/304
f 624/304 408/308 272/309
f 624/304 272/309 471/310
f 624/304 471/310 737/311
f 870/312 821/298 624/304
f 870/312 624/304 737/311
f 870/312 737/311 902/313
f 870/312 902/313 940/314
f 870/312 940/314 859/315
f 940/314 902/313 910/316
f 940/314 910/316 810/317
f 810/317 910/316 886/318
f 810/317 886/318 809/319
f 886/318 910/316 893/320
f 893/320 910/316 919/321
f 474/322 581/323 308/324
f 474/322 308/324 293/325
f 408/326 293/327 291/328
f 291/328 293/327 230/329
f 230/329 293/327 203/330
f 408/326 291/328 266/331
f 266/331 291/328 230/329
f 266/331 230/329 203/330
f 408/326 266/331 272/332
f 266/331 203/330 124/333
f 266/331 124/333 153/334
f 266/331 153/334 82/335
f 153/334 124/333 101/336
f 153/334 101/336 82/335
f 266/331 82/335 1609/337
f 266/331 1609/337 272/332
f 1609/337 82/335 101/336
f 101/336 124/333 7/338
f 101/336 7/338 1609/337
f 7/338 124/333 1694/339
f 7/338 1694/339 1658/340
f 7/338 1658/340 1609/337
f 1658/340 1694/339 1719/341
f 1658/340 1719/341 1609/337
f 1609/337 1719/341 272/332
f 272/332 1719/341 471/342
f 471/342 1719/341 1657/343
f 471/342 1657/343 192/344
f 1719/345 1694/346 1796/347
f 1719/345 1796/347 1833/348
f 1833/348 1796/347 1834/349
f 1796/350 2033/351 1950/352
f 1796/350 1950/352 1834/353
f 1834/353 1950/352 1940/354
f 1940/354 1950/352 2005/355
f 1940/354 2005/355 1834/353
f 2005/355 1950/352 2033/351
f 1834/353 2005/355 1833/356
f 1833/356 2005/355 1719/357
f 1719/357 2005/355 2119/358
f 2119/358 2005/355 2188/359
f 2005/355 2033/351 2085/360
f 2005/355 2085/360 2188/359
f 2085/360 2033/351 2046/361
f 2085/360 2046/361 2188/359
f 2046/361 2033/351 2106/362
f 2114/363 2106/362 2188/359
f 2106/362 2114/363 2046/361
f 2046/361 2114/363 2188/359
f 2188/364 2106/365 2268/366
f 2188/364 2268/366 2119/367
f 2268/366 2106/365 2177/368
f 2268/366 2177/368 2204/369
f 2204/369 2177/368 2257/370
f 2268/366 2204/369 2337/371
f 2337/371 2204/369 2257/370
f 2257/370 2177/368 2256/372
f 2257/370 2256/372 2337/371
f 2256/372 2177/368 2313/373
f 2398/374 2119/367 2268/366
f 2398/374 2268/366 2337/371
f 2337/371 2256/372 2372/375
f 2372/375 2256/372 2313/373
f 2337/371 2372/375 2482/376
f 2337/371 2482/376 2398/374
f 2372/375 2313/373 2347/377
f 2372/375 2347/377 2482/376
f 2347/377 2313/373 2341/378
f 2347/377 2341/378 2482/376
f 2341/378 2313/373 2338/379
f 2341/378 2338/379 2482/376
f 2482/376 2338/379 2363/380
f 2363/380 2338/379 2324/381
f 2482/376 2363/380 2540/382
f 2573/383 2398/374 2482/376
f 2398/374 2573/383 2617/384
f 2617/384 2573/383 2491/385
f 2398/374 2617/384 2368/386
f 2368/386 2617/384 2531/387
f 2398/374 2368/386 2112/388
f 2398/374 2112/388 2119/367
f 2119/367 2112/388 1719/389
f 1719/389 2112/388 1657/390
f 1657/390 2112/388 1929/391
f 2368/386 2531/387 2218/392
f 2368/386 2218/392 2112/388
f 2112/388 2218/392 1929/391
f 2218/392 2531/387 2306/393
f 2218/392 2306/393 1929/391
f 2482/394 2540/395 2573/396
f 2573/396 2540/395 2562/397
f 2562/397 2540/395 2406/398
f 2406/398 2540/395 2363/399
f 2406/398 2363/399 2434/400
f 2406/398 2434/400 2562/397
f 2434/400 2363/399 2402/401
f 2434/400 2402/401 2562/397
f 2562/397 2402/401 2417/402
f 2562/397 2417/402 2575/403
f 2562/397 2575/403 2573/396
f 2575/403 2417/402 2424/404
f 2424/404 2417/402 2405/405
f 2424/404 2405/405 2420/406
f 2424/404 2420/406 2575/403
f 2420/406 2405/405 2559/407
f 2420/406 2559/407 2575/403
f 2575/403 2559/407 2573/396
f 2573/396 2559/407 2549/408
f 2573/396 2549/408 2487/409
f 2573/396 2487/409 2491/410
f 2491/410 2487/409 2275/411
f 2402/412 2363/413 2401/414
f 2402/412 2401/414 2417/415
f 2417/415 2401/414 2405/416
f 2320/417 2299/418 2258/419
f 2258/419 2299/418 2148/420
f 2254/421 2229/422 2148/420
f 2148/420 2229/422 2203/423
f 2203/423 2229/422 2249/424
f 2148/420 2203/423 2151/425
f 2148/420 2151/425 2258/419
f 2258/419 2151/425 2232/426
f 2232/426 2151/425 2116/427
f 2116/427 2151/425 2179/428
f 2116/427 2179/428 2067/429
f 2116/427 2067/429 2232/426
f 2067/429 2179/428 2078/430
f 2067/429 2078/430 1700/431
f 2067/429 1700/431 2275/432
f 2067/429 2275/432 2232/426
f 2232/426 2275/432 2343/433
f 2232/426 2343/433 2258/419
f 2343/433 2275/432 2487/434
f 2258/419 2343/433 2270/435
f 2258/419 2270/435 2322/436
f 2322/436 2270/435 2343/433
f 2179/437 2151/438 2212/439
f 2212/439 2151/438 2185/440
f 2185/440 2151/438 2203/441
f 2185/440 2203/441 2515/442
f 2185/440 2515/442 2171/443
f 2185/440 2171/443 2212/439
f 2171/443 2515/442 2244/444
f 2171/443 2244/444 2202/445
f 2202/445 2244/444 2440/446
f 2171/443 2202/445 2144/447
f 2171/443 2144/447 2173/448
f 2171/443 2173/448 2212/439
f 2173/448 2144/447 2208/449
f 2173/448 2208/449 2212/439
f 2212/439 2208/449 2176/450
f 2212/439 2176/450 2179/437
f 2179/437 2176/450 2029/451
f 2179/437 2029/451 2078/452
f 2078/452 2029/451 1983/453
f 1983/453 2029/451 2050/454
f 2050/454 2029/451 2176/450
f 2050/454 2176/450 2045/455
f 2045/455 2176/450 1964/456
f 2045/455 1964/456 1936/457
f 1936/457 1964/456 1828/458
f 1828/458 1964/456 97/459
f 97/459 1964/456 5/460
f 2208/461 2144/462 2176/463
f 2176/463 2144/462 1964/464
f 2244/465 2515/466 2440/467
f 2440/467 2515/466 2516/468
f 2440/467 2516/468 2480/469
f 2480/469 2516/468 2686/470
f 2440/467 2480/469 2202/471
f 2480/469 2686/470 2668/472
f 2202/471 2480/469 2143/473
f 2202/471 2143/473 2144/474
f 2144/474 2143/473 1993/475
f 2480/469 2668/472 2325/476
f 2480/469 2325/476 2143/473
f 2325/476 2668/472 2819/477
f 1993/475 2143/473 2003/478
f 2003/478 2143/473 2325/476
f 1993/475 2003/478 1972/479
f 2752/480 2684/481 2819/477
f 2819/477 2684/481 2494/482
f 2819/477 2494/482 2325/476
f 2325/476 2494/482 2094/483
f 2325/476 2094/483 1906/484
f 2003/478 2325/476 1979/485
f 1979/485 2325/476 1906/484
f 2003/478 1979/485 1972/479
f 1979/485 1906/484 1844/486
f 1979/485 1844/486 1972/479
f 1972/479 1844/486 1760/487
f 1972/479 1760/487 52/488
f 52/488 1760/487 1650/489
f 2516/490 2515/491 2504/492
f 2504/492 2515/491 2203/493
f 2504/492 2203/493 2608/494
f 2516/490 2504/492 2757/495
f 2757/495 2504/492 2608/494
f 2757/495 2608/494 2845/496
f 2757/495 2845/496 2856/497
f 2757/495 2856/497 2802/498
f 2686/499 2516/500 2704/501
f 2704/501 2516/500 2757/502
f 2686/499 2704/501 2676/503
f 2686/499 2676/503 2668/504
f 2668/504 2676/503 2782/505
f 2668/504 2782/505 2819/506
f 2782/505 2676/503 2651/507
f 2651/507 2676/503 2704/501
f 2704/501 2757/502 2715/508
f 2704/501 2715/508 2651/507
f 2715/508 2757/502 2802/509
f 2651/507 2715/508 2718/510
f 2715/508 2802/509 2810/511
f 2715/508 2810/511 2718/510
f 2718/510 2810/511 2651/507
f 2810/511 2802/509 2774/512
f 2810/511 2774/512 2651/507
f 2144/513 1993/514 53/515
f 1972/516 52/517 1993/514
f 1993/514 52/517 53/515
f 2144/513 53/515 67/518
f 2144/513 67/518 1964/519
f 1964/519 67/518 5/520
f 5/520 67/518 97/521
f 97/521 67/518 53/515
f 53/515 52/517 87/522
f 97/521 53/515 99/523
f 99/523 53/515 87/522
f 97/521 99/523 149/524
f 149/524 99/523 137/525
f 87/522 52/517 302/526
f 87/522 302/526 99/523
f 302/526 52/517 723/527
f 302/526 723/527 728/528
f 137/525 99/523 307/529
f 307/529 99/523 302/526
f 137/525 307/529 351/530
f 307/529 302/526 317/531
f 307/529 317/531 351/530
f 317/531 302/526 728/528
f 317/531 728/528 353/532
f 317/531 353/532 351/530
f 353/532 728/528 839/533
f 351/530 353/532 384/534
f 384/534 353/532 839/533
f 384/534 839/533 351/530
f 1844/535 1906/536 1893/537
f 1844/535 1893/537 1837/538
f 1844/535 1837/538 1760/539
f 1760/539 1837/538 1678/540
f 1837/538 1893/537 1810/541
f 1893/537 1906/536 1892/542
f 1893/537 1892/542 1908/543
f 1892/542 1906/536 2094/544
f 1908/543 1892/542 1944/545
f 1908/543 1944/545 1947/546
f 1944/545 1892/542 2072/547
f 2072/547 1892/542 2094/544
f 2072/547 2094/544 2292/548
f 2072/547 2292/548 2267/549
f 2267/549 2292/548 2439/550
f 2292/548 2094/544 2276/551
f 2276/551 2094/544 2494/552
f 2439/550 2292/548 2335/553
f 2276/551 2494/552 2335/553
f 2439/550 2335/553 2590/554
f 2590/554 2335/553 2494/552
f 2276/551 2335/553 2246/555
f 2246/555 2335/553 2292/548
f 2246/555 2292/548 2276/551
f 1650/556 1760/557 1678/558
f 1650/556 1678/558 1614/559
f 1614/559 1678/558 1638/560
f 1614/559 1638/560 1640/561
f 1614/559 1640/561 120/562
f 120/562 1640/561 92/563
f 1678/564 1837/565 1715/566
f 1715/566 1837/565 1810/567
f 1678/564 1715/566 1690/568
f 1690/568 1715/566 1810/567
f 1678/564 1690/568 1638/569
f 1690/568 1810/567 1697/570
f 1690/568 1697/570 1638/569
f 1697/570 1810/567 1893/571
f 1697/570 1893/571 1908/572
f 1638/569 1697/570 64/573
f 1638/569 64/573 1640/574
f 1640/574 64/573 92/575
f 92/575 64/573 86/576
f 86/576 64/573 1697/570
f 1697/570 1908/572 1784/577
f 1697/570 1784/577 86/576
f 1784/577 1908/572 1947/578
f 1784/577 1947/578 1802/579
f 1784/577 1802/579 86/576
f 1802/579 1947/578 1944/580
f 86/576 1802/579 34/581
f 86/576 34/581 98/582
f 1802/583 1944/584 1778/585
f 1778/585 1944/584 1928/586
f 1928/586 1944/584 2072/587
f 1778/585 1928/586 1934/588
f 1928/586 2072/587 2047/589
f 1928/586 2047/589 1934/588
f 1778/585 1934/588 1691/590
f 1778/585 1691/590 1756/591
f 1691/590 1934/588 1924/592
f 1691/590 1924/592 1756/591
f 1924/592 1934/588 2063/593
f 1924/592 2063/593 1756/591
f 2063/593 1934/588 2047/589
f 1756/591 2063/593 1877/594
f 2288/595 2047/589 2072/587
f 2288/595 2072/587 2267/596
f 2288/595 2267/596 2439/597
f 2288/595 2439/597 2553/598
f 2063/593 2047/589 2273/599
f 2273/599 2047/589 2288/595
f 2063/593 2273/599 2253/600
f 2288/595 2553/598 2568/601
f 2288/595 2568/601 2273/599
f 2273/599 2568/601 2253/600
f 2253/600 2568/601 2489/602
f 2489/602 2568/601 2626/603
f 34/604 1802/605 1778/606
f 34/604 1778/606 27/607
f 27/607 1778/606 1756/608
f 27/607 1756/608 1831/609
f 34/604 27/607 108/610
f 34/604 108/610 98/611
f 98/611 108/610 197/612
f 27/607 1831/609 3/613
f 3/613 1831/609 1665/614
f 108/610 27/607 131/615
f 131/615 27/607 3/613
f 197/612 108/610 239/616
f 239/616 108/610 131/615
f 197/612 239/616 439/617
f 439/617 239/616 401/618
f 239/616 131/615 252/619
f 401/618 239/616 379/620
f 252/619 131/615 261/621
f 252/619 261/621 239/616
f 261/621 131/615 3/613
f 239/616 261/621 379/620
f 261/621 3/613 244/622
f 244/622 3/613 31/623
f 261/621 244/622 379/620
f 490/624 367/625 379/620
f 490/624 379/620 641/626
f 641/626 379/620 500/627
f 379/620 244/622 342/628
f 379/620 342/628 500/627
f 500/627 342/628 399/629
f 500/627 399/629 430/630
f 342/628 244/622 248/631
f 430/630 399/629 289/632
f 289/632 399/629 342/628
f 289/632 342/628 248/631
f 430/630 289/632 306/633
f 248/631 244/622 215/634
f 248/631 215/634 289/632
f 289/632 215/634 306/633
f 215/634 244/622 238/635
f 306/633 215/634 339/636
f 339/636 215/634 238/635
f 86/637 98/638 197/639
f 86/637 197/639 195/640
f 86/637 195/640 92/641
f 195/640 197/639 357/642
f 357/642 197/639 439/643
f 195/640 357/642 346/644
f 357/642 439/643 496/645
f 496/645 439/643 370/646
f 357/642 496/645 346/644
f 92/641 195/640 142/647
f 142/647 195/640 346/644
f 346/644 496/645 493/648
f 493/648 496/645 432/649
f 493/648 432/649 392/650
f 392/650 432/649 344/651
f 493/648 392/650 423/652
f 493/648 423/652 346/644
f 346/644 423/652 285/653
f 346/644 285/653 142/647
f 285/653 423/652 322/654
f 142/647 285/653 187/655
f 187/655 285/653 322/654
f 142/647 187/655 92/641
f 187/655 322/654 190/656
f 92/641 187/655 120/657
f 120/657 187/655 190/656
f 120/658 190/659 243/660
f 243/660 190/659 322/661
f 120/658 243/660 115/662
f 120/658 115/662 1614/663
f 1614/663 115/662 243/660
f 243/660 322/661 415/664
f 415/664 322/661 423/665
f 415/664 423/665 431/666
f 1614/667 243/668 1650/669
f 1650/669 243/668 1655/670
f 1655/670 243/668 136/671
f 1655/670 136/671 1650/669
f 136/671 243/668 415/672
f 1650/669 136/671 52/673
f 136/671 415/672 723/674
f 136/671 723/674 52/673
f 723/675 415/676 1170/677
f 723/675 1170/677 1032/678
f 1170/677 415/676 431/679
f 1170/677 431/679 553/680
f 553/680 431/679 347/681
f 1170/677 553/680 789/682
f 1170/677 789/682 1228/683
f 1228/683 789/682 1280/684
f 1280/684 789/682 1054/685
f 1054/685 789/682 963/686
f 2050/687 2045/688 2056/689
f 2056/689 2045/688 1960/690
f 1960/690 2045/688 1936/691
f 2050/687 2056/689 1980/692
f 1980/692 2056/689 1960/690
f 2050/687 1980/692 1983/693
f 1960/690 1936/691 1828/694
f 1960/690 1828/694 1980/692
f 1980/692 1828/694 1983/693
f 1983/693 1828/694 1886/695
f 1886/695 1828/694 1718/696
f 1718/696 1828/694 97/697
f 1718/696 97/697 44/698
f 1983/699 1886/700 1829/701
f 1983/699 1829/701 2078/702
f 1829/701 1886/700 1718/703
f 2078/702 1829/701 1700/704
f 1829/701 1718/703 45/705
f 1829/701 45/705 1700/704
f 1700/704 45/705 276/706
f 276/706 45/705 216/707
f 45/705 1718/703 44/708
f 216/707 45/705 70/709
f 70/709 45/705 44/708
f 216/707 70/709 164/710
f 164/710 70/709 44/708
f 216/707 164/710 149/711
f 149/711 164/710 44/708
f 149/711 44/708 97/712
f 309/713 149/714 137/715
f 309/713 137/715 163/716
f 309/713 163/716 279/717
f 279/717 163/716 132/718
f 163/716 137/715 577/719
f 577/719 137/715 351/720
f 577/719 351/720 793/721
f 793/721 351/720 839/722
f 793/721 839/722 728/723
f 163/716 577/719 464/724
f 163/716 464/724 369/725
f 369/725 464/724 914/726
f 163/716 369/725 325/727
f 325/727 369/725 726/728
f 178/729 132/718 163/716
f 178/729 163/716 325/727
f 132/718 178/729 183/730
f 132/718 183/730 175/731
f 183/730 178/729 316/732
f 178/729 325/727 321/733
f 178/729 321/733 316/732
f 316/732 321/733 325/727
f 316/732 325/727 466/734
f 466/734 325/727 636/735
f 71/736 1700/737 276/738
f 1700/737 71/736 1909/739
f 1700/737 1909/739 2275/740
f 1909/739 71/736 1832/741
f 1832/741 71/736 250/742
f 2275/740 1909/739 2219/743
f 2219/743 1909/739 1832/741
f 2275/740 2219/743 2491/744
f 2219/743 1832/741 2283/745
f 2491/744 2219/743 2386/746
f 2386/746 2219/743 2283/745
f 2386/746 2283/745 2473/747
f 71/748 276/749 536/750
f 536/750 276/749 614/751
f 71/748 536/750 250/752
f 536/750 614/751 940/753
f 940/753 614/751 859/754
f 536/750 940/753 810/755
f 536/750 810/755 594/756
f 536/750 594/756 250/752
f 594/756 810/755 809/757
f 250/752 594/756 371/758
f 250/752 371/758 123/759
f 594/756 809/757 609/760
f 594/756 609/760 371/758
f 609/760 809/757 827/761
f 371/758 609/760 398/762
f 2491/763 2386/764 2580/765
f 2491/763 2580/765 2617/766
f 2617/766 2580/765 2552/767
f 2552/767 2580/765 2574/768
f 2580/765 2386/764 2473/769
f 2580/765 2473/769 2574/768
f 2574/768 2473/769 2547/770
f 2574/768 2547/770 2561/771
f 2561/771 2547/770 2554/772
f 2547/770 2473/769 2447/773
f 2447/773 2473/769 2283/774
f 2531/775 2617/776 2552/777
f 2531/775 2552/777 2306/778
f 2306/778 2552/777 2445/779
f 2445/779 2552/777 2574/780
f 2445/779 2574/780 2495/781
f 2445/779 2495/781 2331/782
f 2445/779 2331/782 2306/778
f 2306/778 2331/782 2216/783
f 2216/783 2331/782 2330/784
f 2330/784 2331/782 2278/785
f 2330/784 2278/785 2271/786
f 2330/784 2271/786 2069/787
f 2330/784 2069/787 1821/788
f 2330/784 1821/788 1848/789
f 2216/783 2330/784 2379/790
f 2330/784 1848/789 2104/791
f 2330/784 2104/791 2379/790
f 2104/791 1848/789 1843/792
f 2216/783 2379/790 2211/793
f 2211/793 2379/790 2104/791
f 2211/793 2104/791 1843/792
f 2216/783 2211/793 2025/794
f 2025/794 2211/793 1843/792
f 1657/795 1929/796 192/797
f 192/797 1929/796 1643/798
f 1643/798 1929/796 1822/799
f 1643/798 1822/799 103/800
f 192/797 1643/798 220/801
f 220/801 1643/798 103/800
f 192/797 220/801 471/802
f 220/801 103/800 425/803
f 425/803 103/800 134/804
f 220/801 425/803 519/805
f 220/801 519/805 471/802
f 471/802 519/805 737/806
f 737/807 519/808 797/809
f 737/807 797/809 902/810
f 902/810 797/809 910/811
f 797/809 519/808 657/812
f 910/811 797/809 919/813
f 797/809 657/812 837/814
f 797/809 837/814 919/813
f 837/814 657/812 761/815
f 761/815 657/812 499/816
f 761/815 499/816 787/817
f 837/814 761/815 838/818
f 837/814 838/818 919/813
f 838/818 761/815 740/819
f 919/813 838/818 930/820
f 838/818 740/819 783/821
f 838/818 783/821 930/820
f 644/822 519/823 425/824
f 519/823 644/822 657/825
f 644/822 425/824 537/826
f 644/822 537/826 691/827
f 691/827 537/826 377/828
f 691/827 377/828 558/829
f 691/827 558/829 644/822
f 558/829 377/828 125/830
f 657/825 644/822 582/831
f 582/831 644/822 558/829
f 657/825 582/831 499/832
f 558/829 125/830 335/833
f 558/829 335/833 582/831
f 335/833 125/830 109/834
f 499/832 582/831 297/835
f 297/835 582/831 335/833
f 297/835 335/833 109/834
f 499/832 297/835 278/836
f 278/836 297/835 109/834
f 278/836 109/834 100/837
f 278/836 100/837 172/838
f 537/839 425/840 134/841
f 537/839 134/841 143/842
f 537/839 143/842 377/843
f 377/843 143/842 125/844
f 125/844 143/842 134/841
f 125/844 134/841 109/845
f 109/845 134/841 100/846
f 100/846 134/841 103/847
f 100/846 103/847 1822/848
f 100/846 1822/848 1824/849
f 1824/849 1822/848 1843/850
f 1824/849 1843/850 1821/851
f 1821/851 1843/850 1848/852
f 499/853 278/854 465/855
f 465/855 278/854 172/856
f 465/855 172/856 8/857
f 499/853 465/855 787/858
f 787/858 465/855 8/857
f 787/858 8/857 217/859
f 787/858 217/859 40/860
f 787/858 40/860 528/861
f 787/858 528/861 792/862
f 172/863 100/864 1704/865
f 1704/865 100/864 1824/866
f 1704/865 1824/866 1982/867
f 172/863 1704/865 8/868
f 8/868 1704/865 1937/869
f 1982/870 1824/871 1821/872
f 1982/870 1821/872 2069/873
f 1982/870 2069/873 2128/874
f 2128/874 2069/873 2271/875
f 2128/874 2271/875 2278/876
f 1982/870 2128/874 2068/877
f 1982/870 2068/877 1704/878
f 1704/878 2068/877 1937/879
f 2068/877 2128/874 2261/880
f 2261/880 2128/874 2278/876
f 2068/877 2261/880 1937/879
f 2261/880 2278/876 2399/881
f 2261/880 2399/881 2415/882
f 2261/880 2415/882 1937/879
f 1937/879 2415/882 1991/883
f 2278/884 2331/885 2399/886
f 2399/886 2331/885 2495/887
f 2461/888 2415/889 2399/886
f 2461/888 2399/886 2411/890
f 2411/890 2399/886 2495/887
f 2461/888 2411/890 2472/891
f 2472/891 2411/890 2367/892
f 2367/892 2411/890 2378/893
f 2574/894 2561/895 2495/887
f 2495/887 2561/895 2508/896
f 2495/887 2508/896 2411/890
f 2508/896 2561/895 2602/897
f 2378/893 2411/890 2519/898
f 2519/898 2411/890 2508/896
f 2519/898 2508/896 2602/897
f 2378/893 2519/898 2446/899
f 2519/898 2602/897 2588/900
f 2519/898 2588/900 2446/899
f 2025/901 1843/902 1822/903
f 2025/901 1822/903 2109/904
f 2109/904 1822/903 1929/905
f 2025/901 2109/904 2216/906
f 2109/904 1929/905 2306/907
f 2109/904 2306/907 2216/906
f 2602/908 2561/909 2554/910
f 2602/908 2554/910 2576/911
f 2602/908 2576/911 2588/912
f 2588/912 2576/911 2446/913
f 2446/913 2576/911 2554/910
f 2446/913 2554/910 2547/914
f 2377/915 2547/914 2447/916
f 2446/913 2547/914 2444/917
f 2444/917 2547/914 2377/915
f 2446/913 2444/917 2472/918
f 2446/913 2472/918 2389/919
f 2446/913 2389/919 2378/920
f 2378/920 2389/919 2367/921
f 2367/921 2389/919 2472/918
f 2472/918 2444/917 2461/922
f 2444/917 2377/915 2475/923
f 2444/917 2475/923 2461/922
f 2475/923 2377/915 2348/924
f 2461/922 2475/923 2415/925
f 2415/925 2475/923 2348/924
f 1991/926 2415/927 2348/928
f 1991/926 2348/928 40/929
f 40/929 2348/928 2210/930
f 2210/930 2348/928 2377/931
f 2210/930 2377/931 2384/932
f 2210/930 2384/932 2251/933
f 2251/933 2384/932 2328/934
f 2251/933 2328/934 2111/935
f 2328/934 2384/932 2107/936
f 2328/934 2107/936 2111/935
f 1937/937 1991/938 1968/939
f 1937/937 1968/939 18/940
f 18/940 1968/939 1770/941
f 1770/941 1968/939 1920/942
f 1770/941 1920/942 1795/943
f 1968/939 1991/938 1986/944
f 1920/942 1968/939 1959/945
f 1959/945 1968/939 1986/944
f 1920/942 1959/945 1958/946
f 1795/943 1920/942 1902/947
f 1902/947 1920/942 1958/946
f 1795/943 1902/947 1850/948
f 1958/946 1959/945 1922/949
f 1922/949 1959/945 1986/944
f 1958/946 1922/949 1902/947
f 1827/950 1986/944 1991/938
f 1986/944 1827/950 1922/949
f 1827/950 1991/938 40/951
f 1922/949 1827/950 1754/952
f 1754/952 1827/950 1664/953
f 1902/947 1922/949 1840/954
f 1840/954 1922/949 1754/952
f 1902/947 1840/954 1850/948
f 1840/954 1754/952 1675/955
f 1850/948 1840/954 1874/956
f 1874/956 1840/954 1675/955
f 2377/957 2447/958 2464/959
f 2464/959 2447/958 2311/960
f 2377/957 2464/959 2384/961
f 2464/959 2311/960 2412/962
f 2464/959 2412/962 2384/961
f 2384/961 2412/962 2183/963
f 2447/964 2283/965 2311/966
f 2311/966 2283/965 2145/967
f 2311/966 2145/967 2149/968
f 2311/966 2149/968 2412/969
f 2149/968 2145/967 2120/970
f 2149/968 2120/970 2111/971
f 2412/969 2149/968 2183/972
f 2149/968 2111/971 2107/973
f 2149/968 2107/973 2183/972
f 2183/972 2107/973 2384/974
f 2111/975 2120/976 2251/977
f 2251/977 2120/976 2210/978
f 2210/978 2120/976 1948/979
f 1948/979 2120/976 2145/980
f 2210/978 1948/979 1803/981
f 1948/979 2145/980 1969/982
f 1969/982 2145/980 1832/983
f 1832/983 2145/980 2283/984
f 2210/978 1803/981 231/985
f 2210/978 231/985 40/986
f 40/986 231/985 528/987
f 1969/988 1832/989 1798/990
f 1798/990 1832/989 123/991
f 123/991 1832/989 250/992
f 1969/988 1798/990 1978/993
f 1978/993 1798/990 1889/994
f 1978/993 1889/994 1899/995
f 1899/995 1889/994 148/996
f 1978/993 1899/995 1930/997
f 1930/997 1899/995 148/996
f 1948/998 1969/999 1978/1000
f 1948/998 1978/1000 1935/1001
f 1935/1001 1978/1000 1930/1002
f 1948/998 1935/1001 1745/1003
f 1948/998 1745/1003 1803/1004
f 1935/1001 1930/1002 78/1005
f 1935/1001 78/1005 1745/1003
f 78/1005 1930/1002 148/1006
f 1803/1004 1745/1003 88/1007
f 88/1007 1745/1003 78/1005
f 1803/1004 88/1007 231/1008
f 88/1007 78/1005 117/1009
f 117/1009 78/1005 148/1006
f 88/1007 117/1009 123/1010
f 123/1010 117/1009 1798/1011
f 117/1009 148/1006 139/1012
f 117/1009 139/1012 1798/1011
f 139/1012 148/1006 1889/1013
f 139/1012 1889/1013 1798/1011
f 333/1014 88/1015 123/1016
f 88/1015 333/1014 231/1017
f 333/1014 123/1016 371/1018
f 231/1017 333/1014 528/1019
f 333/1014 371/1018 326/1020
f 528/1019 333/1014 513/1021
f 513/1021 333/1014 326/1020
f 528/1019 513/1021 792/1022
f 792/1022 513/1021 718/1023
f 718/1023 513/1021 695/1024
f 695/1024 513/1021 326/1020
f 326/1020 371/1018 398/1025
f 695/1024 326/1020 338/1026
f 695/1024 338/1026 758/1027
f 338/1026 326/1020 421/1028
f 338/1026 421/1028 758/1027
f 421/1028 326/1020 398/1025
f 758/1027 421/1028 729/1029
f 729/1029 421/1028 398/1025
f 758/1027 729/1029 827/1030
f 729/1029 398/1025 609/1031
f 729/1029 609/1031 827/1030
f 758/1032 827/1033 695/1034
f 695/1034 827/1033 809/1035
f 695/1034 809/1035 718/1036
f 718/1036 809/1035 886/1037
f 718/1036 886/1037 794/1038
f 718/1036 794/1038 792/1039
f 794/1038 886/1037 759/1040
f 792/1039 794/1038 812/1041
f 812/1041 794/1038 759/1040
f 812/1042 759/1043 886/1044
f 812/1042 886/1044 893/1045
f 812/1042 893/1045 919/1046
f 812/1042 919/1046 811/1047
f 920/1048 728/1049 723/1050
f 728/1049 920/1048 793/1051
f 920/1048 723/1050 948/1052
f 948/1052 723/1050 1032/1053
f 793/1051 920/1048 1018/1054
f 920/1048 948/1052 989/1055
f 920/1048 989/1055 1018/1054
f 1018/1054 989/1055 793/1051
f 989/1055 948/1052 1084/1056
f 793/1051 989/1055 577/1057
f 989/1055 1084/1056 1121/1058
f 989/1055 1121/1058 577/1057
f 1121/1058 1084/1056 1179/1059
f 577/1057 1121/1058 464/1060
f 1121/1058 1179/1059 1216/1061
f 464/1060 1121/1058 914/1062
f 914/1062 1121/1058 1216/1061
f 948/1063 1032/1064 1122/1065
f 1162/1066 1032/1064 1170/1067
f 1032/1064 1162/1066 1122/1065
f 948/1063 1122/1065 1025/1068
f 948/1063 1025/1068 1084/1069
f 1084/1069 1025/1068 1119/1070
f 1025/1068 1122/1065 1123/1071
f 1025/1068 1123/1071 1119/1070
f 1084/1069 1119/1070 1163/1072
f 1163/1072 1119/1070 1123/1071
f 1084/1069 1163/1072 1153/1073
f 1153/1073 1163/1072 1123/1071
f 1153/1073 1123/1071 1122/1065
f 1084/1069 1153/1073 1179/1074
f 1153/1073 1122/1065 1176/1075
f 1153/1073 1176/1075 1179/1074
f 1176/1075 1122/1065 1162/1066
f 1179/1074 1176/1075 1203/1076
f 1176/1075 1162/1066 1173/1077
f 1176/1075 1173/1077 1203/1076
f 1173/1077 1162/1066 1186/1078
f 1173/1077 1186/1078 1203/1076
f 1186/1079 1162/1080 1170/1081
f 1186/1079 1170/1081 1228/1082
f 1186/1079 1228/1082 1227/1083
f 1186/1079 1227/1083 1188/1084
f 1227/1083 1228/1082 1280/1085
f 1188/1084 1227/1083 1278/1086
f 1278/1086 1227/1083 1280/1085
f 1188/1084 1278/1086 1302/1087
f 1302/1087 1278/1086 1280/1085
f 1302/1087 1280/1085 1393/1088
f 1302/1087 1393/1088 1392/1089
f 1392/1089 1393/1088 1437/1090
f 1437/1090 1393/1088 1406/1091
f 1437/1090 1406/1091 1415/1092
f 1203/1093 1186/1094 1234/1095
f 1203/1093 1234/1095 1303/1096
f 1234/1095 1186/1094 1304/1097
f 1234/1095 1304/1097 1303/1096
f 1304/1097 1186/1094 1189/1098
f 1189/1098 1186/1094 1188/1099
f 1189/1098 1188/1099 1236/1100
f 1236/1100 1188/1099 1302/1101
f 1304/1097 1189/1098 1318/1102
f 1304/1097 1318/1102 1296/1103
f 1303/1096 1304/1097 1407/1104
f 1304/1097 1296/1103 1413/1105
f 1304/1097 1413/1105 1407/1104
f 1413/1105 1296/1103 1447/1106
f 1303/1096 1407/1104 1543/1107
f 1407/1104 1413/1105 1452/1108
f 1407/1104 1452/1108 1543/1107
f 1452/1108 1413/1105 1522/1109
f 1522/1109 1413/1105 1447/1106
f 1452/1108 1522/1109 1543/1107
f 1522/1109 1447/1106 1561/1110
f 1522/1109 1561/1110 1573/1111
f 1522/1109 1573/1111 1543/1107
f 1543/1107 1573/1111 1567/1112
f 1567/1112 1573/1111 1563/1113
f 1567/1112 1563/1113 1381/1114
f 1381/1114 1563/1113 1366/1115
f 1366/1115 1563/1113 1442/1116
f 1381/1114 1366/1115 1414/1117
f 1366/1115 1442/1116 1513/1118
f 1414/1117 1366/1115 1464/1119
f 1464/1119 1366/1115 1513/1118
f 1464/1119 1513/1118 1433/1120
f 1464/1119 1433/1120 1392/1121
f 1203/1122 1303/1123 1179/1124
f 1179/1124 1303/1123 1444/1125
f 1444/1125 1303/1123 1543/1126
f 1444/1125 1543/1126 1587/1127
f 1444/1125 1587/1127 1429/1128
f 1444/1125 1429/1128 1179/1124
f 1179/1124 1429/1128 1216/1129
f 1216/1129 1429/1128 1257/1130
f 1216/1129 1257/1130 1229/1131
f 1216/1129 1229/1131 1238/1132
f 1250/1133 1257/1130 1238/1132
f 1250/1133 1238/1132 1229/1131
f 1257/1130 1250/1133 1259/1134
f 1259/1134 1250/1133 1229/1131
f 1259/1134 1229/1131 1257/1130
f 1318/1135 1189/1136 1296/1137
f 1296/1137 1189/1136 1298/1138
f 1296/1137 1298/1138 1344/1139
f 1298/1138 1189/1136 1236/1140
f 1298/1138 1236/1140 1445/1141
f 1445/1141 1236/1140 1384/1142
f 1445/1141 1384/1142 1568/1143
f 1568/1143 1384/1142 1563/1144
f 1445/1141 1568/1143 1447/1145
f 1445/1141 1447/1145 1344/1146
f 1344/1146 1447/1145 1296/1147
f 1447/1145 1568/1143 1561/1148
f 1561/1148 1568/1143 1563/1144
f 1561/1148 1563/1144 1573/1149
f 1592/1150 1543/1151 1567/1152
f 1543/1151 1592/1150 1587/1153
f 1381/1154 1414/1155 1567/1152
f 1567/1152 1414/1155 1556/1156
f 1567/1152 1556/1156 1592/1150
f 1556/1156 1414/1155 1564/1157
f 1556/1156 1564/1157 1592/1150
f 1564/1157 1414/1155 1509/1158
f 1587/1153 1592/1150 1580/1159
f 1587/1153 1580/1159 1535/1160
f 1535/1160 1580/1159 1558/1161
f 1580/1159 1592/1150 1577/1162
f 1580/1159 1577/1162 1558/1161
f 1577/1162 1592/1150 1564/1157
f 1564/1157 1509/1158 1520/1163
f 1564/1157 1520/1163 1577/1162
f 1520/1163 1509/1158 1487/1164
f 1520/1163 1487/1164 1577/1162
f 1487/1164 1509/1158 1559/1165
f 1487/1164 1559/1165 1577/1162
f 1577/1162 1559/1165 1558/1161
f 1559/1165 1509/1158 1566/1166
f 1559/1165 1566/1166 1558/1161
f 1442/1167 1563/1168 1384/1169
f 1442/1167 1384/1169 1513/1170
f 1513/1170 1384/1169 1433/1171
f 1433/1171 1384/1169 1302/1172
f 1302/1172 1384/1169 1236/1173
f 1433/1171 1302/1172 1392/1174
f 1535/1175 1558/1176 1538/1177
f 1538/1177 1558/1176 1525/1178
f 1535/1175 1538/1177 1587/1179
f 1538/1177 1525/1178 1530/1180
f 1538/1177 1530/1180 1587/1179
f 1558/1181 1566/1182 1525/1183
f 1525/1183 1566/1182 1508/1184
f 1525/1183 1508/1184 1326/1185
f 1508/1184 1566/1182 1519/1186
f 1519/1186 1566/1182 1509/1187
f 1519/1186 1509/1187 1371/1188
f 1326/1185 1508/1184 1430/1189
f 1326/1185 1430/1189 1262/1190
f 1508/1184 1519/1186 1514/1191
f 1508/1184 1514/1191 1430/1189
f 1519/1186 1371/1188 1432/1192
f 1519/1186 1432/1192 1514/1191
f 1432/1192 1371/1188 1241/1193
f 1241/1193 1371/1188 1254/1194
f 1514/1191 1432/1192 1471/1195
f 1430/1189 1514/1191 1469/1196
f 1469/1196 1514/1191 1471/1195
f 1430/1189 1469/1196 1306/1197
f 1432/1192 1241/1193 1351/1198
f 1432/1192 1351/1198 1471/1195
f 1351/1198 1241/1193 1295/1199
f 1295/1199 1241/1193 1253/1200
f 1295/1199 1253/1200 1294/1201
f 1351/1198 1295/1199 1401/1202
f 1401/1202 1295/1199 1294/1201
f 1351/1198 1401/1202 1471/1195
f 1401/1202 1294/1201 1417/1203
f 1401/1202 1417/1203 1463/1204
f 1463/1204 1417/1203 1420/1205
f 1401/1202 1463/1204 1482/1206
f 1482/1206 1463/1204 1571/1207
f 1401/1202 1482/1206 1465/1208
f 1401/1202 1465/1208 1471/1195
f 1471/1195 1465/1208 1478/1209
f 1471/1195 1478/1209 1469/1196
f 1478/1209 1465/1208 1498/1210
f 1498/1210 1465/1208 1518/1211
f 1469/1196 1478/1209 1448/1212
f 1469/1196 1448/1212 1306/1197
f 1478/1209 1498/1210 1483/1213
f 1478/1209 1483/1213 1448/1212
f 1483/1213 1498/1210 1518/1211
f 1306/1197 1448/1212 1343/1214
f 1448/1212 1483/1213 1456/1215
f 1448/1212 1456/1215 1343/1214
f 1456/1215 1483/1213 1518/1211
f 1343/1214 1456/1215 1465/1208
f 1465/1208 1456/1215 1518/1211
f 1587/1216 1530/1217 1549/1218
f 1587/1216 1549/1218 1429/1219
f 1549/1218 1530/1217 1462/1220
f 1549/1218 1462/1220 1466/1221
f 1462/1220 1530/1217 1488/1222
f 1462/1220 1488/1222 1466/1221
f 1488/1222 1530/1217 1525/1223
f 1549/1218 1466/1221 1523/1224
f 1523/1224 1466/1221 1488/1222
f 1549/1218 1523/1224 1429/1219
f 1523/1224 1488/1222 1434/1225
f 1523/1224 1434/1225 1429/1219
f 1429/1219 1434/1225 1320/1226
f 1488/1227 1525/1228 1383/1229
f 1383/1229 1525/1228 1326/1230
f 1383/1229 1326/1230 1238/1231
f 1488/1227 1383/1229 1434/1232
f 1383/1229 1238/1231 1257/1233
f 1434/1232 1383/1229 1368/1234
f 1434/1232 1368/1234 1320/1235
f 1383/1229 1257/1233 1320/1235
f 1320/1235 1257/1233 1429/1236
f 1368/1234 1383/1229 1354/1237
f 1368/1234 1354/1237 1320/1235
f 1320/1235 1354/1237 1383/1229
f 1272/1238 1371/1239 1509/1240
f 1371/1239 1272/1238 1254/1241
f 1254/1241 1272/1238 1270/1242
f 1272/1238 1509/1240 1287/1243
f 1272/1238 1287/1243 1270/1242
f 1287/1243 1509/1240 1414/1244
f 1287/1243 1414/1244 1408/1245
f 1287/1243 1408/1245 1270/1242
f 1408/1245 1414/1244 1501/1246
f 1408/1245 1501/1246 1423/1247
f 1408/1245 1423/1247 1312/1248
f 1408/1245 1312/1248 1270/1242
f 1312/1248 1423/1247 1291/1249
f 1312/1248 1291/1249 1270/1242
f 1270/1242 1291/1249 1283/1250
f 1262/1251 1430/1252 1306/1253
f 1222/1254 1220/1255 1262/1251
f 1262/1251 1306/1253 1235/1256
f 1262/1251 1235/1256 1222/1254
f 1235/1256 1306/1253 1239/1257
f 1239/1257 1306/1253 1343/1258
f 1222/1254 1235/1256 1218/1259
f 1239/1257 1343/1258 1242/1260
f 1242/1260 1343/1258 1327/1261
f 1239/1257 1242/1260 1217/1262
f 1239/1257 1217/1262 1235/1256
f 1235/1256 1217/1262 1218/1259
f 1222/1254 1218/1259 1137/1263
f 1218/1259 1217/1262 1131/1264
f 1218/1259 1131/1264 1137/1263
f 1137/1263 1131/1264 1079/1265
f 1079/1265 1131/1264 1093/1266
f 1137/1263 1079/1265 1094/1267
f 1326/1268 1262/1269 1220/1270
f 1326/1268 1220/1270 1238/1271
f 1181/1272 1216/1273 1238/1271
f 1238/1271 1220/1270 1193/1274
f 1238/1271 1193/1274 1181/1272
f 1193/1274 1220/1270 1177/1275
f 1177/1275 1220/1270 1222/1276
f 1177/1275 1222/1276 1137/1277
f 1193/1274 1177/1275 1198/1278
f 1198/1278 1177/1275 1137/1277
f 1193/1274 1198/1278 1181/1272
f 1198/1278 1137/1277 1144/1279
f 1181/1272 1198/1278 1202/1280
f 1198/1278 1144/1279 1185/1281
f 1198/1278 1185/1281 1202/1280
f 1241/1282 1254/1283 1267/1284
f 1267/1284 1254/1283 1270/1285
f 1241/1282 1267/1284 1253/1286
f 1267/1284 1270/1285 1232/1287
f 1232/1287 1270/1285 1283/1288
f 1232/1287 1283/1288 1231/1289
f 1232/1287 1231/1289 1267/1284
f 1231/1289 1283/1288 1289/1290
f 1231/1289 1289/1290 1267/1284
f 1253/1286 1267/1284 1261/1291
f 1289/1290 1283/1288 1319/1292
f 1319/1292 1283/1288 1291/1293
f 1319/1292 1291/1293 1311/1294
f 1319/1292 1311/1294 1336/1295
f 1253/1286 1261/1291 1266/1296
f 1289/1290 1319/1292 1285/1297
f 1289/1290 1285/1297 1267/1284
f 1267/1284 1285/1297 1261/1291
f 1285/1297 1319/1292 1374/1298
f 1261/1291 1285/1297 1275/1299
f 1275/1299 1285/1297 1374/1298
f 1275/1299 1374/1298 1375/1300
f 1275/1299 1375/1300 1261/1291
f 1375/1300 1374/1298 1369/1301
f 1375/1300 1369/1301 1385/1302
f 1375/1300 1385/1302 1261/1291
f 1261/1291 1385/1302 1266/1296
f 1266/1296 1385/1302 1361/1303
f 1266/1296 1361/1303 1313/1304
f 1361/1303 1385/1302 1378/1305
f 1423/1306 1501/1307 1468/1308
f 1560/1309 1501/1307 1414/1310
f 1501/1307 1560/1309 1570/1311
f 1501/1307 1570/1311 1468/1308
f 1468/1308 1570/1311 1536/1312
f 1423/1306 1468/1308 1310/1313
f 1423/1306 1310/1313 1291/1314
f 1291/1314 1310/1313 1352/1315
f 1291/1314 1352/1315 1311/1316
f 1352/1315 1310/1313 1492/1317
f 1492/1317 1310/1313 1468/1308
f 1352/1315 1492/1317 1311/1316
f 1492/1317 1468/1308 1516/1318
f 1492/1317 1516/1318 1311/1316
f 1516/1318 1468/1308 1536/1312
f 1311/1316 1516/1318 1336/1319
f 1516/1318 1536/1312 1527/1320
f 1527/1320 1536/1312 1528/1321
f 1336/1319 1516/1318 1382/1322
f 1382/1322 1516/1318 1527/1320
f 1382/1322 1527/1320 1398/1323
f 1398/1323 1527/1320 1446/1324
f 1336/1319 1382/1322 1348/1325
f 1348/1325 1382/1322 1398/1323
f 1336/1319 1348/1325 1362/1326
f 1348/1325 1398/1323 1364/1327
f 1348/1325 1364/1327 1362/1326
f 1560/1328 1414/1329 1464/1330
f 1560/1328 1464/1330 1512/1331
f 1560/1328 1512/1331 1526/1332
f 1512/1331 1464/1330 1437/1333
f 1437/1333 1464/1330 1392/1334
f 1526/1332 1512/1331 1542/1335
f 1526/1332 1542/1335 1515/1336
f 1512/1331 1437/1333 1553/1337
f 1512/1331 1553/1337 1542/1335
f 1542/1335 1553/1337 1550/1338
f 1550/1338 1553/1337 1437/1333
f 1542/1335 1550/1338 1545/1339
f 1545/1339 1550/1338 1437/1333
f 1545/1339 1437/1333 1415/1340
f 1570/1341 1560/1342 1500/1343
f 1526/1344 1515/1345 1560/1342
f 1542/1346 1503/1347 1515/1345
f 1515/1345 1503/1347 1397/1348
f 1515/1345 1397/1348 1410/1349
f 1410/1349 1397/1348 1537/1350
f 1560/1342 1515/1345 1496/1351
f 1496/1351 1515/1345 1410/1349
f 1496/1351 1410/1349 1537/1350
f 1560/1342 1496/1351 1500/1343
f 1496/1351 1537/1350 1584/1352
f 1496/1351 1584/1352 1500/1343
f 1584/1352 1537/1350 1574/1353
f 1500/1343 1584/1352 1544/1354
f 1500/1343 1544/1354 1499/1355
f 1500/1343 1499/1355 1441/1356
f 1269/1357 1290/1358 1441/1356
f 1269/1357 1441/1356 1499/1355
f 1269/1357 1499/1355 1333/1359
f 1269/1357 1333/1359 1248/1360
f 1248/1360 1333/1359 1334/1361
f 1248/1360 1334/1361 1252/1362
f 1334/1361 1333/1359 1494/1363
f 1494/1363 1333/1359 1499/1355
f 1334/1361 1494/1363 1454/1364
f 1541/1365 1499/1355 1544/1354
f 1499/1355 1541/1365 1494/1363
f 1541/1365 1544/1354 1584/1352
f 1541/1365 1584/1352 1554/1366
f 1541/1365 1554/1366 1494/1363
f 1494/1363 1554/1366 1533/1367
f 1454/1364 1494/1363 1485/1368
f 1494/1363 1533/1367 1467/1369
f 1494/1363 1467/1369 1485/1368
f 1467/1369 1533/1367 1540/1370
f 1540/1370 1533/1367 1554/1366
f 1485/1368 1467/1369 1316/1371
f 1485/1368 1316/1371 1317/1372
f 1316/1371 1467/1369 1428/1373
f 1428/1373 1467/1369 1540/1370
f 1485/1368 1317/1372 1416/1374
f 1489/1375 1454/1364 1485/1368
f 1454/1364 1489/1375 1457/1376
f 1485/1368 1416/1374 1470/1377
f 1485/1368 1470/1377 1489/1375
f 1470/1377 1416/1374 1504/1378
f 1504/1378 1416/1374 1506/1379
f 1504/1378 1506/1379 1470/1377
f 1470/1377 1506/1379 1421/1380
f 1470/1377 1421/1380 1489/1375
f 1489/1375 1421/1380 1534/1381
f 1474/1382 1428/1373 1540/1370
f 1474/1382 1540/1370 1548/1383
f 1548/1383 1540/1370 1554/1366
f 1428/1373 1474/1382 1322/1384
f 1428/1373 1322/1384 1233/1385
f 1233/1385 1322/1384 1255/1386
f 1255/1386 1322/1384 1309/1387
f 1309/1387 1322/1384 1474/1382
f 1233/1385 1255/1386 1247/1388
f 1233/1385 1247/1388 1224/1389
f 1224/1389 1247/1388 1244/1390
f 1224/1389 1244/1390 1226/1391
f 1247/1388 1255/1386 1256/1392
f 1247/1388 1256/1392 1244/1390
f 1244/1390 1256/1392 1226/1391
f 1256/1392 1255/1386 1309/1387
f 1226/1391 1256/1392 1338/1393
f 1338/1393 1256/1392 1309/1387
f 1226/1391 1338/1393 1249/1394
f 1338/1393 1309/1387 1350/1395
f 1350/1395 1309/1387 1403/1396
f 1403/1396 1309/1387 1474/1382
f 1350/1395 1403/1396 1427/1397
f 1350/1395 1427/1397 1338/1393
f 1427/1397 1403/1396 1474/1382
f 1338/1393 1427/1397 1551/1398
f 1551/1398 1427/1397 1474/1382
f 1460/1399 1249/1394 1338/1393
f 1460/1399 1338/1393 1551/1398
f 1551/1398 1474/1382 1493/1400
f 1493/1400 1474/1382 1475/1401
f 1475/1401 1474/1382 1548/1383
f 1493/1400 1475/1401 1565/1402
f 1565/1402 1475/1401 1548/1383
f 1493/1400 1565/1402 1551/1398
f 1551/1398 1565/1402 1589/1403
f 1551/1398 1589/1403 1460/1399
f 1565/1402 1548/1383 1579/1404
f 1565/1402 1579/1404 1589/1403
f 1579/1404 1548/1383 1532/1405
f 1532/1405 1548/1383 1554/1366
f 1579/1404 1532/1405 1586/1406
f 1586/1406 1532/1405 1554/1366
f 1579/1404 1586/1406 1589/1403
f 1586/1406 1554/1366 1584/1352
f 1586/1406 1584/1352 1589/1403
f 1589/1403 1584/1352 1574/1353
f 1589/1403 1574/1353 1557/1407
f 1589/1403 1557/1407 1460/1399
f 1460/1399 1557/1407 1458/1408
f 1458/1408 1557/1407 1546/1409
f 1458/1408 1546/1409 1426/1410
f 1460/1399 1458/1408 1450/1411
f 1450/1411 1458/1408 1426/1410
f 1450/1411 1426/1410 1473/1412
f 1473/1412 1426/1410 1225/1413
f 1460/1399 1450/1411 1251/1414
f 1460/1399 1251/1414 1249/1394
f 1450/1411 1473/1412 1282/1415
f 1282/1415 1473/1412 1225/1413
f 1450/1411 1282/1415 1251/1414
f 1249/1394 1251/1414 1212/1416
f 1212/1416 1251/1414 1282/1415
f 1212/1416 1282/1415 1225/1413
f 1212/1416 1225/1413 1195/1417
f 1570/1418 1500/1419 1536/1420
f 1536/1420 1500/1419 1484/1421
f 1536/1420 1484/1421 1511/1422
f 1536/1420 1511/1422 1528/1423
f 1484/1421 1500/1419 1422/1424
f 1511/1422 1484/1421 1491/1425
f 1491/1425 1484/1421 1422/1424
f 1511/1422 1491/1425 1443/1426
f 1511/1422 1443/1426 1386/1427
f 1386/1427 1443/1426 1321/1428
f 1321/1428 1443/1426 1314/1429
f 1314/1429 1443/1426 1491/1425
f 1321/1428 1314/1429 1286/1430
f 1491/1425 1422/1424 1353/1431
f 1353/1431 1422/1424 1323/1432
f 1491/1425 1353/1431 1325/1433
f 1325/1433 1353/1431 1323/1432
f 1491/1425 1325/1433 1314/1429
f 1314/1429 1325/1433 1263/1434
f 1314/1429 1263/1434 1286/1430
f 1325/1433 1323/1432 1332/1435
f 1325/1433 1332/1435 1263/1434
f 1332/1435 1323/1432 1422/1424
f 1263/1434 1332/1435 1286/1430
f 1332/1435 1422/1424 1390/1436
f 1390/1436 1422/1424 1500/1419
f 1390/1436 1500/1419 1441/1437
f 1390/1436 1441/1437 1290/1438
f 1332/1435 1390/1436 1281/1439
f 1281/1439 1390/1436 1290/1438
f 1332/1435 1281/1439 1286/1430
f 1281/1439 1290/1438 1269/1440
f 1281/1439 1269/1440 1286/1430
f 1286/1430 1269/1440 1248/1441
f 1542/1442 1545/1443 1503/1444
f 1503/1444 1545/1443 1415/1445
f 1503/1444 1415/1445 1402/1446
f 1503/1444 1402/1446 1502/1447
f 1503/1444 1502/1447 1397/1448
f 1502/1447 1402/1446 1380/1449
f 1380/1449 1402/1446 1305/1450
f 1397/1448 1502/1447 1455/1451
f 1455/1451 1502/1447 1380/1449
f 1397/1448 1455/1451 1537/1452
f 1537/1452 1455/1451 1539/1453
f 1539/1453 1455/1451 1552/1454
f 1552/1454 1455/1451 1380/1449
f 1380/1449 1305/1450 1243/1455
f 1552/1454 1380/1449 1405/1456
f 1405/1456 1380/1449 1243/1455
f 1552/1454 1405/1456 1490/1457
f 1490/1457 1405/1456 1481/1458
f 1405/1456 1243/1455 1308/1459
f 1405/1456 1308/1459 1292/1460
f 1292/1460 1308/1459 1367/1461
f 1393/1462 1280/1463 1406/1464
f 1406/1464 1280/1463 1054/1465
f 1298/1466 1445/1467 1307/1468
f 1298/1466 1307/1468 1284/1469
f 1284/1469 1307/1468 1365/1470
f 1307/1468 1445/1467 1440/1471
f 1307/1468 1440/1471 1365/1470
f 1440/1471 1445/1467 1389/1472
f 1440/1471 1389/1472 1365/1470
f 1298/1473 1284/1474 1344/1475
f 1344/1475 1284/1474 1389/1476
f 1344/1475 1389/1476 1445/1477
f 1389/1476 1284/1474 1365/1478
f 553/1479 347/1480 344/1481
f 344/1481 347/1480 431/1482
f 344/1481 431/1482 392/1483
f 392/1483 431/1482 423/1484
f 553/1479 344/1481 618/1485
f 553/1479 618/1485 789/1486
f 789/1486 618/1485 775/1487
f 344/1488 432/1489 618/1490
f 618/1490 432/1489 506/1491
f 432/1492 496/1493 370/1494
f 432/1492 370/1494 358/1495
f 432/1492 358/1495 470/1496
f 432/1492 470/1496 506/1497
f 358/1495 370/1494 453/1498
f 358/1495 453/1498 470/1496
f 453/1498 370/1494 439/1499
f 453/1498 439/1499 401/1500
f 470/1496 453/1498 490/1501
f 490/1501 453/1498 401/1500
f 470/1496 490/1501 641/1502
f 490/1501 401/1500 367/1503
f 367/1503 401/1500 379/1504
f 618/1505 506/1506 662/1507
f 662/1507 506/1506 525/1508
f 525/1508 506/1506 613/1509
f 613/1509 506/1506 470/1510
f 613/1509 470/1510 525/1508
f 525/1508 470/1510 500/1511
f 500/1511 470/1510 641/1512
f 662/1507 525/1508 606/1513
f 606/1513 525/1508 500/1511
f 662/1507 606/1513 808/1514
f 606/1513 500/1511 685/1515
f 606/1513 685/1515 808/1514
f 685/1515 500/1511 679/1516
f 685/1515 679/1516 808/1514
f 679/1516 500/1511 430/1517
f 662/1507 808/1514 908/1518
f 306/1519 686/1520 430/1517
f 430/1517 686/1520 679/1516
f 679/1516 686/1520 764/1521
f 808/1514 679/1516 831/1522
f 679/1516 764/1521 819/1523
f 831/1522 679/1516 802/1524
f 802/1524 679/1516 819/1523
f 819/1523 764/1521 1077/1525
f 819/1523 1077/1525 802/1524
f 1077/1525 764/1521 937/1526
f 831/1522 802/1524 1045/1527
f 1045/1527 802/1524 1077/1525
f 831/1522 1045/1527 808/1514
f 1045/1527 1077/1525 937/1526
f 808/1514 1045/1527 1043/1528
f 1043/1528 1045/1527 937/1526
f 808/1514 1043/1528 908/1518
f 1043/1528 937/1526 953/1529
f 1043/1528 953/1529 908/1518
f 953/1529 937/1526 977/1530
f 908/1518 953/1529 1091/1531
f 953/1529 977/1530 1001/1532
f 953/1529 1001/1532 1091/1531
f 1001/1532 977/1530 1067/1533
f 1001/1532 1067/1533 1091/1531
f 686/1534 306/1535 540/1536
f 686/1534 540/1536 763/1537
f 686/1534 763/1537 764/1538
f 763/1537 540/1536 707/1539
f 763/1537 707/1539 764/1538
f 707/1539 540/1536 748/1540
f 707/1539 748/1540 764/1538
f 748/1540 540/1536 455/1541
f 748/1540 455/1541 593/1542
f 593/1542 455/1541 477/1543
f 593/1542 477/1543 585/1544
f 593/1542 585/1544 660/1545
f 593/1542 660/1545 748/1540
f 748/1540 660/1545 829/1546
f 899/1547 764/1538 748/1540
f 899/1547 748/1540 829/1546
f 764/1538 899/1547 937/1548
f 977/1549 937/1548 970/1550
f 970/1550 937/1548 899/1547
f 970/1550 899/1547 996/1551
f 899/1547 829/1546 890/1552
f 996/1551 899/1547 942/1553
f 942/1553 899/1547 890/1552
f 996/1551 942/1553 967/1554
f 877/1555 983/1556 890/1552
f 890/1552 983/1556 1023/1557
f 890/1552 1023/1557 942/1553
f 1023/1557 983/1556 1004/1558
f 967/1554 942/1553 1026/1559
f 1026/1559 942/1553 1023/1557
f 1023/1557 1004/1558 1022/1560
f 1023/1557 1022/1560 1026/1559
f 1022/1560 1004/1558 878/1561
f 878/1561 1004/1558 855/1562
f 878/1561 855/1562 863/1563
f 878/1561 863/1563 1022/1560
f 863/1563 855/1562 844/1564
f 1022/1560 863/1563 871/1565
f 871/1565 863/1563 844/1564
f 1022/1560 871/1565 1026/1559
f 871/1565 844/1564 1005/1566
f 871/1565 1005/1566 1026/1559
f 1006/1567 967/1554 1026/1559
f 1006/1567 1026/1559 1005/1566
f 967/1554 1006/1567 943/1568
f 943/1568 1006/1567 888/1569
f 888/1569 1006/1567 1005/1566
f 888/1569 1005/1566 979/1570
f 540/1571 306/1572 339/1573
f 540/1571 339/1573 434/1574
f 540/1571 434/1574 455/1575
f 434/1574 339/1573 385/1576
f 385/1576 339/1573 290/1577
f 434/1574 385/1576 337/1578
f 337/1578 385/1576 290/1577
f 434/1574 337/1578 455/1575
f 290/1577 339/1573 238/1579
f 290/1577 238/1579 337/1578
f 477/1580 455/1575 328/1581
f 328/1581 455/1575 270/1582
f 270/1582 455/1575 337/1578
f 337/1578 238/1579 191/1583
f 337/1578 191/1583 270/1582
f 191/1583 238/1579 154/1584
f 191/1583 154/1584 270/1582
f 154/1584 238/1579 66/1585
f 154/1584 66/1585 74/1586
f 154/1584 74/1586 270/1582
f 270/1582 74/1586 114/1587
f 1067/1588 977/1589 1112/1590
f 1112/1590 977/1589 970/1591
f 1112/1590 970/1591 1110/1592
f 1067/1588 1112/1590 1107/1593
f 1107/1593 1112/1590 1110/1592
f 1110/1592 970/1591 996/1594
f 1067/1588 1107/1593 960/1595
f 1067/1588 960/1595 1091/1596
f 1110/1592 996/1594 1104/1597
f 1107/1593 1110/1592 1102/1598
f 1102/1598 1110/1592 1104/1597
f 1091/1596 960/1595 947/1599
f 1091/1596 947/1599 1044/1600
f 1044/1600 947/1599 960/1595
f 1104/1597 996/1594 1064/1601
f 1104/1597 1064/1601 1102/1598
f 1064/1601 996/1594 982/1602
f 982/1602 996/1594 967/1603
f 982/1602 967/1603 943/1604
f 1064/1601 982/1602 991/1605
f 982/1602 943/1604 921/1606
f 991/1605 982/1602 975/1607
f 975/1607 982/1602 921/1606
f 921/1606 943/1604 771/1608
f 771/1608 943/1604 888/1609
f 921/1606 771/1608 788/1610
f 1064/1601 991/1605 1113/1611
f 1113/1611 991/1605 975/1607
f 1064/1601 1113/1611 1102/1598
f 1113/1611 975/1607 1109/1612
f 1113/1611 1109/1612 1114/1613
f 1113/1611 1114/1613 1024/1614
f 1102/1598 1113/1611 946/1615
f 946/1615 1113/1611 1024/1614
f 1102/1598 946/1615 904/1616
f 946/1615 1024/1614 933/1617
f 933/1617 1024/1614 1044/1600
f 933/1617 1044/1600 960/1595
f 946/1615 933/1617 957/1618
f 957/1618 933/1617 960/1595
f 946/1615 957/1618 904/1616
f 1102/1598 904/1616 944/1619
f 944/1619 904/1616 957/1618
f 944/1619 957/1618 960/1595
f 1102/1598 944/1619 1107/1593
f 1107/1593 944/1619 960/1595
f 1114/1620 1109/1621 1000/1622
f 1000/1622 1109/1621 975/1623
f 1114/1620 1000/1622 1024/1624
f 1000/1622 975/1623 921/1625
f 1024/1624 1000/1622 1074/1626
f 1000/1622 921/1625 858/1627
f 1000/1622 858/1627 1074/1626
f 858/1627 921/1625 784/1628
f 1024/1624 1074/1626 926/1629
f 1024/1624 926/1629 1044/1630
f 1091/1631 1044/1630 1074/1626
f 1044/1630 926/1629 952/1632
f 952/1632 926/1629 1074/1626
f 952/1632 1074/1626 1044/1630
f 994/1633 1074/1626 858/1627
f 994/1633 858/1627 604/1634
f 604/1634 858/1627 784/1628
f 788/1635 784/1628 921/1625
f 604/1634 784/1628 720/1636
f 784/1628 788/1635 665/1637
f 784/1628 665/1637 720/1636
f 665/1637 788/1635 714/1638
f 665/1637 714/1638 720/1636
f 714/1638 788/1635 659/1639
f 714/1638 659/1639 720/1636
f 659/1639 788/1635 692/1640
f 720/1636 659/1639 535/1641
f 720/1636 535/1641 412/1642
f 535/1641 659/1639 388/1643
f 412/1642 535/1641 404/1644
f 404/1644 535/1641 388/1643
f 412/1642 404/1644 268/1645
f 388/1643 659/1639 268/1645
f 388/1643 268/1645 404/1644
f 1091/1646 1074/1647 994/1648
f 1091/1646 994/1648 1050/1649
f 1050/1649 994/1648 986/1650
f 986/1650 994/1648 840/1651
f 1091/1646 1050/1649 1015/1652
f 1050/1649 986/1650 1057/1653
f 1050/1649 1057/1653 1015/1652
f 1091/1646 1015/1652 908/1654
f 986/1650 840/1651 998/1655
f 998/1655 840/1651 852/1656
f 986/1650 998/1655 1057/1653
f 857/1657 662/1658 908/1654
f 857/1657 908/1654 962/1659
f 962/1659 908/1654 1015/1652
f 1049/1660 1015/1652 1057/1653
f 1015/1652 1049/1660 962/1659
f 962/1659 1049/1660 1020/1661
f 962/1659 1020/1661 1029/1662
f 1029/1662 1020/1661 1096/1663
f 1020/1661 1049/1660 1120/1664
f 1020/1661 1120/1664 1096/1663
f 1120/1664 1049/1660 1057/1653
f 1106/1665 1057/1653 998/1655
f 1057/1653 1106/1665 1120/1664
f 1106/1665 998/1655 1021/1666
f 1021/1666 998/1655 950/1667
f 1120/1664 1106/1665 1010/1668
f 1106/1665 1021/1666 1071/1669
f 1106/1665 1071/1669 1010/1668
f 1071/1669 1021/1666 1040/1670
f 1120/1664 1010/1668 1042/1671
f 1042/1671 1010/1668 1071/1669
f 1036/1672 1096/1663 1120/1664
f 1036/1672 1120/1664 1042/1671
f 1096/1663 1036/1672 1063/1673
f 1071/1669 1040/1670 1108/1674
f 1108/1674 1040/1670 1053/1675
f 1108/1674 1053/1675 1071/1669
f 1071/1669 1053/1675 966/1676
f 976/1677 1042/1671 1071/1669
f 1042/1671 976/1677 1036/1672
f 976/1677 1071/1669 966/1676
f 976/1677 966/1676 905/1678
f 905/1678 966/1676 922/1679
f 1036/1672 976/1677 931/1680
f 931/1680 976/1677 905/1678
f 1036/1672 931/1680 906/1681
f 931/1680 905/1678 911/1682
f 931/1680 911/1682 906/1681
f 994/1683 604/1684 570/1685
f 570/1685 604/1684 170/1686
f 170/1686 604/1684 267/1687
f 170/1686 267/1687 72/1688
f 170/1686 72/1688 15/1689
f 15/1689 72/1688 13/1690
f 15/1689 13/1690 170/1686
f 570/1685 170/1686 223/1691
f 170/1686 13/1690 94/1692
f 170/1686 94/1692 223/1691
f 570/1685 223/1691 315/1693
f 94/1692 13/1690 1753/1694
f 1753/1694 13/1690 1695/1695
f 94/1692 1753/1694 1707/1696
f 1895/1697 1753/1694 1847/1698
f 1753/1694 1895/1697 1707/1696
f 1707/1696 1895/1697 2059/1699
f 315/1693 223/1691 24/1700
f 26/1701 223/1691 94/1692
f 223/1691 26/1701 24/1700
f 94/1692 1707/1696 1710/1702
f 94/1692 1710/1702 26/1701
f 315/1693 24/1700 77/1703
f 315/1693 77/1703 314/1704
f 24/1700 26/1701 58/1705
f 24/1700 58/1705 77/1703
f 58/1705 26/1701 1660/1706
f 1660/1706 26/1701 1710/1702
f 77/1703 58/1705 47/1707
f 314/1704 77/1703 1623/1708
f 1623/1708 77/1703 47/1707
f 314/1704 1623/1708 11/1709
f 11/1709 1623/1708 1627/1710
f 1627/1710 1623/1708 1612/1711
f 1612/1711 1623/1708 47/1707
f 1627/1710 1612/1711 1686/1712
f 1661/1713 58/1705 1660/1706
f 58/1705 1661/1713 47/1707
f 1612/1711 47/1707 1689/1714
f 1689/1714 47/1707 1661/1713
f 1612/1711 1689/1714 1686/1712
f 1686/1712 1689/1714 1812/1715
f 1812/1715 1689/1714 1661/1713
f 1686/1712 1812/1715 1819/1716
f 1661/1713 1660/1706 1845/1717
f 1661/1713 1845/1717 1812/1715
f 1845/1717 1660/1706 1710/1702
f 1812/1715 1845/1717 1965/1718
f 1819/1716 1812/1715 1911/1719
f 1911/1719 1812/1715 1965/1718
f 1819/1716 1911/1719 1880/1720
f 1880/1720 1911/1719 1894/1721
f 1911/1719 1965/1718 1938/1722
f 1911/1719 1938/1722 1894/1721
f 1938/1722 1965/1718 1845/1717
f 1894/1721 1938/1722 2065/1723
f 2065/1723 1938/1722 1923/1724
f 1938/1722 1845/1717 1913/1725
f 1938/1722 1913/1725 1923/1724
f 1913/1725 1845/1717 1710/1702
f 2065/1723 1923/1724 2051/1726
f 2051/1726 1923/1724 1913/1725
f 2065/1723 2051/1726 2289/1727
f 2289/1727 2051/1726 2383/1728
f 2383/1728 2051/1726 2388/1729
f 2262/1730 2507/1731 2388/1729
f 2262/1730 2388/1729 2059/1699
f 2059/1699 2388/1729 2051/1726
f 2051/1726 1913/1725 1953/1732
f 2051/1726 1953/1732 2059/1699
f 1953/1732 1913/1725 1710/1702
f 2059/1699 1953/1732 1941/1733
f 2059/1699 1941/1733 1707/1696
f 1953/1732 1710/1702 1717/1734
f 1953/1732 1717/1734 1941/1733
f 1717/1734 1710/1702 1707/1696
f 1717/1734 1707/1696 1941/1733
f 994/1735 570/1736 840/1737
f 840/1737 570/1736 584/1738
f 584/1738 570/1736 315/1739
f 584/1738 315/1739 314/1740
f 584/1738 314/1740 511/1741
f 511/1741 314/1740 222/1742
f 840/1737 584/1738 722/1743
f 840/1737 722/1743 852/1744
f 852/1744 722/1743 769/1745
f 769/1745 722/1743 664/1746
f 769/1745 664/1746 694/1747
f 694/1747 664/1746 722/1743
f 694/1747 722/1743 584/1738
f 694/1747 584/1738 511/1741
f 694/1747 511/1741 564/1748
f 1096/1749 1063/1750 1029/1751
f 999/1752 963/1753 1029/1751
f 999/1752 1029/1751 1031/1754
f 1031/1754 1029/1751 1063/1750
f 1031/1754 1063/1750 906/1755
f 906/1755 1063/1750 1036/1756
f 1031/1754 906/1755 917/1757
f 911/1758 905/1759 917/1760
f 917/1760 905/1759 922/1761
f 911/1758 917/1760 906/1762
f 966/1763 1053/1764 922/1765
f 917/1766 922/1767 1062/1768
f 1062/1768 922/1767 1046/1769
f 917/1766 1062/1768 1031/1770
f 922/1771 1053/1772 1046/1773
f 1046/1773 1053/1772 1014/1774
f 1014/1774 1053/1772 1040/1775
f 1065/1776 1062/1777 1046/1773
f 1065/1776 1046/1773 1014/1774
f 1014/1774 1040/1775 950/1778
f 1065/1776 1014/1774 1145/1779
f 1145/1779 1014/1774 956/1780
f 956/1780 1014/1774 950/1778
f 1145/1779 956/1780 1039/1781
f 956/1780 950/1778 824/1782
f 956/1780 824/1782 1039/1781
f 824/1782 950/1778 852/1783
f 1039/1781 824/1782 941/1784
f 824/1782 852/1783 769/1785
f 941/1784 824/1782 564/1786
f 824/1782 769/1785 694/1787
f 824/1782 694/1787 564/1786
f 1040/1788 1021/1789 950/1790
f 950/1791 998/1792 852/1793
f 1056/1794 1062/1795 1065/1796
f 1056/1794 1065/1796 1406/1797
f 1062/1795 1056/1794 1031/1798
f 1056/1794 1406/1797 1054/1799
f 1056/1794 1054/1799 1031/1798
f 1031/1798 1054/1799 999/1800
f 999/1800 1054/1799 963/1801
f 1406/1802 1065/1803 1379/1804
f 1379/1804 1065/1803 1145/1805
f 1379/1804 1145/1805 1168/1806
f 1406/1802 1379/1804 1415/1807
f 1415/1807 1379/1804 1402/1808
f 1402/1808 1379/1804 1305/1809
f 1029/1810 963/1811 959/1812
f 1029/1810 959/1812 962/1813
f 962/1813 959/1812 857/1814
f 857/1814 959/1812 963/1811
f 857/1814 963/1811 848/1815
f 848/1815 963/1811 789/1816
f 857/1814 848/1815 730/1817
f 730/1817 848/1815 789/1816
f 857/1814 730/1817 775/1818
f 775/1818 730/1817 789/1816
f 857/1819 775/1820 662/1821
f 662/1821 775/1820 618/1822
f 1305/1823 1379/1824 1297/1825
f 1305/1823 1297/1825 1197/1826
f 1297/1825 1379/1824 1168/1827
f 1297/1825 1168/1827 1197/1826
f 1197/1826 1168/1827 1174/1828
f 1174/1828 1168/1827 1098/1829
f 1166/1830 1147/1831 1168/1827
f 1168/1827 1147/1831 1098/1829
f 1098/1829 1147/1831 1124/1832
f 1098/1829 1124/1832 1013/1833
f 1098/1829 1013/1833 958/1834
f 1098/1829 958/1834 941/1835
f 1305/1836 1197/1837 1195/1838
f 1195/1838 1197/1837 1174/1839
f 1098/1840 520/1841 1174/1839
f 1174/1839 520/1841 1636/1842
f 1174/1839 1636/1842 850/1843
f 1174/1839 850/1843 929/1844
f 1174/1839 929/1844 1115/1845
f 1195/1838 1174/1839 1159/1846
f 1159/1846 1174/1839 1115/1845
f 1195/1838 1159/1846 1178/1847
f 1195/1838 1178/1847 1212/1848
f 1178/1847 1159/1846 1180/1849
f 1180/1849 1159/1846 1115/1845
f 1178/1847 1180/1849 1212/1848
f 1212/1848 1180/1849 1192/1850
f 1212/1848 1192/1850 1249/1851
f 1180/1849 1115/1845 1149/1852
f 1180/1849 1149/1852 1192/1850
f 1149/1852 1115/1845 1118/1853
f 1149/1852 1118/1853 1151/1854
f 1192/1850 1149/1852 993/1855
f 993/1855 1149/1852 1082/1856
f 1249/1851 1192/1850 1226/1857
f 1192/1850 993/1855 1196/1858
f 1192/1850 1196/1858 1226/1857
f 1196/1858 993/1855 688/1859
f 1196/1858 688/1859 786/1860
f 1196/1858 786/1860 1076/1861
f 1196/1858 1076/1861 1183/1862
f 1196/1858 1183/1862 1226/1857
f 1226/1857 1183/1862 1200/1863
f 1226/1857 1200/1863 1224/1864
f 1200/1863 1183/1862 1191/1865
f 1224/1864 1200/1863 1233/1866
f 1200/1863 1191/1865 1184/1867
f 1200/1863 1184/1867 1233/1866
f 1168/1868 1145/1869 1160/1870
f 1168/1868 1160/1870 1166/1871
f 1166/1871 1160/1870 1154/1872
f 1154/1872 1160/1870 1145/1869
f 1154/1872 1145/1869 1075/1873
f 1075/1873 1145/1869 1039/1874
f 1075/1873 1039/1874 958/1875
f 958/1875 1039/1874 941/1876
f 1166/1877 1154/1878 1167/1879
f 1166/1877 1167/1879 1156/1880
f 1154/1881 1075/1882 1117/1883
f 1154/1881 1117/1883 1167/1884
f 1167/1884 1117/1883 1172/1885
f 1172/1885 1117/1883 1152/1886
f 1172/1885 1152/1886 1175/1887
f 1117/1883 1075/1882 973/1888
f 973/1888 1075/1882 958/1889
f 1117/1883 973/1888 1007/1890
f 973/1888 958/1889 1013/1891
f 1007/1890 973/1888 939/1892
f 1007/1890 939/1892 928/1893
f 973/1888 1013/1891 1085/1894
f 1085/1894 1013/1891 1124/1895
f 939/1892 973/1888 995/1896
f 939/1892 995/1896 928/1893
f 995/1896 973/1888 1085/1894
f 928/1893 995/1896 936/1897
f 1085/1894 1124/1895 1126/1898
f 1126/1898 1124/1895 1156/1899
f 1126/1898 1156/1899 1085/1894
f 1085/1894 1156/1899 1167/1900
f 1085/1894 1167/1900 1157/1901
f 1085/1894 1157/1901 995/1896
f 1157/1901 1167/1900 1172/1902
f 1157/1901 1172/1902 1158/1903
f 1157/1901 1158/1903 995/1896
f 1158/1903 1172/1902 1175/1904
f 1158/1903 1175/1904 1161/1905
f 995/1896 1158/1903 1078/1906
f 1078/1906 1158/1903 1161/1905
f 995/1896 1078/1906 936/1897
f 936/1897 1078/1906 1003/1907
f 1003/1907 1078/1906 1161/1905
f 936/1897 1003/1907 954/1908
f 1003/1907 1161/1905 1103/1909
f 1103/1909 1161/1905 1139/1910
f 954/1908 1003/1907 1037/1911
f 1037/1911 1003/1907 1103/1909
f 954/1908 1037/1911 935/1912
f 935/1912 1037/1911 1103/1909
f 1147/1913 1166/1914 1156/1915
f 1147/1916 1156/1917 1124/1918
f 1098/1919 941/1920 520/1921
f 520/1921 941/1920 564/1922
f 520/1921 564/1922 222/1923
f 222/1923 564/1922 511/1924
f 520/1921 222/1923 23/1925
f 222/1926 314/1927 11/1928
f 222/1929 11/1930 23/1931
f 23/1931 11/1930 1636/1932
f 23/1931 1636/1932 520/1933
f 11/1934 1627/1935 1636/1936
f 1636/1936 1627/1935 1686/1937
f 1636/1936 1686/1937 1741/1938
f 1741/1938 1686/1937 1819/1939
f 1773/1940 68/1941 1636/1936
f 1773/1940 1636/1936 1741/1938
f 1773/1940 1741/1938 1878/1942
f 1773/1940 1878/1942 1851/1943
f 1741/1938 1819/1939 1873/1944
f 1873/1944 1819/1939 1818/1945
f 1741/1938 1873/1944 1825/1946
f 1741/1938 1825/1946 1878/1942
f 1878/1942 1825/1946 1873/1944
f 1878/1942 1873/1944 1898/1947
f 1898/1947 1873/1944 1880/1948
f 1878/1942 1898/1947 2184/1949
f 1878/1942 2184/1949 2140/1950
f 1819/1951 1880/1952 2027/1953
f 2027/1953 1880/1952 2002/1954
f 2027/1953 2002/1954 1818/1955
f 1818/1955 2002/1954 1880/1952
f 1818/1955 1880/1952 1873/1956
f 2027/1957 1818/1958 1819/1959
f 1898/1960 1880/1961 1894/1962
f 1898/1960 1894/1962 2065/1963
f 1898/1960 2065/1963 2098/1964
f 1898/1960 2098/1964 2184/1965
f 2098/1964 2065/1963 2286/1966
f 2098/1964 2286/1966 2184/1965
f 2286/1966 2065/1963 2289/1967
f 2184/1965 2286/1966 2373/1968
f 2286/1966 2289/1967 2503/1969
f 2286/1966 2503/1969 2373/1968
f 2184/1965 2373/1968 2679/1970
f 2503/1969 2289/1967 2450/1971
f 2450/1971 2289/1967 2383/1972
f 2503/1969 2450/1971 2644/1973
f 2644/1973 2450/1971 2383/1972
f 2644/1973 2383/1972 2677/1974
f 2677/1974 2383/1972 2388/1975
f 2677/1974 2388/1975 2658/1976
f 2658/1976 2388/1975 2507/1977
f 2618/1978 2679/1970 2373/1968
f 2503/1969 2644/1973 2648/1979
f 2648/1979 2644/1973 2712/1980
f 2593/1981 2373/1968 2503/1969
f 2593/1981 2503/1969 2648/1979
f 2373/1968 2593/1981 2618/1978
f 2648/1979 2712/1980 2730/1982
f 2648/1979 2730/1982 2593/1981
f 2593/1981 2730/1982 2618/1978
f 2618/1978 2730/1982 2679/1970
f 2679/1970 2730/1982 2922/1983
f 2679/1970 2922/1983 2817/1984
f 2922/1983 2730/1982 2752/1985
f 2712/1986 2644/1987 2731/1988
f 2731/1988 2644/1987 2677/1989
f 2712/1986 2731/1988 2743/1990
f 2712/1986 2743/1990 2730/1991
f 2731/1988 2677/1989 2777/1992
f 2658/1993 2783/1994 2677/1989
f 2677/1989 2783/1994 2777/1992
f 2777/1992 2783/1994 2762/1995
f 2731/1988 2777/1992 2738/1996
f 2731/1988 2738/1996 2743/1990
f 2777/1992 2762/1995 2741/1997
f 2777/1992 2741/1997 2738/1996
f 2743/1990 2738/1996 2749/1998
f 2743/1990 2749/1998 2754/1999
f 2738/1996 2741/1997 2690/2000
f 2738/1996 2690/2000 2749/1998
f 2754/1999 2749/1998 2745/2001
f 2749/1998 2690/2000 2716/2002
f 2745/2001 2749/1998 2748/2003
f 2748/2003 2749/1998 2716/2002
f 2748/2003 2716/2002 2690/2000
f 2748/2003 2690/2000 2741/1997
f 2745/2001 2748/2003 2709/2004
f 2748/2003 2741/1997 2711/2005
f 2748/2003 2711/2005 2709/2004
f 2711/2005 2741/1997 2762/1995
f 2709/2004 2711/2005 2650/2006
f 2711/2005 2762/1995 2553/2007
f 2711/2005 2553/2007 2650/2006
f 2553/2007 2762/1995 2568/2008
f 2650/2006 2553/2007 2590/2009
f 2730/2010 2743/2011 2752/2012
f 2752/2012 2743/2011 2754/2013
f 2752/2012 2754/2013 2745/2014
f 2752/2012 2745/2014 2684/2015
f 2745/2016 2709/2017 2684/2018
f 2684/2018 2709/2017 2590/2019
f 2590/2019 2709/2017 2650/2020
f 2684/2018 2590/2019 2494/2021
f 2752/2022 2819/2023 2922/2024
f 2439/2025 2590/2026 2553/2027
f 1831/2028 1756/2029 1877/2030
f 1831/2028 1877/2030 1846/2031
f 1846/2031 1877/2030 1865/2032
f 1831/2028 1846/2031 1703/2033
f 1846/2031 1865/2032 1786/2034
f 1846/2031 1786/2034 1703/2033
f 1831/2028 1703/2033 1708/2035
f 1708/2035 1703/2033 1786/2034
f 1831/2028 1708/2035 1665/2036
f 1708/2035 1786/2034 1716/2037
f 1665/2036 1708/2035 1622/2038
f 1622/2038 1708/2035 1716/2037
f 1622/2038 1716/2037 1786/2034
f 1665/2036 1622/2038 3/2039
f 1622/2038 1786/2034 1731/2040
f 3/2039 1622/2038 6/2041
f 6/2041 1622/2038 1731/2040
f 3/2039 6/2041 31/2042
f 6/2041 1731/2040 1649/2043
f 31/2042 6/2041 244/2044
f 6/2041 1649/2043 104/2045
f 6/2041 104/2045 244/2044
f 104/2045 1649/2043 66/2046
f 244/2044 104/2045 238/2047
f 238/2047 104/2045 66/2046
f 1877/2048 2063/2049 1865/2050
f 1865/2050 2063/2049 2054/2051
f 2054/2051 2063/2049 2253/2052
f 2054/2051 2253/2052 2266/2053
f 2054/2051 2266/2053 2040/2054
f 1865/2050 2054/2051 1883/2055
f 1883/2055 2054/2051 2040/2054
f 1865/2050 1883/2055 1811/2056
f 1865/2050 1811/2056 1786/2057
f 1786/2057 1811/2056 1731/2058
f 1731/2058 1811/2056 1746/2059
f 1746/2059 1811/2056 1883/2055
f 1746/2059 1883/2055 1857/2060
f 1857/2060 1883/2055 1835/2061
f 1883/2055 2040/2054 1914/2062
f 1883/2055 1914/2062 1835/2061
f 1914/2062 2040/2054 1951/2063
f 1835/2061 1914/2062 1900/2064
f 1900/2064 1914/2062 1951/2063
f 1900/2064 1951/2063 1876/2065
f 1876/2065 1951/2063 1961/2066
f 2266/2067 2253/2068 2489/2069
f 2266/2067 2489/2069 2334/2070
f 2334/2070 2489/2069 2546/2071
f 2334/2070 2546/2071 2332/2072
f 2546/2071 2489/2069 2605/2073
f 2546/2071 2605/2073 2528/2074
f 2546/2071 2528/2074 2594/2075
f 2594/2075 2528/2074 2605/2073
f 2605/2073 2489/2069 2626/2076
f 2594/2075 2605/2073 2689/2077
f 2689/2077 2605/2073 2626/2076
f 2594/2075 2689/2077 2694/2078
f 2568/2079 2762/2080 2626/2076
f 2626/2076 2762/2080 2735/2081
f 2626/2076 2735/2081 2689/2077
f 2735/2081 2762/2080 2783/2082
f 2694/2078 2689/2077 2729/2083
f 2729/2083 2689/2077 2735/2081
f 2694/2078 2729/2083 2722/2084
f 2722/2084 2729/2083 2737/2085
f 2737/2085 2729/2083 2725/2086
f 2737/2085 2725/2086 2723/2087
f 2723/2087 2725/2086 2729/2083
f 2729/2083 2735/2081 2744/2088
f 2729/2083 2744/2088 2723/2087
f 2744/2088 2735/2081 2759/2089
f 2744/2088 2759/2089 2723/2087
f 2759/2089 2735/2081 2783/2082
f 2723/2087 2759/2089 2719/2090
f 2719/2090 2759/2089 2783/2082
f 2723/2087 2719/2090 2656/2091
f 2719/2090 2783/2082 2658/2092
f 2656/2091 2719/2090 2611/2093
f 2611/2093 2719/2090 2658/2092
f 1731/2094 1746/2095 1649/2096
f 1649/2096 1746/2095 1681/2097
f 1681/2097 1746/2095 1857/2098
f 1681/2097 1857/2098 1835/2099
f 1649/2096 1681/2097 1611/2100
f 1649/2096 1611/2100 66/2101
f 1681/2097 1835/2099 1635/2102
f 1681/2097 1635/2102 1611/2100
f 66/2101 1611/2100 10/2103
f 10/2103 1611/2100 1635/2102
f 66/2101 10/2103 74/2104
f 1635/2102 1835/2099 1667/2105
f 1667/2105 1835/2099 1900/2106
f 1667/2105 1900/2106 1876/2107
f 1635/2102 1667/2105 1616/2108
f 1635/2102 1616/2108 10/2103
f 1616/2108 1667/2105 1876/2107
f 10/2103 1616/2108 74/2104
f 1616/2108 1876/2107 1644/2109
f 1616/2108 1644/2109 74/2104
f 1644/2109 1876/2107 1856/2110
f 74/2104 1644/2109 42/2111
f 42/2111 1644/2109 1838/2112
f 1876/2113 1961/2114 1995/2115
f 1876/2113 1995/2115 1856/2116
f 1995/2115 1961/2114 1951/2117
f 1856/2116 1995/2115 1838/2118
f 1995/2115 1951/2117 2028/2119
f 2028/2119 1951/2117 2040/2120
f 1838/2118 1995/2115 1917/2121
f 1838/2118 1917/2121 1723/2122
f 1917/2121 1995/2115 2030/2123
f 2030/2123 1995/2115 2028/2119
f 1723/2122 1917/2121 1852/2124
f 1917/2121 2030/2123 2057/2125
f 1917/2121 2057/2125 1852/2124
f 2057/2125 2030/2123 2028/2119
f 1852/2124 2057/2125 2039/2126
f 2057/2125 2028/2119 2087/2127
f 2057/2125 2087/2127 2039/2126
f 1852/2124 2039/2126 2026/2128
f 1852/2124 2026/2128 1625/2129
f 2026/2128 2039/2126 2087/2127
f 2026/2128 2087/2127 2084/2130
f 2026/2128 2084/2130 1775/2131
f 1775/2131 2084/2130 1772/2132
f 1772/2132 2084/2130 1954/2133
f 1954/2133 2084/2130 2129/2134
f 1954/2133 2129/2134 2066/2135
f 2084/2130 2087/2127 2118/2136
f 2084/2130 2118/2136 2129/2134
f 2118/2136 2087/2127 2082/2137
f 2082/2137 2087/2127 2028/2119
f 2129/2134 2118/2136 2170/2138
f 2129/2134 2170/2138 2066/2135
f 2170/2138 2118/2136 2082/2137
f 2066/2135 2170/2138 2102/2139
f 2102/2139 2170/2138 2097/2140
f 2082/2137 2028/2119 2227/2141
f 2227/2141 2028/2119 2040/2120
f 2227/2141 2040/2120 2266/2142
f 2082/2137 2227/2141 2214/2143
f 2214/2143 2227/2141 2290/2144
f 2170/2138 2082/2137 2130/2145
f 2130/2145 2082/2137 2214/2143
f 2214/2143 2290/2144 2318/2146
f 2214/2143 2318/2146 2130/2145
f 2170/2138 2130/2145 2186/2147
f 2186/2147 2130/2145 2318/2146
f 2170/2138 2186/2147 2097/2140
f 2186/2147 2318/2146 2131/2148
f 2186/2147 2131/2148 2097/2140
f 2131/2148 2318/2146 2404/2149
f 2097/2140 2131/2148 2088/2150
f 2088/2150 2131/2148 2316/2151
f 1644/2152 1856/2153 1838/2154
f 42/2155 1838/2156 1723/2157
f 42/2155 1723/2157 126/2158
f 42/2155 126/2158 74/2159
f 74/2159 126/2158 60/2160
f 74/2159 60/2160 114/2161
f 114/2161 60/2160 126/2158
f 126/2158 1723/2157 83/2162
f 83/2162 1723/2157 1648/2163
f 1648/2163 1723/2157 1852/2164
f 126/2158 83/2162 157/2165
f 157/2165 83/2162 1648/2163
f 126/2158 157/2165 114/2161
f 1648/2163 1852/2164 1625/2166
f 1648/2163 1625/2166 157/2165
f 157/2165 1625/2166 208/2167
f 157/2165 208/2167 114/2161
f 1775/2168 1625/2166 2026/2169
f 1625/2166 1775/2168 102/2170
f 1625/2166 102/2170 208/2167
f 102/2170 1775/2168 79/2171
f 79/2171 1775/2168 1772/2172
f 208/2167 102/2170 232/2173
f 232/2173 102/2170 79/2171
f 129/2174 114/2161 208/2167
f 129/2174 208/2167 185/2175
f 129/2174 185/2175 114/2161
f 185/2175 208/2167 232/2173
f 328/2176 270/2177 114/2161
f 328/2176 114/2161 185/2175
f 328/2176 185/2175 256/2178
f 256/2178 185/2175 200/2179
f 200/2179 185/2175 313/2180
f 313/2180 185/2175 245/2181
f 185/2175 232/2173 234/2182
f 185/2175 234/2182 245/2181
f 234/2182 232/2173 79/2171
f 234/2182 79/2171 33/2183
f 33/2183 79/2171 1772/2172
f 33/2183 1772/2172 1954/2184
f 33/2183 1954/2184 1853/2185
f 33/2183 1853/2185 49/2186
f 33/2183 49/2186 234/2182
f 49/2186 1853/2185 1836/2187
f 242/2188 245/2181 234/2182
f 242/2188 234/2182 49/2186
f 245/2181 242/2188 210/2189
f 245/2181 210/2189 198/2190
f 198/2190 210/2189 201/2191
f 201/2191 210/2189 161/2192
f 210/2189 242/2188 146/2193
f 210/2189 146/2193 161/2192
f 146/2193 242/2188 49/2186
f 161/2192 146/2193 1687/2194
f 1687/2194 146/2193 49/2186
f 1687/2194 49/2186 1836/2187
f 1687/2194 1836/2187 1882/2195
f 1687/2194 1882/2195 1729/2196
f 1853/2197 1954/2198 2066/2199
f 1853/2197 2066/2199 2013/2200
f 1853/2197 2013/2200 1836/2201
f 2013/2200 2066/2199 2102/2202
f 1836/2201 2013/2200 1882/2203
f 1882/2203 2013/2200 1949/2204
f 1882/2203 1949/2204 1729/2205
f 1729/2205 1949/2204 1992/2206
f 1949/2204 2013/2200 2071/2207
f 1949/2204 2071/2207 1992/2206
f 2071/2207 2013/2200 2102/2202
f 1992/2206 2071/2207 2146/2208
f 2146/2208 2071/2207 2181/2209
f 2071/2207 2102/2202 2100/2210
f 2071/2207 2100/2210 2181/2209
f 2100/2210 2102/2202 2097/2211
f 2100/2210 2097/2211 2088/2212
f 2181/2209 2100/2210 1999/2213
f 1999/2213 2100/2210 2088/2212
f 2181/2209 1999/2213 2035/2214
f 1999/2213 2088/2212 1955/2215
f 1955/2215 2088/2212 2164/2216
f 1955/2215 2164/2216 1711/2217
f 1999/2213 1955/2215 1783/2218
f 1999/2213 1783/2218 2035/2214
f 2035/2214 1783/2218 1774/2219
f 2318/2220 2290/2221 2404/2222
f 2404/2222 2290/2221 2315/2223
f 2315/2223 2290/2221 2227/2224
f 2334/2225 2332/2226 2227/2224
f 2227/2224 2332/2226 2315/2223
f 2315/2223 2332/2226 2435/2227
f 2435/2227 2332/2226 2514/2228
f 2404/2222 2315/2223 2300/2229
f 2300/2229 2315/2223 2355/2230
f 2300/2229 2355/2230 2404/2222
f 2355/2230 2315/2223 2435/2227
f 2404/2222 2355/2230 2518/2231
f 2518/2231 2355/2230 2435/2227
f 2518/2231 2435/2227 2570/2232
f 2570/2232 2435/2227 2477/2233
f 2477/2233 2435/2227 2514/2228
f 2518/2231 2570/2232 2652/2234
f 2652/2234 2570/2232 2477/2233
f 2518/2231 2652/2234 2404/2222
f 2652/2234 2477/2233 2514/2228
f 2404/2222 2652/2234 2506/2235
f 2404/2222 2506/2235 2131/2236
f 2131/2236 2506/2235 2316/2237
f 2316/2237 2506/2235 2707/2238
f 2707/2238 2506/2235 2652/2234
f 2707/2238 2652/2234 2760/2239
f 2707/2238 2760/2239 2787/2240
f 2787/2240 2760/2239 2788/2241
f 2627/2242 2652/2234 2514/2228
f 2652/2234 2627/2242 2687/2243
f 2627/2242 2514/2228 2585/2244
f 2652/2234 2687/2243 2727/2245
f 2652/2234 2727/2245 2760/2239
f 2687/2243 2627/2242 2566/2246
f 2687/2243 2566/2246 2727/2245
f 2566/2246 2627/2242 2585/2244
f 2727/2245 2566/2246 2592/2247
f 2592/2247 2566/2246 2585/2244
f 2727/2245 2592/2247 2665/2248
f 2665/2248 2592/2247 2585/2244
f 2621/2249 2585/2244 2514/2228
f 2585/2244 2621/2249 2665/2248
f 2665/2248 2621/2249 2727/2245
f 2727/2245 2621/2249 2760/2239
f 2760/2239 2621/2249 2630/2250
f 2760/2239 2630/2250 2765/2251
f 2760/2239 2765/2251 2788/2241
f 2765/2251 2630/2250 2629/2252
f 2788/2241 2765/2251 2776/2253
f 2765/2251 2629/2252 2647/2254
f 2765/2251 2647/2254 2776/2253
f 1729/2255 1992/2256 1641/2257
f 1729/2255 1641/2257 1687/2258
f 1687/2258 1641/2257 269/2259
f 1687/2258 269/2259 161/2260
f 161/2260 269/2259 201/2261
f 269/2259 1641/2257 93/2262
f 93/2262 1641/2257 1981/2263
f 93/2262 1981/2263 1805/2264
f 93/2262 1805/2264 35/2265
f 93/2262 35/2265 199/2266
f 93/2262 199/2266 274/2267
f 93/2262 274/2267 269/2259
f 274/2267 199/2266 188/2268
f 269/2259 274/2267 286/2269
f 286/2269 274/2267 188/2268
f 269/2259 286/2269 201/2261
f 286/2269 188/2268 138/2270
f 286/2269 138/2270 144/2271
f 286/2269 144/2271 201/2261
f 144/2271 138/2270 1785/2272
f 198/2273 201/2261 177/2274
f 177/2274 201/2261 96/2275
f 144/2271 1785/2272 1774/2276
f 1785/2272 138/2270 9/2277
f 9/2277 138/2270 188/2268
f 1785/2272 9/2277 1881/2278
f 112/2279 201/2261 144/2271
f 112/2279 144/2271 1774/2276
f 201/2261 112/2279 96/2275
f 112/2279 1774/2276 1783/2280
f 96/2275 112/2279 1711/2281
f 1711/2281 112/2279 1783/2280
f 96/2275 1711/2281 121/2282
f 1711/2281 1783/2280 1955/2283
f 1777/2284 1881/2278 9/2277
f 1881/2278 1777/2284 1861/2285
f 1777/2284 9/2277 1684/2286
f 1777/2284 1684/2286 1861/2285
f 1684/2286 9/2277 188/2268
f 1684/2286 188/2268 14/2287
f 1684/2286 14/2287 1688/2288
f 1684/2286 1688/2288 1861/2285
f 1861/2285 1688/2288 1768/2289
f 1992/2290 2146/2291 1981/2292
f 1992/2290 1981/2292 1641/2293
f 1981/2292 2146/2291 2152/2294
f 2152/2294 2146/2291 2181/2295
f 1981/2292 2152/2294 2079/2296
f 2152/2294 2181/2295 2133/2297
f 2152/2294 2133/2297 2079/2296
f 2133/2297 2181/2295 2035/2298
f 2133/2297 2035/2298 1970/2299
f 1970/2299 2035/2298 1774/2300
f 1970/2299 1774/2300 1785/2301
f 1970/2299 1785/2301 1881/2302
f 2133/2297 1970/2299 2061/2303
f 2061/2303 1970/2299 1881/2302
f 2133/2297 2061/2303 2079/2296
f 2061/2303 1881/2302 1861/2304
f 2079/2296 2061/2303 2053/2305
f 2053/2305 2061/2303 1861/2304
f 2053/2305 1861/2304 1933/2306
f 1933/2306 1861/2304 1867/2307
f 1933/2306 1867/2307 1925/2308
f 1933/2306 1925/2308 2053/2305
f 2053/2305 1925/2308 2079/2296
f 2079/2296 1925/2308 1996/2309
f 2079/2296 1996/2309 1981/2292
f 1996/2309 1925/2308 1794/2310
f 1981/2292 1996/2309 1805/2311
f 1805/2311 1996/2309 1794/2310
f 14/2312 188/2313 199/2314
f 14/2312 199/2314 4/2315
f 4/2315 199/2314 1666/2316
f 1666/2316 199/2314 35/2317
f 14/2312 4/2315 1672/2318
f 14/2312 1672/2318 1688/2319
f 1688/2319 1672/2318 1768/2320
f 1672/2318 4/2315 1793/2321
f 1793/2321 4/2315 1666/2316
f 1672/2318 1793/2321 1768/2320
f 1666/2316 35/2317 1794/2322
f 1666/2316 1794/2322 1793/2321
f 1794/2322 35/2317 1805/2323
f 1768/2320 1793/2321 1867/2324
f 1867/2324 1793/2321 1794/2322
f 1768/2320 1867/2324 1861/2325
f 1867/2324 1794/2322 1925/2326
f 2248/2327 2403/2328 2536/2329
f 2248/2327 2536/2329 2582/2330
f 2248/2327 2582/2330 2254/2331
f 2582/2330 2536/2329 2786/2332
f 2786/2332 2536/2329 2682/2333
f 2786/2332 2682/2333 2784/2334
f 2786/2332 2784/2334 2823/2335
f 2582/2330 2786/2332 2761/2336
f 2761/2336 2786/2332 2792/2337
f 2761/2336 2792/2337 2809/2338
f 2582/2330 2761/2336 2700/2339
f 2700/2339 2761/2336 2703/2340
f 2703/2340 2761/2336 2763/2341
f 2703/2340 2763/2341 2796/2342
f 2703/2340 2796/2342 2739/2343
f 2703/2340 2739/2343 2700/2339
f 2739/2343 2796/2342 2793/2344
f 2582/2330 2700/2339 2641/2345
f 2700/2339 2739/2343 2675/2346
f 2700/2339 2675/2346 2641/2345
f 2739/2343 2793/2344 2520/2347
f 2520/2347 2793/2344 2608/2348
f 2520/2347 2608/2348 2249/2349
f 2249/2349 2608/2348 2203/2350
f 2739/2343 2520/2347 2483/2351
f 2483/2351 2520/2347 2249/2349
f 2739/2343 2483/2351 2675/2346
f 2483/2351 2249/2349 2229/2352
f 2613/2353 2641/2345 2675/2346
f 2613/2353 2675/2346 2483/2351
f 2641/2345 2613/2353 2488/2354
f 2488/2354 2613/2353 2483/2351
f 2483/2351 2229/2352 2342/2355
f 2342/2355 2229/2352 2254/2331
f 2488/2354 2483/2351 2497/2356
f 2641/2345 2488/2354 2431/2357
f 2431/2357 2488/2354 2497/2356
f 2641/2345 2431/2357 2582/2330
f 2582/2330 2431/2357 2254/2331
f 2431/2357 2497/2356 2387/2358
f 2431/2357 2387/2358 2254/2331
f 2387/2358 2497/2356 2483/2351
f 2254/2331 2387/2358 2342/2355
f 2342/2355 2387/2358 2483/2351
f 2823/2359 2784/2360 2832/2361
f 2823/2359 2832/2361 2852/2362
f 2763/2363 2761/2364 2796/2365
f 2796/2365 2761/2364 2809/2366
f 2796/2365 2809/2366 2793/2367
f 2793/2367 2809/2366 2836/2368
f 2845/2369 2608/2370 2793/2371
f 2845/2369 2793/2371 2886/2372
f 2845/2369 2886/2372 2984/2373
f 2984/2373 2886/2372 2973/2374
f 2792/2375 2786/2376 2813/2377
f 2813/2377 2786/2376 2823/2378
f 2792/2375 2813/2377 2789/2379
f 2792/2375 2789/2379 2809/2380
f 2809/2380 2789/2379 2836/2381
f 2789/2379 2813/2377 2814/2382
f 2789/2379 2814/2382 2836/2381
f 2836/2381 2814/2382 2813/2377
f 2813/2377 2823/2378 2825/2383
f 2813/2377 2825/2383 2822/2384
f 2813/2377 2822/2384 2836/2381
f 2822/2384 2825/2383 2831/2385
f 2822/2384 2831/2385 2836/2381
f 2836/2381 2831/2385 2825/2383
f 2886/2386 2793/2387 2836/2381
f 2886/2386 2836/2381 2861/2388
f 2836/2381 2825/2383 2824/2389
f 2836/2381 2824/2389 2833/2390
f 2833/2390 2824/2389 2825/2383
f 2836/2381 2833/2390 2861/2388
f 2833/2390 2825/2383 2847/2391
f 2833/2390 2847/2391 2861/2388
f 2847/2391 2825/2383 2823/2378
f 2861/2388 2847/2391 2860/2392
f 2861/2388 2860/2392 2855/2393
f 2847/2391 2823/2378 2853/2394
f 2847/2391 2853/2394 2860/2392
f 2860/2392 2853/2394 2855/2393
f 2855/2393 2853/2394 2869/2395
f 2853/2394 2823/2378 2852/2396
f 2869/2395 2853/2394 2868/2397
f 2868/2397 2853/2394 2852/2396
f 2868/2397 2852/2396 2871/2398
f 2868/2397 2871/2398 2891/2399
f 2861/2400 2855/2401 2887/2402
f 2861/2400 2887/2402 2886/2403
f 2887/2402 2855/2401 2866/2404
f 2866/2404 2855/2401 2869/2405
f 2866/2404 2869/2405 2887/2402
f 2886/2403 2887/2402 2914/2406
f 2886/2403 2914/2406 2973/2407
f 2887/2402 2869/2405 2884/2408
f 2887/2402 2884/2408 2914/2406
f 2884/2408 2869/2405 2868/2409
f 2973/2407 2914/2406 2942/2410
f 2884/2408 2868/2409 2896/2411
f 2942/2410 2914/2406 2892/2412
f 2942/2410 2892/2412 2896/2411
f 2914/2406 2884/2408 2874/2413
f 2914/2406 2874/2413 2892/2412
f 2874/2413 2884/2408 2896/2411
f 2874/2413 2896/2411 2892/2412
f 2868/2414 2891/2415 2896/2416
f 2896/2416 2891/2415 2906/2417
f 2906/2417 2891/2415 2912/2418
f 2906/2417 2912/2418 2921/2419
f 2896/2416 2906/2417 2965/2420
f 2896/2416 2965/2420 2942/2421
f 2906/2417 2921/2419 2916/2422
f 2906/2417 2916/2422 2904/2423
f 2906/2417 2904/2423 2965/2420
f 2965/2420 2904/2423 2916/2422
f 2916/2422 2921/2419 2974/2424
f 2916/2422 2974/2424 2965/2420
f 2974/2424 2921/2419 2938/2425
f 2973/2426 2942/2421 2965/2420
f 2973/2426 2965/2420 2974/2424
f 2973/2426 2974/2424 2981/2427
f 2981/2427 2974/2424 2938/2425
f 2973/2426 2981/2427 2991/2428
f 2973/2426 2991/2428 2984/2429
f 2984/2429 2991/2428 2999/2430
f 2981/2427 2938/2425 2925/2431
f 2925/2431 2938/2425 2953/2432
f 2925/2431 2953/2432 2931/2433
f 2981/2427 2925/2431 2987/2434
f 2987/2434 2925/2431 2931/2433
f 2981/2427 2987/2434 2991/2428
f 2987/2434 2931/2433 2968/2435
f 2987/2434 2968/2435 2983/2436
f 2987/2434 2983/2436 2991/2428
f 2991/2428 2983/2436 2982/2437
f 2912/2438 2891/2439 2871/2440
f 2912/2438 2871/2440 2897/2441
f 2912/2438 2897/2441 2941/2442
f 2912/2438 2941/2442 2928/2443
f 2912/2438 2928/2443 2921/2444
f 2921/2444 2928/2443 2938/2445
f 2938/2445 2928/2443 2953/2446
f 2897/2447 2879/2448 2940/2449
f 2940/2449 2879/2448 2915/2450
f 2897/2447 2940/2449 2959/2451
f 2940/2449 2915/2450 2997/2452
f 2940/2449 2997/2452 2959/2451
f 2997/2452 2915/2450 2937/2453
f 2897/2447 2959/2451 2941/2454
f 2997/2452 2937/2453 3001/2455
f 2997/2452 3001/2455 2959/2451
f 3001/2455 2937/2453 3000/2456
f 2959/2451 3001/2455 2967/2457
f 2959/2451 2967/2457 2941/2454
f 2967/2457 3001/2455 3000/2456
f 3000/2456 2937/2453 2812/2458
f 3000/2456 2812/2458 2995/2459
f 2995/2459 2812/2458 1190/2460
f 2995/2459 1190/2460 1127/2461
f 2967/2457 3000/2456 2969/2462
f 2969/2462 3000/2456 2998/2463
f 2998/2463 3000/2456 2995/2459
f 2969/2462 2998/2463 2943/2464
f 2969/2462 2943/2464 2967/2457
f 2998/2463 2995/2459 2903/2465
f 2998/2463 2903/2465 2943/2464
f 2995/2459 1127/2461 2830/2466
f 2830/2466 1127/2461 1101/2467
f 2903/2465 2995/2459 2910/2468
f 2910/2468 2995/2459 2830/2466
f 2903/2465 2910/2468 2840/2469
f 2840/2469 2910/2468 2830/2466
f 2830/2466 1101/2467 2200/2470
f 2200/2470 1101/2467 1125/2471
f 2905/2472 2943/2464 2903/2465
f 2830/2466 2200/2470 2797/2473
f 2830/2466 2797/2473 2840/2469
f 2905/2472 2903/2465 2875/2474
f 2875/2474 2903/2465 2840/2469
f 2943/2464 2905/2472 2952/2475
f 2943/2464 2952/2475 2967/2457
f 2952/2475 2905/2472 2933/2476
f 2905/2472 2875/2474 2893/2477
f 2905/2472 2893/2477 2933/2476
f 2875/2474 2840/2469 2865/2478
f 2875/2474 2865/2478 2893/2477
f 2933/2476 2893/2477 2935/2479
f 2933/2476 2935/2479 2952/2475
f 2958/2480 2967/2457 2952/2475
f 2958/2480 2952/2475 2935/2479
f 2865/2478 2840/2469 2835/2481
f 2893/2477 2865/2478 2885/2482
f 2885/2482 2865/2478 2835/2481
f 2885/2482 2835/2481 2844/2483
f 2844/2483 2835/2481 2795/2484
f 2893/2477 2885/2482 2917/2485
f 2893/2477 2917/2485 2935/2479
f 2917/2485 2885/2482 2898/2486
f 2807/2487 2835/2481 2840/2469
f 2835/2481 2807/2487 2795/2484
f 2935/2479 2917/2485 2956/2488
f 2956/2488 2917/2485 2939/2489
f 2935/2479 2956/2488 2958/2480
f 2956/2488 2939/2489 2947/2490
f 2956/2488 2947/2490 2957/2491
f 2956/2488 2957/2491 2958/2480
f 2958/2480 2957/2491 2953/2492
f 2747/2493 2795/2484 2807/2487
f 2958/2480 2953/2492 2961/2494
f 2961/2494 2953/2492 2928/2495
f 2958/2480 2961/2494 2954/2496
f 2954/2496 2961/2494 2928/2495
f 2958/2480 2954/2496 2967/2457
f 2954/2496 2928/2495 2941/2454
f 2954/2496 2941/2454 2967/2457
f 2747/2493 2807/2487 2706/2497
f 2747/2493 2706/2497 2474/2498
f 2747/2493 2474/2498 2587/2499
f 2587/2499 2474/2498 2264/2500
f 2264/2500 2474/2498 2265/2501
f 2265/2501 2474/2498 2706/2497
f 2264/2500 2265/2501 2162/2502
f 2706/2497 2807/2487 2756/2503
f 2265/2501 2706/2497 2418/2504
f 2162/2502 2265/2501 2250/2505
f 2250/2505 2265/2501 2418/2504
f 2418/2504 2706/2497 2655/2506
f 2655/2506 2706/2497 2756/2503
f 2250/2505 2418/2504 2502/2507
f 2418/2504 2655/2506 2469/2508
f 2418/2504 2469/2508 2545/2509
f 2545/2509 2469/2508 2655/2506
f 2418/2504 2545/2509 2502/2507
f 2545/2509 2655/2506 2671/2510
f 2250/2505 2502/2507 2419/2511
f 2671/2510 2655/2506 2732/2512
f 2732/2512 2655/2506 2756/2503
f 2502/2507 2545/2509 2623/2513
f 2671/2510 2732/2512 2736/2514
f 2545/2509 2671/2510 2674/2515
f 2545/2509 2674/2515 2623/2513
f 2674/2515 2671/2510 2736/2514
f 2502/2507 2623/2513 2544/2516
f 2502/2507 2544/2516 2419/2511
f 2623/2513 2674/2515 2681/2517
f 2736/2514 2732/2512 2779/2518
f 2779/2518 2732/2512 2785/2519
f 2785/2519 2732/2512 2756/2503
f 2736/2514 2779/2518 2794/2520
f 2794/2520 2779/2518 2785/2519
f 2751/2521 2674/2515 2736/2514
f 2674/2515 2751/2521 2681/2517
f 2736/2514 2794/2520 2778/2522
f 2736/2514 2778/2522 2751/2521
f 2751/2521 2778/2522 2772/2523
f 2772/2523 2778/2522 2794/2520
f 2751/2521 2772/2523 2681/2517
f 2798/2524 2794/2520 2785/2519
f 2794/2520 2798/2524 2772/2523
f 2798/2524 2785/2519 2799/2525
f 2799/2525 2785/2519 2756/2503
f 2798/2524 2799/2525 2797/2473
f 2797/2473 2799/2525 2756/2503
f 2798/2524 2797/2473 2772/2523
f 2797/2473 2756/2503 2807/2487
f 2797/2473 2807/2487 2840/2469
f 2772/2523 2797/2473 2200/2470
f 2772/2523 2200/2470 2681/2517
f 2681/2517 2200/2470 2640/2526
f 2681/2517 2640/2526 2623/2513
f 2640/2526 2200/2470 1072/2527
f 1072/2527 2200/2470 1125/2471
f 1072/2527 1125/2471 1095/2528
f 1095/2528 1125/2471 1089/2529
f 1095/2528 1089/2529 1148/2530
f 1095/2528 1148/2530 1090/2531
f 1095/2528 1090/2531 1072/2527
f 1072/2527 1090/2531 1019/2532
f 1072/2527 1019/2532 2640/2526
f 2640/2526 1019/2532 974/2533
f 2640/2526 974/2533 616/2534
f 2640/2526 616/2534 638/2535
f 2610/2536 2623/2513 2640/2526
f 2610/2536 2640/2526 638/2535
f 2623/2513 2610/2536 2544/2516
f 2610/2536 638/2535 2691/2537
f 2610/2536 2691/2537 2544/2516
f 2691/2537 638/2535 2710/2538
f 2710/2538 638/2535 704/2539
f 2710/2538 704/2539 2653/2540
f 2653/2540 704/2539 703/2541
f 2653/2540 703/2541 2649/2542
f 2710/2538 2653/2540 2678/2543
f 2678/2543 2653/2540 2649/2542
f 2710/2538 2678/2543 2691/2537
f 2612/2544 2544/2516 2691/2537
f 2612/2544 2691/2537 2678/2543
f 2544/2516 2612/2544 2530/2545
f 2612/2544 2678/2543 2603/2546
f 2603/2546 2678/2543 2649/2542
f 2612/2544 2603/2546 2530/2545
f 2603/2546 2649/2542 2597/2547
f 2597/2547 2649/2542 2685/2548
f 2597/2547 2685/2548 2639/2549
f 2530/2545 2603/2546 2451/2550
f 2451/2550 2603/2546 2441/2551
f 2530/2545 2419/2511 2544/2516
f 2530/2545 2451/2550 2410/2552
f 2530/2545 2410/2552 2419/2511
f 2410/2552 2451/2550 2326/2553
f 2419/2511 2410/2552 2309/2554
f 2309/2554 2410/2552 2326/2553
f 2419/2511 2309/2554 2167/2555
f 2167/2555 2309/2554 2326/2553
f 2419/2511 2167/2555 2250/2505
f 2250/2505 2167/2555 2162/2502
f 2162/2502 2167/2555 2326/2553
f 2162/2502 2326/2553 2303/2556
f 2968/2557 2931/2558 2953/2559
f 2968/2557 2953/2559 2983/2560
f 2983/2560 2953/2559 2946/2561
f 2946/2561 2953/2559 2957/2562
f 2983/2560 2946/2561 2934/2563
f 2934/2563 2946/2561 2932/2564
f 2934/2563 2932/2564 2983/2560
f 2983/2560 2932/2564 2982/2565
f 2917/2566 2898/2567 2923/2568
f 2917/2569 2923/2570 2939/2571
f 2939/2571 2923/2570 2945/2572
f 2939/2571 2945/2572 2924/2573
f 2939/2571 2924/2573 2947/2574
f 2924/2573 2945/2572 2936/2575
f 2947/2574 2924/2573 2972/2576
f 2972/2576 2924/2573 2936/2575
f 2947/2574 2972/2576 2957/2577
f 2936/2575 2945/2572 2988/2578
f 2936/2575 2988/2578 2972/2576
f 2975/2579 2945/2572 2923/2570
f 2945/2572 2975/2579 2988/2578
f 2975/2579 2923/2570 2918/2580
f 2918/2580 2923/2570 2911/2581
f 2911/2581 2923/2570 2898/2582
f 2918/2580 2911/2581 2960/2583
f 2918/2580 2960/2583 2975/2579
f 2960/2583 2911/2581 2898/2582
f 2988/2578 2975/2579 2977/2584
f 2977/2584 2975/2579 2960/2583
f 2982/2585 2972/2576 2988/2578
f 2972/2576 2982/2585 2957/2577
f 2982/2585 2988/2578 2991/2586
f 2991/2586 2988/2578 2977/2584
f 2957/2577 2982/2585 2950/2587
f 2957/2577 2950/2587 2946/2588
f 2950/2587 2982/2585 2932/2589
f 2950/2587 2932/2589 2946/2588
f 2991/2586 2977/2584 2999/2590
f 2990/2591 2999/2590 2980/2592
f 2980/2592 2999/2590 2966/2593
f 2966/2593 2999/2590 2977/2584
f 2980/2592 2966/2593 2899/2594
f 2899/2594 2966/2593 2837/2595
f 2837/2595 2966/2593 2889/2596
f 2889/2596 2966/2593 2977/2584
f 2889/2596 2977/2584 2944/2597
f 2944/2597 2977/2584 2960/2583
f 2944/2597 2960/2583 2902/2598
f 2902/2598 2960/2583 2898/2582
f 2902/2598 2898/2582 2881/2599
f 2902/2598 2881/2599 2876/2600
f 2944/2597 2902/2598 2890/2601
f 2890/2601 2902/2598 2876/2600
f 2876/2600 2881/2599 2909/2602
f 2876/2600 2909/2602 2890/2601
f 2890/2601 2909/2602 2944/2597
f 2944/2597 2909/2602 2889/2596
f 2889/2596 2909/2602 2888/2603
f 2889/2596 2888/2603 2859/2604
f 2888/2603 2909/2602 2864/2605
f 2859/2604 2888/2603 2863/2606
f 2863/2606 2888/2603 2864/2605
f 2859/2604 2863/2606 2857/2607
f 2857/2607 2863/2606 2864/2605
f 2881/2608 2898/2609 2885/2610
f 2881/2608 2885/2610 2844/2611
f 2909/2612 2881/2608 2864/2613
f 2881/2608 2844/2611 2848/2614
f 2881/2608 2848/2614 2864/2613
f 2848/2614 2844/2611 2816/2615
f 2816/2615 2844/2611 2795/2616
f 2864/2613 2848/2614 2858/2617
f 2864/2613 2858/2617 2857/2618
f 2857/2618 2858/2617 2859/2619
f 2858/2617 2848/2614 2843/2620
f 2858/2617 2843/2620 2859/2619
f 2816/2615 2795/2616 2791/2621
f 2791/2621 2795/2616 2753/2622
f 2829/2623 2848/2614 2816/2615
f 2848/2614 2829/2623 2843/2620
f 2859/2619 2843/2620 2834/2624
f 2834/2624 2843/2620 2829/2623
f 2859/2619 2834/2624 2839/2625
f 2859/2619 2839/2625 2889/2626
f 2889/2626 2839/2625 2837/2627
f 2839/2625 2834/2624 2828/2628
f 2828/2628 2834/2624 2829/2623
f 2828/2628 2829/2623 2839/2625
f 2837/2627 2839/2625 2808/2629
f 2839/2625 2829/2623 2821/2630
f 2811/2631 2829/2623 2816/2615
f 2829/2623 2811/2631 2821/2630
f 2811/2631 2816/2615 2791/2621
f 2839/2625 2821/2630 2815/2632
f 2815/2632 2821/2630 2811/2631
f 2839/2625 2815/2632 2808/2629
f 2815/2632 2811/2631 2790/2633
f 2790/2633 2811/2631 2791/2621
f 2815/2632 2790/2633 2808/2629
f 2790/2633 2791/2621 2801/2634
f 2790/2633 2801/2634 2808/2629
f 2801/2634 2791/2621 2780/2635
f 2801/2634 2780/2635 2808/2629
f 2780/2635 2791/2621 2753/2622
f 2808/2629 2780/2635 2755/2636
f 2755/2636 2780/2635 2753/2622
f 2755/2637 2753/2638 2698/2639
f 2698/2639 2753/2638 2795/2640
f 2747/2641 2587/2642 2795/2640
f 2795/2640 2587/2642 2698/2639
f 2698/2639 2587/2642 2634/2643
f 2755/2637 2698/2639 2702/2644
f 2698/2639 2634/2643 2733/2645
f 2698/2639 2733/2645 2702/2644
f 2702/2644 2733/2645 2755/2637
f 2733/2645 2634/2643 2688/2646
f 2755/2637 2733/2645 2808/2647
f 2808/2647 2733/2645 2688/2646
f 2808/2648 2688/2649 2773/2650
f 2773/2650 2688/2649 2529/2651
f 2773/2650 2529/2651 2683/2652
f 2683/2652 2529/2651 2174/2653
f 2683/2652 2174/2653 2479/2654
f 2479/2654 2174/2653 2206/2655
f 2206/2655 2174/2653 2178/2656
f 2191/2657 2174/2653 2294/2658
f 2294/2658 2174/2653 2155/2659
f 2294/2658 2155/2659 2303/2660
f 2303/2660 2155/2659 2162/2661
f 2162/2661 2155/2659 2264/2662
f 2155/2659 2174/2653 2230/2663
f 2230/2663 2174/2653 2529/2651
f 2264/2662 2155/2659 2274/2664
f 2155/2659 2230/2663 2260/2665
f 2155/2659 2260/2665 2274/2664
f 2260/2665 2230/2663 2304/2666
f 2264/2662 2274/2664 2453/2667
f 2264/2662 2453/2667 2587/2668
f 2587/2668 2453/2667 2634/2669
f 2260/2665 2304/2666 2364/2670
f 2260/2665 2364/2670 2274/2664
f 2304/2666 2230/2663 2416/2671
f 2304/2666 2416/2671 2364/2670
f 2416/2671 2230/2663 2529/2651
f 2274/2664 2364/2670 2426/2672
f 2426/2672 2364/2670 2416/2671
f 2274/2664 2426/2672 2453/2667
f 2416/2671 2529/2651 2527/2673
f 2416/2671 2527/2673 2426/2672
f 2527/2673 2529/2651 2688/2649
f 2453/2667 2426/2672 2492/2674
f 2492/2674 2426/2672 2527/2673
f 2453/2667 2492/2674 2606/2675
f 2606/2675 2492/2674 2527/2673
f 2453/2667 2606/2675 2634/2669
f 2606/2675 2527/2673 2688/2649
f 2606/2675 2688/2649 2634/2669
f 2808/2676 2773/2677 2837/2678
f 2837/2678 2773/2677 2683/2679
f 2837/2678 2683/2679 2767/2680
f 2767/2680 2683/2679 2479/2681
f 2838/2682 2899/2683 2837/2678
f 2838/2682 2837/2678 2767/2680
f 2800/2684 2842/2685 2838/2682
f 2800/2684 2838/2682 2767/2680
f 2767/2680 2479/2681 2505/2686
f 2803/2687 2781/2688 2800/2684
f 2803/2687 2800/2684 2805/2689
f 2805/2689 2800/2684 2767/2680
f 2803/2687 2805/2689 2720/2690
f 2803/2687 2720/2690 2670/2691
f 2805/2689 2767/2680 2696/2692
f 2805/2689 2696/2692 2720/2690
f 2720/2690 2696/2692 2670/2691
f 2696/2692 2767/2680 2505/2686
f 2670/2691 2696/2692 2679/2693
f 2670/2691 2679/2693 2781/2694
f 2781/2694 2679/2693 2817/2695
f 2679/2693 2696/2692 2672/2696
f 2672/2696 2696/2692 2505/2686
f 2679/2693 2672/2696 2458/2697
f 2458/2697 2672/2696 2505/2686
f 2458/2697 2505/2686 2452/2698
f 2452/2698 2505/2686 2513/2699
f 2513/2699 2505/2686 2479/2681
f 2513/2699 2479/2681 2206/2700
f 2513/2699 2206/2700 2178/2701
f 2452/2698 2513/2699 2537/2702
f 2537/2702 2513/2699 2178/2701
f 2452/2698 2537/2702 2189/2703
f 2189/2703 2537/2702 2178/2701
f 2178/2704 2174/2705 2191/2706
f 2178/2704 2191/2706 2189/2707
f 2189/2707 2191/2706 2207/2708
f 2189/2707 2207/2708 2282/2709
f 2189/2707 2282/2709 2180/2710
f 2189/2707 2180/2710 2121/2711
f 2189/2707 2121/2711 2157/2712
f 2157/2712 2121/2711 2009/2713
f 2009/2713 2121/2711 2041/2714
f 2157/2712 2009/2713 2159/2715
f 2159/2715 2009/2713 2169/2716
f 2458/2717 2452/2718 2157/2719
f 2157/2719 2452/2718 2189/2720
f 2458/2717 2157/2719 2259/2721
f 2458/2717 2259/2721 2679/2722
f 2259/2721 2157/2719 2169/2723
f 2169/2723 2157/2719 2159/2724
f 2679/2722 2259/2721 2140/2725
f 2140/2725 2259/2721 2169/2723
f 2679/2722 2140/2725 2184/2726
f 2140/2725 2169/2723 2135/2727
f 2140/2725 2135/2727 2136/2728
f 2135/2727 2169/2723 1962/2729
f 2135/2727 1962/2729 1734/2730
f 2135/2727 1734/2730 1724/2731
f 2803/2732 2670/2733 2775/2734
f 2775/2734 2670/2733 2781/2735
f 2775/2734 2781/2735 2803/2732
f 2800/2736 2781/2737 2842/2738
f 2842/2738 2781/2737 2827/2739
f 2827/2739 2781/2737 2817/2740
f 2842/2738 2827/2739 2850/2741
f 2842/2738 2850/2741 2872/2742
f 2842/2738 2872/2742 2838/2743
f 2838/2743 2872/2742 2899/2744
f 2872/2742 2850/2741 2920/2745
f 2920/2745 2850/2741 2878/2746
f 2850/2741 2827/2739 2820/2747
f 2850/2741 2820/2747 2878/2746
f 2878/2746 2820/2747 2867/2748
f 2878/2746 2867/2748 2880/2749
f 2880/2749 2867/2748 2820/2747
f 2880/2749 2820/2747 2827/2739
f 2880/2749 2827/2739 2817/2740
f 2880/2749 2817/2740 2873/2750
f 2873/2750 2817/2740 2922/2751
f 2873/2750 2922/2751 2880/2749
f 2872/2752 2920/2753 2907/2754
f 2907/2754 2920/2753 2878/2755
f 2872/2752 2907/2754 2899/2756
f 2907/2754 2878/2755 2880/2757
f 2899/2756 2907/2754 2951/2758
f 2951/2758 2907/2754 2880/2757
f 2899/2756 2951/2758 2980/2759
f 2951/2758 2880/2757 2894/2760
f 2894/2761 2880/2762 2922/2763
f 2894/2761 2922/2763 2930/2764
f 2894/2761 2930/2764 2882/2765
f 2894/2761 2882/2765 2963/2766
f 2894/2761 2963/2766 2951/2767
f 2951/2767 2963/2766 2980/2768
f 2980/2768 2963/2766 2979/2769
f 2986/2770 2930/2764 2979/2769
f 2986/2770 2979/2769 2963/2766
f 2882/2765 2930/2764 2900/2771
f 2986/2770 2963/2766 2978/2772
f 2978/2772 2963/2766 2882/2765
f 2978/2772 2882/2765 2900/2771
f 2986/2770 2978/2772 2930/2764
f 2930/2764 2978/2772 2900/2771
f 2979/2773 2930/2774 2989/2775
f 2979/2773 2989/2775 2980/2776
f 2989/2775 2930/2774 2962/2777
f 2962/2777 2930/2774 2922/2778
f 2962/2777 2922/2778 2964/2779
f 2980/2780 2989/2781 2992/2782
f 2980/2780 2992/2782 2990/2783
f 2992/2782 2989/2781 2994/2784
f 2990/2783 2992/2782 2985/2785
f 2994/2784 2989/2781 2962/2786
f 2990/2783 2985/2785 2971/2787
f 2992/2782 2994/2784 2996/2788
f 2994/2784 2962/2786 2927/2789
f 2994/2784 2927/2789 2996/2788
f 2992/2782 2996/2788 2929/2790
f 2929/2790 2996/2788 2927/2789
f 2929/2790 2927/2789 2962/2786
f 2992/2782 2929/2790 2985/2785
f 2929/2790 2962/2786 2955/2791
f 2929/2790 2955/2791 2985/2785
f 2955/2791 2962/2786 2964/2792
f 2955/2791 2964/2792 2948/2793
f 2955/2791 2948/2793 2926/2794
f 2955/2791 2926/2794 2985/2785
f 2926/2794 2948/2793 2895/2795
f 2926/2794 2895/2795 2883/2796
f 2985/2785 2926/2794 2976/2797
f 2985/2785 2976/2797 2971/2787
f 2971/2787 2976/2797 2949/2798
f 2926/2794 2883/2796 2901/2799
f 2926/2794 2901/2799 2976/2797
f 2901/2799 2883/2796 2970/2800
f 2949/2798 2976/2797 2993/2801
f 2993/2801 2976/2797 2901/2799
f 2949/2798 2993/2801 2970/2800
f 2970/2800 2993/2801 2901/2799
f 2999/2802 2990/2803 2984/2804
f 2984/2804 2990/2803 2971/2805
f 2984/2804 2971/2805 2856/2806
f 2984/2804 2856/2806 2845/2807
f 2856/2806 2971/2805 2913/2808
f 2913/2808 2971/2805 2908/2809
f 2913/2808 2908/2809 2877/2810
f 2913/2808 2877/2810 2919/2811
f 2919/2811 2877/2810 2862/2812
f 2964/2813 2922/2814 2948/2815
f 2948/2816 2922/2817 2819/2818
f 2948/2816 2819/2818 2870/2819
f 2948/2816 2870/2819 2895/2820
f 2870/2819 2819/2818 2854/2821
f 2895/2820 2870/2819 2877/2822
f 2877/2822 2870/2819 2854/2821
f 2895/2820 2877/2822 2949/2823
f 2895/2820 2949/2823 2883/2824
f 2883/2824 2949/2823 2970/2825
f 2949/2823 2877/2822 2908/2826
f 2949/2823 2908/2826 2971/2827
f 2877/2822 2854/2821 2862/2828
f 2862/2828 2854/2821 2818/2829
f 2862/2828 2818/2829 2919/2830
f 2826/2831 2854/2821 2819/2818
f 2854/2821 2826/2831 2818/2829
f 2826/2831 2819/2818 2782/2832
f 2919/2830 2818/2829 2849/2833
f 2849/2833 2818/2829 2826/2831
f 2919/2830 2849/2833 2913/2834
f 2849/2833 2826/2831 2841/2835
f 2849/2833 2841/2835 2913/2834
f 2841/2835 2826/2831 2782/2832
f 2913/2834 2841/2835 2856/2836
f 2856/2836 2841/2835 2802/2837
f 2802/2837 2841/2835 2782/2832
f 2802/2837 2782/2832 2774/2838
f 2774/2838 2782/2832 2651/2839
f 1128/2840 1131/2841 1217/2842
f 1128/2840 1217/2842 1210/2843
f 1210/2843 1217/2842 1242/2844
f 1210/2843 1242/2844 1230/2845
f 1210/2843 1230/2845 1190/2846
f 1230/2845 1242/2844 1315/2847
f 1315/2847 1242/2844 1327/2848
f 1190/2846 1230/2845 1240/2849
f 1240/2849 1230/2845 1315/2847
f 1315/2847 1327/2848 1412/2850
f 1315/2847 1412/2850 1495/2851
f 1315/2847 1495/2851 1425/2852
f 1425/2852 1495/2851 1436/2853
f 1425/2852 1436/2853 1315/2847
f 1240/2849 1315/2847 1400/2854
f 1400/2854 1315/2847 1436/2853
f 1240/2849 1400/2854 1190/2846
f 1400/2854 1436/2853 1439/2855
f 1439/2855 1436/2853 1517/2856
f 1400/2854 1439/2855 1409/2857
f 1400/2854 1409/2857 1190/2846
f 1190/2846 1409/2857 1582/2858
f 799/2859 1079/2860 820/2861
f 1079/2860 799/2859 1028/2862
f 799/2863 678/2864 738/2865
f 738/2865 678/2864 617/2866
f 799/2867 738/2868 889/2869
f 889/2869 738/2868 617/2870
f 889/2869 617/2870 736/2871
f 799/2867 889/2869 1028/2872
f 889/2869 736/2871 895/2873
f 889/2869 895/2873 964/2874
f 889/2869 964/2874 1028/2872
f 964/2874 895/2873 1100/2875
f 964/2874 1100/2875 992/2876
f 1028/2872 964/2874 1070/2877
f 1070/2877 964/2874 992/2876
f 1070/2877 992/2876 1100/2875
f 1028/2872 1070/2877 1140/2878
f 1140/2878 1070/2877 1100/2875
f 617/2879 678/2880 345/2881
f 617/2879 345/2881 575/2882
f 617/2879 575/2882 736/2883
f 736/2883 575/2882 628/2884
f 575/2882 345/2881 532/2885
f 575/2882 532/2885 555/2886
f 555/2886 532/2885 636/2887
f 636/2887 532/2885 419/2888
f 419/2888 532/2885 345/2881
f 636/2887 419/2888 466/2889
f 466/2889 419/2888 420/2890
f 420/2890 419/2888 345/2881
f 466/2889 420/2890 316/2891
f 316/2891 420/2890 345/2881
f 316/2891 345/2881 183/2892
f 1079/2893 1028/2894 1094/2895
f 1094/2895 1028/2894 1129/2896
f 1129/2896 1028/2894 1164/2897
f 1094/2895 1129/2896 1097/2898
f 1097/2898 1129/2896 1164/2897
f 1094/2895 1097/2898 1137/2899
f 1137/2899 1097/2898 1144/2900
f 1144/2900 1097/2898 1164/2897
f 1164/2897 1028/2894 1140/2901
f 1144/2900 1164/2897 1185/2902
f 1164/2897 1140/2901 1181/2903
f 1164/2897 1181/2903 1185/2902
f 1181/2903 1140/2901 1116/2904
f 1185/2902 1181/2903 1202/2905
f 1216/2906 1181/2907 1116/2908
f 1216/2906 1116/2908 914/2909
f 914/2909 1116/2908 726/2910
f 914/2909 726/2910 369/2911
f 1343/2912 1465/2913 1438/2914
f 1343/2912 1438/2914 1327/2915
f 1438/2914 1465/2913 1482/2916
f 1438/2914 1482/2916 1562/2917
f 1438/2914 1562/2917 1477/2918
f 1562/2917 1482/2916 1571/2919
f 1477/2918 1562/2917 1463/2920
f 1463/2920 1562/2917 1571/2919
f 1294/2921 1253/2922 1288/2923
f 1288/2923 1253/2922 1266/2924
f 1288/2923 1266/2924 1313/2925
f 1294/2921 1288/2923 1347/2926
f 1347/2926 1288/2923 1313/2925
f 1294/2921 1347/2926 1417/2927
f 1417/2927 1347/2926 1510/2928
f 1524/2929 1505/2930 1510/2928
f 1524/2929 1510/2928 1347/2926
f 1524/2929 1347/2926 1376/2931
f 1376/2931 1347/2926 1340/2932
f 1340/2932 1347/2926 1341/2933
f 1349/2934 1347/2926 1313/2925
f 1347/2926 1349/2934 1341/2933
f 1349/2934 1313/2925 1279/2935
f 1279/2935 1313/2925 1361/2936
f 1341/2933 1349/2934 1345/2937
f 1345/2937 1349/2934 1279/2935
f 1345/2937 1279/2935 1361/2936
f 1341/2933 1345/2937 1378/2938
f 1378/2938 1345/2937 1361/2936
f 1341/2939 1378/2940 1264/2941
f 1341/2939 1264/2941 1209/2942
f 1341/2939 1209/2942 1340/2943
f 1340/2943 1209/2942 1214/2944
f 1214/2944 1209/2942 1204/2945
f 1214/2944 1204/2945 1205/2946
f 1209/2942 1264/2941 1213/2947
f 1209/2942 1213/2947 1204/2945
f 1213/2947 1264/2941 1378/2940
f 1204/2945 1213/2947 1199/2948
f 1199/2948 1213/2947 1207/2949
f 1213/2947 1378/2940 1369/2950
f 1213/2947 1369/2950 1207/2949
f 1369/2950 1378/2940 1385/2951
f 1207/2949 1369/2950 1370/2952
f 1340/2953 1214/2954 1205/2955
f 1340/2953 1205/2955 1360/2956
f 1340/2953 1360/2956 1376/2957
f 1376/2957 1360/2956 1418/2958
f 1376/2957 1418/2958 1524/2959
f 1524/2959 1418/2958 1531/2960
f 1205/2961 1204/2962 1208/2963
f 1346/2964 1360/2965 1205/2961
f 1346/2964 1205/2961 1208/2963
f 1346/2964 1208/2963 1358/2966
f 1208/2963 1204/2962 1201/2967
f 1201/2967 1204/2962 1199/2968
f 1208/2963 1201/2967 1211/2969
f 1208/2963 1211/2969 1372/2970
f 1372/2970 1211/2969 1201/2967
f 1372/2970 1201/2967 1395/2971
f 1395/2971 1201/2967 1199/2968
f 1395/2971 1199/2968 1394/2972
f 1394/2972 1199/2968 1207/2973
f 1394/2972 1207/2973 1370/2974
f 1510/2975 1505/2976 1417/2977
f 1417/2977 1505/2976 1420/2978
f 1420/2978 1505/2976 1463/2979
f 1524/2980 1569/2981 1505/2976
f 1505/2976 1569/2981 1463/2979
f 1463/2979 1569/2981 1583/2982
f 1583/2982 1569/2981 1588/2983
f 1463/2979 1583/2982 1409/2984
f 1463/2979 1409/2984 1439/2985
f 1463/2979 1439/2985 1477/2986
f 1477/2986 1439/2985 1517/2987
f 1477/2986 1517/2987 1495/2988
f 1495/2988 1517/2987 1436/2989
f 1477/2986 1495/2988 1547/2990
f 1477/2986 1547/2990 1438/2991
f 1547/2990 1495/2988 1412/2992
f 1438/2991 1547/2990 1327/2993
f 1327/2993 1547/2990 1412/2992
f 1524/2994 1531/2995 1569/2996
f 1569/2996 1531/2995 1590/2997
f 1569/2996 1590/2997 1588/2998
f 1590/2997 1531/2995 1585/2999
f 1585/2999 1531/2995 1597/3000
f 1590/2997 1585/2999 1591/3001
f 1591/3001 1585/2999 1595/3002
f 1590/2997 1591/3001 1602/3003
f 1590/2997 1602/3003 1601/3004
f 1601/3004 1602/3003 1607/3005
f 1607/3005 1602/3003 1606/3006
f 1531/3007 1418/3008 1472/3009
f 1472/3009 1418/3008 1461/3010
f 1531/3007 1472/3009 1555/3011
f 1555/3011 1472/3009 1461/3010
f 1531/3007 1555/3011 1597/3012
f 1461/3010 1418/3008 1360/3013
f 1597/3012 1555/3011 1581/3014
f 1461/3010 1360/3013 1357/3015
f 1357/3015 1360/3013 1356/3016
f 1357/3015 1356/3016 1461/3010
f 1356/3016 1360/3013 1346/3017
f 1555/3011 1461/3010 1486/3018
f 1555/3011 1486/3018 1581/3014
f 1486/3018 1461/3010 1521/3019
f 1521/3019 1461/3010 1476/3020
f 1521/3019 1476/3020 1486/3018
f 1476/3020 1461/3010 1356/3016
f 1486/3018 1476/3020 1581/3014
f 1356/3016 1346/3017 1293/3021
f 1356/3016 1293/3021 1476/3020
f 1293/3021 1346/3017 1276/3022
f 1293/3021 1276/3022 1258/3023
f 1293/3021 1258/3023 1331/3024
f 1331/3024 1258/3023 1252/3025
f 1331/3024 1252/3025 1334/3026
f 1476/3020 1293/3021 1419/3027
f 1578/3028 1581/3014 1476/3020
f 1578/3028 1476/3020 1419/3027
f 1581/3014 1578/3028 1594/3029
f 1581/3014 1594/3029 1597/3012
f 1597/3012 1594/3029 1600/3030
f 1600/3030 1594/3029 1598/3031
f 1594/3029 1578/3028 1596/3032
f 1594/3029 1596/3032 1598/3031
f 1578/3028 1419/3027 1497/3033
f 1578/3028 1497/3033 1596/3032
f 1497/3033 1419/3027 1479/3034
f 1598/3031 1596/3032 1599/3035
f 1599/3035 1596/3032 1497/3033
f 1599/3035 1497/3033 1479/3034
f 1598/3031 1599/3035 1507/3036
f 1507/3036 1599/3035 1479/3034
f 1507/3036 1479/3034 1459/3037
f 1600/3038 1598/3039 1604/3040
f 1604/3040 1598/3039 1601/3041
f 1601/3041 1598/3039 1507/3042
f 1601/3041 1507/3042 1529/3043
f 1529/3043 1507/3042 1127/3044
f 1529/3043 1127/3044 1190/3045
f 1529/3043 1190/3045 1582/3046
f 1604/3040 1601/3041 1607/3047
f 1604/3040 1607/3047 1608/3048
f 1608/3048 1607/3047 1606/3049
f 1604/3040 1608/3048 1605/3050
f 1604/3040 1605/3050 1600/3038
f 1608/3048 1606/3049 1603/3051
f 1608/3048 1603/3051 1605/3050
f 1600/3038 1605/3050 1593/3052
f 1593/3052 1605/3050 1603/3051
f 1600/3038 1593/3052 1597/3053
f 1597/3053 1593/3052 1585/3054
f 1585/3054 1593/3052 1595/3055
f 1595/3055 1593/3052 1603/3051
f 1595/3055 1603/3051 1606/3049
f 1595/3055 1606/3049 1602/3056
f 1595/3055 1602/3056 1591/3057
f 1479/3058 1419/3059 1457/3060
f 1331/3061 1419/3059 1293/3062
f 1419/3059 1331/3061 1457/3060
f 1457/3060 1331/3061 1454/3063
f 1479/3058 1457/3060 1459/3064
f 1274/3065 1396/3066 1459/3064
f 1274/3065 1459/3064 1337/3067
f 1459/3064 1457/3060 1451/3068
f 1459/3064 1451/3068 1337/3067
f 1451/3068 1457/3060 1480/3069
f 1480/3069 1457/3060 1489/3070
f 1480/3069 1489/3070 1534/3071
f 1451/3068 1480/3069 1416/3072
f 1451/3068 1416/3072 1337/3067
f 1480/3069 1534/3071 1506/3073
f 1480/3069 1506/3073 1416/3072
f 1506/3073 1534/3071 1421/3074
f 1337/3067 1416/3072 1317/3075
f 1337/3067 1317/3075 1260/3076
f 1337/3067 1260/3076 1237/3077
f 1337/3067 1237/3077 1274/3065
f 1237/3077 1260/3076 1221/3078
f 1274/3065 1237/3077 1206/3079
f 1206/3079 1237/3077 1221/3078
f 1583/3080 1588/3081 1590/3082
f 1583/3080 1590/3082 1582/3083
f 1583/3080 1582/3083 1409/3084
f 1582/3083 1590/3082 1601/3085
f 1582/3083 1601/3085 1529/3086
f 575/3087 555/3088 712/3089
f 575/3087 712/3089 628/3090
f 628/3090 712/3089 736/3091
f 712/3089 555/3088 636/3092
f 726/3093 636/3092 325/3094
f 636/3092 726/3093 815/3095
f 712/3089 636/3092 739/3096
f 739/3096 636/3092 815/3095
f 681/3097 815/3095 712/3089
f 815/3095 681/3097 739/3096
f 739/3096 681/3097 712/3089
f 736/3098 712/3099 833/3100
f 736/3098 833/3100 807/3101
f 736/3098 807/3101 895/3102
f 833/3100 712/3099 913/3103
f 833/3100 913/3103 807/3101
f 913/3103 712/3099 815/3104
f 895/3102 807/3101 891/3105
f 891/3105 807/3101 913/3103
f 895/3102 891/3105 1011/3106
f 1011/3106 891/3105 913/3103
f 1011/3106 913/3103 815/3104
f 1011/3106 815/3104 726/3107
f 895/3102 1011/3106 1100/3108
f 1011/3106 726/3107 1116/3109
f 1011/3106 1116/3109 1100/3108
f 1100/3108 1116/3109 1140/3110
f 1370/3111 1369/3112 1374/3113
f 1370/3111 1374/3113 1394/3114
f 1394/3114 1374/3113 1404/3115
f 1394/3114 1404/3115 1395/3116
f 1404/3115 1374/3113 1319/3117
f 1404/3115 1319/3117 1355/3118
f 1355/3118 1319/3117 1330/3119
f 1404/3115 1355/3118 1299/3120
f 1395/3116 1404/3115 1373/3121
f 1373/3121 1404/3115 1299/3120
f 1395/3116 1373/3121 1372/3122
f 1373/3121 1299/3120 1277/3123
f 1277/3123 1299/3120 1252/3124
f 1372/3122 1373/3121 1377/3125
f 1377/3125 1373/3121 1277/3123
f 1372/3122 1377/3125 1388/3126
f 1388/3126 1377/3125 1391/3127
f 1377/3125 1277/3123 1271/3128
f 1377/3125 1271/3128 1391/3127
f 1271/3128 1277/3123 1252/3124
f 1391/3127 1271/3128 1268/3129
f 1268/3129 1271/3128 1252/3124
f 1268/3129 1252/3124 1258/3130
f 1268/3129 1258/3130 1276/3131
f 1208/3132 1372/3133 1388/3134
f 1208/3132 1388/3134 1358/3135
f 1358/3135 1388/3134 1391/3136
f 1358/3135 1391/3136 1359/3137
f 1359/3137 1391/3136 1268/3138
f 1358/3135 1359/3137 1273/3139
f 1358/3135 1273/3139 1265/3140
f 1359/3137 1268/3138 1342/3141
f 1342/3141 1268/3138 1276/3142
f 1342/3141 1276/3142 1346/3143
f 1359/3137 1342/3141 1339/3144
f 1339/3144 1342/3141 1346/3143
f 1359/3137 1339/3144 1273/3139
f 1339/3144 1346/3143 1358/3135
f 1273/3139 1339/3144 1265/3140
f 1265/3140 1339/3144 1358/3135
f 1331/3145 1334/3146 1454/3147
f 1248/3148 1252/3149 1299/3150
f 1248/3148 1299/3150 1286/3151
f 1286/3151 1299/3150 1321/3152
f 1321/3152 1299/3150 1355/3153
f 1330/3154 1319/3155 1336/3156
f 1330/3154 1336/3156 1362/3157
f 1330/3154 1362/3157 1301/3158
f 1330/3154 1301/3158 1328/3159
f 1330/3154 1328/3159 1355/3160
f 1355/3160 1328/3159 1329/3161
f 1329/3161 1328/3159 1301/3158
f 1355/3160 1329/3161 1321/3162
f 1301/3158 1362/3157 1335/3163
f 1301/3158 1335/3163 1329/3161
f 1335/3163 1362/3157 1435/3164
f 1435/3164 1362/3157 1446/3165
f 1329/3161 1335/3163 1363/3166
f 1329/3161 1363/3166 1321/3162
f 1363/3166 1335/3163 1435/3164
f 1435/3164 1446/3165 1527/3167
f 1321/3162 1363/3166 1386/3168
f 1435/3164 1527/3167 1528/3169
f 1363/3166 1435/3164 1399/3170
f 1399/3170 1435/3164 1528/3169
f 1363/3166 1399/3170 1386/3168
f 1386/3168 1399/3170 1528/3169
f 1386/3168 1528/3169 1511/3171
f 1446/3172 1362/3173 1398/3174
f 1398/3175 1362/3176 1364/3177
f 1245/3178 1428/3179 1233/3180
f 1428/3179 1245/3178 1316/3181
f 1245/3178 1233/3180 1184/3182
f 1316/3181 1245/3178 1223/3183
f 1223/3183 1245/3178 1184/3182
f 1316/3181 1223/3183 1246/3184
f 1316/3181 1246/3184 1317/3185
f 1317/3185 1246/3184 1260/3186
f 1260/3186 1246/3184 1221/3187
f 1221/3187 1246/3184 1219/3188
f 1219/3188 1246/3184 1223/3183
f 1221/3187 1219/3188 1142/3189
f 1219/3188 1223/3183 1135/3190
f 1219/3188 1135/3190 1142/3189
f 1135/3190 1223/3183 1184/3182
f 1142/3189 1135/3190 1092/3191
f 1092/3191 1135/3190 1088/3192
f 1092/3191 1088/3192 1165/3193
f 1135/3190 1184/3182 1138/3194
f 1135/3190 1138/3194 1088/3192
f 1138/3194 1184/3182 1191/3195
f 1138/3194 1191/3195 1165/3193
f 1165/3193 1088/3192 1105/3196
f 1165/3193 1105/3196 1138/3194
f 1138/3194 1105/3196 1088/3192
f 1165/3197 1191/3198 1183/3199
f 1165/3197 1183/3199 1141/3200
f 1141/3200 1183/3199 1076/3201
f 1165/3197 1141/3200 1099/3202
f 1165/3197 1099/3202 1092/3203
f 1092/3203 1099/3202 1012/3204
f 1099/3202 1141/3200 1058/3205
f 1099/3202 1058/3205 1012/3204
f 1012/3204 1058/3205 972/3206
f 1058/3205 1141/3200 980/3207
f 1058/3205 980/3207 972/3206
f 1086/3208 1141/3200 1076/3201
f 1141/3200 1086/3208 980/3207
f 980/3207 1086/3208 1051/3209
f 980/3207 1051/3209 972/3206
f 1012/3204 972/3206 796/3210
f 1051/3209 1086/3208 965/3211
f 1051/3209 965/3211 972/3206
f 1086/3208 1076/3201 955/3212
f 1086/3208 955/3212 965/3211
f 955/3212 1076/3201 786/3213
f 972/3206 965/3211 903/3214
f 972/3206 903/3214 796/3210
f 903/3214 965/3211 894/3215
f 894/3215 965/3211 955/3212
f 903/3214 894/3215 818/3216
f 818/3216 894/3215 955/3212
f 903/3214 818/3216 796/3210
f 955/3212 786/3213 814/3217
f 818/3216 955/3212 843/3218
f 818/3216 843/3218 796/3210
f 843/3218 955/3212 814/3217
f 796/3210 843/3218 632/3219
f 796/3210 632/3219 574/3220
f 843/3218 814/3217 721/3221
f 843/3218 721/3221 632/3219
f 721/3221 814/3217 687/3222
f 574/3220 632/3219 509/3223
f 574/3220 509/3223 336/3224
f 632/3219 721/3221 650/3225
f 650/3225 721/3221 687/3222
f 632/3219 650/3225 509/3223
f 336/3224 509/3223 515/3226
f 515/3226 509/3223 633/3227
f 719/3228 687/3222 814/3217
f 687/3222 719/3228 650/3225
f 719/3228 814/3217 633/3227
f 650/3225 719/3228 509/3223
f 509/3223 719/3228 633/3227
f 1142/3229 1092/3230 1080/3231
f 1142/3229 1080/3231 1134/3232
f 1142/3233 1134/3234 1221/3235
f 1221/3235 1134/3234 1206/3236
f 1080/3237 1008/3238 1134/3234
f 1134/3234 1008/3238 1132/3239
f 1134/3234 1132/3239 1206/3236
f 672/3240 925/3241 1008/3238
f 1008/3238 925/3241 1132/3239
f 1396/3242 1274/3243 1206/3236
f 1396/3242 1206/3236 1507/3244
f 1396/3242 1507/3244 1459/3245
f 1507/3244 1206/3236 1127/3246
f 1127/3246 1206/3236 1132/3239
f 1127/3246 1132/3239 1052/3247
f 1132/3239 925/3241 916/3248
f 1132/3239 916/3248 1052/3247
f 1127/3246 1052/3247 1083/3249
f 1083/3249 1052/3247 916/3248
f 1127/3246 1083/3249 1101/3250
f 1101/3250 1083/3249 1125/3251
f 1083/3249 916/3248 1111/3252
f 1083/3249 1111/3252 1125/3251
f 1111/3252 916/3248 925/3241
f 1125/3251 1111/3252 1089/3253
f 1111/3252 925/3241 1009/3254
f 1080/3255 1092/3256 1008/3257
f 1008/3257 1092/3256 874/3258
f 1008/3257 874/3258 672/3259
f 874/3258 1092/3256 1012/3260
f 672/3259 874/3258 700/3261
f 874/3258 1012/3260 790/3262
f 874/3258 790/3262 700/3261
f 790/3262 1012/3260 796/3263
f 790/3262 796/3263 574/3264
f 682/3265 574/3264 700/3261
f 574/3264 682/3265 790/3262
f 790/3262 682/3265 700/3261
f 1089/3266 1111/3267 1009/3268
f 1090/3269 1148/3270 1089/3266
f 1090/3269 1089/3266 1069/3271
f 1090/3269 1069/3271 988/3272
f 1069/3271 1089/3266 1146/3273
f 1069/3271 1146/3273 988/3272
f 1090/3269 988/3272 1019/3274
f 1146/3273 1089/3266 1038/3275
f 1146/3273 1038/3275 988/3272
f 1038/3275 1089/3266 1047/3276
f 1047/3276 1089/3266 1009/3268
f 1038/3275 1047/3276 912/3277
f 1038/3275 912/3277 988/3272
f 912/3277 1047/3276 1009/3268
f 951/3278 1019/3274 988/3272
f 951/3278 988/3272 912/3277
f 1019/3274 951/3278 974/3279
f 951/3278 912/3277 883/3280
f 951/3278 883/3280 974/3279
f 912/3277 1009/3268 872/3281
f 912/3277 872/3281 883/3280
f 872/3281 1009/3268 715/3282
f 715/3282 1009/3268 925/3283
f 974/3279 883/3280 817/3284
f 715/3282 925/3283 524/3285
f 974/3279 817/3284 616/3286
f 524/3285 925/3283 672/3287
f 883/3280 872/3281 847/3288
f 883/3280 847/3288 817/3284
f 872/3281 715/3282 754/3289
f 872/3281 754/3289 847/3288
f 754/3289 715/3282 529/3290
f 529/3290 715/3282 524/3285
f 754/3289 529/3290 489/3291
f 489/3291 529/3290 524/3285
f 847/3288 754/3289 711/3292
f 847/3288 711/3292 817/3284
f 711/3292 754/3289 489/3291
f 817/3284 711/3292 473/3293
f 473/3293 711/3292 489/3291
f 602/3294 616/3286 817/3284
f 602/3294 817/3284 473/3293
f 616/3286 602/3294 601/3295
f 616/3286 601/3295 638/3296
f 638/3296 601/3295 704/3297
f 602/3294 473/3293 541/3298
f 602/3294 541/3298 601/3295
f 704/3297 601/3295 703/3299
f 541/3298 473/3293 498/3300
f 601/3295 541/3298 549/3301
f 549/3301 541/3298 498/3300
f 601/3295 549/3301 595/3302
f 601/3295 595/3302 703/3299
f 595/3302 549/3301 548/3303
f 548/3303 549/3301 498/3300
f 498/3300 473/3293 443/3304
f 443/3304 473/3293 489/3291
f 498/3300 443/3304 436/3305
f 443/3304 489/3291 362/3306
f 362/3306 489/3291 524/3285
f 443/3304 362/3306 359/3307
f 443/3304 359/3307 436/3305
f 362/3306 524/3285 372/3308
f 362/3306 372/3308 359/3307
f 372/3308 524/3285 672/3287
f 372/3308 672/3287 700/3309
f 372/3308 700/3309 574/3310
f 372/3308 574/3310 336/3311
f 372/3308 336/3311 173/3312
f 359/3307 372/3308 393/3313
f 359/3307 393/3313 436/3305
f 372/3308 173/3312 181/3314
f 181/3314 173/3312 130/3315
f 393/3313 372/3308 255/3316
f 255/3316 372/3308 181/3314
f 181/3314 130/3315 152/3317
f 181/3314 152/3317 255/3316
f 255/3316 152/3317 130/3315
f 255/3316 130/3315 263/3318
f 435/3319 436/3305 393/3313
f 435/3319 393/3313 255/3316
f 255/3316 263/3318 303/3320
f 303/3320 263/3318 254/3321
f 254/3321 263/3318 298/3322
f 255/3316 303/3320 406/3323
f 406/3323 303/3320 254/3321
f 255/3316 406/3323 435/3319
f 254/3321 298/3322 340/3324
f 254/3321 340/3324 406/3323
f 340/3324 298/3322 387/3325
f 387/3325 298/3322 363/3326
f 387/3325 363/3326 340/3324
f 340/3324 363/3326 406/3323
f 406/3323 363/3326 424/3327
f 406/3323 424/3327 517/3328
f 406/3323 517/3328 435/3319
f 435/3319 517/3328 494/3329
f 494/3329 517/3328 559/3330
f 559/3330 517/3328 538/3331
f 435/3319 494/3329 622/3332
f 622/3332 494/3329 640/3333
f 435/3319 622/3332 530/3334
f 435/3319 530/3334 436/3305
f 436/3305 530/3334 467/3335
f 436/3305 467/3335 498/3300
f 498/3300 467/3335 548/3303
f 548/3303 467/3335 530/3334
f 530/3334 622/3332 591/3336
f 530/3334 591/3336 548/3303
f 591/3336 622/3332 640/3333
f 548/3303 591/3336 654/3337
f 548/3303 654/3337 595/3302
f 595/3302 654/3337 703/3299
f 654/3337 591/3336 745/3338
f 745/3338 591/3336 640/3333
f 654/3337 745/3338 703/3299
f 745/3338 640/3333 680/3339
f 745/3338 680/3339 703/3299
f 680/3339 640/3333 544/3340
f 547/3341 640/3333 494/3329
f 640/3333 547/3341 544/3340
f 547/3341 494/3329 559/3330
f 680/3339 544/3340 605/3342
f 703/3299 680/3339 696/3343
f 696/3343 680/3339 605/3342
f 703/3299 696/3343 600/3344
f 703/3299 600/3344 2649/3345
f 2649/3345 600/3344 2685/3346
f 2685/3346 600/3344 2639/3347
f 600/3344 696/3343 599/3348
f 599/3348 696/3343 605/3342
f 600/3344 599/3348 2639/3347
f 599/3348 605/3342 544/3340
f 2639/3347 599/3348 514/3349
f 514/3349 599/3348 544/3340
f 2639/3347 514/3349 2584/3350
f 2584/3350 514/3349 2485/3351
f 514/3349 544/3340 492/3352
f 514/3349 492/3352 2485/3351
f 2485/3351 492/3352 454/3353
f 2485/3351 454/3353 2564/3354
f 2564/3354 454/3353 348/3355
f 454/3353 492/3352 479/3356
f 454/3353 479/3356 348/3355
f 2564/3354 348/3355 295/3357
f 479/3356 492/3352 586/3358
f 348/3355 479/3356 405/3359
f 586/3358 492/3352 484/3360
f 484/3360 492/3352 544/3340
f 479/3356 586/3358 373/3361
f 479/3356 373/3361 405/3359
f 373/3361 586/3358 484/3360
f 484/3360 544/3340 572/3362
f 572/3362 544/3340 547/3341
f 484/3360 572/3362 508/3363
f 508/3363 572/3362 547/3341
f 484/3360 508/3363 373/3361
f 508/3363 547/3341 559/3330
f 260/3364 405/3359 373/3361
f 405/3359 260/3364 348/3355
f 348/3355 260/3364 295/3357
f 260/3364 373/3361 349/3365
f 295/3357 260/3364 241/3366
f 241/3366 260/3364 349/3365
f 349/3365 373/3361 352/3367
f 352/3367 373/3361 508/3363
f 349/3365 352/3367 241/3366
f 505/3368 508/3363 559/3330
f 505/3368 559/3330 538/3331
f 505/3368 538/3331 480/3369
f 480/3369 538/3331 545/3370
f 480/3369 545/3370 505/3368
f 545/3370 538/3331 573/3371
f 505/3368 545/3370 508/3363
f 508/3363 545/3370 451/3372
f 508/3363 451/3372 352/3367
f 451/3372 545/3370 557/3373
f 352/3367 451/3372 288/3374
f 288/3374 451/3372 324/3375
f 352/3367 288/3374 151/3376
f 352/3367 151/3376 241/3366
f 241/3366 151/3376 110/3377
f 110/3377 151/3376 1680/3378
f 110/3377 1680/3378 63/3379
f 241/3366 110/3377 280/3380
f 110/3377 63/3379 253/3381
f 110/3377 253/3381 280/3380
f 253/3381 63/3379 202/3382
f 253/3381 202/3382 280/3380
f 280/3380 202/3382 241/3366
f 202/3382 63/3379 2220/3383
f 241/3366 202/3382 295/3357
f 295/3357 202/3382 2523/3384
f 2639/3385 2584/3386 2597/3387
f 2597/3387 2584/3386 2485/3388
f 2564/3389 2532/3390 2485/3388
f 2485/3388 2532/3390 2365/3391
f 2597/3387 2485/3388 2414/3392
f 2414/3392 2485/3388 2365/3391
f 2365/3391 2532/3390 2220/3393
f 2597/3387 2414/3392 2441/3394
f 2597/3387 2441/3394 2603/3395
f 2414/3392 2365/3391 2352/3396
f 2414/3392 2352/3396 2441/3394
f 2365/3391 2220/3393 2284/3397
f 2365/3391 2284/3397 2352/3396
f 2441/3394 2352/3396 2376/3398
f 2441/3394 2376/3398 2442/3399
f 2442/3399 2376/3398 2396/3400
f 2441/3394 2442/3399 2466/3401
f 2466/3401 2442/3399 2462/3402
f 2441/3394 2466/3401 2451/3403
f 2451/3403 2466/3401 2462/3402
f 2376/3398 2352/3396 2302/3404
f 2302/3404 2352/3396 2284/3397
f 2376/3398 2302/3404 2296/3405
f 2376/3398 2296/3405 2233/3406
f 2233/3406 2296/3405 2163/3407
f 2163/3407 2296/3405 2172/3408
f 2296/3405 2302/3404 2222/3409
f 2296/3405 2222/3409 2172/3408
f 2222/3409 2302/3404 2284/3397
f 2172/3408 2222/3409 2243/3410
f 2243/3410 2222/3409 2284/3397
f 2172/3408 2243/3410 2132/3411
f 2172/3408 2132/3411 2075/3412
f 2075/3412 2132/3411 2058/3413
f 2132/3411 2243/3410 2150/3414
f 2150/3414 2243/3410 2284/3397
f 2132/3411 2150/3414 2058/3413
f 2058/3413 2150/3414 2012/3415
f 2150/3414 2284/3397 2220/3393
f 2012/3415 2150/3414 2092/3416
f 2150/3414 2220/3393 2223/3417
f 2150/3414 2223/3417 2092/3416
f 2223/3417 2220/3393 2321/3418
f 2092/3416 2223/3417 2165/3419
f 2223/3417 2321/3418 2277/3420
f 2223/3417 2277/3420 2165/3419
f 2564/3421 295/3422 2523/3423
f 2564/3421 2523/3423 2532/3424
f 2532/3424 2523/3423 2397/3425
f 2397/3425 2523/3423 2323/3426
f 2532/3424 2397/3425 2220/3427
f 2220/3427 2397/3425 2323/3426
f 2220/3428 2323/3429 2523/3430
f 2220/3428 2523/3430 202/3431
f 63/3432 1680/3433 1866/3434
f 63/3432 1866/3434 2220/3435
f 1866/3434 1680/3433 1903/3436
f 1866/3434 1903/3436 2012/3437
f 2012/3437 1903/3436 1859/3438
f 1866/3434 2012/3437 2037/3439
f 1866/3434 2037/3439 1781/3440
f 2172/3441 2075/3442 2163/3443
f 2163/3443 2075/3442 2048/3444
f 2163/3443 2048/3444 2233/3445
f 2048/3444 2075/3442 2043/3446
f 2043/3446 2075/3442 2058/3447
f 2233/3445 2048/3444 2196/3448
f 2233/3445 2196/3448 2319/3449
f 2233/3445 2319/3449 2376/3450
f 2376/3450 2319/3449 2396/3451
f 2043/3446 2058/3447 1912/3452
f 2048/3444 2043/3446 1942/3453
f 1942/3453 2043/3446 1912/3452
f 1912/3452 2058/3447 1918/3454
f 1918/3454 2058/3447 2012/3455
f 1918/3454 2012/3455 1859/3456
f 1912/3452 1918/3454 1759/3457
f 1759/3457 1918/3454 1859/3456
f 1912/3452 1759/3457 1942/3453
f 2048/3444 1942/3453 1915/3458
f 2048/3444 1915/3458 2196/3448
f 2196/3448 1915/3458 1974/3459
f 2196/3448 1974/3459 2122/3460
f 1759/3457 1859/3456 1776/3461
f 1776/3461 1859/3456 1903/3462
f 1776/3461 1903/3462 1680/3463
f 1776/3461 1680/3463 151/3464
f 1759/3457 1776/3461 1656/3465
f 1656/3465 1776/3461 151/3464
f 1759/3457 1656/3465 1698/3466
f 1759/3457 1698/3466 1942/3453
f 1656/3465 151/3464 159/3467
f 159/3467 151/3464 288/3468
f 159/3467 288/3468 324/3469
f 1656/3465 159/3467 30/3470
f 1656/3465 30/3470 1698/3466
f 30/3470 159/3467 324/3469
f 1942/3453 1698/3466 1820/3471
f 1820/3471 1698/3466 30/3470
f 1942/3453 1820/3471 1915/3458
f 1915/3458 1820/3471 1647/3472
f 1647/3472 1820/3471 30/3470
f 1915/3458 1647/3472 1974/3459
f 30/3470 324/3469 184/3473
f 30/3470 184/3473 1647/3472
f 184/3473 324/3469 332/3474
f 1974/3459 1647/3472 1669/3475
f 1974/3459 1669/3475 1677/3476
f 1647/3472 184/3473 176/3477
f 176/3477 184/3473 332/3474
f 1647/3472 176/3477 1669/3475
f 1669/3475 176/3477 1677/3476
f 176/3477 332/3474 249/3478
f 1677/3476 176/3477 1662/3479
f 176/3477 249/3478 165/3480
f 176/3477 165/3480 1662/3479
f 332/3481 324/3482 442/3483
f 442/3483 324/3482 488/3484
f 442/3483 488/3484 332/3481
f 488/3484 324/3482 451/3485
f 488/3484 451/3485 557/3486
f 332/3481 488/3484 461/3487
f 332/3481 461/3487 394/3488
f 332/3481 394/3488 249/3489
f 249/3489 394/3488 331/3490
f 461/3487 488/3484 521/3491
f 461/3487 521/3491 482/3492
f 521/3491 488/3484 561/3493
f 561/3493 488/3484 557/3486
f 521/3491 561/3493 625/3494
f 625/3494 561/3493 569/3495
f 569/3495 561/3493 579/3496
f 579/3496 561/3493 557/3486
f 579/3496 557/3486 596/3497
f 596/3497 557/3486 573/3498
f 573/3498 557/3486 545/3499
f 521/3491 625/3494 615/3500
f 521/3491 615/3500 523/3501
f 615/3500 625/3494 735/3502
f 1974/3503 1677/3504 1973/3505
f 1973/3505 1677/3504 1750/3506
f 1750/3506 1677/3504 1662/3507
f 1974/3503 1973/3505 2049/3508
f 1974/3503 2049/3508 2122/3509
f 2122/3509 2049/3508 2126/3510
f 2122/3509 2126/3510 2198/3511
f 1750/3512 1662/3513 1679/3514
f 1679/3514 1662/3513 165/3515
f 1679/3514 165/3515 43/3516
f 1679/3514 43/3516 1750/3512
f 43/3516 165/3515 221/3517
f 1842/3518 1973/3519 1750/3512
f 43/3516 221/3517 107/3520
f 107/3520 221/3517 1633/3521
f 43/3516 107/3520 46/3522
f 43/3516 46/3522 1725/3523
f 1725/3523 46/3522 107/3520
f 43/3516 1725/3523 1750/3512
f 107/3520 1633/3521 1706/3524
f 107/3520 1706/3524 1725/3523
f 1725/3523 1706/3524 1750/3512
f 1750/3512 1706/3524 1842/3518
f 1706/3524 1633/3521 1849/3525
f 1706/3524 1849/3525 1842/3518
f 165/3526 249/3527 179/3528
f 165/3526 179/3528 221/3529
f 179/3528 249/3527 251/3530
f 179/3528 251/3530 221/3529
f 251/3530 249/3527 356/3531
f 251/3530 356/3531 221/3529
f 356/3531 249/3527 331/3532
f 356/3531 331/3532 449/3533
f 221/3529 356/3531 301/3534
f 301/3534 356/3531 652/3535
f 221/3529 301/3534 1633/3536
f 1633/3536 301/3534 1749/3537
f 1633/3536 1749/3537 2201/3538
f 1749/3537 301/3534 160/3539
f 2201/3538 1749/3537 2158/3540
f 2201/3538 2158/3540 2429/3541
f 1749/3537 160/3539 2016/3542
f 1749/3537 2016/3542 2158/3540
f 2429/3541 2158/3540 2237/3543
f 2429/3541 2237/3543 2525/3544
f 2237/3543 2158/3540 2016/3542
f 2016/3542 160/3539 1620/3545
f 2237/3543 2016/3542 2081/3546
f 2016/3542 1620/3545 1905/3547
f 2016/3542 1905/3547 2081/3546
f 1905/3547 1620/3545 1628/3548
f 1905/3547 1628/3548 2081/3546
f 1842/3549 1849/3550 1854/3551
f 1842/3549 1854/3551 1963/3552
f 1963/3552 1854/3551 1849/3550
f 1842/3549 1963/3552 1973/3553
f 1963/3552 1849/3550 1994/3554
f 1963/3552 1994/3554 1973/3553
f 1994/3554 1849/3550 2201/3555
f 2201/3555 1849/3550 1633/3556
f 1994/3554 2201/3555 2070/3557
f 1994/3554 2070/3557 1973/3553
f 1973/3553 2070/3557 2049/3558
f 2049/3558 2070/3557 2055/3559
f 2049/3558 2055/3559 2126/3560
f 2126/3560 2055/3559 2070/3557
f 2126/3560 2070/3557 2198/3561
f 2198/3562 2070/3563 2312/3564
f 2312/3564 2070/3563 2201/3565
f 2312/3564 2201/3565 2429/3566
f 2312/3564 2429/3566 2599/3567
f 2312/3564 2599/3567 2569/3568
f 2198/3562 2312/3564 2287/3569
f 2198/3562 2287/3569 2122/3570
f 2312/3564 2569/3568 2437/3571
f 2312/3564 2437/3571 2287/3569
f 2122/3570 2287/3569 2213/3572
f 2122/3570 2213/3572 2272/3573
f 2213/3572 2287/3569 2224/3574
f 2272/3573 2213/3572 2285/3575
f 2285/3575 2213/3572 2224/3574
f 2224/3574 2287/3569 2350/3576
f 2224/3574 2350/3576 2285/3575
f 2285/3575 2350/3576 2272/3573
f 2350/3576 2287/3569 2437/3571
f 2272/3573 2350/3576 2361/3577
f 2361/3577 2350/3576 2437/3571
f 2272/3573 2361/3577 2319/3578
f 2319/3578 2361/3577 2336/3579
f 2336/3579 2361/3577 2437/3571
f 2319/3578 2336/3579 2393/3580
f 2393/3580 2336/3579 2394/3581
f 2336/3579 2437/3571 2524/3582
f 2336/3579 2524/3582 2394/3581
f 2394/3581 2524/3582 2393/3580
f 2524/3582 2437/3571 2569/3568
f 2393/3580 2524/3582 2436/3583
f 2436/3583 2524/3582 2569/3568
f 2436/3583 2569/3568 2428/3584
f 2436/3583 2428/3584 2454/3585
f 2428/3584 2569/3568 2595/3586
f 2428/3584 2595/3586 2454/3585
f 2272/3587 2196/3588 2122/3589
f 2196/3588 2272/3587 2319/3590
f 2396/3591 2319/3592 2393/3593
f 2396/3591 2393/3593 2459/3594
f 2459/3594 2393/3593 2436/3595
f 2459/3594 2436/3595 2454/3596
f 2459/3594 2454/3596 2595/3597
f 2442/3598 2396/3599 2459/3600
f 2462/3601 2442/3602 2459/3603
f 2462/3604 2459/3605 2595/3606
f 2462/3604 2595/3606 2609/3607
f 2609/3607 2595/3606 2569/3608
f 2462/3604 2609/3607 2478/3609
f 2478/3609 2609/3607 2484/3610
f 2462/3604 2478/3609 2476/3611
f 2476/3611 2478/3609 2484/3610
f 2462/3604 2476/3611 2448/3612
f 2484/3610 2609/3607 2604/3613
f 2484/3610 2604/3613 2476/3611
f 2609/3607 2569/3608 2614/3614
f 2609/3607 2614/3614 2604/3613
f 2614/3614 2569/3608 2599/3615
f 2448/3612 2476/3611 2578/3616
f 2578/3616 2476/3611 2604/3613
f 2448/3612 2578/3616 2509/3617
f 2509/3617 2578/3616 2486/3618
f 2486/3618 2578/3616 2555/3619
f 2555/3619 2578/3616 2604/3613
f 2555/3619 2604/3613 2614/3614
f 2555/3619 2614/3614 2443/3620
f 2667/3621 2614/3614 2599/3615
f 2443/3620 2614/3614 2490/3622
f 2490/3622 2614/3614 2667/3621
f 2490/3622 2667/3621 2581/3623
f 2490/3622 2581/3623 2465/3624
f 2462/3625 2448/3626 2425/3627
f 2425/3627 2448/3626 2422/3628
f 2425/3627 2422/3628 2349/3629
f 2422/3628 2448/3626 2509/3630
f 2422/3628 2509/3630 2486/3631
f 2422/3628 2486/3631 2555/3632
f 2462/3633 2425/3634 2451/3635
f 2451/3635 2425/3634 2385/3636
f 2451/3635 2385/3636 2326/3637
f 2385/3636 2425/3634 2294/3638
f 2326/3637 2385/3636 2303/3639
f 2303/3639 2385/3636 2294/3638
f 2422/3640 2555/3641 2333/3642
f 2422/3640 2333/3642 2349/3643
f 2294/3644 2349/3643 2191/3645
f 2191/3645 2349/3643 2281/3646
f 2281/3646 2349/3643 2333/3642
f 2191/3645 2281/3646 2255/3647
f 2191/3645 2255/3647 2207/3648
f 2207/3648 2255/3647 2358/3649
f 2358/3649 2255/3647 2281/3646
f 2207/3648 2358/3649 2282/3650
f 2282/3650 2358/3649 2443/3651
f 2358/3649 2281/3646 2430/3652
f 2358/3649 2430/3652 2443/3651
f 2430/3652 2281/3646 2333/3642
f 2499/3653 2555/3641 2443/3651
f 2555/3641 2499/3653 2333/3642
f 2499/3653 2443/3651 2430/3652
f 2333/3642 2499/3653 2351/3654
f 2333/3642 2351/3654 2430/3652
f 2430/3652 2351/3654 2499/3653
f 2425/3655 2349/3656 2294/3657
f 2282/3658 2443/3659 2215/3660
f 2215/3660 2443/3659 2490/3661
f 2282/3658 2215/3660 2180/3662
f 2180/3663 2215/3664 2041/3665
f 2041/3665 2215/3664 1732/3666
f 81/3667 1732/3666 411/3668
f 2041/3665 1732/3666 1736/3669
f 1736/3669 1732/3666 81/3667
f 2023/3670 2009/3671 2041/3665
f 2009/3671 2023/3670 1814/3672
f 1814/3672 2023/3670 2041/3665
f 1814/3672 2041/3665 1736/3669
f 1814/3672 1736/3669 1804/3673
f 1814/3672 1804/3673 1764/3674
f 1804/3673 1736/3669 1673/3675
f 1/3676 1736/3669 81/3667
f 1736/3669 1/3676 1673/3675
f 1/3676 81/3667 80/3677
f 1673/3675 1/3676 84/3678
f 84/3678 1/3676 80/3677
f 2180/3679 2041/3680 2121/3681
f 1878/3682 2140/3683 1851/3684
f 1851/3684 2140/3683 1773/3685
f 1773/3686 2140/3687 1762/3688
f 1762/3688 2140/3687 2136/3689
f 1762/3688 2136/3689 1769/3690
f 1762/3688 1769/3690 1712/3691
f 1762/3688 1712/3691 1709/3692
f 1709/3692 1712/3691 1769/3690
f 1762/3688 1709/3692 1734/3693
f 1734/3693 1709/3692 17/3694
f 1709/3692 1769/3690 1747/3695
f 1769/3690 2136/3689 2124/3696
f 1769/3690 2124/3696 1747/3695
f 2124/3696 2136/3689 2135/3697
f 2124/3696 2135/3697 2137/3698
f 1747/3695 2124/3696 2017/3699
f 2124/3696 2137/3698 2209/3700
f 2124/3696 2209/3700 2017/3699
f 2017/3699 2209/3700 2137/3698
f 1747/3695 2017/3699 1927/3701
f 2017/3699 2137/3698 1975/3702
f 1755/3703 1927/3701 1975/3702
f 1927/3701 2017/3699 1966/3704
f 1927/3701 1966/3704 1975/3702
f 1975/3702 1966/3704 2017/3699
f 1962/3705 2169/3706 2009/3707
f 1962/3705 2009/3707 1764/3708
f 1962/3705 1764/3708 1613/3709
f 1962/3705 1613/3709 1734/3710
f 1613/3709 1764/3708 1673/3711
f 1734/3710 1613/3709 158/3712
f 1613/3709 1673/3711 84/3713
f 158/3712 1613/3709 334/3714
f 334/3714 1613/3709 84/3713
f 158/3712 334/3714 850/3715
f 850/3715 334/3714 452/3716
f 452/3716 334/3714 84/3713
f 452/3716 84/3713 174/3717
f 1734/3718 1773/3719 1762/3720
f 1773/3719 1734/3718 68/3721
f 68/3721 1734/3718 158/3722
f 1709/3723 1747/3724 1671/3725
f 1709/3723 1671/3725 17/3726
f 1671/3725 1747/3724 1755/3727
f 1671/3725 1755/3727 1632/3728
f 1755/3727 1747/3724 1789/3729
f 1789/3729 1747/3724 1927/3730
f 1789/3729 1927/3730 1755/3727
f 17/3731 1671/3732 116/3733
f 17/3731 116/3733 113/3734
f 116/3733 1671/3732 147/3735
f 116/3733 147/3735 113/3734
f 113/3734 147/3735 68/3736
f 147/3735 1671/3732 1632/3737
f 147/3735 1632/3737 158/3738
f 17/3739 113/3740 68/3741
f 17/3742 68/3743 1632/3743
f 17/3744 1632/3745 1734/3746
f 1734/3746 1632/3745 1724/3747
f 1636/3748 68/3749 1632/3749
f 68/3750 147/3751 158/3752
f 158/3753 1632/3754 1636/3755
f 1632/3756 1755/3757 1724/3758
f 2135/3759 1724/3760 1755/3761
f 850/3762 1636/3753 158/3755
f 1755/3763 1975/3764 2135/3765
f 2135/3766 1975/3767 2137/3768
f 850/3769 452/3770 697/3771
f 697/3771 452/3770 174/3772
f 697/3771 174/3772 823/3773
f 850/3769 697/3771 909/3774
f 850/3769 909/3774 929/3775
f 697/3771 823/3773 780/3776
f 780/3776 823/3773 504/3777
f 909/3774 697/3771 985/3778
f 985/3778 697/3771 780/3776
f 909/3774 985/3778 929/3775
f 985/3778 780/3776 978/3779
f 985/3778 978/3779 929/3775
f 978/3779 780/3776 993/3780
f 978/3779 993/3780 1082/3781
f 978/3779 1082/3781 929/3775
f 929/3775 1082/3781 1017/3782
f 929/3775 1017/3782 1115/3783
f 1115/3783 1017/3782 1118/3784
f 1118/3784 1017/3782 1151/3785
f 1151/3785 1017/3782 1082/3781
f 1151/3785 1082/3781 1149/3786
f 504/3787 823/3788 224/3789
f 504/3787 224/3789 780/3790
f 224/3789 823/3788 174/3791
f 80/3792 174/3791 84/3793
f 174/3791 80/3792 236/3794
f 174/3791 236/3794 224/3789
f 224/3789 236/3794 226/3795
f 226/3795 236/3794 211/3796
f 780/3790 224/3789 219/3797
f 219/3797 224/3789 226/3795
f 780/3790 219/3797 993/3798
f 219/3797 226/3795 209/3799
f 993/3798 219/3797 688/3800
f 688/3800 219/3797 209/3799
f 688/3800 209/3799 299/3801
f 299/3801 209/3799 145/3802
f 688/3800 299/3801 786/3803
f 130/3804 173/3805 145/3802
f 299/3801 145/3802 319/3806
f 319/3806 145/3802 173/3805
f 786/3803 299/3801 418/3807
f 418/3807 299/3801 319/3806
f 633/3808 814/3809 786/3803
f 633/3808 786/3803 418/3807
f 319/3806 173/3805 312/3810
f 319/3806 312/3810 418/3807
f 312/3810 173/3805 336/3811
f 633/3808 418/3807 515/3812
f 312/3810 336/3811 440/3813
f 312/3810 440/3813 418/3807
f 410/3814 336/3811 515/3812
f 336/3811 410/3814 440/3813
f 410/3814 515/3812 418/3807
f 410/3814 418/3807 440/3813
f 236/3815 80/3816 81/3817
f 236/3815 81/3817 264/3818
f 236/3815 264/3818 211/3819
f 264/3818 81/3817 411/3820
f 211/3819 264/3818 395/3821
f 395/3821 264/3818 411/3820
f 211/3819 395/3821 277/3822
f 211/3819 277/3822 287/3823
f 287/3823 277/3822 395/3821
f 287/3823 395/3821 446/3824
f 395/3821 411/3820 507/3825
f 395/3821 507/3825 446/3824
f 446/3824 507/3825 391/3826
f 391/3826 507/3825 458/3827
f 507/3825 411/3820 702/3828
f 458/3827 507/3825 603/3829
f 603/3829 507/3825 702/3828
f 603/3829 702/3828 670/3830
f 670/3830 702/3828 752/3831
f 1673/3832 1764/3833 1804/3834
f 1814/3835 1764/3836 2009/3837
f 1732/3838 2215/3839 2089/3840
f 1732/3838 2089/3840 1618/3841
f 1732/3838 1618/3841 411/3842
f 1618/3841 2089/3840 1817/3843
f 1817/3843 2089/3840 2192/3844
f 1817/3843 2192/3844 1788/3845
f 1618/3841 1817/3843 235/3846
f 1618/3841 235/3846 411/3842
f 235/3846 1817/3843 1788/3845
f 411/3842 235/3846 671/3847
f 411/3842 671/3847 702/3848
f 702/3848 671/3847 879/3849
f 879/3849 671/3847 785/3850
f 785/3850 671/3847 648/3851
f 648/3851 671/3847 416/3852
f 416/3852 671/3847 235/3846
f 416/3852 235/3846 206/3853
f 206/3853 235/3846 1788/3845
f 416/3852 206/3853 360/3854
f 360/3854 206/3853 141/3855
f 141/3855 206/3853 1788/3845
f 141/3855 1788/3845 135/3856
f 135/3856 1788/3845 118/3857
f 118/3857 1788/3845 2020/3858
f 2089/3859 2215/3860 2490/3861
f 2089/3859 2490/3861 2192/3862
f 2192/3862 2490/3861 2295/3863
f 2192/3862 2295/3863 2101/3864
f 2192/3862 2101/3864 1788/3865
f 1788/3865 2101/3864 2021/3866
f 2021/3866 2101/3864 2225/3867
f 2225/3867 2101/3864 2295/3863
f 2225/3867 2295/3863 2231/3868
f 2231/3868 2295/3863 2432/3869
f 2432/3869 2295/3863 2465/3870
f 2432/3869 2465/3870 2567/3871
f 2567/3871 2465/3870 2581/3872
f 2432/3869 2567/3871 2560/3873
f 2560/3873 2567/3871 2470/3874
f 2470/3874 2567/3871 2481/3875
f 2470/3874 2481/3875 2407/3876
f 2481/3875 2567/3871 2601/3877
f 2295/3878 2490/3879 2465/3880
f 2581/3881 2667/3882 2616/3883
f 2581/3881 2616/3883 2567/3884
f 2567/3884 2616/3883 2601/3885
f 2601/3885 2616/3883 2619/3886
f 2616/3883 2667/3882 2622/3887
f 2622/3887 2667/3882 2599/3888
f 2622/3887 2599/3888 2429/3889
f 2622/3887 2429/3889 2525/3890
f 2622/3887 2525/3890 2616/3883
f 2619/3886 2616/3883 2589/3891
f 2589/3891 2616/3883 2525/3890
f 2589/3891 2525/3890 2572/3892
f 2572/3892 2525/3890 2457/3893
f 2589/3891 2572/3892 2579/3894
f 2589/3891 2579/3894 2619/3886
f 2619/3886 2579/3894 2635/3895
f 2619/3886 2635/3895 2663/3896
f 2635/3895 2579/3894 2661/3897
f 2635/3895 2661/3897 2663/3896
f 1620/3898 160/3899 329/3900
f 329/3900 160/3899 301/3901
f 1620/3898 329/3900 1628/3902
f 649/3903 301/3901 673/3904
f 301/3901 649/3903 329/3900
f 329/3900 649/3903 583/3905
f 583/3905 649/3903 674/3906
f 329/3900 583/3905 382/3907
f 329/3900 382/3907 1615/3908
f 329/3900 1615/3908 1628/3902
f 1615/3908 382/3907 341/3909
f 1615/3908 341/3909 246/3910
f 1628/3902 1615/3908 1646/3911
f 1628/3902 1646/3911 1651/3912
f 1615/3908 246/3910 1619/3913
f 1615/3908 1619/3913 1646/3911
f 1619/3913 246/3910 214/3914
f 1619/3913 214/3914 1646/3911
f 2091/3915 2237/3916 2081/3917
f 2093/3918 2142/3919 2091/3915
f 2093/3918 2091/3915 2064/3920
f 2064/3920 2091/3915 2081/3917
f 2064/3920 2081/3917 2032/3921
f 2032/3921 2081/3917 1628/3922
f 2064/3920 2032/3921 2110/3923
f 2032/3921 1628/3922 1651/3924
f 2110/3923 2032/3921 1765/3925
f 1765/3925 2032/3921 1651/3924
f 2237/3926 2091/3927 2297/3928
f 2237/3926 2297/3928 2525/3929
f 2297/3928 2091/3927 2142/3930
f 2525/3929 2297/3928 2457/3931
f 2297/3928 2142/3930 2521/3932
f 2521/3932 2142/3930 2305/3933
f 2305/3933 2142/3930 2093/3934
f 2297/3928 2521/3932 2468/3935
f 2468/3935 2521/3932 2305/3933
f 2468/3935 2305/3933 2093/3934
f 2297/3928 2468/3935 2457/3931
f 2468/3935 2093/3934 2064/3936
f 2468/3935 2064/3936 2353/3937
f 2468/3935 2353/3937 2457/3931
f 2457/3931 2353/3937 2370/3938
f 2353/3939 2064/3940 2234/3941
f 2234/3941 2064/3940 2110/3942
f 2353/3939 2234/3941 2370/3943
f 2234/3941 2110/3942 2390/3944
f 2234/3941 2390/3944 2370/3943
f 2457/3945 2370/3946 2500/3947
f 2500/3947 2370/3946 2390/3948
f 2457/3945 2500/3947 2572/3949
f 2500/3947 2390/3948 2556/3950
f 2572/3949 2500/3947 2512/3951
f 2512/3951 2500/3947 2556/3950
f 2572/3949 2512/3951 2579/3952
f 2579/3952 2512/3951 2501/3953
f 2579/3952 2501/3953 2539/3954
f 2539/3954 2501/3953 2512/3951
f 2512/3951 2556/3950 2550/3955
f 2512/3951 2550/3955 2539/3954
f 2539/3954 2550/3955 2556/3950
f 2539/3954 2556/3950 2548/3956
f 2548/3956 2556/3950 2535/3957
f 2548/3956 2535/3957 2481/3958
f 2548/3956 2481/3958 2601/3959
f 2481/3958 2535/3957 2407/3960
f 2110/3961 1765/3962 2390/3963
f 2390/3963 1765/3962 2535/3964
f 2390/3963 2535/3964 2556/3965
f 2535/3964 1765/3962 1884/3966
f 2601/3967 2619/3968 2615/3969
f 2615/3969 2619/3968 2663/3970
f 2601/3967 2615/3969 2548/3971
f 2615/3969 2663/3970 2661/3972
f 2548/3971 2615/3969 2539/3973
f 2615/3969 2661/3972 2579/3974
f 2615/3969 2579/3974 2539/3973
f 2432/3975 2560/3976 2371/3977
f 2432/3975 2371/3977 2231/3978
f 2371/3977 2560/3976 2586/3979
f 2586/3979 2560/3976 2470/3980
f 2231/3978 2371/3977 2236/3981
f 2236/3981 2371/3977 2586/3979
f 2236/3981 2586/3979 2182/3982
f 2182/3982 2586/3979 2470/3980
f 2231/3978 2236/3981 2166/3983
f 2166/3983 2236/3981 2182/3982
f 2166/3983 2182/3982 2470/3980
f 2231/3978 2166/3983 2225/3984
f 2225/3984 2166/3983 2187/3985
f 2166/3983 2470/3980 2356/3986
f 2166/3983 2356/3986 2187/3985
f 2356/3986 2470/3980 2407/3987
f 2187/3985 2356/3986 2279/3988
f 2279/3988 2356/3986 2407/3987
f 2279/3989 2407/3990 2535/3991
f 2279/3989 2535/3991 2019/3992
f 2019/3992 2535/3991 1884/3993
f 2225/3994 2187/3995 2008/3996
f 2225/3994 2008/3996 2021/3997
f 2008/3996 2187/3995 2279/3998
f 2008/3996 2279/3998 1988/3999
f 1988/3999 2279/3998 1888/4000
f 1988/3999 1888/4000 65/4001
f 1888/4000 2279/3998 2038/4002
f 2038/4002 2279/3998 2019/4003
f 2021/4004 2008/4005 1989/4006
f 1989/4006 2008/4005 1988/4007
f 1989/4006 1988/4007 75/4008
f 2021/4004 1989/4006 2020/4009
f 2020/4009 1989/4006 1971/4010
f 2021/4004 2020/4009 1788/4011
f 118/4012 2020/4013 1696/4014
f 118/4012 1696/4014 135/4015
f 1696/4014 2020/4013 2031/4016
f 1696/4014 2031/4016 135/4015
f 2031/4016 2020/4013 1971/4017
f 135/4015 2031/4016 56/4018
f 56/4018 2031/4016 1971/4017
f 56/4018 1971/4017 1989/4019
f 56/4018 1989/4019 75/4020
f 56/4021 75/4022 135/4023
f 135/4023 75/4022 90/4024
f 135/4023 90/4024 141/4025
f 75/4026 1988/4027 39/4028
f 39/4028 1988/4027 65/4029
f 75/4026 39/4028 90/4030
f 637/4031 65/4029 25/4032
f 65/4029 637/4031 483/4033
f 65/4029 483/4033 39/4028
f 39/4028 483/4033 273/4034
f 39/4028 273/4034 90/4030
f 273/4034 483/4033 304/4035
f 273/4034 304/4035 90/4030
f 90/4030 304/4035 141/4036
f 141/4036 304/4035 360/4037
f 416/4038 360/4039 368/4040
f 416/4038 368/4040 648/4041
f 368/4040 360/4039 292/4042
f 368/4040 292/4042 407/4043
f 292/4042 360/4039 304/4044
f 292/4042 304/4044 472/4045
f 472/4046 304/4047 483/4048
f 472/4046 483/4048 611/4049
f 611/4049 483/4048 637/4050
f 472/4046 611/4049 612/4051
f 612/4051 611/4049 750/4052
f 750/4052 611/4049 765/4053
f 750/4052 765/4053 648/4054
f 648/4054 765/4053 785/4055
f 292/4056 472/4057 612/4058
f 292/4056 612/4058 407/4059
f 407/4059 612/4058 798/4060
f 798/4060 612/4058 750/4061
f 407/4059 798/4060 476/4062
f 476/4062 798/4060 750/4061
f 407/4059 476/4062 368/4063
f 368/4063 476/4062 750/4061
f 368/4063 750/4061 648/4064
f 765/4065 611/4066 804/4067
f 765/4065 804/4067 806/4068
f 765/4065 806/4068 785/4069
f 806/4068 804/4067 836/4070
f 836/4070 804/4067 677/4071
f 677/4071 804/4067 611/4066
f 677/4071 611/4066 637/4072
f 677/4071 637/4072 661/4073
f 785/4074 806/4075 867/4076
f 785/4074 867/4076 879/4077
f 879/4077 867/4076 673/4078
f 673/4078 867/4076 649/4079
f 649/4079 867/4076 806/4075
f 649/4079 806/4075 674/4080
f 674/4080 806/4075 684/4081
f 637/4082 25/4083 661/4084
f 661/4084 25/4083 1765/4085
f 1765/4085 25/4083 1884/4086
f 677/4087 661/4088 656/4089
f 677/4087 656/4089 627/4090
f 627/4090 656/4089 562/4091
f 677/4087 627/4090 836/4092
f 836/4092 627/4090 669/4093
f 669/4093 627/4090 565/4094
f 836/4092 669/4093 869/4095
f 869/4095 669/4093 565/4094
f 562/4096 656/4097 661/4098
f 562/4096 661/4098 588/4099
f 562/4096 588/4099 684/4100
f 684/4100 588/4099 674/4101
f 588/4099 661/4098 546/4102
f 588/4099 546/4102 674/4101
f 546/4102 661/4098 444/4103
f 546/4102 444/4103 429/4104
f 546/4102 429/4104 576/4105
f 546/4102 576/4105 674/4101
f 674/4101 576/4105 583/4106
f 627/4107 562/4108 565/4109
f 565/4109 562/4108 684/4110
f 565/4109 684/4110 795/4111
f 565/4109 795/4111 869/4112
f 869/4112 795/4111 873/4113
f 873/4113 795/4111 684/4110
f 869/4112 873/4113 836/4114
f 836/4114 873/4113 684/4110
f 836/4114 684/4110 806/4115
f 444/4116 661/4117 1765/4118
f 444/4116 1765/4118 237/4119
f 444/4116 237/4119 429/4120
f 237/4119 1765/4118 171/4121
f 171/4121 1765/4118 1651/4122
f 171/4121 1651/4122 1646/4123
f 237/4119 171/4121 323/4124
f 237/4119 323/4124 429/4120
f 323/4124 171/4121 1646/4123
f 429/4120 323/4124 433/4125
f 323/4124 1646/4123 214/4126
f 323/4124 214/4126 433/4125
f 583/4127 576/4128 382/4129
f 382/4129 576/4128 550/4130
f 550/4130 576/4128 429/4131
f 382/4129 550/4130 341/4132
f 550/4130 429/4131 433/4133
f 341/4132 550/4130 580/4134
f 580/4134 550/4130 433/4133
f 341/4132 580/4134 246/4135
f 580/4134 433/4133 214/4136
f 580/4134 214/4136 246/4135
f 673/4137 301/4138 652/4139
f 673/4137 652/4139 782/4140
f 879/4141 673/4142 782/4143
f 879/4141 782/4143 816/4144
f 879/4141 816/4144 702/4145
f 702/4145 816/4144 752/4146
f 752/4146 816/4144 778/4147
f 816/4144 782/4143 735/4148
f 597/4149 589/4150 778/4147
f 597/4149 778/4147 800/4151
f 800/4151 778/4147 816/4144
f 800/4151 816/4144 773/4152
f 773/4152 816/4144 735/4148
f 773/4152 735/4148 587/4153
f 587/4153 735/4148 569/4154
f 587/4153 569/4154 579/4155
f 569/4154 735/4148 625/4156
f 735/4157 782/4158 652/4159
f 523/4160 615/4161 735/4157
f 735/4157 652/4159 634/4162
f 735/4157 634/4162 523/4160
f 523/4160 634/4162 482/4163
f 523/4160 482/4163 521/4164
f 482/4163 634/4162 461/4165
f 461/4165 634/4162 563/4166
f 563/4166 634/4162 652/4159
f 461/4165 563/4166 394/4167
f 563/4166 652/4159 449/4168
f 449/4168 652/4159 356/4169
f 394/4167 563/4166 403/4170
f 563/4166 449/4168 350/4171
f 563/4166 350/4171 403/4170
f 403/4170 350/4171 394/4167
f 350/4171 449/4168 331/4172
f 350/4171 331/4172 394/4167
f 773/4173 587/4174 579/4175
f 773/4173 579/4175 596/4176
f 773/4173 596/4176 800/4177
f 800/4177 596/4176 597/4178
f 597/4178 596/4176 567/4179
f 597/4178 567/4179 589/4180
f 567/4179 596/4176 573/4181
f 589/4180 567/4179 778/4182
f 538/4183 517/4184 573/4181
f 573/4181 517/4184 531/4185
f 573/4181 531/4185 567/4179
f 531/4185 517/4184 424/4186
f 778/4182 567/4179 534/4187
f 534/4187 567/4179 531/4185
f 778/4182 534/4187 752/4188
f 752/4188 534/4187 539/4189
f 534/4187 531/4185 460/4190
f 534/4187 460/4190 539/4189
f 460/4190 531/4185 424/4186
f 539/4189 460/4190 522/4191
f 522/4191 460/4190 670/4192
f 670/4192 460/4190 448/4193
f 670/4192 448/4193 603/4194
f 603/4194 448/4193 458/4195
f 448/4193 460/4190 378/4196
f 448/4193 378/4196 458/4195
f 378/4196 460/4190 424/4186
f 458/4195 378/4196 391/4197
f 391/4197 378/4196 446/4198
f 446/4198 378/4196 287/4199
f 287/4199 378/4196 226/4200
f 287/4199 226/4200 211/4201
f 226/4200 378/4196 209/4202
f 209/4202 378/4196 424/4186
f 209/4202 424/4186 258/4203
f 209/4202 258/4203 145/4204
f 145/4204 258/4203 130/4205
f 258/4203 424/4186 363/4206
f 258/4203 363/4206 298/4207
f 258/4203 298/4207 263/4208
f 752/4209 539/4210 522/4211
f 752/4209 522/4211 670/4212
f 263/4213 130/4214 258/4215
f 1411/4216 1431/4217 1424/4218
f 1424/4218 1431/4217 1324/4219
f 1411/4216 1424/4218 1300/4220
f 1300/4220 1424/4218 1324/4219
f 1431/4221 1411/4222 1449/4223
f 1431/4221 1449/4223 1324/4224
f 1449/4223 1411/4222 1453/4225
f 1449/4223 1453/4225 1324/4224
f 1453/4225 1411/4222 1300/4226
f 1453/4225 1300/4226 1324/4224
f 2321/4227 2220/4228 2160/4229
f 2321/4227 2160/4229 2277/4230
f 2277/4230 2160/4229 2165/4231
f 2165/4231 2160/4229 2123/4232
f 2165/4231 2123/4232 2092/4233
f 2092/4233 2123/4232 2037/4234
f 2037/4234 2123/4232 2160/4229
f 2092/4233 2037/4234 2012/4235
f 2011/4236 2160/4229 2220/4228
f 2160/4229 2011/4236 2037/4234
f 2011/4236 2220/4228 1866/4237
f 2037/4234 2011/4236 1728/4238
f 1728/4238 2011/4236 1866/4237
f 1781/4239 2037/4240 1728/4241
f 1781/4239 1728/4241 1685/4242
f 1685/4242 1728/4241 1637/4243
f 1685/4242 1637/4243 1866/4244
f 1866/4244 1637/4243 1728/4241
f 1866/4245 1781/4246 1685/4247
f 1215/4248 1305/4249 1195/4250
f 1305/4249 1215/4248 1243/4251
f 1215/4248 1195/4250 1194/4252
f 1215/4248 1194/4252 1243/4251
f 1194/4252 1195/4250 1225/4253
f 1194/4252 1225/4253 1243/4251
f 1243/4251 1225/4253 1308/4254
f 1308/4254 1225/4253 1481/4255
f 1481/4255 1225/4253 1426/4256
f 1308/4254 1481/4255 1367/4257
f 1367/4257 1481/4255 1387/4258
f 1387/4258 1481/4255 1405/4259
f 1546/4260 1557/4261 1575/4262
f 1575/4262 1557/4261 1574/4263
f 1426/4264 1546/4260 1481/4265
f 1481/4265 1546/4260 1576/4266
f 1576/4266 1546/4260 1575/4262
f 1481/4265 1576/4266 1490/4267
f 1576/4266 1575/4262 1572/4268
f 1576/4266 1572/4268 1490/4267
f 1572/4268 1575/4262 1574/4263
f 1490/4267 1572/4268 1539/4269
f 1539/4269 1572/4268 1574/4263
f 1490/4267 1539/4269 1552/4270
f 1539/4269 1574/4263 1537/4271
f 1405/4272 1292/4273 1387/4274
f 1387/4274 1292/4273 1367/4275
f 18/4276 8/4277 1937/4278
f 8/4277 18/4276 217/4279
f 217/4279 18/4276 225/4280
f 217/4279 225/4280 40/4281
f 40/4281 225/4280 51/4282
f 40/4281 51/4282 1827/4283
f 1827/4283 51/4282 1664/4284
f 51/4282 225/4280 155/4285
f 51/4282 155/4285 1664/4284
f 225/4280 18/4276 133/4286
f 225/4280 133/4286 155/4285
f 133/4286 18/4276 1626/4287
f 1626/4287 18/4276 1770/4288
f 1626/4287 1770/4288 1795/4289
f 133/4286 1626/4287 76/4290
f 1664/4284 155/4285 36/4291
f 1664/4284 36/4291 1754/4292
f 155/4285 133/4286 166/4293
f 166/4293 133/4286 76/4290
f 155/4285 166/4293 36/4291
f 1754/4292 36/4291 1675/4294
f 76/4290 1626/4287 1682/4295
f 1682/4295 1626/4287 1795/4289
f 76/4290 1682/4295 166/4293
f 1682/4295 1795/4289 1714/4296
f 1682/4295 1714/4296 166/4293
f 1714/4296 1795/4289 1850/4297
f 150/4298 36/4291 166/4293
f 73/4299 1675/4294 36/4291
f 73/4299 36/4291 150/4298
f 1675/4294 73/4299 1629/4300
f 1675/4294 1629/4300 1874/4301
f 1874/4301 1629/4300 1699/4302
f 1699/4302 1629/4300 1693/4303
f 1629/4300 73/4299 32/4304
f 32/4304 73/4299 150/4298
f 1629/4300 32/4304 1645/4305
f 1629/4300 1645/4305 1693/4303
f 1645/4305 32/4304 150/4298
f 1733/4306 1693/4303 1752/4307
f 1752/4307 1693/4303 1645/4305
f 1752/4307 1645/4305 1813/4308
f 57/4309 150/4298 166/4293
f 57/4309 166/4293 1714/4296
f 150/4298 57/4309 122/4310
f 150/4298 122/4310 1645/4305
f 57/4309 1714/4296 1610/4311
f 57/4309 1610/4311 122/4310
f 1610/4311 1714/4296 1668/4312
f 122/4310 1610/4311 1663/4313
f 1663/4313 1610/4311 1668/4312
f 122/4310 1663/4313 1645/4305
f 1668/4312 1714/4296 1743/4314
f 1743/4314 1714/4296 1850/4297
f 1668/4312 1743/4314 1663/4313
f 1663/4313 1743/4314 1738/4315
f 1738/4315 1743/4314 1860/4316
f 1663/4313 1738/4315 1748/4317
f 1748/4317 1738/4315 1839/4318
f 1653/4319 1645/4305 1663/4313
f 1653/4319 1663/4313 1748/4317
f 1645/4305 1653/4319 1735/4320
f 1645/4305 1735/4320 1813/4308
f 1813/4308 1735/4320 1748/4317
f 1735/4320 1653/4319 1701/4321
f 1735/4320 1701/4321 1748/4317
f 1748/4317 1701/4321 1653/4319
f 787/4322 792/4323 812/4324
f 787/4322 812/4324 761/4325
f 761/4325 812/4324 811/4326
f 761/4325 811/4326 740/4327
f 1699/4328 1693/4329 1874/4330
f 1874/4330 1693/4329 1916/4331
f 1916/4331 1693/4329 1733/4332
f 1916/4331 1733/4332 1904/4333
f 1904/4333 1733/4332 1752/4334
f 1874/4330 1916/4331 1956/4335
f 1956/4335 1916/4331 1904/4333
f 1904/4333 1752/4334 1910/4336
f 1904/4333 1910/4336 1956/4335
f 1910/4336 1752/4334 1813/4337
f 1874/4330 1956/4335 1977/4338
f 1977/4338 1956/4335 1910/4336
f 1874/4330 1977/4338 1850/4339
f 1977/4338 1910/4336 1939/4340
f 1910/4336 1813/4337 1839/4341
f 1910/4336 1839/4341 1939/4340
f 1839/4341 1813/4337 1748/4342
f 1977/4338 1939/4340 1860/4343
f 1860/4343 1939/4340 1839/4341
f 1977/4338 1860/4343 1850/4339
f 1860/4343 1839/4341 1738/4344
f 1850/4339 1860/4343 1743/4345
f 930/4346 783/4347 949/4348
f 930/4346 949/4348 919/4349
f 949/4348 783/4347 835/4350
f 919/4349 949/4348 892/4351
f 892/4351 949/4348 835/4350
f 919/4349 892/4351 811/4352
f 835/4350 783/4347 766/4353
f 835/4350 766/4353 892/4351
f 892/4351 766/4353 811/4352
f 766/4353 783/4347 740/4354
f 766/4353 740/4354 811/4352
f 585/4355 477/4356 463/4357
f 585/4355 463/4357 450/4358
f 450/4358 463/4357 477/4356
f 450/4358 477/4356 328/4359
f 305/4360 328/4359 256/4361
f 305/4360 256/4361 413/4362
f 413/4362 256/4361 200/4363
f 328/4359 305/4360 445/4364
f 445/4364 305/4360 413/4362
f 413/4362 200/4363 313/4365
f 328/4359 445/4364 374/4366
f 328/4359 374/4366 450/4358
f 445/4364 413/4362 527/4367
f 445/4364 527/4367 374/4366
f 527/4367 413/4362 313/4365
f 450/4358 374/4366 447/4368
f 447/4368 374/4366 642/4369
f 447/4368 642/4369 450/4358
f 642/4369 374/4366 527/4367
f 527/4367 313/4365 355/4370
f 450/4358 642/4369 590/4371
f 450/4358 590/4371 566/4372
f 527/4367 355/4370 571/4373
f 527/4367 571/4373 642/4369
f 355/4370 313/4365 198/4374
f 198/4374 313/4365 245/4375
f 355/4370 198/4374 571/4373
f 566/4372 590/4371 742/4376
f 742/4376 590/4371 642/4369
f 566/4372 742/4376 552/4377
f 566/4372 552/4377 620/4378
f 620/4378 552/4377 742/4376
f 566/4372 620/4378 631/4379
f 571/4373 198/4374 318/4380
f 318/4380 198/4374 177/4381
f 571/4373 318/4380 655/4382
f 801/4383 642/4369 571/4373
f 801/4383 571/4373 971/4384
f 854/4385 742/4376 642/4369
f 854/4385 642/4369 801/4383
f 742/4376 854/4385 620/4378
f 801/4383 971/4384 934/4386
f 801/4383 934/4386 854/4385
f 934/4386 971/4384 1048/4387
f 934/4386 1048/4387 987/4388
f 934/4386 987/4388 690/4389
f 934/4386 690/4389 851/4390
f 851/4390 690/4389 709/4391
f 854/4385 934/4386 755/4392
f 854/4385 755/4392 620/4378
f 755/4392 934/4386 851/4390
f 755/4392 851/4390 709/4391
f 620/4378 755/4392 631/4379
f 631/4379 755/4392 709/4391
f 389/4393 668/4394 655/4382
f 389/4393 655/4382 318/4380
f 668/4394 389/4393 343/4395
f 668/4394 343/4395 487/4396
f 487/4396 343/4395 228/4397
f 228/4397 343/4395 262/4398
f 343/4395 389/4393 294/4399
f 343/4395 294/4399 262/4398
f 294/4399 389/4393 318/4380
f 262/4398 294/4399 96/4400
f 294/4399 318/4380 177/4381
f 294/4399 177/4381 96/4400
f 660/4401 585/4402 526/4403
f 526/4403 585/4402 566/4404
f 566/4404 585/4402 450/4405
f 526/4403 566/4404 631/4406
f 526/4403 631/4406 660/4401
f 660/4401 631/4406 709/4407
f 660/4401 709/4407 829/4408
f 829/4408 709/4407 770/4409
f 829/4408 770/4409 890/4410
f 770/4409 709/4407 690/4411
f 770/4409 690/4411 779/4412
f 779/4412 690/4411 987/4413
f 779/4412 987/4413 770/4409
f 890/4410 770/4409 845/4414
f 770/4409 987/4413 907/4415
f 770/4409 907/4415 845/4414
f 907/4415 987/4413 1048/4416
f 845/4414 907/4415 834/4417
f 834/4417 907/4415 1048/4416
f 834/4417 1048/4416 846/4418
f 834/4417 846/4418 845/4414
f 846/4418 1048/4416 1068/4419
f 846/4418 1068/4419 969/4420
f 846/4418 969/4420 845/4414
f 845/4414 969/4420 866/4421
f 844/4422 855/4423 856/4424
f 844/4422 856/4424 1005/4425
f 856/4424 855/4423 1004/4426
f 1005/4425 856/4424 981/4427
f 981/4427 856/4424 1004/4426
f 981/4427 1004/4426 983/4428
f 981/4427 983/4428 877/4429
f 1005/4430 981/4431 979/4432
f 979/4432 981/4431 877/4433
f 979/4432 877/4433 885/4434
f 885/4434 877/4433 890/4435
f 885/4434 890/4435 845/4436
f 885/4434 845/4436 866/4437
f 979/4432 885/4434 888/4438
f 885/4434 866/4437 842/4439
f 885/4434 842/4439 888/4438
f 888/4438 842/4439 771/4440
f 771/4441 842/4442 900/4443
f 771/4441 900/4443 1027/4444
f 771/4441 1027/4444 997/4445
f 997/4445 1027/4444 1087/4446
f 1087/4446 1027/4444 1059/4447
f 1087/4446 1059/4447 961/4448
f 1087/4446 961/4448 882/4449
f 882/4449 961/4448 866/4450
f 1087/4446 882/4449 927/4451
f 1087/4446 927/4451 1081/4452
f 1081/4452 927/4451 901/4453
f 901/4453 927/4451 882/4449
f 901/4453 882/4449 866/4450
f 901/4453 866/4450 969/4454
f 900/4455 842/4456 825/4457
f 900/4455 825/4457 1027/4458
f 825/4459 842/4460 849/4461
f 825/4459 849/4461 1059/4462
f 1059/4462 849/4461 842/4460
f 825/4459 1059/4462 1027/4463
f 1059/4462 842/4460 961/4464
f 961/4464 842/4460 866/4465
f 1081/4466 901/4467 969/4468
f 1081/4466 969/4468 1068/4469
f 1081/4466 1068/4469 1048/4470
f 1081/4466 1048/4470 1041/4471
f 1081/4466 1041/4471 1060/4472
f 1041/4471 1048/4470 971/4473
f 1060/4472 1041/4471 1033/4474
f 1041/4471 971/4473 968/4475
f 1041/4471 968/4475 1033/4474
f 968/4475 971/4473 881/4476
f 1033/4474 968/4475 1061/4477
f 1033/4474 1061/4477 1073/4478
f 1061/4477 968/4475 923/4479
f 923/4479 968/4475 881/4476
f 1073/4478 1061/4477 918/4480
f 918/4480 1061/4477 923/4479
f 918/4480 923/4479 881/4476
f 1073/4478 918/4480 708/4481
f 708/4481 918/4480 881/4476
f 708/4481 881/4476 757/4482
f 757/4482 881/4476 751/4483
f 757/4482 751/4483 777/4484
f 1081/4485 1060/4486 1087/4487
f 1087/4487 1060/4486 984/4488
f 1087/4487 984/4488 997/4489
f 1033/4490 1030/4491 1060/4486
f 1060/4486 1030/4491 990/4492
f 1060/4486 990/4492 984/4488
f 990/4492 1030/4491 1055/4493
f 990/4492 1055/4493 1034/4494
f 990/4492 1034/4494 875/4495
f 875/4495 1034/4494 945/4496
f 990/4492 875/4495 880/4497
f 990/4492 880/4497 868/4498
f 990/4492 868/4498 984/4488
f 868/4498 880/4497 646/4499
f 868/4498 646/4499 533/4500
f 984/4488 868/4498 813/4501
f 813/4501 868/4498 533/4500
f 984/4488 813/4501 997/4489
f 813/4501 533/4500 645/4502
f 997/4489 813/4501 853/4503
f 853/4503 813/4501 645/4502
f 262/4504 96/4505 121/4506
f 262/4504 121/4506 428/4507
f 428/4507 121/4506 1711/4508
f 428/4507 1711/4508 777/4509
f 777/4509 1711/4508 2164/4510
f 428/4507 777/4509 751/4511
f 262/4504 428/4507 491/4512
f 491/4512 428/4507 751/4511
f 262/4504 491/4512 495/4513
f 262/4504 495/4513 228/4514
f 228/4514 495/4513 487/4515
f 487/4515 495/4513 655/4516
f 655/4516 495/4513 491/4512
f 487/4515 655/4516 668/4517
f 491/4512 751/4511 647/4518
f 491/4512 647/4518 655/4516
f 647/4518 751/4511 881/4519
f 655/4516 647/4518 571/4520
f 571/4520 647/4518 881/4519
f 571/4520 881/4519 971/4521
f 757/4522 777/4523 896/4524
f 896/4524 777/4523 897/4525
f 897/4525 777/4523 2638/4526
f 757/4522 896/4524 876/4527
f 757/4522 876/4527 708/4528
f 876/4527 896/4524 1033/4529
f 1033/4529 896/4524 1030/4530
f 876/4527 1033/4529 1073/4531
f 708/4528 876/4527 860/4532
f 860/4532 876/4527 1073/4531
f 860/4532 1073/4531 708/4528
f 1030/4533 896/4534 887/4535
f 887/4535 896/4534 897/4536
f 2438/4537 743/4538 897/4536
f 897/4536 743/4538 884/4539
f 897/4536 884/4539 887/4535
f 887/4535 884/4539 743/4538
f 887/4535 743/4538 734/4540
f 887/4535 734/4540 749/4541
f 898/4542 1030/4533 887/4535
f 898/4542 887/4535 749/4541
f 1030/4533 898/4542 1055/4543
f 898/4542 749/4541 830/4544
f 898/4542 830/4544 1055/4543
f 830/4544 749/4541 676/4545
f 1055/4543 830/4544 1002/4546
f 676/4545 749/4541 865/4547
f 676/4545 865/4547 830/4544
f 830/4544 865/4547 1002/4546
f 865/4547 749/4541 875/4548
f 865/4547 875/4548 945/4549
f 865/4547 945/4549 1002/4546
f 1002/4546 945/4549 1055/4543
f 1055/4543 945/4549 1034/4550
f 880/4551 875/4552 749/4553
f 880/4551 749/4553 734/4554
f 880/4551 734/4554 646/4555
f 646/4555 734/4554 502/4556
f 502/4556 734/4554 743/4557
f 502/4556 743/4557 386/4558
f 997/4559 853/4560 915/4561
f 915/4561 853/4560 805/4562
f 805/4562 853/4560 746/4563
f 805/4562 746/4563 629/4564
f 915/4561 805/4562 699/4565
f 915/4561 699/4565 997/4559
f 805/4562 629/4564 692/4566
f 805/4562 692/4566 699/4565
f 692/4566 629/4564 543/4567
f 997/4559 699/4565 767/4568
f 997/4559 767/4568 771/4569
f 771/4569 767/4568 699/4565
f 771/4569 699/4565 692/4566
f 771/4569 692/4566 788/4570
f 746/4571 853/4572 635/4573
f 746/4571 635/4573 629/4574
f 629/4574 635/4573 554/4575
f 554/4575 635/4573 853/4572
f 629/4574 554/4575 543/4576
f 554/4575 853/4572 706/4577
f 554/4575 706/4577 543/4576
f 706/4577 853/4572 645/4578
f 706/4577 645/4578 607/4579
f 543/4576 706/4577 459/4580
f 459/4580 706/4577 607/4579
f 607/4579 645/4578 441/4581
f 607/4579 441/4581 459/4580
f 441/4581 645/4578 397/4582
f 397/4582 645/4578 503/4583
f 441/4581 397/4582 366/4584
f 366/4584 397/4582 503/4583
f 441/4581 366/4584 459/4580
f 516/4585 543/4576 459/4580
f 543/4576 516/4585 501/4586
f 501/4586 516/4585 275/4587
f 275/4587 516/4585 459/4580
f 459/4580 366/4584 376/4588
f 459/4580 376/4588 275/4587
f 376/4588 366/4584 503/4583
f 275/4587 376/4588 364/4589
f 364/4589 376/4588 503/4583
f 275/4587 364/4589 259/4590
f 364/4589 503/4583 469/4591
f 364/4589 469/4591 259/4590
f 259/4590 469/4591 186/4592
f 186/4592 469/4591 311/4593
f 692/4594 543/4595 501/4596
f 692/4594 501/4596 659/4597
f 503/4598 645/4599 533/4600
f 503/4598 533/4600 409/4601
f 409/4601 533/4600 646/4602
f 503/4598 409/4601 469/4603
f 409/4601 646/4602 381/4604
f 381/4604 646/4602 683/4605
f 381/4604 683/4605 354/4606
f 381/4604 354/4606 257/4607
f 409/4601 381/4604 282/4608
f 282/4608 381/4604 257/4607
f 469/4603 409/4601 327/4609
f 327/4609 409/4601 282/4608
f 469/4603 327/4609 311/4610
f 311/4610 327/4609 207/4611
f 327/4609 282/4608 296/4612
f 296/4612 282/4608 257/4607
f 327/4609 296/4612 207/4611
f 296/4612 257/4607 106/4613
f 207/4611 296/4612 182/4614
f 182/4614 296/4612 106/4613
f 259/4615 186/4616 162/4617
f 259/4615 162/4617 275/4618
f 162/4617 186/4616 233/4619
f 233/4619 186/4616 311/4620
f 233/4619 311/4620 207/4621
f 233/4619 207/4621 265/4622
f 265/4622 207/4621 213/4623
f 265/4622 213/4623 167/4624
f 265/4622 167/4624 55/4625
f 265/4622 55/4625 212/4626
f 265/4622 212/4626 233/4619
f 233/4619 212/4626 227/4627
f 233/4619 227/4627 162/4617
f 227/4627 212/4626 59/4628
f 227/4627 59/4628 205/4629
f 227/4627 205/4629 162/4617
f 69/4630 89/4631 205/4629
f 205/4629 89/4631 140/4632
f 162/4617 205/4629 169/4633
f 169/4633 205/4629 140/4632
f 162/4617 169/4633 85/4634
f 85/4634 169/4633 140/4632
f 162/4617 85/4634 275/4618
f 85/4634 140/4632 105/4635
f 105/4635 140/4632 62/4636
f 105/4635 62/4636 95/4637
f 95/4637 62/4636 12/4638
f 85/4634 105/4635 37/4639
f 37/4639 105/4635 95/4637
f 85/4634 37/4639 275/4618
f 37/4639 95/4637 12/4638
f 37/4639 12/4638 50/4640
f 37/4639 50/4640 275/4618
f 50/4640 12/4638 1642/4641
f 50/4640 1642/4641 1621/4642
f 50/4640 1621/4642 1617/4643
f 50/4640 1617/4643 29/4644
f 275/4618 50/4640 268/4645
f 275/4618 268/4645 501/4646
f 501/4646 268/4645 659/4647
f 683/4648 646/4649 502/4650
f 683/4648 502/4650 497/4651
f 683/4648 497/4651 485/4652
f 683/4648 485/4652 354/4653
f 354/4653 485/4652 229/4654
f 229/4654 485/4652 497/4651
f 354/4653 229/4654 257/4655
f 257/4655 229/4654 497/4651
f 257/4655 497/4651 502/4650
f 257/4655 502/4650 375/4656
f 375/4656 502/4650 386/4657
f 478/4658 386/4657 257/4655
f 386/4657 478/4658 375/4656
f 375/4656 478/4658 257/4655
f 257/4659 386/4660 127/4661
f 257/4659 127/4661 106/4662
f 127/4661 386/4660 1885/4663
f 1885/4663 386/4660 743/4664
f 1885/4663 743/4664 2438/4665
f 127/4666 1885/4667 1792/4668
f 127/4666 1792/4668 16/4669
f 127/4666 16/4669 106/4670
f 106/4670 16/4669 182/4671
f 182/4671 16/4669 194/4672
f 194/4672 16/4669 283/4673
f 194/4672 283/4673 196/4674
f 283/4673 16/4669 1631/4675
f 1631/4675 16/4669 1792/4668
f 283/4673 1631/4675 180/4676
f 180/4676 1631/4675 1654/4677
f 1631/4675 1792/4668 1740/4678
f 1631/4675 1740/4678 1654/4677
f 1740/4678 1792/4668 2103/4679
f 1654/4677 1740/4678 1891/4680
f 182/4681 194/4682 207/4683
f 207/4683 194/4682 213/4684
f 213/4684 194/4682 196/4685
f 213/4684 196/4685 167/4686
f 167/4686 196/4685 168/4687
f 168/4687 196/4685 283/4688
f 1670/4689 167/4686 91/4690
f 91/4690 167/4686 41/4691
f 41/4691 167/4686 168/4687
f 91/4690 41/4691 1630/4692
f 168/4687 283/4688 204/4693
f 168/4687 204/4693 41/4691
f 1630/4692 41/4691 1806/4694
f 1806/4694 41/4691 204/4693
f 1630/4692 1806/4694 1871/4695
f 1871/4695 1806/4694 1998/4696
f 1806/4694 204/4693 1830/4697
f 1830/4697 204/4693 1807/4698
f 284/4699 204/4693 283/4688
f 284/4699 283/4688 180/4700
f 1807/4698 204/4693 119/4701
f 119/4701 204/4693 284/4699
f 1807/4698 119/4701 2194/4702
f 284/4699 180/4700 1654/4703
f 2194/4702 119/4701 1943/4704
f 119/4701 284/4699 1780/4705
f 119/4701 1780/4705 1943/4704
f 1780/4705 284/4699 1654/4703
f 1943/4704 1780/4705 1858/4706
f 1858/4706 1780/4705 1654/4703
f 1858/4706 1654/4703 1891/4707
f 212/4708 55/4709 61/4710
f 212/4708 61/4710 59/4711
f 61/4710 55/4709 1863/4712
f 61/4710 1863/4712 59/4711
f 205/4713 59/4711 69/4714
f 69/4714 59/4711 1823/4715
f 69/4714 1823/4715 89/4716
f 59/4711 1863/4712 1932/4717
f 59/4711 1932/4717 1823/4715
f 1932/4717 1863/4712 2052/4718
f 1932/4717 2052/4718 2099/4719
f 1823/4715 1932/4717 2014/4720
f 2052/4718 1863/4712 1945/4721
f 1945/4721 1863/4712 55/4709
f 2052/4718 1945/4721 2139/4722
f 2139/4722 1945/4721 2000/4723
f 1945/4721 55/4709 1670/4724
f 1945/4721 1670/4724 2000/4723
f 1670/4724 55/4709 167/4725
f 1823/4715 2014/4720 1901/4726
f 1901/4726 2014/4720 2024/4727
f 1901/4726 2024/4727 1921/4728
f 1823/4715 1901/4726 1692/4729
f 1823/4715 1692/4729 89/4716
f 89/4716 1692/4729 140/4730
f 140/4730 1692/4729 48/4731
f 48/4731 1692/4729 1901/4726
f 140/4730 48/4731 62/4732
f 48/4731 1901/4726 1737/4733
f 1737/4733 1901/4726 1921/4728
f 48/4731 1737/4733 62/4732
f 62/4732 1737/4733 1766/4734
f 62/4732 1766/4734 12/4735
f 1737/4733 1921/4728 1887/4736
f 1737/4733 1887/4736 1766/4734
f 1766/4734 1887/4736 12/4735
f 1887/4736 1921/4728 2007/4737
f 12/4735 1887/4736 1642/4738
f 1642/4738 1887/4736 1870/4739
f 1642/4738 1870/4739 1726/4740
f 1870/4739 1887/4736 1952/4741
f 1870/4739 1952/4741 1726/4740
f 2007/4742 1921/4743 2004/4744
f 1976/4745 1887/4746 2007/4742
f 1976/4745 2007/4742 2004/4744
f 2004/4744 1921/4743 2042/4747
f 2042/4747 1921/4743 2024/4748
f 1976/4745 2004/4744 2242/4749
f 2042/4747 2024/4748 2015/4750
f 2042/4747 2015/4750 2004/4744
f 2015/4750 2024/4748 2060/4751
f 2060/4751 2024/4748 2014/4752
f 2004/4744 2015/4750 2044/4753
f 2044/4753 2015/4750 2060/4751
f 2004/4744 2044/4753 2242/4749
f 2060/4751 2014/4752 2083/4754
f 2060/4751 2083/4754 2044/4753
f 2083/4754 2014/4752 2099/4755
f 2099/4755 2014/4752 1932/4756
f 2044/4753 2083/4754 2090/4757
f 2090/4757 2083/4754 2099/4755
f 2044/4753 2090/4757 2086/4758
f 2086/4758 2090/4757 2099/4755
f 2228/4759 2242/4749 2044/4753
f 2228/4759 2044/4753 2086/4758
f 2139/4760 2099/4755 2052/4761
f 2099/4755 2139/4760 2127/4762
f 2099/4755 2127/4762 2086/4758
f 2127/4762 2139/4760 2154/4763
f 2127/4762 2154/4763 2086/4758
f 2086/4758 2154/4763 2117/4764
f 2117/4764 2154/4763 2205/4765
f 2086/4758 2117/4764 2217/4766
f 2217/4766 2117/4764 2205/4765
f 2086/4758 2217/4766 2228/4759
f 2217/4766 2205/4765 2317/4767
f 2217/4766 2317/4767 2228/4759
f 2228/4759 2317/4767 2391/4768
f 2391/4768 2317/4767 2526/4769
f 2314/4770 2242/4749 2228/4759
f 2314/4770 2228/4759 2391/4768
f 2242/4749 2314/4770 2381/4771
f 2314/4770 2391/4768 2310/4772
f 2310/4772 2391/4768 2526/4769
f 2314/4770 2310/4772 2360/4773
f 2314/4770 2360/4773 2381/4771
f 2360/4773 2310/4772 2526/4769
f 2360/4773 2526/4769 2381/4771
f 2381/4771 2526/4769 2460/4774
f 2714/4775 2728/4776 2526/4769
f 2526/4769 2728/4776 2646/4777
f 2460/4774 2526/4769 2577/4778
f 2577/4778 2526/4769 2646/4777
f 2460/4774 2577/4778 2449/4779
f 2449/4779 2577/4778 2510/4780
f 2510/4780 2577/4778 2646/4777
f 2510/4780 2646/4777 2583/4781
f 2510/4780 2583/4781 2517/4782
f 2139/4783 2000/4784 2105/4785
f 2139/4783 2105/4785 2154/4786
f 2154/4786 2105/4785 2095/4787
f 2095/4787 2105/4785 2113/4788
f 2113/4788 2105/4785 2080/4789
f 2080/4789 2105/4785 2000/4784
f 2113/4788 2080/4789 2103/4790
f 2080/4789 2000/4784 1998/4791
f 1998/4791 2000/4784 1871/4792
f 2080/4789 1998/4791 2115/4793
f 2080/4789 2115/4793 2103/4790
f 2115/4793 1998/4791 1806/4794
f 2115/4793 1806/4794 1830/4795
f 2115/4793 1830/4795 1807/4796
f 2115/4793 1807/4796 2138/4797
f 2138/4797 1807/4796 2194/4798
f 2138/4797 2194/4798 2115/4793
f 2115/4793 2194/4798 2103/4790
f 2103/4790 2194/4798 2062/4799
f 2062/4799 2194/4798 1943/4800
f 2062/4799 1943/4800 1858/4801
f 2062/4799 1858/4801 1891/4802
f 2062/4799 1891/4802 2103/4790
f 2103/4790 1891/4802 1740/4803
f 91/4804 1630/4805 1670/4724
f 1670/4724 1630/4805 1674/4806
f 1674/4806 1630/4805 1801/4807
f 1801/4807 1630/4805 1871/4808
f 1670/4724 1674/4806 1787/4809
f 1787/4809 1674/4806 1801/4807
f 1670/4724 1787/4809 2000/4723
f 2000/4723 1787/4809 1871/4808
f 1801/4807 1871/4808 1931/4810
f 1801/4807 1931/4810 1787/4809
f 1787/4809 1931/4810 1871/4808
f 2103/4811 1792/4812 2018/4813
f 2018/4813 1792/4812 1885/4814
f 2018/4813 1885/4814 2073/4815
f 2103/4811 2018/4813 2113/4816
f 2018/4813 2073/4815 2074/4817
f 2018/4813 2074/4817 2113/4816
f 2113/4816 2074/4817 2096/4818
f 2113/4816 2096/4818 2095/4819
f 2073/4820 1885/4821 2438/4822
f 2073/4820 2438/4822 2199/4823
f 2073/4820 2199/4823 2074/4824
f 2199/4823 2438/4822 2195/4825
f 2195/4825 2438/4822 2366/4826
f 2074/4824 2199/4823 2238/4827
f 2238/4827 2199/4823 2195/4825
f 2074/4824 2238/4827 2096/4828
f 2238/4827 2195/4825 2245/4829
f 2096/4828 2238/4827 2471/4830
f 2471/4830 2238/4827 2245/4829
f 2471/4830 2245/4829 2493/4831
f 2471/4830 2493/4831 2511/4832
f 2154/4833 2095/4834 2125/4835
f 2125/4835 2095/4834 2096/4836
f 2154/4833 2125/4835 2205/4837
f 2205/4837 2125/4835 2096/4836
f 2205/4837 2096/4836 2359/4838
f 2359/4838 2096/4836 2471/4839
f 2205/4837 2359/4838 2526/4840
f 2205/4837 2526/4840 2317/4841
f 2526/4840 2359/4838 2714/4842
f 2714/4842 2359/4838 2471/4839
f 2714/4842 2471/4839 2692/4843
f 2714/4842 2692/4843 2764/4844
f 2714/4842 2764/4844 2787/4845
f 2764/4844 2692/4843 2721/4846
f 2381/4847 2460/4848 2242/4849
f 2510/4850 2460/4848 2449/4851
f 2460/4848 2510/4850 2517/4852
f 2242/4849 2460/4848 2427/4853
f 2242/4849 2427/4853 2298/4854
f 2242/4849 2298/4854 2076/4855
f 2242/4849 2076/4855 1976/4856
f 1976/4856 2076/4855 1919/4857
f 1919/4857 2076/4855 1872/4858
f 1976/4856 1919/4857 1952/4859
f 1952/4859 1919/4857 1869/4860
f 1976/4856 1952/4859 1887/4861
f 2543/4862 2427/4853 2460/4848
f 2543/4862 2460/4848 2517/4852
f 2427/4853 2543/4862 2598/4863
f 2427/4853 2598/4863 2551/4864
f 2598/4863 2543/4862 2656/4865
f 2656/4865 2543/4862 2517/4852
f 2598/4863 2656/4865 2611/4866
f 2656/4865 2517/4852 2596/4867
f 2656/4865 2596/4867 2637/4868
f 2596/4867 2517/4852 2563/4869
f 2563/4869 2517/4852 2583/4870
f 2076/4871 2298/4872 2269/4873
f 2507/4874 2262/4875 2269/4873
f 2269/4873 2262/4875 2059/4876
f 2076/4871 2269/4873 1864/4877
f 1864/4877 2269/4873 2059/4876
f 2076/4871 1864/4877 1872/4878
f 1864/4877 2059/4876 1895/4879
f 1872/4878 1864/4877 1847/4880
f 1847/4880 1864/4877 1895/4879
f 2269/4881 2298/4882 2427/4883
f 2269/4881 2427/4883 2507/4884
f 2507/4884 2427/4883 2551/4885
f 2507/4884 2551/4885 2611/4886
f 2507/4884 2611/4886 2658/4887
f 2611/4886 2551/4885 2541/4888
f 2541/4888 2551/4885 2598/4889
f 2541/4888 2598/4889 2611/4886
f 1726/4890 1952/4891 1869/4892
f 1726/4890 1869/4892 1761/4893
f 1726/4890 1761/4893 1621/4894
f 1726/4890 1621/4894 1642/4895
f 1621/4894 1761/4893 1676/4896
f 1676/4896 1761/4893 1869/4892
f 1621/4894 1676/4896 1617/4897
f 1676/4896 1869/4892 1779/4898
f 1779/4898 1869/4892 1919/4899
f 1779/4898 1919/4899 1872/4900
f 1617/4897 1676/4896 1634/4901
f 1634/4901 1676/4896 1779/4898
f 1617/4897 1634/4901 29/4902
f 1779/4898 1872/4900 1758/4903
f 1779/4898 1758/4903 1634/4901
f 1758/4903 1872/4900 1847/4904
f 1634/4901 1758/4903 1659/4905
f 1634/4901 1659/4905 29/4902
f 1758/4903 1847/4904 1742/4906
f 1758/4903 1742/4906 1659/4905
f 1659/4905 1742/4906 29/4902
f 1742/4906 1847/4904 1753/4907
f 1742/4906 1753/4907 1695/4908
f 1742/4906 1695/4908 29/4902
f 29/4902 1695/4908 13/4909
f 29/4902 13/4909 72/4910
f 72/4911 267/4912 29/4913
f 29/4913 267/4912 268/4914
f 268/4914 267/4912 412/4915
f 412/4915 267/4912 604/4916
f 412/4915 604/4916 720/4917
f 29/4918 268/4919 50/4920
f 2266/4921 2334/4922 2227/4923
f 2546/4924 2594/4925 2514/4926
f 2546/4924 2514/4926 2332/4927
f 2514/4926 2594/4925 2607/4928
f 2607/4928 2594/4925 2694/4929
f 2514/4926 2607/4928 2621/4930
f 2621/4930 2607/4928 2694/4929
f 2621/4930 2694/4929 2645/4931
f 2645/4931 2694/4929 2705/4932
f 2621/4930 2645/4931 2647/4933
f 2647/4933 2645/4931 2673/4934
f 2621/4930 2647/4933 2630/4935
f 2630/4935 2647/4933 2629/4936
f 2694/4937 2722/4938 2705/4939
f 2705/4939 2722/4938 2737/4940
f 2705/4939 2737/4940 2723/4941
f 2705/4939 2723/4941 2656/4942
f 2705/4939 2656/4942 2637/4943
f 2705/4939 2637/4943 2673/4944
f 2705/4939 2673/4944 2645/4945
f 2673/4944 2637/4943 2654/4946
f 2654/4946 2637/4943 2766/4947
f 2673/4944 2654/4946 2659/4948
f 2673/4944 2659/4948 2647/4949
f 2647/4949 2659/4948 2776/4950
f 2654/4946 2766/4947 2771/4951
f 2771/4951 2766/4947 2788/4952
f 2659/4948 2654/4946 2680/4953
f 2680/4953 2654/4946 2771/4951
f 2776/4950 2659/4948 2693/4954
f 2693/4954 2659/4948 2680/4953
f 2717/4955 2788/4952 2776/4950
f 2788/4952 2717/4955 2771/4951
f 2717/4955 2776/4950 2693/4954
f 2771/4951 2717/4955 2680/4953
f 2680/4953 2717/4955 2693/4954
f 2583/4956 2646/4957 2695/4958
f 2583/4956 2695/4958 2563/4959
f 2695/4958 2646/4957 2728/4960
f 2563/4959 2695/4958 2565/4961
f 2563/4959 2565/4961 2596/4962
f 2565/4961 2695/4958 2726/4963
f 2726/4963 2695/4958 2728/4960
f 2596/4962 2565/4961 2591/4964
f 2591/4964 2565/4961 2726/4963
f 2596/4962 2591/4964 2666/4965
f 2666/4965 2591/4964 2726/4963
f 2714/4966 2787/4967 2728/4960
f 2728/4960 2787/4967 2788/4968
f 2728/4960 2788/4968 2750/4969
f 2728/4960 2750/4969 2726/4963
f 2750/4969 2788/4968 2766/4970
f 2666/4965 2726/4963 2713/4971
f 2713/4971 2726/4963 2750/4969
f 2620/4972 2596/4962 2666/4965
f 2620/4972 2666/4965 2713/4971
f 2596/4962 2620/4972 2637/4973
f 2713/4971 2750/4969 2631/4974
f 2713/4971 2631/4974 2620/4972
f 2632/4975 2750/4969 2766/4970
f 2632/4975 2766/4970 2637/4973
f 2750/4969 2632/4975 2631/4974
f 2632/4975 2637/4973 2620/4972
f 2632/4975 2620/4972 2631/4974
f 2707/4976 2787/4977 2708/4978
f 2708/4978 2787/4977 2764/4979
f 2707/4976 2708/4978 2600/4980
f 2316/4981 2707/4982 2600/4983
f 2316/4981 2600/4983 2456/4984
f 2456/4984 2600/4983 2380/4985
f 2380/4985 2600/4983 2557/4986
f 2380/4985 2557/4986 2455/4987
f 2088/4988 2316/4989 2239/4990
f 2239/4990 2316/4989 2456/4991
f 2088/4988 2239/4990 2077/4992
f 2088/4988 2077/4992 2164/4993
f 2077/4992 2239/4990 2190/4994
f 2077/4992 2190/4994 2164/4993
f 2164/4993 2190/4994 2455/4995
f 2455/4995 2190/4994 2380/4996
f 777/4997 2164/4998 2638/4999
f 2638/4999 2164/4998 2455/5000
f 2190/5001 2239/5002 2247/5003
f 2247/5003 2239/5002 2456/5004
f 2247/5003 2456/5004 2498/5005
f 2498/5005 2456/5004 2380/5006
f 2247/5003 2498/5005 2291/5007
f 2291/5007 2498/5005 2538/5008
f 2247/5003 2291/5007 2463/5009
f 2463/5009 2291/5007 2538/5008
f 2463/5009 2538/5008 2498/5005
f 2247/5003 2463/5009 2153/5010
f 2463/5009 2498/5005 2344/5011
f 2463/5009 2344/5011 2153/5010
f 897/5012 2638/5013 2438/5014
f 2638/5015 2455/5016 2557/5017
f 2638/5015 2557/5017 2657/5018
f 2657/5018 2557/5017 2571/5019
f 2657/5018 2571/5019 2625/5020
f 2571/5019 2557/5017 2660/5021
f 2660/5021 2557/5017 2600/5022
f 2660/5021 2600/5022 2708/5023
f 2660/5021 2708/5023 2662/5024
f 2660/5021 2662/5024 2636/5025
f 2660/5021 2636/5025 2571/5019
f 2636/5025 2662/5024 2701/5026
f 2636/5025 2701/5026 2770/5027
f 2636/5025 2770/5027 2625/5020
f 2571/5019 2636/5025 2533/5028
f 2533/5028 2636/5025 2625/5020
f 2533/5028 2625/5020 2571/5019
f 2190/5029 2247/5030 2193/5031
f 2193/5031 2247/5030 2153/5032
f 2190/5029 2193/5031 2380/5033
f 2193/5031 2153/5032 2362/5034
f 2193/5031 2362/5034 2380/5033
f 2362/5034 2153/5032 2344/5035
f 2380/5033 2362/5034 2498/5036
f 2498/5036 2362/5034 2344/5035
f 2438/5037 2638/5038 2633/5039
f 2633/5039 2638/5038 2657/5040
f 2438/5037 2633/5039 2643/5041
f 2643/5041 2633/5039 2657/5040
f 2643/5041 2657/5040 2746/5042
f 2643/5041 2746/5042 2642/5043
f 2643/5041 2642/5043 2542/5044
f 2542/5044 2642/5043 2742/5045
f 2742/5045 2642/5043 2746/5042
f 2742/5045 2746/5042 2769/5046
f 2742/5045 2769/5046 2697/5047
f 2769/5046 2746/5042 2721/5048
f 2721/5048 2746/5042 2764/5049
f 2764/5049 2746/5042 2740/5050
f 2770/5051 2701/5052 2768/5053
f 2768/5053 2701/5052 2662/5054
f 2770/5051 2768/5053 2625/5055
f 2768/5053 2662/5054 2734/5056
f 2734/5056 2662/5054 2708/5057
f 2734/5056 2708/5057 2764/5058
f 2734/5056 2764/5058 2740/5059
f 2734/5056 2740/5059 2768/5053
f 2768/5053 2740/5059 2625/5055
f 2625/5055 2740/5059 2657/5060
f 2657/5060 2740/5059 2746/5061
f 2721/5062 2692/5063 2664/5064
f 2664/5064 2692/5063 2471/5065
f 2664/5064 2471/5065 2511/5066
f 2664/5064 2511/5066 2366/5067
f 2721/5062 2664/5064 2697/5068
f 2721/5062 2697/5068 2769/5069
f 2697/5068 2664/5064 2542/5070
f 2697/5068 2542/5070 2742/5071
f 2664/5064 2366/5067 2558/5072
f 2664/5064 2558/5072 2542/5070
f 2558/5072 2366/5067 2438/5073
f 2542/5070 2558/5072 2643/5074
f 2643/5074 2558/5072 2438/5073
f 2195/5075 2366/5076 2346/5077
f 2346/5077 2366/5076 2511/5078
f 2346/5077 2511/5078 2493/5079
f 2195/5075 2346/5077 2168/5080
f 2195/5075 2168/5080 2245/5081
f 2346/5077 2493/5079 2467/5082
f 2346/5077 2467/5082 2168/5080
f 2467/5082 2493/5079 2534/5083
f 2245/5081 2168/5080 2280/5084
f 2280/5084 2168/5080 2467/5082
f 2245/5081 2280/5084 2493/5079
f 2280/5084 2467/5082 2534/5083
f 2280/5084 2534/5083 2493/5079
f 65/5085 1888/5086 1771/5087
f 65/5085 1771/5087 54/5088
f 1771/5087 1888/5086 1907/5089
f 65/5085 54/5088 22/5090
f 65/5085 22/5090 25/5091
f 1907/5089 1888/5086 2038/5092
f 22/5090 54/5088 21/5093
f 21/5093 54/5088 1771/5087
f 22/5090 21/5093 19/5094
f 22/5090 19/5094 1705/5095
f 21/5093 1771/5087 1782/5096
f 1782/5096 1771/5087 1907/5089
f 2010/5097 2038/5092 2019/5098
f 1987/5099 1907/5089 2038/5092
f 1987/5099 2038/5092 2010/5097
f 1907/5089 1987/5099 1875/5100
f 1907/5089 1875/5100 1782/5096
f 1987/5099 2010/5097 2006/5101
f 1987/5099 2006/5101 1875/5100
f 2006/5101 2010/5097 1997/5102
f 1875/5100 2006/5101 1782/5096
f 2006/5101 1997/5102 1957/5103
f 2006/5101 1957/5103 2001/5104
f 2006/5101 2001/5104 1985/5105
f 1782/5096 2006/5101 1808/5106
f 1808/5106 2006/5101 1985/5105
f 1985/5105 2001/5104 1800/5107
f 1985/5105 1800/5107 1808/5106
f 1800/5107 2001/5104 1855/5108
f 1782/5096 1808/5106 1652/5109
f 1652/5109 1808/5106 1800/5107
f 1782/5096 1652/5109 20/5110
f 1782/5096 20/5110 21/5093
f 1652/5109 1800/5107 38/5111
f 1652/5109 38/5111 20/5110
f 38/5111 1800/5107 1730/5112
f 21/5093 20/5110 19/5094
f 19/5094 20/5110 2/5113
f 38/5111 1730/5112 1767/5114
f 1767/5114 1730/5112 1855/5115
f 1855/5115 1730/5112 1744/5116
f 1767/5114 1855/5115 2001/5117
f 1855/5115 1744/5116 1862/5118
f 1862/5118 1744/5116 1797/5119
f 1797/5119 1744/5116 1791/5120
f 1797/5119 1791/5120 1862/5118
f 1767/5114 2001/5117 1790/5121
f 1767/5114 1790/5121 38/5111
f 1790/5121 2001/5117 1957/5122
f 38/5111 1790/5121 1722/5123
f 1722/5123 1790/5121 1957/5122
f 38/5111 1722/5123 20/5110
f 1722/5123 1957/5122 1702/5124
f 1722/5123 1702/5124 20/5110
f 20/5110 1702/5124 2/5113
f 1702/5124 1957/5122 1997/5125
f 2/5113 1702/5124 1809/5126
f 1809/5126 1702/5124 1997/5125
f 2/5113 1809/5126 19/5094
f 1809/5126 1997/5125 1826/5127
f 19/5094 1809/5126 1721/5128
f 1721/5128 1809/5126 1826/5127
f 19/5094 1721/5128 1705/5095
f 1705/5095 1721/5128 1879/5129
f 1879/5129 1721/5128 1826/5127
f 1879/5129 1826/5127 1997/5125
f 1879/5129 1997/5125 2010/5130
f 2010/5131 2019/5132 1879/5133
f 1879/5133 2019/5132 1799/5134
f 1799/5134 2019/5132 1884/5135
f 1879/5133 1799/5134 1705/5136
f 1799/5134 1884/5135 25/5137
f 1705/5136 1799/5134 22/5138
f 22/5138 1799/5134 25/5137
f 1744/5139 1730/5140 1800/5141
f 1744/5139 1800/5141 1791/5142
f 1791/5142 1800/5141 1862/5143
f 1862/5143 1800/5141 1855/5144
f 1763/5145 1990/5146 1946/5147
f 1946/5147 1990/5146 1897/5148
f 1946/5147 1897/5148 1926/5149
f 1763/5145 1946/5147 1896/5150
f 1896/5150 1946/5147 1926/5149
f 1763/5145 1896/5150 1713/5151
f 1896/5150 1926/5149 1890/5152
f 1890/5152 1926/5149 1841/5153
f 1890/5152 1841/5153 1757/5154
f 1890/5152 1757/5154 1896/5150
f 1896/5150 1757/5154 1713/5151
f 1713/5151 1757/5154 1739/5155
f 1990/5156 1763/5157 1727/5158
f 1727/5158 1763/5157 1713/5159
f 1990/5156 1727/5158 1897/5160
f 1727/5158 1713/5159 1739/5161
f 1727/5158 1739/5161 1897/5160
f 1897/5160 1739/5161 1926/5162
f 1926/5162 1739/5161 1815/5163
f 1926/5162 1815/5163 1841/5164
f 1841/5164 1815/5163 1739/5161
f 1841/5164 1739/5161 1757/5165
f 1007/5166 928/5167 1143/5168
f 1143/5168 928/5167 936/5169
f 1117/5170 1007/5166 1152/5171
f 1152/5171 1007/5166 1143/5168
f 1143/5168 936/5169 954/5172
f 1152/5171 1143/5168 1175/5173
f 1175/5173 1143/5168 1136/5174
f 1136/5174 1143/5168 954/5172
f 1175/5173 1136/5174 1169/5175
f 1169/5175 1136/5174 1182/5176
f 1136/5174 954/5172 1035/5177
f 1035/5177 954/5172 924/5178
f 1182/5176 1136/5174 1150/5179
f 1182/5176 1150/5179 1187/5180
f 1187/5180 1150/5179 1130/5181
f 1130/5181 1150/5179 1136/5174
f 1130/5181 1136/5174 1035/5177
f 1130/5181 1035/5177 924/5178
f 1130/5181 924/5178 1103/5182
f 1169/5183 1161/5184 1175/5185
f 1161/5184 1169/5183 1139/5186
f 1139/5186 1169/5183 1171/5187
f 1171/5187 1169/5183 1182/5188
f 1171/5187 1182/5188 1187/5189
f 1171/5187 1187/5189 1133/5190
f 1171/5187 1133/5190 1139/5186
f 1139/5186 1133/5190 1103/5191
f 954/5192 935/5193 924/5194
f 924/5194 935/5193 1103/5195
f 1130/5196 1103/5197 1133/5198
f 1130/5196 1133/5198 1187/5199
