# Blender 4.5.0
# www.blender.org
mtllib tripo_convert_33081f96-7c68-4071-b53a-f9c356086390.mtl
o tripo_node_33081f96-7c68-4071-b53a-f9c356086390
v 0.000005 0.257050 -0.018038
v 0.000007 0.283295 -0.262909
v 0.000008 0.054813 0.288147
v 0.000042 -0.019682 0.447479
v 0.000058 0.063118 -0.319977
v 0.000060 -0.259766 -0.028093
v 0.000063 -0.224167 -0.185196
v 0.000068 -0.290863 -0.283325
v 0.000075 -0.107368 0.247253
v 0.000100 0.051098 -0.293518
v 0.000129 -0.001390 0.494843
v 0.000129 -0.322174 -0.230377
v 0.000134 0.093689 0.082504
v 0.000137 -0.090424 0.085495
v 0.000138 0.288239 -0.083984
v 0.000138 -0.289337 -0.110718
v 0.000151 0.318329 -0.388641
v 0.000160 0.124168 0.060722
v 0.000170 0.106819 0.248840
v 0.000184 0.034832 0.063614
v 0.000189 -0.088379 0.276855
v 0.000201 -0.140945 -0.095695
v 0.000212 0.223251 -0.182571
v 0.000214 0.137039 -0.084740
v 0.000216 -0.037235 0.231018
v 0.000220 0.283875 -0.071983
v 0.000224 -0.090630 0.085655
v 0.000247 -0.065193 -0.432892
v 0.000272 -0.046043 0.377899
v 0.000286 -0.157257 -0.116577
v 0.000317 0.146713 -0.098816
v 0.000323 0.110458 0.240067
v 0.000330 -0.124847 -0.079300
v 0.000352 -0.029924 0.419281
v 0.000354 0.093674 0.109108
v 0.000354 0.018675 -0.387573
v 0.000375 -0.010083 0.470001
v 0.000447 0.315796 -0.172424
v 0.000448 -0.077499 0.296631
v 0.000480 0.011552 0.468323
v 0.000496 0.003337 0.490845
v 0.000497 0.212494 -0.027325
v 0.000502 -0.308868 -0.321045
v 0.000520 0.084915 0.250916
v 0.000522 0.208740 0.044796
v 0.000527 -0.146439 0.049931
v 0.000531 0.210632 0.024548
v 0.000536 0.221970 -0.155090
v 0.000562 0.325073 -0.265198
v 0.000568 0.253021 -0.116455
v 0.000588 -0.060566 0.057396
v 0.000589 -0.115547 0.067497
v 0.000594 -0.029131 -0.179886
v 0.000595 0.018778 -0.375641
v 0.000615 0.057972 0.368530
v 0.000617 0.187393 -0.008399
v 0.000649 0.319244 -0.201569
v 0.000656 -0.028881 -0.367310
v 0.000684 0.082756 -0.008498
v 0.000690 -0.138245 -0.078857
v 0.000700 -0.083183 0.251251
v 0.000723 0.023237 0.114258
v 0.000741 -0.016851 -0.228622
v 0.000774 -0.249893 -0.114479
v 0.000783 -0.098419 0.102623
v 0.000784 0.038795 0.234848
v 0.000795 -0.121689 0.022017
v 0.000801 -0.032734 -0.275360
v 0.000820 0.042862 0.247238
v 0.000820 -0.096870 0.015284
v 0.000838 0.066742 0.256561
v 0.000842 0.058491 0.077339
v 0.000848 0.185822 -0.074089
v 0.000851 -0.220779 0.032505
v 0.000863 -0.248505 -0.172287
v 0.000931 0.221024 -0.019470
v 0.000953 -0.306274 -0.302521
v 0.001012 -0.191208 -0.118393
v 0.001018 0.068047 -0.482391
v 0.001018 -0.256653 -0.226822
v 0.001029 -0.269897 -0.247833
v 0.001032 0.248291 -0.161987
v 0.001051 -0.063614 -0.333923
v 0.001052 -0.175690 -0.049435
v 0.001063 -0.198364 0.038925
v 0.001066 -0.313202 -0.167725
v 0.001068 0.286255 -0.150925
v 0.001068 0.137863 0.050293
v 0.001079 0.209259 -0.039883
v 0.001089 0.199615 -0.080772
v 0.001101 -0.095543 0.001270
v 0.001105 0.240479 -0.005670
v 0.001105 -0.067970 0.255981
v 0.001113 -0.192474 -0.042156
v 0.001123 0.195663 -0.021053
v 0.001136 0.259247 -0.103149
v 0.001174 0.083656 0.087532
v 0.001174 -0.160522 -0.050247
v 0.001182 0.050766 -0.252747
v 0.001191 0.119072 0.023815
v 0.001194 -0.106354 0.049046
v 0.001203 0.292175 -0.190216
v 0.001219 0.082947 0.062508
v 0.001241 0.163147 0.049950
v 0.001243 0.120621 -0.017227
v 0.001257 -0.149780 -0.098969
v 0.001258 -0.264679 -0.176422
v 0.001263 0.067032 0.314941
v 0.001274 -0.142639 0.041500
v 0.001308 -0.053684 0.354126
v 0.001324 -0.122948 -0.048473
v 0.001325 0.020237 0.114441
v 0.001334 0.050785 0.255066
v 0.001339 0.204254 -0.056042
v 0.001346 0.244202 -0.104782
v 0.001379 -0.221649 -0.014803
v 0.001382 -0.150650 0.037178
v 0.001387 0.036980 -0.388397
v 0.001389 -0.223785 -0.038940
v 0.001396 -0.117722 0.001155
v 0.001402 -0.307068 -0.149445
v 0.001404 -0.026644 -0.327515
v 0.001410 -0.134445 0.021725
v 0.001418 -0.240341 -0.121643
v 0.001420 0.151627 0.037312
v 0.001425 0.273529 -0.180893
v 0.001429 -0.060547 -0.411926
v 0.001432 0.085518 0.110519
v 0.001435 -0.222656 -0.177216
v 0.001443 0.229385 -0.120087
v 0.001459 -0.104477 0.037231
v 0.001468 -0.228668 -0.000761
v 0.001469 -0.077797 0.066147
v 0.001482 -0.058453 -0.445435
v 0.001488 -0.198608 -0.027082
v 0.001489 -0.172028 0.047119
v 0.001490 0.127380 0.063980
v 0.001496 0.237823 -0.172546
v 0.001498 -0.303253 -0.165314
v 0.001499 -0.269989 -0.137314
v 0.001502 0.196075 -0.044098
v 0.001513 0.187561 0.047024
v 0.001541 0.024405 -0.383545
v 0.001542 -0.049282 0.086472
v 0.001544 0.018105 -0.286346
v 0.001547 -0.072853 0.058517
v 0.001547 -0.166504 -0.010551
v 0.001551 0.274841 -0.162964
v 0.001553 -0.198608 -0.091476
v 0.001554 0.245132 -0.123238
v 0.001557 -0.254303 -0.058296
v 0.001558 0.167435 -0.090843
v 0.001572 0.285828 -0.132721
v 0.001578 -0.217377 -0.024458
v 0.001585 -0.098412 -0.026520
v 0.001589 -0.050980 0.256104
v 0.001608 0.034977 -0.299591
v 0.001610 -0.023809 -0.287659
v 0.001618 0.297882 -0.172699
v 0.001633 -0.278656 -0.227982
v 0.001634 0.075020 0.057182
v 0.001635 0.075539 0.295593
v 0.001644 -0.277893 -0.176376
v 0.001651 0.151535 -0.004511
v 0.001651 -0.123772 0.061886
v 0.001656 -0.061207 0.326447
v 0.001667 0.094566 0.084915
v 0.001669 0.020082 0.440216
v 0.001676 -0.171661 -0.099327
v 0.001683 -0.030504 0.142380
v 0.001687 -0.144089 -0.043823
v 0.001706 -0.019047 0.439636
v 0.001707 -0.197021 0.051254
v 0.001708 -0.034740 -0.348480
v 0.001710 0.216965 -0.003121
v 0.001723 -0.180176 0.050819
v 0.001727 -0.017982 0.178482
v 0.001734 0.057938 -0.419128
v 0.001734 0.023153 -0.175980
v 0.001735 -0.173981 0.075989
v 0.001737 0.148880 -0.060917
v 0.001744 -0.080757 0.043701
v 0.001752 -0.083084 0.005117
v 0.001753 0.166626 -0.030924
v 0.001754 0.081924 0.051594
v 0.001765 0.018375 -0.246704
v 0.001788 -0.211472 0.002626
v 0.001814 0.046951 -0.341003
v 0.001818 0.211121 -0.019594
v 0.001824 -0.075523 0.055046
v 0.001828 -0.017178 -0.378845
v 0.001846 0.228531 -0.061989
v 0.001854 -0.016029 -0.014109
v 0.001862 0.029917 0.144211
v 0.001873 -0.157730 -0.088554
v 0.001876 0.169724 0.014329
v 0.001885 0.256561 -0.124802
v 0.001888 -0.022907 0.146713
v 0.001893 -0.009117 0.466339
v 0.001897 0.228058 -0.017279
v 0.001904 -0.076805 0.030006
v 0.001918 -0.075371 0.036556
v 0.001918 -0.226944 -0.057781
v 0.001924 0.018246 -0.314697
v 0.001929 -0.168488 0.018047
v 0.001930 -0.300140 -0.221207
v 0.001935 0.076630 0.046917
v 0.001939 0.029659 -0.372437
v 0.001950 0.039494 -0.352600
v 0.001957 0.069748 0.044666
v 0.001963 -0.107079 0.243912
v 0.001966 0.107872 0.245087
v 0.001967 0.178482 -0.025126
v 0.001968 -0.233887 -0.011858
v 0.001982 -0.095047 0.084641
v 0.001984 -0.075027 -0.002290
v 0.001991 0.130814 0.028095
v 0.001997 0.232605 -0.100685
v 0.002018 0.116905 -0.014393
v 0.002020 0.248154 -0.089661
v 0.002021 0.171997 0.064804
v 0.002033 -0.054333 0.283386
v 0.002041 0.031139 -0.250610
v 0.002056 -0.271362 -0.120186
v 0.002067 0.045841 0.374176
v 0.002069 0.125763 0.128250
v 0.002073 -0.029968 -0.249451
v 0.002073 -0.033329 -0.391693
v 0.002075 0.090469 0.059353
v 0.002080 -0.016119 -0.291565
v 0.002083 0.043053 -0.378571
v 0.002086 0.027201 -0.247604
v 0.002088 -0.246338 -0.042984
v 0.002089 0.018057 -0.301758
v 0.002095 -0.309052 -0.162415
v 0.002132 -0.231339 -0.099419
v 0.002133 -0.145309 0.066978
v 0.002138 -0.147141 0.097107
v 0.002139 -0.242859 -0.211044
v 0.002139 -0.254822 -0.094124
v 0.002140 -0.075874 0.047016
v 0.002145 -0.123993 0.094711
v 0.002147 0.087311 0.000048
v 0.002154 -0.164566 -0.030722
v 0.002171 0.028578 -0.258331
v 0.002176 -0.289337 -0.234543
v 0.002182 0.226395 -0.065712
v 0.002182 0.225342 -0.040352
v 0.002182 -0.303619 -0.158447
v 0.002196 -0.066559 0.017172
v 0.002199 0.232727 -0.087860
v 0.002202 0.151199 0.096054
v 0.002203 -0.245407 -0.065910
v 0.002208 -0.056023 -0.435272
v 0.002211 -0.093636 0.259399
v 0.002213 -0.026897 -0.214294
v 0.002215 0.296387 -0.189209
v 0.002222 0.051857 0.347565
v 0.002224 -0.098549 0.098839
v 0.002229 -0.215454 -0.054855
v 0.002238 0.302551 -0.154251
v 0.002238 -0.122314 0.034054
v 0.002241 -0.217789 0.027380
v 0.002259 -0.227783 -0.075493
v 0.002262 -0.258514 -0.197098
v 0.002263 0.018185 -0.337738
v 0.002264 -0.142624 -0.001407
v 0.002272 0.297180 -0.243637
v 0.002280 0.130157 0.014849
v 0.002297 0.106384 0.048866
v 0.002310 -0.247147 -0.133316
v 0.002335 0.246994 -0.058353
v 0.002337 -0.299744 -0.270264
v 0.002339 -0.184601 0.022690
v 0.002341 0.148056 -0.096489
v 0.002349 -0.315247 -0.271851
v 0.002357 -0.042946 0.221085
v 0.002358 -0.024105 -0.256287
v 0.002361 0.079430 -0.020412
v 0.002365 -0.042572 0.152802
v 0.002365 0.328491 -0.241592
v 0.002372 -0.237915 -0.181610
v 0.002379 -0.016632 -0.360016
v 0.002381 -0.263977 -0.144989
v 0.002383 0.258575 -0.053570
v 0.002387 -0.131149 0.109375
v 0.002387 -0.015905 -0.251221
v 0.002389 0.159637 -0.035267
v 0.002390 -0.215393 -0.111115
v 0.002393 -0.137711 0.048073
v 0.002397 0.055443 -0.333252
v 0.002400 0.165619 -0.007001
v 0.002401 0.031345 0.014836
v 0.002405 -0.225891 -0.141190
v 0.002409 0.135452 0.099060
v 0.002411 0.018145 -0.366638
v 0.002413 0.300903 -0.202591
v 0.002417 0.317291 -0.267487
v 0.002425 -0.016382 -0.343475
v 0.002425 -0.112129 -0.001344
v 0.002426 -0.178253 -0.024937
v 0.002429 0.104233 0.021027
v 0.002440 0.253998 -0.039883
v 0.002447 0.100861 0.016525
v 0.002460 0.083893 -0.027298
v 0.002467 0.094345 0.258148
v 0.002472 -0.187836 0.072876
v 0.002482 0.193542 -0.001323
v 0.002486 0.077049 0.006378
v 0.002491 0.302765 -0.225906
v 0.002493 0.007095 0.467255
v 0.002495 -0.237808 -0.067802
v 0.002504 -0.181915 -0.001873
v 0.002506 -0.083817 -0.038673
v 0.002510 0.221268 -0.080528
v 0.002511 -0.118896 0.108055
v 0.002515 -0.203583 -0.055267
v 0.002515 -0.298248 -0.203873
v 0.002519 -0.016329 -0.310425
v 0.002521 -0.127487 -0.020481
v 0.002526 -0.207367 -0.095406
v 0.002527 0.092033 -0.052338
v 0.002536 0.130920 -0.003655
v 0.002542 0.124199 0.109421
v 0.002545 0.181870 -0.124306
v 0.002547 0.111496 0.105103
v 0.002549 -0.040134 -0.321533
v 0.002552 -0.051708 -0.391998
v 0.002553 -0.049816 0.092758
v 0.002553 -0.311829 -0.229294
v 0.002555 0.042786 -0.245010
v 0.002558 0.202438 -0.108055
v 0.002559 -0.052223 0.340088
v 0.002560 -0.120720 -0.071144
v 0.002560 0.116768 0.114548
v 0.002564 0.115501 0.040195
v 0.002566 0.039749 -0.255005
v 0.002578 0.302338 -0.199127
v 0.002594 0.177750 -0.136154
v 0.002600 0.242615 -0.166611
v 0.002604 -0.134567 -0.072319
v 0.002609 0.193527 -0.157959
v 0.002611 0.067192 -0.349243
v 0.002615 -0.126495 0.011045
v 0.002635 -0.111755 0.043282
v 0.002637 -0.180359 -0.096481
v 0.002648 0.118141 0.113289
v 0.002663 0.286407 -0.123940
v 0.002668 -0.182648 -0.144012
v 0.002671 0.257965 -0.195740
v 0.002673 -0.283203 -0.167816
v 0.002678 -0.191147 -0.014566
v 0.002689 0.149155 0.111877
v 0.002703 0.217529 -0.111992
v 0.002711 0.017776 -0.267578
v 0.002714 0.109184 0.038380
v 0.002717 0.046497 -0.349335
v 0.002723 -0.154739 -0.057278
v 0.002732 -0.229187 -0.187164
v 0.002734 0.190613 0.063759
v 0.002739 -0.036030 -0.262970
v 0.002750 -0.065460 0.046108
v 0.002757 -0.233429 -0.058617
v 0.002767 0.180344 -0.060913
v 0.002781 -0.262115 -0.071869
v 0.002785 0.274200 -0.133575
v 0.002788 -0.197037 -0.021185
v 0.002788 -0.059944 0.076172
v 0.002810 0.309845 -0.211411
v 0.002827 -0.236267 -0.144226
v 0.002829 0.058285 0.026035
v 0.002832 -0.163589 -0.119049
v 0.002834 -0.128204 0.018789
v 0.002835 0.099541 0.103851
v 0.002840 0.034275 -0.280365
v 0.002843 -0.236984 -0.096832
v 0.002845 -0.263763 -0.102463
v 0.002853 -0.037235 -0.385193
v 0.002861 -0.156265 0.039089
v 0.002869 0.139999 0.065857
v 0.002880 -0.069435 -0.378479
v 0.002880 0.040394 -0.308868
v 0.002886 0.215607 -0.095871
v 0.002887 0.056961 0.356171
v 0.002887 -0.051060 -0.327881
v 0.002888 0.057941 -0.401642
v 0.002900 0.112709 0.099342
v 0.002904 0.132721 -0.007348
v 0.002904 -0.035633 -0.359711
v 0.002909 -0.057308 -0.318726
v 0.002915 -0.203140 -0.168457
v 0.002919 0.034798 -0.401642
v 0.002921 0.166107 0.081276
v 0.002925 -0.057312 0.210602
v 0.002928 -0.104881 0.075661
v 0.002934 -0.292603 -0.190659
v 0.002934 -0.206009 0.015012
v 0.002953 0.189316 -0.104088
v 0.002953 0.264343 -0.211609
v 0.002970 -0.189697 -0.006377
v 0.002980 0.053822 -0.306458
v 0.002984 -0.277863 -0.131210
v 0.002987 0.162598 -0.095276
v 0.002993 0.279968 -0.181686
v 0.003001 0.171310 -0.038479
v 0.003002 0.123978 -0.075684
v 0.003018 0.105225 -0.047276
v 0.003030 -0.311951 -0.174789
v 0.003034 0.001136 0.488953
v 0.003045 -0.132828 -0.007713
v 0.003046 -0.319733 -0.248566
v 0.003051 -0.025574 -0.267792
v 0.003051 0.182953 0.071770
v 0.003057 -0.171265 -0.060093
v 0.003058 -0.211349 -0.177231
v 0.003062 0.037228 -0.364166
v 0.003063 0.237305 -0.063339
v 0.003105 -0.030493 -0.399994
v 0.003105 -0.317169 -0.190994
v 0.003117 -0.030413 -0.196442
v 0.003121 0.098259 0.094368
v 0.003125 -0.197479 -0.120216
v 0.003134 0.097778 -0.001213
v 0.003135 0.186050 -0.147919
v 0.003140 -0.140533 0.087608
v 0.003144 -0.212952 0.036270
v 0.003170 -0.038490 -0.329803
v 0.003182 -0.281708 -0.076149
v 0.003184 0.310028 -0.219727
v 0.003190 0.256927 -0.024042
v 0.003194 0.305511 -0.142288
v 0.003197 0.270599 -0.102715
v 0.003204 -0.020370 -0.241196
v 0.003213 -0.137238 0.090591
v 0.003219 0.054878 -0.403931
v 0.003222 0.149307 0.070511
v 0.003223 0.023619 0.150589
v 0.003223 -0.300385 -0.198578
v 0.003228 -0.061443 -0.449341
v 0.003240 0.036411 0.053001
v 0.003242 -0.133438 -0.025522
v 0.003246 0.296539 -0.120064
v 0.003254 0.047245 -0.430115
v 0.003257 -0.288666 -0.274200
v 0.003270 -0.134003 -0.086624
v 0.003274 0.300842 -0.294189
v 0.003274 -0.052208 -0.305969
v 0.003276 -0.260834 -0.078934
v 0.003276 -0.064354 -0.358521
v 0.003282 -0.067047 -0.347870
v 0.003284 -0.237595 -0.003044
v 0.003287 0.311554 -0.162888
v 0.003291 -0.057671 0.028460
v 0.003298 -0.175354 0.034588
v 0.003300 -0.212967 -0.128174
v 0.003310 0.098480 -0.028984
v 0.003314 -0.174149 -0.131882
v 0.003319 -0.250977 -0.215637
v 0.003320 -0.201248 0.025969
v 0.003320 0.159760 -0.113937
v 0.003324 -0.172882 0.010387
v 0.003325 -0.060993 -0.400818
v 0.003330 -0.108292 -0.053272
v 0.003346 -0.068924 -0.400452
v 0.003348 -0.055077 -0.451050
v 0.003350 0.258942 -0.072594
v 0.003359 -0.149887 0.033752
v 0.003360 -0.068573 -0.366730
v 0.003370 -0.210800 0.023268
v 0.003387 0.247589 -0.118347
v 0.003393 0.063835 -0.352570
v 0.003393 0.315704 -0.230560
v 0.003398 -0.157028 0.035576
v 0.003399 0.163559 0.034649
v 0.003399 -0.097588 0.096016
v 0.003449 0.287842 -0.099869
v 0.003459 0.218597 -0.144333
v 0.003464 0.301727 -0.244385
v 0.003469 0.133041 0.090919
v 0.003481 -0.241257 -0.114357
v 0.003484 0.257690 -0.077995
v 0.003485 0.242920 -0.210434
v 0.003490 -0.233261 -0.197403
v 0.003493 -0.261963 -0.036335
v 0.003495 0.272858 -0.087135
v 0.003497 0.133987 -0.084763
v 0.003502 0.318695 -0.304871
v 0.003503 0.139694 -0.041176
v 0.003513 0.017668 -0.014247
v 0.003546 0.280090 -0.070534
v 0.003546 -0.299133 -0.246475
v 0.003550 -0.095230 0.014548
v 0.003557 -0.188599 -0.076241
v 0.003558 -0.299530 -0.300201
v 0.003561 0.048244 -0.293030
v 0.003569 -0.096992 -0.025364
v 0.003576 0.158661 0.040462
v 0.003580 0.265472 -0.227509
v 0.003583 -0.137375 0.070206
v 0.003587 -0.045395 -0.428253
v 0.003592 0.072372 0.067924
v 0.003600 -0.192413 -0.156509
v 0.003616 0.059158 -0.464447
v 0.003620 0.053604 -0.442383
v 0.003632 0.050091 -0.337097
v 0.003640 -0.192719 0.052704
v 0.003656 -0.300629 -0.131546
v 0.003657 0.319061 -0.190018
v 0.003661 0.259918 -0.211853
v 0.003665 -0.241867 -0.199646
v 0.003667 -0.274445 -0.254669
v 0.003668 -0.019712 0.113853
v 0.003675 0.066254 -0.358917
v 0.003677 0.070045 -0.436768
v 0.003715 -0.225555 0.003546
v 0.003719 -0.268646 -0.171875
v 0.003729 0.322144 -0.232239
v 0.003733 0.264313 -0.034374
v 0.003737 -0.306519 -0.291565
v 0.003744 0.149033 0.038197
v 0.003758 0.212265 -0.129272
v 0.003782 -0.251892 -0.018644
v 0.003783 0.093979 0.091476
v 0.003789 0.238388 -0.069450
v 0.003798 0.009689 0.469086
v 0.003809 -0.270172 -0.049397
v 0.003815 0.047817 0.085960
v 0.003815 -0.163193 0.064247
v 0.003829 -0.015772 -0.239380
v 0.003830 0.215164 0.039200
v 0.003833 0.018026 -0.235931
v 0.003841 0.067375 -0.400360
v 0.003860 0.259705 -0.230713
v 0.003863 -0.312317 -0.220413
v 0.003871 -0.115028 0.090202
v 0.003883 -0.238007 -0.206711
v 0.003890 -0.317047 -0.316315
v 0.003901 -0.147934 0.043541
v 0.003907 0.219345 -0.073189
v 0.003907 -0.221344 -0.177765
v 0.003908 0.068687 -0.383759
v 0.003916 -0.256744 -0.231354
v 0.003947 -0.280975 -0.199478
v 0.003957 0.306061 -0.294189
v 0.003959 0.279327 -0.259247
v 0.003964 0.277191 -0.083008
v 0.003971 -0.200653 -0.037323
v 0.003972 0.138321 0.068932
v 0.003972 0.313019 -0.331635
v 0.003973 -0.114616 0.070335
v 0.004002 0.026579 -0.217407
v 0.004011 0.024992 -0.231201
v 0.004011 -0.260956 -0.145416
v 0.004031 0.242355 -0.004505
v 0.004032 -0.146576 -0.093773
v 0.004037 0.024645 0.144897
v 0.004059 -0.312378 -0.333527
v 0.004072 0.017143 -0.173050
v 0.004073 -0.089455 0.080910
v 0.004076 0.237732 0.010004
v 0.004094 0.269501 -0.242035
v 0.004094 0.062302 -0.326141
v 0.004100 0.145386 -0.092758
v 0.004100 0.193253 0.022661
v 0.004130 -0.106697 0.049381
v 0.004173 -0.319031 -0.376160
v 0.004183 -0.122955 0.066689
v 0.004187 0.325806 -0.268951
v 0.004193 0.221176 -0.182419
v 0.004210 0.324677 -0.230820
v 0.004213 0.287903 -0.083397
v 0.004228 -0.024075 0.113632
v 0.004237 -0.326141 -0.282654
v 0.004248 0.321564 -0.373688
v 0.004248 -0.286896 -0.101616
v 0.004266 0.120476 0.067612
v 0.004266 0.329071 -0.310272
v 0.004267 0.305115 -0.305298
v 0.004295 0.211121 -0.177994
v 0.004296 0.068825 -0.480164
v 0.004313 0.198349 -0.043301
v 0.004329 -0.068939 -0.473999
v 0.004353 -0.138107 -0.053062
v 0.004353 0.216919 0.009188
v 0.004356 0.181992 -0.005059
v 0.004360 0.230988 -0.094345
v 0.004366 -0.286194 -0.085106
v 0.004382 -0.016035 -0.176270
v 0.004392 0.227188 0.013700
v 0.004398 0.316772 -0.375336
v 0.004406 0.027859 -0.214233
v 0.004479 0.327240 -0.352936
v 0.004510 0.201538 0.027229
v 0.004529 0.056217 0.266876
v 0.004544 -0.204849 -0.053310
v 0.004567 0.261261 -0.147476
v 0.004573 -0.323730 -0.235336
v 0.004594 0.062843 -0.490723
v 0.004627 -0.037056 0.061581
v 0.004662 0.204025 -0.041016
v 0.004670 -0.068802 -0.409393
v 0.004688 -0.226944 0.013647
v 0.004707 0.216797 -0.059769
v 0.004724 -0.066124 -0.439819
v 0.004736 -0.063095 -0.414917
v 0.004738 0.086761 0.090935
v 0.004759 -0.324463 -0.358276
v 0.004784 0.316162 -0.387390
v 0.004800 -0.225098 -0.082214
v 0.004801 0.017666 -0.232712
v 0.004807 -0.303406 -0.307495
v 0.004827 0.066238 -0.494354
v 0.004868 -0.062119 -0.490448
v 0.004884 -0.182144 0.059132
v 0.004902 -0.057358 -0.463043
v 0.004915 -0.327026 -0.330078
v 0.004940 0.068848 -0.408508
v 0.005021 -0.057045 -0.498749
v 0.005023 -0.066986 -0.435730
v 0.005064 -0.093231 0.088516
v 0.005098 0.104469 0.073448
v 0.005102 -0.064003 -0.497162
v 0.005176 -0.314362 -0.387573
v 0.005203 -0.000147 0.463287
v 0.005350 0.065781 0.071999
v 0.005352 -0.084785 0.084801
v 0.005665 0.046478 0.092941
v 0.005719 0.052204 0.307648
v 0.005736 0.059116 -0.499939
v 0.005741 0.127441 0.055218
v 0.005815 -0.097778 0.058071
v 0.005843 -0.015438 -0.387238
v 0.005845 -0.084602 0.088936
v 0.005869 -0.062313 0.270782
v 0.005876 -0.163513 0.016476
v 0.005890 0.061306 0.286835
v 0.005903 -0.186203 -0.028172
v 0.005983 -0.193329 0.058372
v 0.005986 -0.015209 0.186737
v 0.006004 0.079857 0.110474
v 0.006010 0.158798 0.006022
v 0.006028 -0.178253 -0.007810
v 0.006044 0.018723 0.085350
v 0.006050 -0.136353 0.046562
v 0.006070 -0.039459 0.179504
v 0.006083 0.066597 0.115463
v 0.006128 -0.158264 0.006469
v 0.006172 -0.018488 -0.397461
v 0.006286 -0.058498 0.278534
v 0.006290 -0.110420 0.067909
v 0.006340 -0.047375 0.267273
v 0.006442 0.042305 0.260406
v 0.006485 0.034859 0.084419
v 0.006493 0.062904 0.112061
v 0.006581 0.070587 0.071884
v 0.006591 0.058971 0.210129
v 0.006611 -0.062317 0.115067
v 0.006621 0.178085 -0.010501
v 0.006639 0.025635 0.384613
v 0.006658 0.045990 0.301727
v 0.006789 -0.042435 0.295868
v 0.006825 -0.039764 0.346497
v 0.006868 0.018456 0.187698
v 0.006885 -0.081238 0.067848
v 0.006950 0.135590 0.030174
v 0.006968 0.027166 0.144409
v 0.007021 -0.126114 0.037399
v 0.007114 0.035450 -0.009315
v 0.007226 0.043819 0.153061
v 0.007245 0.155518 0.020147
v 0.007312 -0.145660 0.028465
v 0.007391 -0.026213 -0.173782
v 0.007439 0.026302 -0.197617
v 0.007452 0.055725 0.282043
v 0.007524 0.001985 0.499664
v 0.007527 -0.065437 0.074127
v 0.007565 0.016029 -0.097588
v 0.007590 0.083763 0.065323
v 0.007687 0.022873 -0.185028
v 0.007729 0.016460 -0.294586
v 0.007767 -0.038521 0.258026
v 0.007820 0.089935 0.077393
v 0.007965 -0.014239 -0.301392
v 0.007995 -0.056946 0.284485
v 0.008109 -0.088608 0.077187
v 0.008173 -0.030426 0.041176
v 0.008219 -0.048058 0.283508
v 0.008222 0.101891 0.058319
v 0.008228 -0.036587 0.045261
v 0.008313 0.043659 0.310608
v 0.008387 -0.096245 0.104691
v 0.008586 0.037052 0.062202
v 0.008636 -0.019083 0.385010
v 0.008697 -0.021559 -0.228592
v 0.008700 -0.019434 0.088562
v 0.008780 0.097542 0.092537
v 0.008823 -0.113335 0.059731
v 0.008830 0.130539 0.045120
v 0.008844 -0.086700 0.108360
v 0.008926 0.015667 -0.388092
v 0.008975 0.025017 0.116760
v 0.009008 -0.013743 -0.175720
v 0.009089 -0.064789 0.113754
v 0.009164 -0.028751 0.138397
v 0.009231 -0.028877 0.013452
v 0.009289 0.102898 0.066116
v 0.009357 -0.080299 0.109200
v 0.009386 -0.031757 0.087074
v 0.009406 -0.086281 0.072006
v 0.009584 0.036354 0.044254
v 0.009642 -0.018337 0.150711
v 0.009654 -0.041294 0.294006
v 0.009694 -0.044418 0.300354
v 0.009704 -0.097557 0.096558
v 0.009741 0.083328 0.108810
v 0.009902 0.065979 0.080078
v 0.009932 0.092880 0.082497
v 0.009985 -0.014495 -0.404755
v 0.010028 0.042938 0.283722
v 0.010158 0.098877 0.104393
v 0.010193 -0.033951 -0.014260
v 0.010201 -0.012660 -0.014096
v 0.010229 0.031460 0.196198
v 0.010278 0.036621 0.227921
v 0.010325 0.025698 -0.192657
v 0.010377 -0.061127 0.081833
v 0.010474 -0.012295 -0.228882
v 0.010583 0.019848 -0.396637
v 0.010623 0.032207 0.073936
v 0.010700 0.033863 0.248581
v 0.010763 -0.031498 0.070908
v 0.010956 -0.025803 0.117729
v 0.011161 0.015633 -0.404877
v 0.011280 -0.051594 0.092529
v 0.011345 0.061481 0.082672
v 0.011436 0.013980 -0.174210
v 0.011443 -0.025814 -0.190002
v 0.011452 -0.016483 0.119209
v 0.011456 0.016052 0.178177
v 0.011474 0.000946 0.407318
v 0.011519 0.087601 0.104050
v 0.011556 -0.021797 0.070770
v 0.011604 0.029692 0.043442
v 0.011614 -0.036659 0.307098
v 0.011700 0.018867 -0.176041
v 0.011710 -0.052422 0.098488
v 0.011880 -0.060349 0.110115
v 0.011930 0.017172 0.119980
v 0.011967 0.051655 0.094078
v 0.012140 0.016214 -0.390533
v 0.012157 -0.010821 -0.388428
v 0.012208 -0.033581 0.052769
v 0.012238 -0.024500 -0.210754
v 0.012263 0.024776 0.139893
v 0.012266 -0.066376 0.082512
v 0.012317 0.071777 0.080597
v 0.012367 -0.010915 -0.062443
v 0.012394 0.021120 -0.232040
v 0.012407 0.084572 0.071022
v 0.012449 0.013102 -0.231720
v 0.012617 -0.028446 0.322998
v 0.012628 0.059559 0.105476
v 0.012649 0.013381 -0.089539
v 0.012704 0.067993 0.109467
v 0.012743 0.031361 0.129913
v 0.012783 -0.016462 0.138657
v 0.012791 0.013303 -0.014068
v 0.012795 0.013220 -0.313751
v 0.012797 -0.093216 0.099907
v 0.012804 -0.070656 0.106018
v 0.012825 0.077950 0.103523
v 0.012941 0.017487 0.130905
v 0.012952 -0.036911 0.165634
v 0.012968 0.030588 0.120003
v 0.012988 -0.025326 -0.182220
v 0.013034 0.034935 0.283630
v 0.013096 0.019218 0.346588
v 0.013121 0.025539 0.313293
v 0.013317 -0.057766 0.103981
v 0.013368 0.096848 0.097694
v 0.013441 0.023582 -0.213120
v 0.013463 -0.016212 0.126892
v 0.013483 0.080421 0.084030
v 0.013507 -0.030767 0.255005
v 0.013607 -0.087555 0.079559
v 0.013612 0.033424 0.055256
v 0.013663 -0.026276 0.291199
v 0.013665 -0.025715 0.126984
v 0.013699 -0.083160 0.103806
v 0.013759 0.031635 0.065323
v 0.013847 -0.008389 -0.174118
v 0.013870 0.055767 0.100456
v 0.013955 -0.035751 0.224106
v 0.014022 -0.074554 0.093513
v 0.014139 0.032219 0.232712
v 0.014209 0.070999 0.095589
v 0.014305 0.021044 -0.215729
v 0.014370 0.092941 0.086533
v 0.014425 0.010201 0.187225
v 0.014431 -0.029051 0.238892
v 0.014507 0.035866 0.175064
v 0.014576 -0.008392 -0.301697
v 0.014582 -0.020037 -0.173889
v 0.014627 -0.060658 0.099533
v 0.014710 -0.024071 0.308807
v 0.014759 0.021015 -0.204239
v 0.014871 0.010107 -0.388153
v 0.014879 -0.004138 -0.405304
v 0.015033 0.011230 0.337433
v 0.015042 -0.053562 0.210678
v 0.015044 0.021547 0.132080
v 0.015055 0.027437 0.015089
v 0.015230 0.013577 0.114876
v 0.015280 0.009253 -0.174011
v 0.015281 0.027884 0.063545
v 0.015411 -0.028374 0.268097
v 0.015427 -0.012795 -0.395996
v 0.015471 0.007708 -0.013921
v 0.015486 -0.031506 0.012744
v 0.015597 0.004865 0.373047
v 0.015844 -0.026787 0.041893
v 0.015959 -0.003723 -0.172974
v 0.016033 -0.005180 -0.229965
v 0.016068 0.008574 -0.311218
v 0.016098 0.040932 0.219650
v 0.016140 0.016813 -0.185791
v 0.016155 -0.004454 -0.067680
v 0.016212 -0.003744 -0.013833
v 0.016428 -0.032215 0.062798
v 0.016468 0.005717 -0.230927
v 0.016485 -0.002259 -0.386963
v 0.016552 0.013123 0.150787
v 0.016575 0.013176 0.133469
v 0.016590 0.003644 0.360931
v 0.016653 -0.003053 0.186340
v 0.016676 0.039478 0.151154
v 0.016695 -0.012276 0.089424
v 0.016769 -0.004057 0.178818
v 0.016804 0.001437 -0.056046
v 0.016848 0.029161 -0.014207
v 0.016865 0.002944 -0.172104
v 0.017040 0.026464 0.268097
v 0.017063 0.005232 -0.387451
v 0.017115 0.027908 0.277435
v 0.017164 -0.000088 -0.316895
v 0.017668 -0.014111 -0.224670
v 0.017723 0.010441 0.087921
v 0.018007 -0.011716 -0.173965
v 0.018187 -0.018745 0.063011
v 0.018333 0.027105 0.252136
v 0.018387 0.027096 0.072952
v 0.018412 0.022051 0.276855
v 0.018532 0.005672 0.336304
v 0.018578 -0.008376 0.150436
v 0.018801 -0.017599 -0.199905
v 0.018990 0.013158 -0.223236
v 0.019295 0.029634 0.013388
v 0.019356 0.005223 -0.177170
v 0.019379 -0.004855 -0.396576
v 0.019583 -0.016306 0.282593
v 0.019590 0.009655 -0.184189
v 0.019861 -0.003295 0.089256
v 0.019873 0.003766 0.150436
v 0.020073 -0.000543 0.322906
v 0.020079 0.054081 0.209885
v 0.020145 -0.013642 -0.184586
v 0.020237 0.010067 -0.231064
v 0.020304 0.010805 -0.198303
v 0.020397 -0.009937 0.299072
v 0.020449 0.008333 -0.396454
v 0.020884 -0.027250 0.044044
v 0.021017 -0.004375 -0.229126
v 0.021221 -0.011762 0.071251
v 0.021282 -0.004058 -0.222565
v 0.021566 -0.004135 -0.197388
v 0.021656 0.029566 0.178696
v 0.021713 -0.011150 -0.214584
v 0.021795 0.027216 0.044151
v 0.021933 -0.019678 0.013366
v 0.021959 0.027382 0.063469
v 0.022133 -0.023512 0.072357
v 0.022245 -0.020182 0.089577
v 0.022398 -0.002722 -0.190399
v 0.022560 0.008126 -0.210434
v 0.022615 0.026535 0.084839
v 0.022930 -0.034714 0.150604
v 0.022982 0.023661 0.055252
v 0.023008 -0.009496 0.063843
v 0.023054 0.015452 0.254852
v 0.023108 -0.019157 0.032455
v 0.023144 -0.018017 0.258026
v 0.023161 0.027306 -0.010494
v 0.023251 0.019670 0.043667
v 0.023342 0.012576 0.065704
v 0.023729 -0.022484 0.055592
v 0.023752 0.035366 0.153229
v 0.023947 0.014620 0.284454
v 0.024294 0.020048 0.073929
v 0.024319 0.000677 0.070488
v 0.024328 0.017502 0.014544
v 0.024406 -0.026228 -0.010796
v 0.024616 -0.029448 0.177536
v 0.024618 -0.030008 0.165573
v 0.024767 0.017561 0.277313
v 0.024895 0.021908 0.066238
v 0.025064 -0.022383 0.063080
v 0.025503 -0.034603 0.151871
v 0.025532 0.023560 0.198486
v 0.025768 -0.008112 0.284943
v 0.026430 0.017233 0.257874
v 0.026676 -0.016594 0.043365
v 0.027224 -0.020538 0.012961
v 0.027443 0.005618 0.251312
v 0.027452 0.011260 0.056431
v 0.027464 -0.036396 0.205658
v 0.027548 0.019793 0.251282
v 0.027742 -0.008623 0.014256
v 0.027782 0.010272 0.030203
v 0.027929 0.014543 0.085281
v 0.028221 0.015385 0.047562
v 0.028223 0.007008 0.045208
v 0.028477 0.005753 0.014252
v 0.028532 -0.009910 0.089531
v 0.028893 -0.006592 0.055901
v 0.029066 -0.004186 0.029640
v 0.029121 -0.021049 0.232712
v 0.029171 -0.009943 0.062759
v 0.029243 -0.015881 0.251404
v 0.029274 0.008665 0.063583
v 0.029419 0.024057 0.176041
v 0.029470 -0.008611 0.071815
v 0.029472 -0.016159 -0.013988
v 0.029915 -0.002332 0.246231
v 0.029928 -0.008015 0.047462
v 0.029955 0.005255 0.071281
v 0.030445 0.011049 -0.013774
v 0.030510 0.016960 0.013223
v 0.030581 0.019905 0.230896
v 0.030619 -0.006086 0.233154
v 0.030750 -0.003136 0.040890
v 0.030994 0.016781 -0.008949
v 0.032150 0.022394 0.167603
v 0.032337 -0.010247 0.013262
v 0.032707 -0.012477 -0.011730
v 0.032761 0.008825 0.198746
v 0.033043 -0.022989 0.222427
v 0.033745 0.021416 0.223160
v 0.033985 0.004722 0.013042
v 0.034618 -0.017677 0.170013
v 0.034641 -0.016521 0.178833
v 0.034744 0.041264 0.209381
v 0.035156 0.001775 -0.007970
v 0.035591 -0.002215 0.221069
v 0.036041 -0.030178 0.216919
v 0.036076 0.021019 0.153442
v 0.036900 0.014855 0.168976
v 0.037636 -0.004149 0.178772
v 0.037888 -0.017010 0.155045
v 0.038277 0.004801 0.175110
v 0.038910 -0.009919 0.150894
v 0.040977 0.012139 0.150681
v 0.041164 0.030478 0.208481
v 0.042301 -0.002064 0.153076
v 0.042587 -0.027006 0.211365
v 0.043438 -0.024714 0.207748
v 0.044708 0.025105 0.211929
v 0.045959 -0.015573 0.214417
v 0.045979 0.010938 0.207214
v 0.045979 -0.007841 0.206253
v 0.046310 0.006714 0.212067
v -0.000001 0.168106 -0.126465
v -0.000006 0.093323 0.269257
v -0.000007 0.258240 -0.025753
v -0.000009 -0.025074 -0.261871
v -0.000013 -0.207275 -0.178055
v -0.000014 0.323273 -0.367950
v -0.000029 -0.251007 -0.115700
v -0.000066 0.082985 0.290314
v -0.000078 0.068527 -0.409393
v -0.000089 0.037678 0.405182
v -0.000090 -0.314331 -0.354095
v -0.000094 0.309967 -0.324188
v -0.000095 -0.028839 -0.189331
v -0.000099 -0.142136 -0.062355
v -0.000100 -0.231445 0.006526
v -0.000100 -0.316650 -0.188217
v -0.000104 -0.128616 0.015086
v -0.000108 0.328918 -0.275940
v -0.000123 0.060966 0.337158
v -0.000123 0.328064 -0.335480
v -0.000126 -0.040073 0.165192
v -0.000132 -0.235413 -0.004456
v -0.000149 -0.016859 -0.176880
v -0.000154 0.275360 -0.059708
v -0.000155 -0.320129 -0.376526
v -0.000186 -0.041035 -0.285889
v -0.000189 -0.016317 -0.244049
v -0.000190 0.018511 -0.077415
v -0.000215 -0.070839 0.311737
v -0.000227 -0.316467 -0.390289
v -0.000229 -0.145523 -0.099365
v -0.000245 -0.050049 -0.303131
v -0.000246 -0.062313 0.331726
v -0.000254 -0.253326 -0.227753
v -0.000257 -0.038158 0.240982
v -0.000284 0.211823 -0.157043
v -0.000300 0.050480 0.373779
v -0.000307 0.268555 -0.041817
v -0.000327 -0.267212 -0.246552
v -0.000335 0.215714 -0.121178
v -0.000336 0.040756 0.225967
v -0.000340 -0.252228 -0.014945
v -0.000378 0.315887 -0.353912
v -0.000378 0.001332 -0.405670
v -0.000384 -0.231491 -0.197464
v -0.000384 -0.258301 -0.235291
v -0.000393 0.029942 -0.189301
v -0.000396 0.039886 0.176575
v -0.000397 -0.181168 -0.144791
v -0.000408 -0.202576 -0.170227
v -0.000438 -0.100746 0.078003
v -0.000440 -0.278015 -0.095535
v -0.000446 0.155807 -0.111961
v -0.000481 0.304138 -0.128937
v -0.000483 0.023890 -0.396332
v -0.000487 -0.270050 -0.050804
v -0.000501 -0.018127 -0.383484
v -0.000509 0.047203 0.217911
v -0.000513 -0.066864 0.116844
v -0.000522 -0.196945 -0.025726
v -0.000526 -0.035053 0.012795
v -0.000549 -0.315186 -0.174606
v -0.000550 -0.028198 0.061436
v -0.000552 -0.135254 -0.077484
v -0.000553 -0.040066 0.245422
v -0.000553 -0.065651 -0.489288
v -0.000559 0.242264 -0.001157
v -0.000562 0.198669 -0.022541
v -0.000592 -0.078964 0.065063
v -0.000592 -0.125687 0.066017
v -0.000629 -0.154892 0.037067
v -0.000639 -0.021046 -0.394440
v -0.000640 -0.031052 -0.370148
v -0.000643 -0.026846 -0.267334
v -0.000654 -0.020496 -0.394348
v -0.000661 0.152893 0.046066
v -0.000694 -0.053436 0.284180
v -0.000751 -0.185196 -0.006234
v -0.000760 -0.243805 -0.213806
v -0.000778 -0.066544 -0.439880
v -0.000794 -0.308899 -0.172501
v -0.000802 -0.170029 -0.130005
v -0.000824 0.036480 0.013193
v -0.000831 -0.308899 -0.172226
v -0.000879 -0.188782 -0.011793
v -0.000884 -0.206558 -0.017712
v -0.000890 -0.122162 0.023111
v -0.000910 0.017103 0.454254
v -0.000948 0.256500 -0.184128
v -0.000953 -0.093697 0.006618
v -0.000972 0.297943 -0.169220
v -0.000988 0.190369 -0.011044
v -0.000992 0.161301 0.047512
v -0.001001 0.186447 -0.073692
v -0.001004 -0.318512 -0.208054
v -0.001008 -0.109291 0.241257
v -0.001017 -0.052269 0.349854
v -0.001019 0.142883 -0.053314
v -0.001024 -0.053562 0.357361
v -0.001032 -0.326904 -0.324402
v -0.001040 -0.278687 -0.071320
v -0.001048 0.146576 -0.087196
v -0.001070 0.072823 0.308167
v -0.001076 -0.088707 0.093216
v -0.001086 0.203049 -0.054653
v -0.001095 -0.106270 0.048267
v -0.001095 0.054066 0.350739
v -0.001123 -0.101753 0.028582
v -0.001133 0.212570 -0.045799
v -0.001134 0.050697 0.304962
v -0.001135 -0.094360 0.249084
v -0.001136 0.237595 -0.172531
v -0.001140 0.078094 0.254791
v -0.001141 0.074432 0.049747
v -0.001158 -0.197586 -0.070557
v -0.001167 -0.168991 -0.025579
v -0.001174 -0.074104 0.257477
v -0.001201 0.227585 -0.062450
v -0.001208 -0.216324 -0.056812
v -0.001248 0.067520 0.311188
v -0.001249 -0.100174 -0.018356
v -0.001256 0.176758 -0.066872
v -0.001263 -0.029913 -0.345337
v -0.001266 -0.273071 -0.120689
v -0.001269 -0.253937 -0.025005
v -0.001273 0.139435 -0.093948
v -0.001283 -0.225021 -0.031898
v -0.001296 -0.153610 -0.104774
v -0.001310 0.242142 -0.144577
v -0.001327 -0.153000 0.049095
v -0.001348 -0.030758 -0.295532
v -0.001353 -0.189468 -0.096237
v -0.001364 -0.156967 -0.080360
v -0.001381 -0.082222 0.004448
v -0.001383 0.118599 0.006330
v -0.001384 -0.242783 -0.101578
v -0.001400 0.016609 -0.405060
v -0.001430 0.255219 -0.144470
v -0.001440 0.235535 -0.051674
v -0.001441 -0.237091 -0.181534
v -0.001444 -0.177124 0.076668
v -0.001448 0.167877 -0.031956
v -0.001462 0.142914 0.061405
v -0.001465 0.165009 0.039562
v -0.001470 -0.079124 0.044949
v -0.001475 -0.275482 -0.218857
v -0.001489 0.102333 0.251251
v -0.001493 -0.081535 0.111595
v -0.001497 -0.031876 -0.390808
v -0.001509 -0.193420 -0.044392
v -0.001511 0.048714 0.306824
v -0.001523 -0.076447 0.023325
v -0.001534 -0.141571 0.014921
v -0.001545 -0.248947 -0.178345
v -0.001550 0.021748 0.436554
v -0.001562 -0.027985 -0.329102
v -0.001565 0.084755 0.061954
v -0.001571 0.076523 0.057217
v -0.001578 0.164642 -0.078110
v -0.001580 -0.129517 0.098045
v -0.001582 -0.075470 0.055187
v -0.001586 -0.151321 0.033409
v -0.001594 -0.073837 0.059196
v -0.001598 -0.081985 0.040611
v -0.001603 -0.130936 0.053894
v -0.001604 0.045933 0.252197
v -0.001607 0.030891 -0.380066
v -0.001619 0.251953 -0.117500
v -0.001626 0.067276 0.045979
v -0.001647 0.111656 0.102158
v -0.001655 0.123489 -0.031168
v -0.001659 0.148087 0.011305
v -0.001659 0.249939 -0.014216
v -0.001660 0.230225 -0.132141
v -0.001665 -0.023663 -0.226776
v -0.001671 0.239700 -0.096092
v -0.001676 0.056477 0.259613
v -0.001680 -0.230713 -0.127014
v -0.001687 -0.179153 -0.066643
v -0.001690 0.249817 -0.083260
v -0.001692 0.201935 -0.030567
v -0.001707 -0.240219 -0.118622
v -0.001708 0.171631 -0.100021
v -0.001712 -0.081703 0.280243
v -0.001741 0.194855 -0.042221
v -0.001748 -0.168472 -0.091827
v -0.001750 -0.117599 -0.019320
v -0.001775 0.131042 0.027096
v -0.001781 0.031872 -0.360382
v -0.001782 0.018120 -0.284210
v -0.001794 0.293365 -0.138138
v -0.001804 -0.262207 -0.170013
v -0.001809 -0.204895 -0.039436
v -0.001812 -0.086716 0.061749
v -0.001814 0.018303 -0.316681
v -0.001824 0.326233 -0.272156
v -0.001825 0.168549 0.017288
v -0.001826 0.004586 0.495941
v -0.001827 0.063248 0.113495
v -0.001840 0.237259 -0.027266
v -0.001842 0.042618 -0.337036
v -0.001844 -0.162827 -0.048740
v -0.001845 -0.274933 -0.141312
v -0.001855 0.265015 -0.140076
v -0.001860 0.155655 -0.026472
v -0.001865 0.057644 -0.396790
v -0.001866 -0.143784 -0.044014
v -0.001873 0.140625 0.046589
v -0.001883 -0.067642 0.062111
v -0.001885 -0.053112 0.341766
v -0.001895 -0.227295 -0.011848
v -0.001899 -0.230621 -0.079430
v -0.001901 -0.228470 -0.058094
v -0.001906 -0.060913 -0.323242
v -0.001907 0.111267 0.043678
v -0.001909 -0.145325 0.097015
v -0.001921 0.276184 -0.183868
v -0.001927 0.077316 0.009704
v -0.001929 0.100807 0.017958
v -0.001929 -0.189697 -0.006936
v -0.001933 0.236374 -0.108002
v -0.001943 0.294189 -0.235092
v -0.001945 0.150558 -0.066269
v -0.001952 -0.124687 0.059563
v -0.001955 -0.017485 -0.344757
v -0.001969 -0.028887 -0.311981
v -0.001969 -0.281677 -0.217590
v -0.001983 -0.302185 -0.176727
v -0.001990 -0.288361 -0.186569
v -0.001993 0.124374 0.108398
v -0.001993 -0.085106 -0.041359
v -0.001995 -0.063370 0.116020
v -0.002000 -0.297180 -0.142303
v -0.002017 0.260223 -0.054230
v -0.002018 -0.143906 -0.005359
v -0.002029 0.081596 0.048267
v -0.002037 -0.017521 0.442200
v -0.002037 -0.060192 -0.438782
v -0.002056 -0.187546 -0.037243
v -0.002057 0.092278 0.085915
v -0.002058 0.034977 -0.014089
v -0.002059 -0.218170 0.028261
v -0.002061 -0.126236 0.030327
v -0.002074 0.288696 -0.185852
v -0.002076 0.180588 0.053699
v -0.002096 0.047894 -0.398529
v -0.002099 -0.068054 0.020535
v -0.002106 0.018803 -0.327057
v -0.002118 -0.170319 0.013483
v -0.002127 -0.123520 0.092247
v -0.002131 0.270569 -0.110115
v -0.002136 -0.184601 0.042679
v -0.002143 0.109093 0.104538
v -0.002145 -0.310059 -0.163086
v -0.002150 0.128799 0.111404
v -0.002150 -0.288452 -0.200989
v -0.002165 -0.096230 0.092743
v -0.002174 0.026783 -0.255188
v -0.002175 0.086456 -0.003541
v -0.002181 -0.221664 -0.022526
v -0.002184 -0.016472 -0.269165
v -0.002186 -0.323578 -0.355194
v -0.002187 0.037193 0.198334
v -0.002208 0.041725 -0.305420
v -0.002212 0.079529 -0.004283
v -0.002219 -0.031590 0.041615
v -0.002220 -0.077690 0.050762
v -0.002221 0.040642 -0.319305
v -0.002221 -0.295074 -0.254395
v -0.002227 0.157074 0.111526
v -0.002227 -0.066750 0.022919
v -0.002230 0.227631 -0.067207
v -0.002236 0.255951 -0.166733
v -0.002239 0.179840 -0.083313
v -0.002246 0.108765 0.243561
v -0.002249 0.098831 0.104553
v -0.002251 -0.027882 -0.375366
v -0.002257 0.106880 0.048977
v -0.002260 0.198700 0.035614
v -0.002262 -0.030031 -0.248199
v -0.002264 -0.075836 -0.011398
v -0.002268 -0.102654 0.014518
v -0.002277 0.018904 -0.250793
v -0.002283 0.151840 0.096268
v -0.002287 -0.204041 -0.059139
v -0.002290 0.154526 0.032448
v -0.002290 -0.268158 -0.122589
v -0.002291 0.034370 0.074295
v -0.002300 -0.163940 -0.028669
v -0.002303 0.182373 0.071953
v -0.002310 0.174973 -0.019402
v -0.002314 0.084435 -0.016634
v -0.002316 -0.035954 0.390015
v -0.002318 0.203903 -0.089920
v -0.002321 0.251099 -0.191544
v -0.002329 -0.250397 -0.053711
v -0.002336 0.043011 -0.245026
v -0.002337 0.312592 -0.327484
v -0.002342 0.146225 -0.031414
v -0.002348 0.093628 0.261139
v -0.002349 -0.159729 -0.001946
v -0.002356 -0.197281 -0.154343
v -0.002364 -0.256775 -0.199463
v -0.002366 0.298706 -0.157135
v -0.002369 0.144379 0.055618
v -0.002371 0.112892 0.099411
v -0.002372 -0.016670 -0.366730
v -0.002378 -0.310974 -0.259460
v -0.002381 0.165253 -0.008982
v -0.002401 -0.216644 -0.109367
v -0.002402 -0.214096 -0.030067
v -0.002403 0.294769 -0.190216
v -0.002412 0.181244 -0.142242
v -0.002413 -0.039371 -0.292664
v -0.002417 -0.184036 -0.079262
v -0.002420 -0.103218 0.246658
v -0.002429 -0.016300 -0.252441
v -0.002431 0.018845 -0.370819
v -0.002432 -0.262329 -0.142471
v -0.002440 -0.178055 -0.023914
v -0.002455 0.228317 -0.007625
v -0.002455 -0.153915 0.084129
v -0.002460 -0.092911 0.259979
v -0.002467 -0.032806 -0.258606
v -0.002467 0.309784 -0.155136
v -0.002474 -0.064453 0.044014
v -0.002481 0.311554 -0.249069
v -0.002483 -0.121300 -0.073425
v -0.002484 0.061089 0.030670
v -0.002484 0.150360 0.065704
v -0.002489 0.131134 0.096092
v -0.002490 -0.036411 0.052303
v -0.002496 0.119873 0.038231
v -0.002500 -0.028151 -0.322906
v -0.002501 -0.128128 0.108978
v -0.002504 0.003735 0.481750
v -0.002548 -0.048210 0.257080
v -0.002548 -0.136139 -0.090187
v -0.002550 0.079483 -0.021835
v -0.002552 -0.016504 -0.315643
v -0.002555 0.238739 -0.153366
v -0.002564 0.196457 0.009262
v -0.002576 0.085648 -0.035812
v -0.002576 0.233032 -0.044495
v -0.002581 -0.247559 -0.133362
v -0.002584 0.194550 -0.140411
v -0.002591 -0.267456 -0.100311
v -0.002596 0.050087 0.349457
v -0.002597 -0.139984 -0.010609
v -0.002606 -0.237869 -0.140091
v -0.002623 -0.137375 0.046528
v -0.002640 0.056896 -0.401520
v -0.002644 0.118576 0.114815
v -0.002650 0.131912 0.015690
v -0.002652 0.060268 -0.444641
v -0.002653 -0.112419 0.042843
v -0.002675 -0.139542 0.089897
v -0.002680 0.190872 -0.037216
v -0.002683 -0.300140 -0.302765
v -0.002703 -0.045971 -0.324982
v -0.002708 0.304565 -0.279266
v -0.002716 0.215546 -0.097298
v -0.002716 -0.229935 -0.160034
v -0.002717 -0.006860 -0.404846
v -0.002738 -0.098610 0.095566
v -0.002738 -0.105881 0.102234
v -0.002741 -0.063278 -0.005250
v -0.002743 -0.303772 -0.164139
v -0.002767 0.046379 -0.426361
v -0.002774 -0.034447 -0.408875
v -0.002791 -0.298553 -0.195572
v -0.002795 0.028263 -0.247864
v -0.002806 -0.100403 -0.038006
v -0.002827 -0.127930 0.021435
v -0.002830 0.260864 -0.202164
v -0.002831 0.062828 0.257080
v -0.002832 0.175247 0.006024
v -0.002842 -0.194000 -0.101265
v -0.002843 -0.074112 0.255646
v -0.002857 0.205475 -0.162445
v -0.002859 -0.306152 -0.145294
v -0.002871 0.058895 -0.371948
v -0.002876 -0.156982 -0.062805
v -0.002883 -0.242188 -0.064400
v -0.002885 0.000818 0.488495
v -0.002894 0.301086 -0.195053
v -0.002896 0.228897 -0.170059
v -0.002899 -0.219513 -0.079506
v -0.002904 0.213287 -0.007923
v -0.002907 0.032261 0.043751
v -0.002908 -0.085205 0.085831
v -0.002910 -0.180771 -0.141037
v -0.002912 0.190109 0.064331
v -0.002913 0.132431 -0.037464
v -0.002928 -0.312805 -0.231247
v -0.002941 -0.211533 -0.179291
v -0.002945 0.315063 -0.173782
v -0.002947 0.159088 -0.082710
v -0.002948 -0.158768 0.065453
v -0.002948 -0.299957 -0.206131
v -0.002951 0.221024 -0.079697
v -0.002959 0.018068 -0.307800
v -0.002960 -0.176895 -0.125671
v -0.002963 -0.132004 -0.000574
v -0.002969 -0.053146 -0.308502
v -0.002975 0.171371 -0.064590
v -0.002985 -0.311035 -0.175232
v -0.002991 0.304443 -0.209763
v -0.002998 0.265106 -0.212051
v -0.003000 -0.108879 -0.033737
v -0.003000 0.037109 0.179276
v -0.003000 0.159348 -0.109573
v -0.003003 0.173172 -0.131256
v -0.003003 0.306458 -0.141663
v -0.003004 0.044140 -0.284393
v -0.003008 -0.262970 -0.080551
v -0.003014 0.165115 0.081779
v -0.003027 0.212067 -0.180466
v -0.003027 -0.055790 -0.331879
v -0.003029 -0.067276 -0.350220
v -0.003031 -0.057953 0.029215
v -0.003038 -0.134216 -0.027536
v -0.003052 0.133789 -0.071747
v -0.003054 0.033451 -0.398193
v -0.003056 0.157791 0.071205
v -0.003058 0.123909 -0.075226
v -0.003083 -0.107918 -0.054623
v -0.003084 0.018215 -0.338196
v -0.003089 -0.115311 0.025463
v -0.003099 -0.287384 -0.273743
v -0.003100 -0.127792 -0.023096
v -0.003101 -0.136963 0.069809
v -0.003120 -0.055305 -0.395416
v -0.003128 -0.203629 0.015692
v -0.003133 -0.237915 -0.190933
v -0.003144 -0.241501 -0.185135
v -0.003159 0.036411 -0.253601
v -0.003164 0.124825 0.059631
v -0.003206 0.274170 -0.087944
v -0.003214 0.286621 -0.199570
v -0.003217 0.107491 -0.050034
v -0.003219 0.276886 -0.137512
v -0.003232 -0.105492 -0.008596
v -0.003234 -0.306763 -0.283813
v -0.003237 -0.067802 -0.433746
v -0.003247 0.318390 -0.221619
v -0.003247 -0.217972 -0.133133
v -0.003256 -0.185394 0.022028
v -0.003259 0.154724 0.043201
v -0.003265 0.191147 -0.153854
v -0.003272 -0.161896 0.053421
v -0.003274 -0.252380 -0.219223
v -0.003289 -0.058273 -0.380341
v -0.003292 -0.289612 -0.144287
v -0.003293 -0.200699 -0.134247
v -0.003299 0.317993 -0.237076
v -0.003306 0.293793 -0.281891
v -0.003313 0.055428 -0.306488
v -0.003316 0.216919 -0.149689
v -0.003329 0.310822 -0.212234
v -0.003348 -0.113235 0.068916
v -0.003348 0.061375 -0.324677
v -0.003364 0.261658 -0.079529
v -0.003376 -0.317017 -0.188675
v -0.003376 0.263855 -0.035336
v -0.003385 0.099258 0.096504
v -0.003391 -0.238754 -0.208618
v -0.003391 0.024010 -0.185013
v -0.003391 -0.066971 -0.364716
v -0.003395 -0.320251 -0.297729
v -0.003400 0.124390 0.065056
v -0.003411 0.133926 0.090462
v -0.003442 0.017904 -0.266968
v -0.003450 0.035191 0.323608
v -0.003463 -0.243851 -0.113037
v -0.003464 0.249115 -0.217041
v -0.003470 0.265839 -0.227234
v -0.003474 0.328735 -0.297791
v -0.003476 0.046577 0.092216
v -0.003494 -0.221390 -0.178543
v -0.003500 0.219940 -0.162842
v -0.003502 0.166122 -0.122169
v -0.003504 0.240555 -0.063545
v -0.003505 -0.064293 -0.359283
v -0.003505 0.269135 -0.113655
v -0.003512 -0.264191 -0.073456
v -0.003514 0.128616 -0.002220
v -0.003516 0.138351 0.069382
v -0.003520 -0.050583 0.254578
v -0.003524 0.273499 -0.052753
v -0.003537 -0.048981 -0.328888
v -0.003540 0.295441 -0.113205
v -0.003541 0.304047 -0.257629
v -0.003541 0.027214 -0.198181
v -0.003543 -0.242371 -0.071274
v -0.003547 0.058525 0.360107
v -0.003553 -0.105621 0.074852
v -0.003563 -0.292999 -0.229538
v -0.003565 0.323273 -0.223267
v -0.003568 0.212234 -0.116371
v -0.003576 -0.016228 -0.235565
v -0.003581 0.203827 0.052555
v -0.003584 0.098854 -0.026735
v -0.003588 0.238434 -0.104073
v -0.003598 -0.203018 0.047146
v -0.003599 0.216446 -0.122543
v -0.003601 0.018131 -0.353973
v -0.003610 -0.278503 -0.260895
v -0.003612 0.070221 -0.439453
v -0.003614 -0.069260 -0.381195
v -0.003614 0.307709 -0.291718
v -0.003617 -0.146439 0.044327
v -0.003619 -0.056206 0.264465
v -0.003624 0.306702 -0.309204
v -0.003634 0.269897 -0.242706
v -0.003639 0.222061 -0.183868
v -0.003639 0.319153 -0.192566
v -0.003642 -0.171204 -0.062790
v -0.003650 0.136032 -0.022627
v -0.003651 -0.314728 -0.225800
v -0.003652 -0.037663 -0.262848
v -0.003658 0.055523 -0.449219
v -0.003662 0.065384 -0.354156
v -0.003675 0.260315 -0.210861
v -0.003676 -0.162338 -0.115540
v -0.003686 -0.319885 -0.250061
v -0.003686 -0.133377 0.087715
v -0.003687 -0.164047 0.038376
v -0.003688 -0.295746 -0.120689
v -0.003690 -0.093155 -0.006035
v -0.003708 0.256897 -0.023773
v -0.003715 -0.138336 0.068260
v -0.003719 0.274445 -0.080902
v -0.003723 -0.256683 -0.230789
v -0.003727 0.268982 -0.233658
v -0.003731 -0.168030 0.032406
v -0.003746 -0.254333 -0.023304
v -0.003758 0.097763 0.002961
v -0.003766 0.063736 -0.489807
v -0.003778 -0.053555 -0.445282
v -0.003787 -0.243668 -0.209351
v -0.003788 0.240555 -0.070457
v -0.003793 -0.319977 -0.212540
v -0.003818 0.314331 -0.342896
v -0.003819 0.147415 -0.095779
v -0.003821 0.083694 0.088387
v -0.003834 -0.224503 0.004201
v -0.003834 0.114128 0.071922
v -0.003842 -0.313019 -0.338837
v -0.003864 -0.130035 0.065094
v -0.003872 -0.240387 -0.007097
v -0.003872 -0.092529 0.087601
v -0.003887 0.052662 -0.376678
v -0.003904 -0.183197 0.030268
v -0.003906 0.098091 0.085915
v -0.003932 -0.212341 0.035503
v -0.003939 0.068871 -0.371887
v -0.003948 -0.212509 -0.134766
v -0.003957 -0.197800 0.026695
v -0.003960 0.260773 -0.145096
v -0.003961 -0.068314 -0.466827
v -0.003970 0.187714 -0.132050
v -0.003971 -0.190094 -0.153824
v -0.003981 -0.268494 -0.045635
v -0.003984 -0.130341 0.078644
v -0.004002 0.040783 0.368103
v -0.004010 -0.103516 0.079697
v -0.004014 0.225723 -0.085197
v -0.004021 0.323853 -0.260529
v -0.004030 -0.021681 0.150497
v -0.004034 -0.139893 -0.056576
v -0.004036 0.067497 -0.401459
v -0.004042 -0.190353 0.051392
v -0.004049 -0.105057 0.091118
v -0.004063 0.328003 -0.348022
v -0.004064 0.300720 -0.294830
v -0.004067 0.276825 -0.254242
v -0.004071 0.201721 0.026093
v -0.004071 -0.180450 0.060745
v -0.004085 -0.127518 0.061771
v -0.004089 0.242279 -0.005835
v -0.004095 0.259827 -0.230743
v -0.004132 -0.285553 -0.084038
v -0.004140 -0.062195 -0.488312
v -0.004162 -0.068535 -0.409332
v -0.004174 -0.214951 0.019348
v -0.004191 -0.326599 -0.287109
v -0.004193 0.066307 -0.349518
v -0.004194 -0.097794 0.020161
v -0.004199 -0.040131 -0.291199
v -0.004200 0.289612 -0.102242
v -0.004220 0.321228 -0.375092
v -0.004229 0.017971 -0.235138
v -0.004239 0.207870 -0.173431
v -0.004242 0.067558 -0.494720
v -0.004245 0.210449 -0.165848
v -0.004249 0.141678 -0.052975
v -0.004251 -0.068359 -0.399475
v -0.004266 -0.304047 -0.308685
v -0.004271 -0.024147 0.113686
v -0.004287 -0.061264 -0.499542
v -0.004296 -0.259888 -0.146530
v -0.004322 0.102180 0.076515
v -0.004340 -0.324402 -0.237595
v -0.004366 0.327454 -0.239731
v -0.004371 0.221176 0.005567
v -0.004376 -0.020332 0.087677
v -0.004398 -0.147919 -0.098618
v -0.004404 -0.106873 0.048988
v -0.004406 0.219986 0.015558
v -0.004429 0.164322 0.036800
v -0.004438 -0.213348 -0.058617
v -0.004460 -0.040756 0.253784
v -0.004470 0.068344 -0.406769
v -0.004480 0.020475 0.178131
v -0.004482 0.236618 0.011906
v -0.004490 0.200790 0.019110
v -0.004495 0.028158 -0.214035
v -0.004499 -0.194229 -0.040123
v -0.004533 0.206268 -0.052837
v -0.004536 0.316406 -0.386871
v -0.004542 0.060982 0.267120
v -0.004561 -0.287292 -0.102005
v -0.004605 0.201370 -0.036247
v -0.004608 -0.190811 -0.021332
v -0.004638 0.182556 0.027155
v -0.004711 -0.314026 -0.391571
v -0.004715 0.176498 0.032097
v -0.004726 0.028532 -0.201874
v -0.004730 -0.226776 0.015711
v -0.004772 0.018208 -0.093620
v -0.004800 0.096832 0.092751
v -0.004808 -0.015208 -0.014098
v -0.004856 -0.029610 0.013857
v -0.004889 0.066902 0.116302
v -0.004945 0.147079 0.037716
v -0.004951 0.287445 -0.083168
v -0.004961 -0.224335 -0.081276
v -0.004964 0.050667 0.370392
v -0.005033 -0.325439 -0.352173
v -0.005071 -0.016535 0.186371
v -0.005073 0.063942 0.077446
v -0.005091 -0.062958 0.074348
v -0.005147 -0.090256 0.085045
v -0.005180 -0.027184 -0.172470
v -0.005285 -0.057171 0.279022
v -0.005344 0.000239 0.500000
v -0.005375 -0.132706 0.028175
v -0.005397 -0.057751 -0.498352
v -0.005426 0.037186 0.043880
v -0.005504 -0.190643 0.056515
v -0.005521 -0.028017 0.143112
v -0.005541 0.176193 -0.015642
v -0.005563 -0.027832 -0.204636
v -0.005648 -0.015728 -0.388519
v -0.005807 0.047249 0.086861
v -0.005817 0.017380 -0.172577
v -0.005946 0.058926 -0.498169
v -0.005952 -0.166916 0.012010
v -0.006037 0.059200 0.210190
v -0.006073 0.128876 0.035061
v -0.006102 0.157806 0.022457
v -0.006108 0.052280 0.307648
v -0.006132 -0.143494 0.037350
v -0.006269 0.019028 0.186890
v -0.006273 0.157471 0.009097
v -0.006318 -0.040707 0.150192
v -0.006346 0.028742 0.144089
v -0.006395 0.079391 0.110016
v -0.006477 -0.034969 0.198425
v -0.006572 -0.018761 0.115685
v -0.006623 -0.040356 0.344513
v -0.006625 -0.099586 0.057968
v -0.006637 0.089859 0.080322
v -0.006666 0.064369 0.275085
v -0.006693 0.024796 -0.226532
v -0.006704 0.045361 0.314606
v -0.006707 0.077423 0.067345
v -0.006723 -0.049553 0.089088
v -0.006831 -0.088326 0.079483
v -0.006842 0.018143 0.085594
v -0.006859 0.049179 0.298462
v -0.006870 -0.058960 0.284576
v -0.006876 -0.063393 0.273926
v -0.006882 0.173141 0.000492
v -0.006892 0.035423 -0.010041
v -0.006912 -0.170090 -0.003628
v -0.006919 0.000117 0.446594
v -0.006924 -0.014649 -0.176025
v -0.006962 0.060287 0.282013
v -0.007042 0.101379 0.057270
v -0.007060 0.044254 0.265808
v -0.007080 0.071320 0.071922
v -0.007081 0.022726 0.141861
v -0.007109 0.018818 0.116058
v -0.007131 0.065514 0.073441
v -0.007140 -0.043308 0.297668
v -0.007167 0.042793 0.325165
v -0.007168 -0.026136 -0.215195
v -0.007267 -0.051304 0.281586
v -0.007366 -0.018484 -0.397003
v -0.007366 -0.032631 0.086693
v -0.007460 -0.125397 0.054295
v -0.007473 0.026234 -0.220001
v -0.007525 0.062553 0.111336
v -0.007631 0.030355 0.014676
v -0.007665 -0.086304 0.108696
v -0.007667 -0.050640 0.094826
v -0.007734 -0.133667 0.032845
v -0.007749 0.041027 0.162949
v -0.007818 0.023769 0.116684
v -0.007916 0.132416 0.048416
v -0.007934 -0.145187 0.028793
v -0.007962 0.048069 0.306976
v -0.008085 -0.034542 -0.014124
v -0.008099 -0.036381 0.062336
v -0.008132 0.021576 -0.175842
v -0.008368 -0.027573 -0.181122
v -0.008446 -0.036194 0.045143
v -0.008451 0.020725 0.150482
v -0.008470 0.040768 0.220322
v -0.008611 -0.049843 0.294434
v -0.008616 -0.021839 0.378845
v -0.008619 -0.042145 0.220627
v -0.008675 0.131012 0.039768
v -0.008725 -0.097679 0.095917
v -0.008748 0.015739 -0.014126
v -0.008820 -0.082901 0.069916
v -0.008832 0.109169 0.063431
v -0.009000 -0.098328 0.071457
v -0.009009 -0.023205 0.070793
v -0.009045 0.014896 -0.404205
v -0.009151 -0.077850 0.109108
v -0.009171 -0.055115 0.209641
v -0.009253 -0.032356 0.070831
v -0.009291 0.015612 -0.232224
v -0.009335 -0.060665 0.113823
v -0.009361 0.056015 0.084641
v -0.009368 0.087189 0.070534
v -0.009473 0.084831 0.107864
v -0.009476 -0.038021 0.178970
v -0.009578 -0.040524 0.299286
v -0.009595 0.002956 0.415863
v -0.009655 0.041882 0.150757
v -0.009688 0.040894 0.280060
v -0.009703 -0.105003 0.060543
v -0.009809 -0.012874 -0.229309
v -0.009814 -0.012873 -0.103127
v -0.009839 0.009219 0.402954
v -0.009983 -0.035130 0.229797
v -0.009989 0.036034 0.251404
v -0.010029 0.034370 0.231598
v -0.010116 -0.096016 0.104614
v -0.010134 0.037228 0.062347
v -0.010146 -0.021255 -0.220901
v -0.010204 0.035435 0.055401
v -0.010259 0.019815 -0.396423
v -0.010323 -0.066711 0.077530
v -0.010342 0.099274 0.102379
v -0.010524 -0.033661 0.111794
v -0.010575 0.033138 0.322937
v -0.010633 0.015445 -0.387848
v -0.010687 -0.012245 -0.405090
v -0.010753 -0.001298 0.405640
v -0.010828 -0.023682 -0.210709
v -0.010845 -0.018030 0.142120
v -0.010853 0.029015 0.337616
v -0.010888 0.015242 -0.126053
v -0.010934 0.060925 0.081223
v -0.011207 -0.033165 0.315735
v -0.011248 0.085297 0.069565
v -0.011285 0.050896 0.095291
v -0.011455 0.075851 0.105392
v -0.011548 -0.028214 0.136337
v -0.011569 0.058968 0.108002
v -0.011630 0.020586 -0.184158
v -0.011743 -0.023779 -0.190109
v -0.011813 0.016884 0.121040
v -0.011964 -0.020176 -0.228790
v -0.012048 -0.027838 0.013724
v -0.012105 -0.033638 0.052742
v -0.012144 -0.011182 -0.014210
v -0.012185 -0.062054 0.084282
v -0.012222 -0.034199 0.310883
v -0.012231 -0.011338 -0.388092
v -0.012270 -0.033173 0.265594
v -0.012288 0.069855 0.087799
v -0.012346 -0.076180 0.105011
v -0.012529 -0.060219 0.108002
v -0.012533 0.024065 -0.213516
v -0.012586 0.074554 0.106987
v -0.012738 -0.052380 0.095001
v -0.012749 0.042744 0.152954
v -0.012757 0.032532 0.293488
v -0.012776 0.021374 -0.232407
v -0.012884 -0.030670 0.237823
v -0.012994 -0.011532 0.178482
v -0.013019 -0.010147 -0.118584
v -0.013049 0.032524 0.084785
v -0.013083 -0.028847 0.121750
v -0.013135 0.075508 0.082588
v -0.013151 0.027767 0.121269
v -0.013193 0.098274 0.096199
v -0.013216 -0.093452 0.089577
v -0.013224 0.017057 0.128250
v -0.013252 0.033497 0.265533
v -0.013322 0.023216 -0.193604
v -0.013330 -0.037582 0.166718
v -0.013434 -0.022415 0.325287
v -0.013448 -0.035072 0.125549
v -0.013470 0.055374 0.102264
v -0.013541 -0.022789 -0.203171
v -0.013552 0.024958 0.139786
v -0.013617 0.014579 0.355194
v -0.013698 -0.055191 0.102036
v -0.013849 0.020422 -0.216614
v -0.013906 -0.025595 -0.193741
v -0.013911 0.092590 0.084625
v -0.013982 -0.008144 -0.174789
v -0.014020 -0.067413 0.091133
v -0.014032 -0.009151 -0.309082
v -0.014037 -0.084892 0.102974
v -0.014083 -0.014472 0.124191
v -0.014094 0.014848 0.331787
v -0.014113 0.052814 0.096176
v -0.014137 0.061066 0.106674
v -0.014158 0.011788 -0.088074
v -0.014167 -0.085022 0.081177
v -0.014269 -0.065376 0.105423
v -0.014356 0.084999 0.100044
v -0.014423 -0.018780 0.334930
v -0.014559 0.010560 -0.231781
v -0.014582 -0.007650 -0.230270
v -0.014584 -0.028944 0.256927
v -0.014605 -0.027849 0.041401
v -0.014624 0.071083 0.086502
v -0.014802 0.013297 0.086182
v -0.014842 -0.025078 0.298981
v -0.014865 0.022324 0.135406
v -0.014889 0.009759 -0.014125
v -0.014929 0.015131 -0.176010
v -0.014953 -0.006691 -0.077827
v -0.015130 0.023825 0.278412
v -0.015186 -0.028099 0.278351
v -0.015232 0.001515 -0.404968
v -0.015237 0.029577 0.285065
v -0.015290 -0.040028 0.152405
v -0.015328 0.066643 0.094780
v -0.015378 -0.007056 0.186981
v -0.015480 0.031700 0.197464
v -0.015541 0.036018 0.177811
v -0.015548 0.009936 -0.387756
v -0.015669 -0.019329 -0.174347
v -0.015734 0.009040 0.186859
v -0.015755 0.009168 -0.174545
v -0.015793 -0.010331 0.330383
v -0.015800 -0.013459 0.088943
v -0.015997 -0.022236 -0.182312
v -0.016174 -0.020220 -0.198151
v -0.016203 0.030966 0.064026
v -0.016270 0.002535 0.367310
v -0.016361 -0.011906 0.150421
v -0.016460 0.018009 -0.199051
v -0.016621 -0.003588 -0.388062
v -0.016645 -0.031052 0.012648
v -0.016649 0.006861 -0.092247
v -0.016800 -0.016796 -0.178192
v -0.016817 -0.002338 -0.292664
v -0.016857 0.026403 0.043167
v -0.016912 0.005160 -0.289032
v -0.016947 0.013362 0.150467
v -0.016975 -0.000003 -0.173340
v -0.017035 -0.001215 -0.014251
v -0.017069 0.001553 -0.231384
v -0.017204 0.000237 0.186356
v -0.017231 0.003528 -0.387421
v -0.017248 0.011466 0.127060
v -0.017326 0.001372 -0.091766
v -0.017355 0.026987 0.277740
v -0.017593 0.005806 0.178345
v -0.017715 0.015694 -0.222519
v -0.018061 0.014711 -0.231766
v -0.018074 -0.024290 0.195770
v -0.018473 0.005219 0.335571
v -0.018549 0.030054 0.013725
v -0.018570 -0.016768 -0.216064
v -0.018650 -0.009322 -0.175415
v -0.019011 0.013412 -0.190521
v -0.019011 -0.007427 -0.396667
v -0.019199 0.005316 0.087563
v -0.019228 -0.030550 0.062775
v -0.019407 0.006327 -0.183243
v -0.019419 -0.005811 0.150360
v -0.019428 -0.018110 0.063354
v -0.019531 -0.007268 -0.221878
v -0.019560 0.036167 0.162903
v -0.019691 -0.011192 0.302521
v -0.019711 -0.003414 0.088585
v -0.019762 0.023619 0.014583
v -0.019861 0.001250 -0.175461
v -0.019894 0.001073 -0.199615
v -0.019896 -0.011497 -0.202469
v -0.019968 0.026730 0.070213
v -0.019999 0.007836 -0.223923
v -0.020010 0.023825 0.194733
v -0.020016 -0.011545 -0.189484
v -0.020102 0.001712 0.149933
v -0.020281 0.054745 0.209976
v -0.020390 0.029688 0.043892
v -0.020634 -0.012366 -0.207047
v -0.020681 -0.018072 0.274139
v -0.020721 0.007908 -0.397736
v -0.020741 0.009269 0.311279
v -0.021034 -0.006629 -0.228943
v -0.021297 0.009612 -0.197510
v -0.021311 -0.021551 0.253662
v -0.021385 0.027939 -0.009959
v -0.021477 0.010954 -0.211472
v -0.021494 -0.012991 0.071907
v -0.021574 -0.000732 -0.195465
v -0.021790 0.025316 0.064232
v -0.021803 -0.009198 -0.184387
v -0.021889 -0.000614 0.310791
v -0.021988 -0.020472 0.013587
v -0.022039 -0.010542 -0.194427
v -0.022125 -0.025349 0.054722
v -0.022238 -0.040234 0.217285
v -0.022264 0.009536 -0.185394
v -0.022346 0.025534 -0.014166
v -0.022499 -0.027750 -0.011045
v -0.022556 -0.026012 0.044083
v -0.022783 0.024485 0.053345
v -0.023254 0.001928 -0.211166
v -0.023394 -0.031134 0.165985
v -0.023531 -0.023579 0.082146
v -0.023655 -0.020561 0.071968
v -0.023663 0.027821 0.221649
v -0.023880 0.014489 0.273041
v -0.023937 -0.019072 0.043087
v -0.023973 0.004941 0.286591
v -0.024031 0.019545 0.271912
v -0.024197 0.029808 0.178635
v -0.024668 0.023445 0.063148
v -0.024670 0.016008 0.277222
v -0.024910 0.021826 0.083244
v -0.025040 -0.000131 0.071259
v -0.025074 -0.017565 0.083252
v -0.025181 -0.045624 0.208344
v -0.025242 0.027937 0.216949
v -0.025337 0.016411 0.044506
v -0.025499 -0.015650 0.090233
v -0.025730 0.002620 0.063690
v -0.026228 -0.005472 0.250977
v -0.026253 0.005824 0.256439
v -0.026299 -0.006687 0.280273
v -0.026932 0.016880 0.067696
v -0.027065 -0.011536 0.264069
v -0.027113 0.014404 0.086548
v -0.027122 -0.025993 0.224075
v -0.027197 -0.018053 0.063049
v -0.027426 -0.015512 0.052959
v -0.027575 -0.027191 0.178711
v -0.028015 0.012456 0.076759
v -0.028063 -0.014874 0.251221
v -0.028091 0.006115 0.055351
v -0.028099 -0.000482 0.044525
v -0.028242 -0.008813 0.013979
v -0.028446 0.016336 0.047344
v -0.028500 0.007528 0.013866
v -0.028660 0.036304 0.214890
v -0.028685 -0.000937 0.247986
v -0.028933 -0.001330 0.088188
v -0.028990 0.019701 0.238007
v -0.029127 -0.008442 0.040852
v -0.029236 -0.018581 0.234863
v -0.029675 -0.018179 -0.014341
v -0.029757 0.030426 0.153580
v -0.029911 0.003643 0.039822
v -0.029978 -0.008612 0.236496
v -0.030159 0.003947 0.063263
v -0.030487 -0.002778 0.048046
v -0.030540 0.028360 0.151184
v -0.030653 0.017971 -0.011498
v -0.030905 -0.026375 0.150986
v -0.030960 -0.001322 0.071953
v -0.031034 -0.029041 0.153275
v -0.031429 0.038975 0.205795
v -0.031521 -0.013617 0.013609
v -0.032406 0.013389 0.013504
v -0.032417 0.021635 0.223038
v -0.032780 0.021477 0.176804
v -0.032825 0.045395 0.209946
v -0.033169 -0.019802 0.223160
v -0.033619 0.010838 0.222382
v -0.033936 -0.008125 -0.011385
v -0.034256 -0.001653 0.012600
v -0.034798 0.004675 -0.013953
v -0.034950 -0.004474 0.221817
v -0.035587 -0.017815 0.164444
v -0.037640 0.014471 0.162247
v -0.037868 -0.028379 0.216843
v -0.037922 -0.009147 0.175980
v -0.038517 0.002815 0.178070
v -0.039886 0.016182 0.153091
v -0.039951 0.006014 0.150635
v -0.039997 -0.023954 0.206284
v -0.040432 -0.003140 0.162109
v -0.041225 -0.026562 0.213272
v -0.041924 -0.008294 0.153473
v -0.043133 0.030170 0.210251
v -0.045254 -0.008243 0.211426
v -0.046085 0.010715 0.212372
v -0.046219 -0.002208 0.207489
v -0.046635 0.012094 0.208908
vt 0.980469 0.595459
vt 0.981445 0.597168
vt 0.975342 0.595703
vt 0.982666 0.614502
vt 0.988281 0.616699
vt 0.988281 0.597168
vt 0.995850 0.605225
vt 0.995850 0.603271
vt 0.014893 0.101074
vt 0.008789 0.106445
vt 0.006836 0.105225
vt 0.002441 0.113037
vt 0.013916 0.104004
vt 0.005127 0.113770
vt 0.012939 0.126953
vt 0.017334 0.119629
vt 0.152832 0.164551
vt 0.147217 0.158203
vt 0.176025 0.146240
vt 0.156494 0.164795
vt 0.210205 0.139648
vt 0.167480 0.139160
vt 0.157471 0.121094
vt 0.144287 0.134521
vt 0.145264 0.110840
vt 0.144531 0.096924
vt 0.860352 0.327148
vt 0.840820 0.304688
vt 0.853271 0.305664
vt 0.831055 0.291260
vt 0.846191 0.325195
vt 0.828125 0.300781
vt 0.823975 0.293457
vt 0.818115 0.285889
vt 0.803711 0.293457
vt 0.810059 0.312744
vt 0.853271 0.339355
vt 0.756836 0.273438
vt 0.798096 0.315918
vt 0.776123 0.297119
vt 0.761719 0.310303
vt 0.729004 0.271729
vt 0.745117 0.301514
vt 0.722168 0.285156
vt 0.618896 0.845947
vt 0.659424 0.842773
vt 0.607178 0.861572
vt 0.651611 0.854736
vt 0.649658 0.863770
vt 0.684326 0.858398
vt 0.683350 0.850098
vt 0.707031 0.829102
vt 0.680176 0.819336
vt 0.701172 0.844238
vt 0.702148 0.853027
vt 0.723389 0.827148
vt 0.724365 0.835205
vt 0.686035 0.105225
vt 0.683350 0.099121
vt 0.693115 0.092529
vt 0.703369 0.095703
vt 0.721191 0.112549
vt 0.736572 0.097412
vt 0.760254 0.090332
vt 0.775635 0.103760
vt 0.735352 0.121582
vt 0.776855 0.111816
vt 0.747070 0.135498
vt 0.764893 0.136230
vt 0.760010 0.138428
vt 0.743896 0.138672
vt 0.767090 0.142090
vt 0.776611 0.145752
vt 0.764404 0.145020
vt 0.852783 0.098389
vt 0.834473 0.089844
vt 0.852539 0.092773
vt 0.827148 0.093994
vt 0.795898 0.096680
vt 0.830566 0.084229
vt 0.855469 0.083008
vt 0.838623 0.070557
vt 0.830078 0.050781
vt 0.878418 0.091064
vt 0.864014 0.053223
vt 0.012939 0.261230
vt 0.003418 0.246582
vt 0.015869 0.255615
vt 0.020508 0.256836
vt 0.012451 0.250000
vt 0.018555 0.253662
vt 0.021240 0.251221
vt 0.020752 0.233398
vt 0.015869 0.254150
vt 0.652344 0.019043
vt 0.641846 0.022217
vt 0.646240 0.015869
vt 0.626953 0.026123
vt 0.634766 0.031738
vt 0.649902 0.022461
vt 0.636230 0.017822
vt 0.641357 0.032227
vt 0.633301 0.035156
vt 0.632324 0.039307
vt 0.631592 0.032959
vt 0.626709 0.033936
vt 0.629395 0.028809
vt 0.621826 0.026123
vt 0.623535 0.032227
vt 0.616455 0.038086
vt 0.614502 0.037109
vt 0.622314 0.020508
vt 0.621826 0.030518
vt 0.612061 0.033447
vt 0.607178 0.033691
vt 0.602051 0.030518
vt 0.609131 0.029053
vt 0.597168 0.016113
vt 0.585693 0.028320
vt 0.589111 0.022705
vt 0.571533 0.029053
vt 0.026123 0.947754
vt 0.004395 0.961426
vt 0.011719 0.952393
vt 0.025391 0.952637
vt 0.018555 0.960449
vt 0.051025 0.948242
vt 0.046387 0.947510
vt 0.051025 0.944336
vt 0.049561 0.954590
vt 0.057617 0.955566
vt 0.059326 0.949951
vt 0.062256 0.947266
vt 0.066406 0.954102
vt 0.069092 0.955811
vt 0.067139 0.950928
vt 0.071777 0.952637
vt 0.073242 0.959229
vt 0.085693 0.944092
vt 0.076172 0.956543
vt 0.093018 0.951660
vt 0.095703 0.955078
vt 0.121582 0.340088
vt 0.125488 0.315186
vt 0.129395 0.346436
vt 0.154541 0.315186
vt 0.150635 0.301025
vt 0.122803 0.306396
vt 0.120850 0.303467
vt 0.132080 0.285156
vt 0.142822 0.271484
vt 0.941895 0.966309
vt 0.925049 0.982910
vt 0.928955 0.964844
vt 0.943115 0.970215
vt 0.948242 0.969971
vt 0.949463 0.968262
vt 0.938965 0.976807
vt 0.942627 0.984863
vt 0.940430 0.992432
vt 0.938477 0.993408
vt 0.928711 0.994385
vt 0.938232 0.983643
vt 0.930176 0.987793
vt 0.920166 0.994629
vt 0.920654 0.985107
vt 0.760254 0.000244
vt 0.773682 0.003662
vt 0.759277 0.003418
vt 0.779785 0.000732
vt 0.023193 0.014404
vt 0.027344 0.027588
vt 0.017578 0.014404
vt 0.020508 0.038330
vt 0.017090 0.036621
vt 0.010010 0.030762
vt 0.009277 0.008789
vt 0.004150 0.033203
vt 0.004150 0.003174
vt 0.824951 0.999756
vt 0.812500 0.995361
vt 0.818848 0.990967
vt 0.800049 0.994385
vt 0.797852 0.989502
vt 0.804443 0.988037
vt 0.819336 0.976807
vt 0.824463 0.984375
vt 0.824707 0.977539
vt 0.822266 0.971436
vt 0.816650 0.975586
vt 0.987793 0.030518
vt 0.983398 0.027588
vt 0.987061 0.024658
vt 0.979736 0.025146
vt 0.205811 0.226074
vt 0.195801 0.219727
vt 0.202393 0.214111
vt 0.186768 0.212891
vt 0.185303 0.179932
vt 0.193115 0.180176
vt 0.210205 0.202637
vt 0.200439 0.165039
vt 0.199463 0.151123
vt 0.203613 0.156006
vt 0.176270 0.183838
vt 0.177002 0.192871
vt 0.156006 0.208008
vt 0.180176 0.216797
vt 0.165039 0.223877
vt 0.173340 0.208252
vt 0.071045 0.170898
vt 0.076660 0.173096
vt 0.065186 0.185303
vt 0.092773 0.171387
vt 0.076660 0.153809
vt 0.071533 0.143555
vt 0.065918 0.121826
vt 0.151855 0.893555
vt 0.158936 0.906250
vt 0.154785 0.916504
vt 0.125732 0.928711
vt 0.184326 0.928955
vt 0.174316 0.906494
vt 0.153809 0.877686
vt 0.134277 0.905518
vt 0.137939 0.891357
vt 0.101807 0.916016
vt 0.111572 0.889648
vt 0.659668 0.326172
vt 0.662109 0.320068
vt 0.681641 0.319580
vt 0.682373 0.316406
vt 0.678711 0.313965
vt 0.695801 0.332031
vt 0.687256 0.307373
vt 0.685791 0.295166
vt 0.691406 0.300049
vt 0.695312 0.306641
vt 0.691406 0.309570
vt 0.692871 0.315186
vt 0.700195 0.307129
vt 0.699219 0.317871
vt 0.695068 0.320801
vt 0.707764 0.322510
vt 0.681641 0.349365
vt 0.736328 0.338867
vt 0.732666 0.324463
vt 0.732178 0.316406
vt 0.736084 0.354736
vt 0.760986 0.328857
vt 0.750488 0.311768
vt 0.760742 0.335205
vt 0.814209 0.353027
vt 0.780029 0.324219
vt 0.787842 0.352783
vt 0.766357 0.349365
vt 0.778320 0.355469
vt 0.738037 0.359863
vt 0.681396 0.374023
vt 0.664307 0.397705
vt 0.692871 0.358154
vt 0.673584 0.371338
vt 0.684814 0.357422
vt 0.673828 0.366455
vt 0.000000 0.039795
vt 0.029297 0.045410
vt 0.031494 0.075684
vt 0.011719 0.067627
vt 0.000244 0.065674
vt 0.004395 0.072510
vt 0.682617 0.756836
vt 0.698975 0.761230
vt 0.668457 0.757568
vt 0.652100 0.770020
vt 0.644287 0.760254
vt 0.645508 0.733887
vt 0.646729 0.783447
vt 0.616455 0.778320
vt 0.617188 0.774414
vt 0.612793 0.764893
vt 0.583496 0.776611
vt 0.562500 0.783691
vt 0.563477 0.765625
vt 0.651855 0.733154
vt 0.652100 0.727783
vt 0.644531 0.729004
vt 0.639404 0.733398
vt 0.608398 0.754150
vt 0.630615 0.725830
vt 0.595459 0.757568
vt 0.610352 0.725342
vt 0.574463 0.759277
vt 0.578369 0.735840
vt 0.548096 0.754883
vt 0.585693 0.727783
vt 0.591553 0.716553
vt 0.566406 0.739014
vt 0.545898 0.746826
vt 0.574951 0.730225
vt 0.560791 0.721436
vt 0.578857 0.705078
vt 0.066650 0.374268
vt 0.074951 0.404053
vt 0.066406 0.427490
vt 0.073242 0.436279
vt 0.949707 0.417969
vt 0.940186 0.441162
vt 0.937256 0.418213
vt 0.917236 0.424805
vt 0.888916 0.436035
vt 0.939941 0.447998
vt 0.848877 0.427734
vt 0.951660 0.463623
vt 0.864258 0.437012
vt 0.301025 0.781250
vt 0.317627 0.814697
vt 0.294678 0.804199
vt 0.288086 0.818359
vt 0.287354 0.813232
vt 0.315186 0.767334
vt 0.330322 0.821045
vt 0.330078 0.788574
vt 0.321045 0.762695
vt 0.304932 0.722168
vt 0.323242 0.733154
vt 0.295654 0.703369
vt 0.289551 0.685303
vt 0.293457 0.711426
vt 0.286865 0.688721
vt 0.293213 0.755371
vt 0.281006 0.731445
vt 0.265625 0.729492
vt 0.276367 0.768311
vt 0.263184 0.761475
vt 0.283936 0.789062
vt 0.287109 0.799805
vt 0.284180 0.810547
vt 0.276855 0.810791
vt 0.282227 0.801025
vt 0.278076 0.798584
vt 0.261963 0.781738
vt 0.262939 0.807129
vt 0.130127 0.195068
vt 0.131592 0.203125
vt 0.123047 0.193359
vt 0.129883 0.174316
vt 0.110840 0.168945
vt 0.142090 0.180664
vt 0.164795 0.184326
vt 0.178223 0.168945
vt 0.078125 0.000244
vt 0.139893 0.009033
vt 0.102051 0.012695
vt 0.090820 0.015625
vt 0.096191 0.055908
vt 0.170654 0.242188
vt 0.158203 0.267578
vt 0.153076 0.265625
vt 0.149414 0.267578
vt 0.165527 0.318359
vt 0.150879 0.262207
vt 0.123535 0.258545
vt 0.011230 0.527588
vt 0.025391 0.530762
vt 0.024170 0.536621
vt 0.048340 0.527832
vt 0.040771 0.531250
vt 0.048828 0.534180
vt 0.035889 0.534912
vt 0.049072 0.537598
vt 0.103271 0.058350
vt 0.102539 0.063477
vt 0.098633 0.062012
vt 0.102783 0.073975
vt 0.106934 0.071045
vt 0.122070 0.085938
vt 0.110107 0.088623
vt 0.097168 0.125244
vt 0.029297 0.403564
vt 0.025391 0.406494
vt 0.017090 0.400146
vt 0.005127 0.400146
vt 0.023438 0.398193
vt 0.002197 0.151123
vt 0.023438 0.151123
vt 0.021973 0.155762
vt 0.015625 0.586670
vt 0.000000 0.578613
vt 0.021973 0.580078
vt 0.027100 0.581055
vt 0.022217 0.585449
vt 0.015869 0.598877
vt 0.026367 0.586426
vt 0.017334 0.606934
vt 0.027588 0.604736
vt 0.547363 0.042969
vt 0.544434 0.041016
vt 0.551270 0.041504
vt 0.542480 0.044189
vt 0.539062 0.043213
vt 0.555420 0.037598
vt 0.538086 0.037354
vt 0.534668 0.041504
vt 0.531250 0.041260
vt 0.544678 0.035889
vt 0.541016 0.030029
vt 0.535645 0.029053
vt 0.548096 0.032471
vt 0.548828 0.027588
vt 0.556885 0.030762
vt 0.561523 0.032959
vt 0.562988 0.025879
vt 0.560791 0.037598
vt 0.566895 0.033936
vt 0.565186 0.038330
vt 0.609863 0.042969
vt 0.616211 0.966797
vt 0.612549 0.964111
vt 0.616211 0.961914
vt 0.621338 0.966797
vt 0.616455 0.969971
vt 0.619873 0.961914
vt 0.619385 0.971924
vt 0.659912 0.963379
vt 0.622559 0.969482
vt 0.641113 0.970215
vt 0.624756 0.968506
vt 0.633545 0.969238
vt 0.131836 0.225342
vt 0.139648 0.225830
vt 0.137207 0.231445
vt 0.143066 0.227295
vt 0.145020 0.233887
vt 0.147217 0.228760
vt 0.141846 0.237793
vt 0.133789 0.239014
vt 0.139893 0.246338
vt 0.145508 0.240234
vt 0.150391 0.236084
vt 0.155029 0.230957
vt 0.149170 0.245605
vt 0.145996 0.254395
vt 0.154785 0.249756
vt 0.153320 0.241943
vt 0.157227 0.239502
vt 0.158203 0.236328
vt 0.159912 0.239014
vt 0.198975 0.229004
vt 0.872070 0.976074
vt 0.873779 0.958008
vt 0.875244 0.990723
vt 0.997803 0.244141
vt 0.989502 0.239014
vt 0.997803 0.238281
vt 0.991699 0.244385
vt 0.986816 0.245361
vt 0.983398 0.238281
vt 0.007812 0.912598
vt 0.002197 0.916992
vt 0.002930 0.908936
vt 0.000000 0.906494
vt 0.003662 0.927490
vt 0.002441 0.941406
vt 0.014648 0.784424
vt 0.010010 0.784424
vt 0.011719 0.743652
vt 0.023193 0.124512
vt 0.020020 0.086426
vt 0.026855 0.122803
vt 0.027588 0.128418
vt 0.018799 0.129883
vt 0.020752 0.126709
vt 0.023193 0.615234
vt 0.027344 0.611084
vt 0.027100 0.634766
vt 0.335938 0.356689
vt 0.347900 0.273682
vt 0.343262 0.340088
vt 0.328125 0.358398
vt 0.342529 0.406250
vt 0.334961 0.406494
vt 0.350342 0.409912
vt 0.336426 0.413330
vt 0.352051 0.416504
vt 0.558594 0.161133
vt 0.611084 0.180420
vt 0.565918 0.173828
vt 0.510254 0.163330
vt 0.509521 0.176758
vt 0.971436 0.947998
vt 0.974121 0.945801
vt 0.991455 0.941406
vt 0.993408 0.950439
vt 0.975342 0.931152
vt 0.996338 0.927979
vt 0.989258 0.919678
vt 0.976074 0.923584
vt 0.987305 0.918701
vt 0.996826 0.898438
vt 0.985352 0.913574
vt 0.970703 0.920898
vt 0.990479 0.904541
vt 0.993652 0.895508
vt 0.988281 0.849365
vt 0.977051 0.871338
vt 0.974365 0.849121
vt 0.989746 0.863037
vt 0.989258 0.867676
vt 0.987061 0.875732
vt 0.973877 0.906982
vt 0.989502 0.888672
vt 0.332520 0.699707
vt 0.332520 0.775391
vt 0.325928 0.637207
vt 0.324951 0.700439
vt 0.058105 0.327393
vt 0.058105 0.336670
vt 0.032227 0.325928
vt 0.018799 0.331787
vt 0.034180 0.335938
vt 0.739258 0.066650
vt 0.736084 0.082031
vt 0.655518 0.062744
vt 0.696777 0.053711
vt 0.659668 0.083008
vt 0.668945 0.083496
vt 0.695068 0.083496
vt 0.000977 0.528564
vt 0.008057 0.539062
vt 0.004395 0.542480
vt 0.016602 0.540283
vt 0.982422 0.713135
vt 0.994385 0.713623
vt 0.979492 0.716309
vt 0.982666 0.705566
vt 0.992432 0.704834
vt 0.996826 0.711914
vt 0.982422 0.699463
vt 0.992920 0.699707
vt 0.996582 0.696289
vt 0.993896 0.695312
vt 0.113770 0.703125
vt 0.107178 0.706787
vt 0.106201 0.703369
vt 0.120361 0.709229
vt 0.115234 0.699219
vt 0.069336 0.709473
vt 0.069092 0.256348
vt 0.076904 0.255127
vt 0.075439 0.318359
vt 0.989990 0.586914
vt 0.989258 0.575928
vt 0.993896 0.576660
vt 0.982422 0.590088
vt 0.989502 0.591064
vt 0.000000 0.329590
vt 0.004395 0.316162
vt 0.008057 0.322021
vt 0.003662 0.332520
vt 0.015625 0.325195
vt 0.012939 0.328613
vt 0.784668 0.026367
vt 0.777344 0.021240
vt 0.794434 0.026367
vt 0.780762 0.016113
vt 0.789795 0.020264
vt 0.799805 0.021240
vt 0.776123 0.029053
vt 0.811768 0.024170
vt 0.808594 0.020264
vt 0.821045 0.018311
vt 0.814941 0.030273
vt 0.805664 0.030273
vt 0.785889 0.037842
vt 0.795410 0.041748
vt 0.809814 0.038818
vt 0.825928 0.041992
vt 0.815430 0.054688
vt 0.803467 0.051514
vt 0.815186 0.061768
vt 0.804932 0.065918
vt 0.814453 0.080078
vt 0.792969 0.058594
vt 0.801025 0.078857
vt 0.809570 0.085693
vt 0.804932 0.083252
vt 0.801025 0.082031
vt 0.792969 0.083740
vt 0.787109 0.085449
vt 0.794189 0.075928
vt 0.793701 0.065918
vt 0.788086 0.072021
vt 0.779053 0.073730
vt 0.782227 0.082031
vt 0.782715 0.066650
vt 0.773926 0.082764
vt 0.768555 0.073975
vt 0.763428 0.081055
vt 0.774902 0.066162
vt 0.781738 0.058594
vt 0.784912 0.052490
vt 0.758057 0.084473
vt 0.756348 0.082275
vt 0.761719 0.076416
vt 0.751709 0.077637
vt 0.757568 0.066650
vt 0.765625 0.071045
vt 0.767578 0.065430
vt 0.758789 0.060547
vt 0.770264 0.057617
vt 0.744629 0.062012
vt 0.769531 0.053467
vt 0.758057 0.053955
vt 0.751953 0.049805
vt 0.777588 0.044922
vt 0.765381 0.048584
vt 0.769287 0.044922
vt 0.759277 0.041504
vt 0.745117 0.045166
vt 0.750488 0.041504
vt 0.760498 0.036133
vt 0.745117 0.028076
vt 0.753174 0.027588
vt 0.773193 0.039062
vt 0.777832 0.035645
vt 0.767578 0.031250
vt 0.763916 0.022949
vt 0.753906 0.015869
vt 0.764893 0.016602
vt 0.016357 0.611328
vt 0.011963 0.619385
vt 0.009277 0.613770
vt 0.003418 0.618896
vt 0.020264 0.631592
vt 0.077393 0.332520
vt 0.075684 0.385986
vt 0.070312 0.323730
vt 0.079590 0.322998
vt 0.092041 0.246582
vt 0.097900 0.258301
vt 0.090820 0.257568
vt 0.080566 0.246094
vt 0.104492 0.249756
vt 0.110352 0.254150
vt 0.114990 0.255371
vt 0.114990 0.250000
vt 0.113037 0.242188
vt 0.115967 0.244873
vt 0.118896 0.238037
vt 0.115234 0.233887
vt 0.121826 0.229492
vt 0.106934 0.235840
vt 0.103516 0.243408
vt 0.099854 0.234375
vt 0.110840 0.226807
vt 0.118164 0.226807
vt 0.123047 0.221680
vt 0.127441 0.221191
vt 0.131348 0.214844
vt 0.132812 0.216553
vt 0.123291 0.212646
vt 0.114014 0.220459
vt 0.133057 0.207520
vt 0.119629 0.210693
vt 0.105225 0.227295
vt 0.113525 0.211426
vt 0.116699 0.201660
vt 0.109863 0.205566
vt 0.106445 0.216553
vt 0.104248 0.210693
vt 0.108154 0.198975
vt 0.099121 0.222412
vt 0.095459 0.200684
vt 0.096436 0.230957
vt 0.096436 0.220459
vt 0.089111 0.236328
vt 0.083008 0.232178
vt 0.084717 0.224365
vt 0.087646 0.218018
vt 0.089844 0.210938
vt 0.081787 0.222656
vt 0.087402 0.208008
vt 0.093262 0.194092
vt 0.083008 0.202881
vt 0.082764 0.196533
vt 0.076660 0.187012
vt 0.076904 0.199707
vt 0.072998 0.206055
vt 0.076660 0.212402
vt 0.071777 0.220459
vt 0.081543 0.213135
vt 0.069092 0.227783
vt 0.080078 0.233154
vt 0.072266 0.238281
vt 0.065430 0.238525
vt 0.068359 0.250977
vt 0.405518 0.950195
vt 0.406982 0.944336
vt 0.410400 0.950439
vt 0.399170 0.946289
vt 0.402344 0.952393
vt 0.391846 0.938721
vt 0.412109 0.940674
vt 0.407471 0.932617
vt 0.388428 0.932861
vt 0.407959 0.924561
vt 0.372070 0.934814
vt 0.384277 0.924316
vt 0.360840 0.924805
vt 0.976074 0.269775
vt 0.987061 0.303955
vt 0.955322 0.253418
vt 0.972900 0.256104
vt 0.958496 0.267822
vt 0.976318 0.239746
vt 0.985107 0.256348
vt 0.929932 0.222168
vt 0.940186 0.254150
vt 0.952637 0.285645
vt 0.576660 0.918945
vt 0.624756 0.926758
vt 0.589111 0.931641
vt 0.603516 0.914062
vt 0.575195 0.906250
vt 0.615234 0.891846
vt 0.611816 0.886719
vt 0.555908 0.907715
vt 0.354736 0.870850
vt 0.426025 0.867920
vt 0.393555 0.877686
vt 0.355225 0.867676
vt 0.303955 0.941650
vt 0.348145 0.940186
vt 0.345947 0.948975
vt 0.321777 0.925537
vt 0.323975 0.919189
vt 0.302002 0.929443
vt 0.298828 0.950928
vt 0.339355 0.963867
vt 0.290527 0.965332
vt 0.746826 0.013672
vt 0.716797 0.017334
vt 0.709229 0.000244
vt 0.038330 0.850098
vt 0.050293 0.874756
vt 0.021729 0.850586
vt 0.041260 0.875488
vt 0.219727 0.956055
vt 0.234619 0.975830
vt 0.227295 0.974121
vt 0.219238 0.988770
vt 0.253418 0.968018
vt 0.028564 0.341064
vt 0.005127 0.341064
vt 0.012939 0.336182
vt 0.347656 0.079590
vt 0.334229 0.077637
vt 0.353760 0.022705
vt 0.330566 0.030029
vt 0.329102 0.026367
vt 0.299072 0.012207
vt 0.360352 0.033447
vt 0.365234 0.013184
vt 0.373047 0.010010
vt 0.363770 0.057373
vt 0.369629 0.057861
vt 0.684814 0.996826
vt 0.676270 0.988525
vt 0.684326 0.973389
vt 0.676514 0.980713
vt 0.654053 0.996338
vt 0.653809 0.982666
vt 0.781006 0.128418
vt 0.821289 0.145996
vt 0.799561 0.145264
vt 0.817627 0.124023
vt 0.793457 0.121826
vt 0.842041 0.125000
vt 0.866699 0.142822
vt 0.864746 0.131104
vt 0.841553 0.121582
vt 0.869873 0.128418
vt 0.814941 0.119385
vt 0.814453 0.115723
vt 0.787598 0.118164
vt 0.824707 0.098633
vt 0.831055 0.109131
vt 0.836670 0.116211
vt 0.847900 0.113037
vt 0.849609 0.117188
vt 0.874512 0.114990
vt 0.868896 0.121094
vt 0.133789 0.425781
vt 0.130615 0.388184
vt 0.144775 0.401611
vt 0.146973 0.422607
vt 0.150879 0.403809
vt 0.141602 0.447998
vt 0.137695 0.449951
vt 0.149902 0.440430
vt 0.153564 0.427246
vt 0.153809 0.441162
vt 0.165527 0.430176
vt 0.168701 0.399902
vt 0.157959 0.449219
vt 0.179443 0.414307
vt 0.172363 0.430420
vt 0.197021 0.411133
vt 0.187256 0.422852
vt 0.073242 0.126221
vt 0.081543 0.106934
vt 0.084717 0.111572
vt 0.068115 0.104980
vt 0.082275 0.127441
vt 0.085693 0.093506
vt 0.092773 0.118164
vt 0.084961 0.145752
vt 0.089600 0.099365
vt 0.090088 0.093262
vt 0.093750 0.083252
vt 0.771973 0.953613
vt 0.738525 0.954346
vt 0.747803 0.948242
vt 0.770752 0.946777
vt 0.794434 0.952637
vt 0.174072 0.968750
vt 0.213867 0.955811
vt 0.196289 0.978027
vt 0.036377 0.615479
vt 0.031738 0.632324
vt 0.032227 0.582764
vt 0.503418 0.930664
vt 0.490967 0.949219
vt 0.462158 0.916992
vt 0.477783 0.947754
vt 0.502930 0.961426
vt 0.240967 0.167480
vt 0.255615 0.133057
vt 0.244629 0.170654
vt 0.235352 0.196045
vt 0.230469 0.157471
vt 0.239502 0.121338
vt 0.255127 0.130371
vt 0.227295 0.105469
vt 0.292969 0.123047
vt 0.242188 0.113281
vt 0.262695 0.123047
vt 0.238281 0.104004
vt 0.313721 0.834961
vt 0.270020 0.829834
vt 0.287598 0.829102
vt 0.271729 0.826660
vt 0.265381 0.826172
vt 0.247559 0.859375
vt 0.235352 0.854004
vt 0.253906 0.838379
vt 0.245850 0.793457
vt 0.243164 0.780273
vt 0.240723 0.802490
vt 0.347168 0.975098
vt 0.331787 0.969482
vt 0.377930 0.969971
vt 0.254150 0.862305
vt 0.275146 0.862549
vt 0.249756 0.882568
vt 0.262939 0.850342
vt 0.288330 0.840576
vt 0.293945 0.843018
vt 0.301758 0.840332
vt 0.289307 0.862061
vt 0.267334 0.883057
vt 0.309814 0.842041
vt 0.297363 0.869141
vt 0.273926 0.901123
vt 0.313477 0.863770
vt 0.300293 0.881348
vt 0.294189 0.897461
vt 0.307129 0.888916
vt 0.310059 0.882080
vt 0.312256 0.886719
vt 0.317139 0.889893
vt 0.319092 0.878662
vt 0.328613 0.888428
vt 0.958008 0.088135
vt 0.965576 0.125977
vt 0.945068 0.105469
vt 0.968506 0.115967
vt 0.976318 0.121582
vt 0.987793 0.120605
vt 0.974121 0.135742
vt 0.976807 0.153809
vt 0.962158 0.142578
vt 0.987305 0.176514
vt 0.332031 0.124756
vt 0.326416 0.111816
vt 0.349121 0.124268
vt 0.352295 0.108887
vt 0.331787 0.129150
vt 0.363037 0.121094
vt 0.369141 0.127197
vt 0.354980 0.137939
vt 0.313232 0.136230
vt 0.390625 0.132812
vt 0.404297 0.129395
vt 0.382080 0.123047
vt 0.376465 0.122803
vt 0.378418 0.120361
vt 0.898193 0.009277
vt 0.896729 0.016846
vt 0.883301 0.015137
vt 0.883301 0.017334
vt 0.880615 0.019775
vt 0.861572 0.020020
vt 0.866455 0.014893
vt 0.849365 0.032227
vt 0.848145 0.015381
vt 0.838379 0.037109
vt 0.845703 0.022461
vt 0.828369 0.032227
vt 0.834473 0.032715
vt 0.483887 0.194824
vt 0.480713 0.201172
vt 0.436768 0.195312
vt 0.521973 0.200928
vt 0.548340 0.193848
vt 0.655273 0.950439
vt 0.618408 0.943848
vt 0.673828 0.944824
vt 0.187500 0.597168
vt 0.179688 0.544922
vt 0.187012 0.543457
vt 0.184326 0.613281
vt 0.181396 0.625488
vt 0.859863 0.463379
vt 0.859131 0.476318
vt 0.847900 0.505127
vt 0.839844 0.504395
vt 0.861084 0.450439
vt 0.830566 0.538574
vt 0.816895 0.546875
vt 0.842773 0.549805
vt 0.853027 0.545410
vt 0.828857 0.563232
vt 0.843262 0.598877
vt 0.856689 0.597168
vt 0.861816 0.561768
vt 0.822754 0.578857
vt 0.812744 0.566406
vt 0.797852 0.539795
vt 0.796631 0.562012
vt 0.806152 0.568115
vt 0.824219 0.598633
vt 0.360840 0.200195
vt 0.388184 0.144775
vt 0.400391 0.139404
vt 0.376709 0.153320
vt 0.352051 0.198486
vt 0.363037 0.152588
vt 0.357422 0.174072
vt 0.333740 0.197998
vt 0.331299 0.178711
vt 0.337891 0.168701
vt 0.343506 0.153320
vt 0.303467 0.147949
vt 0.351074 0.150146
vt 0.308838 0.141357
vt 0.345459 0.148682
vt 0.775391 0.150391
vt 0.833496 0.150391
vt 0.811035 0.156738
vt 0.878174 0.154785
vt 0.040039 0.206055
vt 0.037109 0.195068
vt 0.045898 0.170898
vt 0.028809 0.177734
vt 0.061035 0.155273
vt 0.059326 0.189209
vt 0.065186 0.099609
vt 0.072266 0.080322
vt 0.076172 0.076660
vt 0.070801 0.050537
vt 0.067139 0.045410
vt 0.074707 0.042236
vt 0.086182 0.037598
vt 0.091797 0.076904
vt 0.781738 0.976807
vt 0.737549 0.976807
vt 0.752686 0.970947
vt 0.105225 0.923828
vt 0.077637 0.926758
vt 0.092285 0.917725
vt 0.110352 0.930176
vt 0.051758 0.919678
vt 0.096191 0.897705
vt 0.051514 0.912109
vt 0.073486 0.892090
vt 0.059082 0.896973
vt 0.071777 0.880859
vt 0.054443 0.934570
vt 0.076904 0.931885
vt 0.078125 0.939453
vt 0.551514 0.990967
vt 0.514648 0.990967
vt 0.530518 0.985352
vt 0.120117 0.519775
vt 0.095215 0.533936
vt 0.109375 0.522217
vt 0.096924 0.548340
vt 0.077393 0.563477
vt 0.086914 0.542236
vt 0.086182 0.533447
vt 0.082031 0.536865
vt 0.083008 0.533691
vt 0.063477 0.518311
vt 0.092529 0.531982
vt 0.095703 0.529541
vt 0.091553 0.527344
vt 0.056152 0.717773
vt 0.060791 0.733398
vt 0.053711 0.752930
vt 0.059082 0.775635
vt 0.987793 0.285156
vt 0.987549 0.268799
vt 0.994873 0.283203
vt 0.993896 0.261963
vt 0.981445 0.265869
vt 0.427979 0.119385
vt 0.438477 0.127197
vt 0.427490 0.128906
vt 0.445801 0.126465
vt 0.489502 0.123535
vt 0.443848 0.131836
vt 0.449951 0.151855
vt 0.459961 0.139160
vt 0.479492 0.131104
vt 0.519287 0.114746
vt 0.499512 0.132568
vt 0.462646 0.134277
vt 0.493164 0.139404
vt 0.514160 0.127197
vt 0.477295 0.138916
vt 0.498047 0.152344
vt 0.512695 0.153564
vt 0.481689 0.147949
vt 0.499512 0.161133
vt 0.481201 0.150635
vt 0.504395 0.169678
vt 0.479248 0.175537
vt 0.476318 0.180176
vt 0.456543 0.172363
vt 0.474121 0.190186
vt 0.432861 0.144287
vt 0.451416 0.174561
vt 0.425537 0.142578
vt 0.423584 0.137939
vt 0.595459 0.693848
vt 0.723389 0.691162
vt 0.653076 0.698486
vt 0.593262 0.686035
vt 0.636963 0.701660
vt 0.594727 0.702637
vt 0.672119 0.708252
vt 0.595947 0.710938
vt 0.663574 0.716309
vt 0.727295 0.708740
vt 0.722412 0.699219
vt 0.740234 0.700195
vt 0.729980 0.716064
vt 0.721924 0.687256
vt 0.741455 0.719238
vt 0.743408 0.679932
vt 0.742920 0.709961
vt 0.764160 0.724609
vt 0.758545 0.704834
vt 0.746582 0.691162
vt 0.763428 0.675293
vt 0.318848 0.709717
vt 0.318848 0.570801
vt 0.322754 0.571289
vt 0.309082 0.660400
vt 0.309082 0.521240
vt 0.314697 0.660156
vt 0.314453 0.494141
vt 0.310059 0.493408
vt 0.317871 0.355713
vt 0.587158 0.801025
vt 0.681396 0.802490
vt 0.585938 0.807129
vt 0.722168 0.804688
vt 0.261719 0.712646
vt 0.261719 0.613525
vt 0.267334 0.713135
vt 0.209473 0.553223
vt 0.215088 0.475098
vt 0.214600 0.554443
vt 0.209717 0.466309
vt 0.322998 0.209961
vt 0.395020 0.200684
vt 0.398682 0.208008
vt 0.432129 0.207764
vt 0.431396 0.194580
vt 0.402100 0.190918
vt 0.667725 0.019775
vt 0.677246 0.017334
vt 0.717041 0.023193
vt 0.721680 0.033203
vt 0.748779 0.019043
vt 0.687500 0.958984
vt 0.711670 0.965820
vt 0.688721 0.966797
vt 0.712158 0.971436
vt 0.694336 0.974609
vt 0.727051 0.974854
vt 0.734131 0.971436
vt 0.726807 0.963379
vt 0.731689 0.960693
vt 0.090088 0.990723
vt 0.092285 0.986572
vt 0.129150 0.989502
vt 0.007568 0.836914
vt 0.013428 0.836670
vt 0.006348 0.859863
vt 0.012207 0.872070
vt 0.861572 0.602539
vt 0.861572 0.740967
vt 0.854004 0.602783
vt 0.231201 0.442627
vt 0.227295 0.443115
vt 0.235352 0.427734
vt 0.231201 0.428467
vt 0.224609 0.450195
vt 0.227539 0.454590
vt 0.223145 0.461914
vt 0.220459 0.439209
vt 0.228027 0.476807
vt 0.233154 0.418213
vt 0.235352 0.413574
vt 0.235352 0.408447
vt 0.227539 0.421631
vt 0.229248 0.412598
vt 0.235352 0.394287
vt 0.221191 0.416504
vt 0.219482 0.430176
vt 0.216309 0.429443
vt 0.214844 0.434570
vt 0.212891 0.448730
vt 0.212891 0.433105
vt 0.212158 0.428223
vt 0.211670 0.432129
vt 0.209717 0.425049
vt 0.219727 0.470703
vt 0.222900 0.475342
vt 0.219727 0.479004
vt 0.222656 0.479004
vt 0.225342 0.482178
vt 0.221191 0.484131
vt 0.224121 0.950439
vt 0.211914 0.950928
vt 0.222412 0.946533
vt 0.244629 0.950439
vt 0.198975 0.946289
vt 0.196777 0.953125
vt 0.247314 0.948242
vt 0.249512 0.950928
vt 0.066895 0.305664
vt 0.058838 0.312256
vt 0.063721 0.303223
vt 0.062988 0.326904
vt 0.064941 0.341553
vt 0.062012 0.320557
vt 0.051270 0.310547
vt 0.045654 0.303467
vt 0.058105 0.309814
vt 0.039307 0.304688
vt 0.050537 0.321045
vt 0.034912 0.303467
vt 0.005615 0.568359
vt 0.000977 0.567627
vt 0.007080 0.566162
vt 0.008789 0.570068
vt 0.000244 0.573975
vt 0.019531 0.574219
vt 0.081787 0.408936
vt 0.081787 0.469727
vt 0.075195 0.464844
vt 0.012695 0.739014
vt 0.010010 0.739258
vt 0.012695 0.698975
vt 0.026123 0.978027
vt 0.007324 0.971436
vt 0.006104 0.969482
vt 0.001465 0.972656
vt 0.013428 0.978027
vt 0.034180 0.987549
vt 0.032715 0.980225
vt 0.011230 0.982178
vt 0.006348 0.984863
vt 0.035156 0.995117
vt 0.008789 0.994141
vt 0.029541 0.509521
vt 0.048828 0.501953
vt 0.046875 0.509521
vt 0.062988 0.497070
vt 0.046143 0.498047
vt 0.041992 0.516113
vt 0.025391 0.517090
vt 0.029053 0.522217
vt 0.034180 0.497803
vt 0.036377 0.494629
vt 0.020752 0.517334
vt 0.026367 0.523193
vt 0.026611 0.502197
vt 0.033203 0.494385
vt 0.037109 0.491211
vt 0.031250 0.491211
vt 0.031006 0.478760
vt 0.031982 0.477051
vt 0.024658 0.471924
vt 0.435547 0.857666
vt 0.559570 0.857666
vt 0.435303 0.863525
vt 0.514160 0.853271
vt 0.045898 0.120361
vt 0.042236 0.068848
vt 0.046143 0.068115
vt 0.038818 0.068848
vt 0.765381 0.183838
vt 0.765869 0.190674
vt 0.717041 0.172119
vt 0.819580 0.187744
vt 0.778809 0.178955
vt 0.819580 0.193848
vt 0.763916 0.203125
vt 0.820801 0.180664
vt 0.811279 0.176514
vt 0.818848 0.179199
vt 0.816895 0.172119
vt 0.744629 0.845215
vt 0.768555 0.846436
vt 0.709229 0.861816
vt 0.758301 0.855225
vt 0.729004 0.839600
vt 0.755615 0.838135
vt 0.762451 0.801514
vt 0.765381 0.802734
vt 0.768066 0.840088
vt 0.771240 0.801514
vt 0.780273 0.822998
vt 0.779541 0.799805
vt 0.779541 0.846436
vt 0.793457 0.854980
vt 0.812012 0.863525
vt 0.783936 0.830811
vt 0.788574 0.815430
vt 0.793701 0.826416
vt 0.793457 0.841064
vt 0.809326 0.851562
vt 0.816650 0.856201
vt 0.817139 0.853027
vt 0.827393 0.854492
vt 0.819824 0.859375
vt 0.828857 0.860840
vt 0.004395 0.269043
vt 0.003174 0.279297
vt 0.000977 0.259766
vt 0.004883 0.278809
vt 0.020752 0.266113
vt 0.019287 0.275635
vt 0.015381 0.288086
vt 0.010986 0.292725
vt 0.018311 0.281006
vt 0.034424 0.295898
vt 0.559814 0.938232
vt 0.559326 0.959229
vt 0.554688 0.957275
vt 0.560303 0.966309
vt 0.552734 0.959229
vt 0.558350 0.966797
vt 0.550537 0.961426
vt 0.546387 0.966797
vt 0.537354 0.970947
vt 0.272217 0.929443
vt 0.233154 0.942383
vt 0.228516 0.933838
vt 0.244873 0.922119
vt 0.236084 0.919434
vt 0.214355 0.927246
vt 0.271729 0.030273
vt 0.268555 0.042236
vt 0.262939 0.027832
vt 0.255615 0.042480
vt 0.257812 0.045898
vt 0.291992 0.020020
vt 0.302734 0.028564
vt 0.284912 0.042480
vt 0.313232 0.035400
vt 0.308350 0.042969
vt 0.277832 0.046387
vt 0.269043 0.051270
vt 0.239014 0.053223
vt 0.278564 0.049805
vt 0.307373 0.048584
vt 0.312988 0.047852
vt 0.314697 0.052979
vt 0.309814 0.053955
vt 0.970947 0.728271
vt 0.981445 0.654541
vt 0.981445 0.679688
vt 0.982910 0.665283
vt 0.977539 0.632812
vt 0.966797 0.632080
vt 0.063965 0.960938
vt 0.028809 0.972900
vt 0.043213 0.964111
vt 0.030762 0.969238
vt 0.022949 0.970215
vt 0.031494 0.954834
vt 0.035156 0.952881
vt 0.041992 0.951416
vt 0.038330 0.946777
vt 0.034180 0.945801
vt 0.027832 0.937744
vt 0.029053 0.933105
vt 0.670898 0.153564
vt 0.618652 0.175293
vt 0.664795 0.151367
vt 0.613281 0.165527
vt 0.611572 0.167969
vt 0.620117 0.185303
vt 0.604980 0.166260
vt 0.606201 0.171143
vt 0.593750 0.162598
vt 0.601807 0.163818
vt 0.595459 0.161133
vt 0.586914 0.162109
vt 0.590332 0.166260
vt 0.586426 0.157715
vt 0.578857 0.158691
vt 0.578613 0.156006
vt 0.568848 0.155029
vt 0.011963 0.520996
vt 0.011719 0.504395
vt 0.021484 0.497803
vt 0.005127 0.500732
vt 0.023438 0.673584
vt 0.025146 0.677002
vt 0.019531 0.678223
vt 0.018066 0.676758
vt 0.004395 0.685547
vt 0.000488 0.695801
vt 0.011963 0.692627
vt 0.022461 0.695068
vt 0.010986 0.475830
vt 0.017334 0.471191
vt 0.025391 0.493164
vt 0.014404 0.492188
vt 0.012451 0.490723
vt 0.224854 0.806152
vt 0.219727 0.803955
vt 0.206787 0.776611
vt 0.221680 0.813721
vt 0.234863 0.819092
vt 0.208252 0.790527
vt 0.202393 0.780762
vt 0.198242 0.774170
vt 0.197266 0.785156
vt 0.200684 0.793945
vt 0.200439 0.811768
vt 0.191895 0.817139
vt 0.204346 0.860596
vt 0.207764 0.831543
vt 0.228516 0.829590
vt 0.235107 0.843262
vt 0.227539 0.822266
vt 0.236572 0.830322
vt 0.027588 0.379639
vt 0.029297 0.384277
vt 0.026367 0.381348
vt 0.046143 0.370605
vt 0.040039 0.372559
vt 0.030762 0.376465
vt 0.022705 0.385742
vt 0.010010 0.392578
vt 0.019531 0.378906
vt 0.023926 0.376221
vt 0.010498 0.369629
vt 0.305908 0.919678
vt 0.275391 0.905518
vt 0.312012 0.909180
vt 0.340576 0.906982
vt 0.622070 0.834717
vt 0.634766 0.831787
vt 0.640625 0.834961
vt 0.611328 0.829834
vt 0.622803 0.823730
vt 0.589844 0.826904
vt 0.585693 0.838379
vt 0.591553 0.858398
vt 0.579102 0.858398
vt 0.546631 0.846436
vt 0.567871 0.832031
vt 0.558838 0.830322
vt 0.565430 0.834229
vt 0.561279 0.826416
vt 0.556396 0.835938
vt 0.532959 0.838623
vt 0.539062 0.841064
vt 0.517334 0.848389
vt 0.881348 0.247559
vt 0.869629 0.231689
vt 0.898193 0.244873
vt 0.882080 0.230469
vt 0.848145 0.235107
vt 0.868896 0.224609
vt 0.850342 0.243896
vt 0.871826 0.222900
vt 0.880371 0.223389
vt 0.861328 0.217285
vt 0.853271 0.223877
vt 0.842773 0.223877
vt 0.841064 0.217529
vt 0.807861 0.218506
vt 0.820557 0.236816
vt 0.820068 0.247559
vt 0.794434 0.217285
vt 0.795166 0.235596
vt 0.788818 0.224121
vt 0.318359 0.190430
vt 0.322510 0.189453
vt 0.306641 0.233887
vt 0.303711 0.235596
vt 0.318359 0.296143
vt 0.293213 0.218262
vt 0.274658 0.223145
vt 0.025635 0.648438
vt 0.011719 0.646240
vt 0.033447 0.638672
vt 0.002930 0.638916
vt 0.017090 0.659668
vt 0.006592 0.660645
vt 0.015381 0.665283
vt 0.007812 0.665283
vt 0.124512 0.960693
vt 0.126709 0.943848
vt 0.142822 0.963135
vt 0.109863 0.954834
vt 0.121582 0.963623
vt 0.091064 0.964355
vt 0.603760 0.961670
vt 0.608398 0.958740
vt 0.604492 0.968994
vt 0.592773 0.961182
vt 0.591309 0.964600
vt 0.614746 0.977295
vt 0.565918 0.973633
vt 0.462891 0.905273
vt 0.521240 0.905273
vt 0.520996 0.931641
vt 0.175781 0.730957
vt 0.185059 0.768555
vt 0.172363 0.763184
vt 0.171631 0.729736
vt 0.176514 0.709717
vt 0.173096 0.701904
vt 0.181885 0.703613
vt 0.161133 0.685547
vt 0.181396 0.714844
vt 0.179443 0.730713
vt 0.188965 0.722168
vt 0.199951 0.686035
vt 0.212402 0.699463
vt 0.196045 0.728760
vt 0.198730 0.749268
vt 0.195068 0.768555
vt 0.207764 0.747559
vt 0.209717 0.718750
vt 0.219482 0.717041
vt 0.231689 0.688232
vt 0.957520 0.234619
vt 0.943848 0.226562
vt 0.964600 0.208252
vt 0.950684 0.205322
vt 0.993652 0.178955
vt 0.993896 0.203613
vt 0.991943 0.233398
vt 0.350098 0.882568
vt 0.352539 0.878662
vt 0.360107 0.881348
vt 0.376953 0.880371
vt 0.392578 0.886719
vt 0.370850 0.901123
vt 0.321289 0.900635
vt 0.966553 0.739746
vt 0.982178 0.740723
vt 0.977295 0.743408
vt 0.989014 0.722900
vt 0.984619 0.750244
vt 0.979004 0.757568
vt 0.986816 0.797363
vt 0.199219 0.868164
vt 0.224365 0.864990
vt 0.201904 0.876465
vt 0.183350 0.896973
vt 0.227051 0.896240
vt 0.161865 0.896729
vt 0.197021 0.856201
vt 0.166504 0.878662
vt 0.156982 0.867920
vt 0.258789 0.141357
vt 0.275146 0.150879
vt 0.283691 0.171387
vt 0.278564 0.176270
vt 0.295166 0.153320
vt 0.270752 0.134521
vt 0.322021 0.176514
vt 0.326660 0.180176
vt 0.305908 0.185791
vt 0.277344 0.181152
vt 0.278076 0.192627
vt 0.275146 0.206299
vt 0.256348 0.212891
vt 0.258545 0.220947
vt 0.246826 0.230713
vt 0.270508 0.218018
vt 0.731445 0.946045
vt 0.688965 0.954346
vt 0.678467 0.946777
vt 0.734131 0.953125
vt 0.213867 0.420166
vt 0.209717 0.363281
vt 0.213867 0.380615
vt 0.214844 0.329102
vt 0.902344 0.300293
vt 0.907227 0.291748
vt 0.935791 0.343018
vt 0.926514 0.306885
vt 0.912109 0.290283
vt 0.854248 0.282227
vt 0.915039 0.287354
vt 0.924072 0.297852
vt 0.940918 0.311768
vt 0.916504 0.286621
vt 0.942383 0.305420
vt 0.925293 0.271729
vt 0.929199 0.252197
vt 0.962158 0.309082
vt 0.927734 0.265137
vt 0.044678 0.637939
vt 0.049316 0.651611
vt 0.044922 0.648438
vt 0.040527 0.654785
vt 0.029785 0.654297
vt 0.027344 0.661133
vt 0.020752 0.668213
vt 0.039551 0.660645
vt 0.052490 0.667725
vt 0.060059 0.667725
vt 0.849854 0.967773
vt 0.867188 0.981201
vt 0.846191 0.971924
vt 0.861816 0.971680
vt 0.854248 0.940918
vt 0.833496 0.974854
vt 0.829590 0.978027
vt 0.835938 0.977783
vt 0.065186 0.446045
vt 0.048584 0.442627
vt 0.063232 0.439697
vt 0.072021 0.441162
vt 0.051514 0.437500
vt 0.052002 0.462891
vt 0.032715 0.439941
vt 0.043457 0.458496
vt 0.056396 0.479492
vt 0.056641 0.489502
vt 0.891846 0.027344
vt 0.892822 0.046387
vt 0.879883 0.045166
vt 0.858154 0.038818
vt 0.881348 0.026855
vt 0.916260 0.018066
vt 0.916260 0.034424
vt 0.903809 0.044434
vt 0.902588 0.049316
vt 0.932617 0.050049
vt 0.905273 0.048828
vt 0.484619 0.881836
vt 0.464111 0.867920
vt 0.525879 0.876465
vt 0.454590 0.882324
vt 0.584229 0.877197
vt 0.569336 0.884766
vt 0.554932 0.873779
vt 0.591309 0.886475
vt 0.624756 0.875977
vt 0.774170 0.793213
vt 0.791260 0.795410
vt 0.792480 0.797852
vt 0.809326 0.796875
vt 0.801514 0.801514
vt 0.820801 0.805664
vt 0.821533 0.796387
vt 0.810303 0.809814
vt 0.793945 0.811035
vt 0.810791 0.822021
vt 0.824707 0.845947
vt 0.825928 0.832520
vt 0.831787 0.824951
vt 0.839600 0.822266
vt 0.866943 0.832764
vt 0.870605 0.842773
vt 0.863525 0.824463
vt 0.884277 0.833984
vt 0.862793 0.809814
vt 0.892334 0.816406
vt 0.879150 0.811768
vt 0.842285 0.808838
vt 0.860596 0.798828
vt 0.878662 0.802490
vt 0.833008 0.802734
vt 0.889893 0.767334
vt 0.848633 0.799561
vt 0.860352 0.781006
vt 0.858398 0.777344
vt 0.826416 0.782715
vt 0.866943 0.761230
vt 0.565918 0.061279
vt 0.613525 0.070312
vt 0.567627 0.073975
vt 0.651123 0.066650
vt 0.180176 0.686768
vt 0.172119 0.603516
vt 0.186035 0.685791
vt 0.172119 0.686523
vt 0.921875 0.021484
vt 0.990234 0.008301
vt 0.990723 0.020264
vt 0.921143 0.013428
vt 0.917480 0.008789
vt 0.652344 0.179688
vt 0.727539 0.182373
vt 0.726807 0.193604
vt 0.628662 0.198730
vt 0.622070 0.190674
vt 0.674316 0.211182
vt 0.559082 0.238281
vt 0.505371 0.246826
vt 0.497559 0.238525
vt 0.445801 0.254639
vt 0.444580 0.247559
vt 0.448242 0.266113
vt 0.495361 0.263672
vt 0.509033 0.269287
vt 0.561279 0.257568
vt 0.529297 0.275146
vt 0.429688 0.040283
vt 0.379395 0.034912
vt 0.453857 0.021973
vt 0.431641 0.015869
vt 0.377441 0.016602
vt 0.901123 0.056641
vt 0.896729 0.062744
vt 0.877441 0.053467
vt 0.889404 0.051514
vt 0.957275 0.053467
vt 0.929932 0.071045
vt 0.923096 0.074707
vt 0.934082 0.096436
vt 0.916504 0.098633
vt 0.903076 0.098145
vt 0.886230 0.069092
vt 0.877686 0.061035
vt 0.874756 0.063965
vt 0.783936 0.000244
vt 0.795654 0.000244
vt 0.786621 0.003662
vt 0.903564 0.679932
vt 0.904785 0.671387
vt 0.921631 0.648926
vt 0.918945 0.647461
vt 0.914551 0.635498
vt 0.897461 0.679932
vt 0.895996 0.676758
vt 0.887207 0.688965
vt 0.890625 0.692139
vt 0.877441 0.700684
vt 0.883057 0.702637
vt 0.881104 0.687744
vt 0.897461 0.672852
vt 0.868896 0.709717
vt 0.895752 0.645996
vt 0.905518 0.598877
vt 0.873535 0.670898
vt 0.866211 0.665771
vt 0.887207 0.623779
vt 0.887451 0.598389
vt 0.879150 0.620117
vt 0.866211 0.611084
vt 0.872070 0.624023
vt 0.975830 0.771240
vt 0.973877 0.843018
vt 0.968262 0.776123
vt 0.966797 0.843506
vt 0.986816 0.844727
vt 0.453369 0.029785
vt 0.530762 0.029785
vt 0.529785 0.035156
vt 0.450439 0.002930
vt 0.464844 0.004883
vt 0.466553 0.011963
vt 0.456055 0.010254
vt 0.474854 0.025146
vt 0.475586 0.019043
vt 0.474121 0.013672
vt 0.479980 0.010010
vt 0.491211 0.010010
vt 0.490723 0.001465
vt 0.201660 0.013916
vt 0.192383 0.010498
vt 0.217773 0.005371
vt 0.190918 0.024414
vt 0.986572 0.991943
vt 0.996582 0.960693
vt 0.991211 0.993896
vt 0.993896 0.986328
vt 0.406738 0.976807
vt 0.405029 0.969971
vt 0.426025 0.976807
vt 0.379395 0.975342
vt 0.982910 0.478516
vt 0.988037 0.475586
vt 0.987549 0.531006
vt 0.981445 0.441650
vt 0.979492 0.540527
vt 0.481445 0.103760
vt 0.438721 0.098145
vt 0.413818 0.081299
vt 0.410400 0.086426
vt 0.429688 0.106934
vt 0.398682 0.092285
vt 0.410645 0.125000
vt 0.387451 0.107666
vt 0.387207 0.115967
vt 0.991211 0.348633
vt 0.989746 0.428711
vt 0.979248 0.415527
vt 0.989502 0.447021
vt 0.356445 0.259277
vt 0.375244 0.268555
vt 0.350098 0.267822
vt 0.388672 0.258301
vt 0.412354 0.270508
vt 0.427002 0.256348
vt 0.356689 0.246826
vt 0.323242 0.233398
vt 0.346924 0.230713
vt 0.404541 0.248291
vt 0.439697 0.253906
vt 0.428223 0.241699
vt 0.371826 0.230713
vt 0.361084 0.222900
vt 0.404785 0.240479
vt 0.397217 0.228516
vt 0.400879 0.222168
vt 0.123291 0.785400
vt 0.138916 0.758545
vt 0.126465 0.786377
vt 0.124512 0.772217
vt 0.139893 0.741699
vt 0.122559 0.734375
vt 0.155029 0.724121
vt 0.143311 0.771240
vt 0.166504 0.736084
vt 0.762451 0.893311
vt 0.829834 0.894531
vt 0.780518 0.900146
vt 0.807861 0.900879
vt 0.794922 0.881836
vt 0.907715 0.946289
vt 0.913330 0.935059
vt 0.921631 0.954346
vt 0.925781 0.949707
vt 0.907959 0.940186
vt 0.868896 0.953125
vt 0.283203 0.414795
vt 0.273926 0.415039
vt 0.272705 0.409180
vt 0.310791 0.392822
vt 0.295410 0.420898
vt 0.285400 0.426758
vt 0.274902 0.430420
vt 0.292236 0.482422
vt 0.301758 0.473877
vt 0.301025 0.511230
vt 0.297852 0.434326
vt 0.302734 0.432373
vt 0.307129 0.454102
vt 0.305908 0.434814
vt 0.729492 0.266113
vt 0.716553 0.260010
vt 0.740967 0.255615
vt 0.700195 0.237549
vt 0.709961 0.270264
vt 0.644287 0.237061
vt 0.627197 0.242432
vt 0.676758 0.240967
vt 0.683594 0.228516
vt 0.667236 0.222412
vt 0.462891 0.804199
vt 0.492676 0.822021
vt 0.451416 0.807373
vt 0.481689 0.798096
vt 0.520264 0.808838
vt 0.508789 0.802246
vt 0.536133 0.789795
vt 0.504639 0.782471
vt 0.552734 0.808838
vt 0.529785 0.777832
vt 0.540283 0.788330
vt 0.526123 0.751465
vt 0.589111 0.821533
vt 0.571289 0.819824
vt 0.572266 0.800049
vt 0.542480 0.783936
vt 0.533691 0.758057
vt 0.578613 0.795654
vt 0.126953 0.119873
vt 0.137695 0.095703
vt 0.140137 0.162842
vt 0.121826 0.143311
vt 0.111328 0.112061
vt 0.111328 0.135010
vt 0.107422 0.114990
vt 0.098633 0.161377
vt 0.484131 0.015869
vt 0.562256 0.015869
vt 0.538086 0.024658
vt 0.702148 0.034424
vt 0.719727 0.041016
vt 0.686035 0.039551
vt 0.655029 0.027832
vt 0.638672 0.045166
vt 0.193359 0.943848
vt 0.141357 0.951172
vt 0.165527 0.943848
vt 0.182617 0.958496
vt 0.262695 0.529541
vt 0.267334 0.534424
vt 0.261719 0.566650
vt 0.268555 0.625488
vt 0.830322 0.639893
vt 0.811035 0.656982
vt 0.826172 0.640137
vt 0.833740 0.623047
vt 0.846191 0.605469
vt 0.845459 0.627441
vt 0.826416 0.662598
vt 0.811768 0.675781
vt 0.808350 0.659424
vt 0.801758 0.682617
vt 0.805420 0.712646
vt 0.803955 0.706787
vt 0.822510 0.714111
vt 0.796875 0.739014
vt 0.784424 0.720215
vt 0.771729 0.752197
vt 0.801514 0.738281
vt 0.766113 0.737305
vt 0.764893 0.734863
vt 0.740723 0.749268
vt 0.769531 0.727783
vt 0.741455 0.745361
vt 0.809570 0.735352
vt 0.802490 0.752197
vt 0.825684 0.738281
vt 0.842041 0.759766
vt 0.829834 0.727051
vt 0.838867 0.746338
vt 0.845215 0.742676
vt 0.848633 0.759277
vt 0.826416 0.713623
vt 0.837402 0.725830
vt 0.829834 0.712891
vt 0.253418 0.450928
vt 0.253906 0.437256
vt 0.259521 0.434814
vt 0.240967 0.469482
vt 0.245117 0.470459
vt 0.254150 0.479492
vt 0.243896 0.472412
vt 0.247559 0.479980
vt 0.250977 0.500000
vt 0.263916 0.514160
vt 0.258789 0.518555
vt 0.264893 0.470703
vt 0.269287 0.464355
vt 0.263672 0.427734
vt 0.280273 0.488525
vt 0.270508 0.524658
vt 0.290283 0.496094
vt 0.277100 0.252197
vt 0.282227 0.270264
vt 0.277832 0.260986
vt 0.291748 0.281738
vt 0.298096 0.262451
vt 0.303223 0.264648
vt 0.301270 0.305420
vt 0.281982 0.335938
vt 0.330566 0.299072
vt 0.304443 0.322998
vt 0.295410 0.344238
vt 0.291504 0.372070
vt 0.273438 0.385742
vt 0.307617 0.335205
vt 0.298584 0.359863
vt 0.323975 0.313477
vt 0.301514 0.361084
vt 0.320557 0.343750
vt 0.317871 0.341797
vt 0.303223 0.351807
vt 0.310791 0.339844
vt 0.302246 0.343506
vt 0.167725 0.554932
vt 0.156250 0.564697
vt 0.152832 0.557129
vt 0.125000 0.587646
vt 0.129639 0.604004
vt 0.153320 0.582031
vt 0.144043 0.605469
vt 0.168945 0.577393
vt 0.155518 0.606934
vt 0.164307 0.601562
vt 0.172852 0.593994
vt 0.175537 0.574219
vt 0.172852 0.536865
vt 0.168457 0.541016
vt 0.144043 0.557617
vt 0.158447 0.534180
vt 0.135254 0.556885
vt 0.114746 0.575928
vt 0.135742 0.541016
vt 0.115967 0.554199
vt 0.049316 0.751953
vt 0.040283 0.776855
vt 0.049072 0.731445
vt 0.028564 0.746582
vt 0.296143 0.101562
vt 0.291748 0.078125
vt 0.302490 0.072510
vt 0.305420 0.076660
vt 0.300049 0.135986
vt 0.327637 0.054443
vt 0.295410 0.068848
vt 0.274170 0.069580
vt 0.305176 0.063232
vt 0.266846 0.064453
vt 0.265625 0.056396
vt 0.118408 0.381836
vt 0.120850 0.409180
vt 0.114746 0.399414
vt 0.107178 0.382568
vt 0.107178 0.413574
vt 0.101074 0.398438
vt 0.099365 0.366455
vt 0.088623 0.371094
vt 0.083984 0.382324
vt 0.087158 0.400146
vt 0.084229 0.370605
vt 0.084229 0.362305
vt 0.106934 0.367676
vt 0.085693 0.349609
vt 0.120361 0.357910
vt 0.124756 0.379150
vt 0.143066 0.381104
vt 0.134277 0.359619
vt 0.121094 0.348633
vt 0.140381 0.371338
vt 0.035645 0.575439
vt 0.045166 0.573730
vt 0.045654 0.603027
vt 0.053711 0.587402
vt 0.044922 0.621826
vt 0.075684 0.581299
vt 0.094971 0.628662
vt 0.095215 0.623535
vt 0.107178 0.630859
vt 0.069580 0.627197
vt 0.083252 0.623535
vt 0.080566 0.619385
vt 0.106445 0.622803
vt 0.096680 0.619873
vt 0.125977 0.618896
vt 0.067871 0.033447
vt 0.043945 0.063721
vt 0.052734 0.023438
vt 0.066162 0.021484
vt 0.077881 0.020508
vt 0.041016 0.049072
vt 0.036621 0.013672
vt 0.045410 0.009766
vt 0.031494 0.000488
vt 0.033936 0.037598
vt 0.035645 0.052490
vt 0.248047 0.508789
vt 0.244385 0.602783
vt 0.240967 0.521240
vt 0.252686 0.558838
vt 0.124268 0.062012
vt 0.129150 0.087891
vt 0.117432 0.057373
vt 0.115723 0.045410
vt 0.109863 0.039307
vt 0.111328 0.024658
vt 0.908447 0.516846
vt 0.926514 0.559326
vt 0.908936 0.548340
vt 0.924072 0.477539
vt 0.904785 0.492920
vt 0.902832 0.467285
vt 0.899658 0.520996
vt 0.897949 0.548340
vt 0.895264 0.556641
vt 0.886963 0.534912
vt 0.895752 0.492432
vt 0.885742 0.454834
vt 0.874512 0.479736
vt 0.878906 0.447510
vt 0.867920 0.473877
vt 0.865479 0.489746
vt 0.856445 0.519531
vt 0.854248 0.506104
vt 0.383301 0.290527
vt 0.381836 0.302002
vt 0.363525 0.305908
vt 0.356689 0.312988
vt 0.398438 0.308350
vt 0.382568 0.322998
vt 0.368652 0.343018
vt 0.356689 0.354736
vt 0.384277 0.337402
vt 0.393311 0.337891
vt 0.399414 0.356934
vt 0.392822 0.369385
vt 0.375732 0.378906
vt 0.363281 0.373779
vt 0.396240 0.390869
vt 0.386230 0.406250
vt 0.377441 0.438721
vt 0.360596 0.416016
vt 0.371094 0.439209
vt 0.366211 0.444092
vt 0.357422 0.425537
vt 0.510986 0.284668
vt 0.488525 0.297119
vt 0.481201 0.293457
vt 0.475586 0.326660
vt 0.489258 0.319580
vt 0.481445 0.329590
vt 0.487305 0.332520
vt 0.484619 0.335449
vt 0.477783 0.332275
vt 0.459229 0.332275
vt 0.453613 0.318604
vt 0.438721 0.349121
vt 0.476807 0.272705
vt 0.433838 0.324219
vt 0.428467 0.317627
vt 0.412598 0.357910
vt 0.457764 0.271973
vt 0.436279 0.296387
vt 0.436523 0.271973
vt 0.424316 0.278809
vt 0.421387 0.314697
vt 0.408447 0.321777
vt 0.413086 0.303223
vt 0.409424 0.293457
vt 0.369629 0.272949
vt 0.909668 0.696533
vt 0.929688 0.664795
vt 0.906494 0.724365
vt 0.923340 0.696045
vt 0.920898 0.749023
vt 0.900146 0.776611
vt 0.896729 0.719727
vt 0.886963 0.739746
vt 0.886475 0.729492
vt 0.881348 0.737549
vt 0.879395 0.725586
vt 0.863037 0.751221
vt 0.873291 0.731934
vt 0.096436 0.779053
vt 0.101807 0.794434
vt 0.087402 0.777832
vt 0.092041 0.774414
vt 0.086182 0.763672
vt 0.098389 0.766846
vt 0.117188 0.779297
vt 0.096436 0.748291
vt 0.091064 0.738770
vt 0.118164 0.729736
vt 0.091064 0.730957
vt 0.101074 0.730225
vt 0.356445 0.835205
vt 0.336914 0.853516
vt 0.318115 0.862061
vt 0.352539 0.853027
vt 0.381592 0.850830
vt 0.365967 0.862061
vt 0.390137 0.862305
vt 0.393799 0.858643
vt 0.407959 0.849854
vt 0.400391 0.838867
vt 0.424805 0.840088
vt 0.422607 0.851074
vt 0.423096 0.863281
vt 0.441162 0.840088
vt 0.393066 0.827393
vt 0.440186 0.831787
vt 0.447021 0.831299
vt 0.445557 0.825439
vt 0.438477 0.825439
vt 0.357178 0.818115
vt 0.352295 0.821289
vt 0.425537 0.808105
vt 0.437256 0.816895
vt 0.440430 0.804199
vt 0.427246 0.805420
vt 0.342041 0.805908
vt 0.412109 0.798584
vt 0.426758 0.795166
vt 0.397949 0.809326
vt 0.370117 0.813232
vt 0.352539 0.807617
vt 0.364990 0.800293
vt 0.389648 0.800781
vt 0.360352 0.789307
vt 0.335205 0.808105
vt 0.457764 0.906250
vt 0.454590 0.917480
vt 0.443359 0.917725
vt 0.453125 0.905518
vt 0.440674 0.908691
vt 0.448730 0.920898
vt 0.432617 0.926758
vt 0.451660 0.929199
vt 0.425293 0.918701
vt 0.421631 0.935547
vt 0.412842 0.918945
vt 0.404297 0.908936
vt 0.407715 0.905273
vt 0.399902 0.904541
vt 0.985352 0.038330
vt 0.990723 0.085693
vt 0.981201 0.087646
vt 0.983398 0.099365
vt 0.990723 0.034668
vt 0.962646 0.057861
vt 0.958984 0.031494
vt 0.968262 0.024902
vt 0.626465 0.403320
vt 0.703369 0.426270
vt 0.642090 0.411865
vt 0.681396 0.425781
vt 0.649414 0.408447
vt 0.701416 0.399902
vt 0.740967 0.404785
vt 0.707031 0.441406
vt 0.713867 0.427002
vt 0.708984 0.433594
vt 0.720947 0.449951
vt 0.724609 0.448486
vt 0.742188 0.481934
vt 0.745605 0.480957
vt 0.757568 0.502441
vt 0.215088 0.968506
vt 0.195801 0.994873
vt 0.193604 0.990234
vt 0.767822 0.219971
vt 0.811279 0.201660
vt 0.774170 0.219971
vt 0.784180 0.225342
vt 0.770264 0.234863
vt 0.761719 0.229248
vt 0.768799 0.252197
vt 0.743652 0.200684
vt 0.757080 0.204834
vt 0.735352 0.209717
vt 0.752441 0.237061
vt 0.763916 0.260498
vt 0.698975 0.208984
vt 0.718018 0.235840
vt 0.702148 0.891357
vt 0.760010 0.887939
vt 0.704346 0.899170
vt 0.692871 0.900879
vt 0.692139 0.885010
vt 0.041992 0.832764
vt 0.042969 0.804443
vt 0.047119 0.831787
vt 0.035645 0.795898
vt 0.017822 0.794189
vt 0.035889 0.789062
vt 0.010742 0.831787
vt 0.010010 0.789307
vt 0.104980 0.684570
vt 0.096680 0.682373
vt 0.113525 0.645020
vt 0.093506 0.662354
vt 0.077881 0.691895
vt 0.096191 0.694580
vt 0.080566 0.660400
vt 0.068115 0.693359
vt 0.330566 0.977051
vt 0.284424 0.977051
vt 0.323242 0.971436
vt 0.512451 0.233887
vt 0.542236 0.219482
vt 0.536377 0.225830
vt 0.546875 0.209961
vt 0.538574 0.202881
vt 0.547852 0.222168
vt 0.557373 0.191895
vt 0.566895 0.235840
vt 0.578125 0.205078
vt 0.577637 0.197021
vt 0.580811 0.197510
vt 0.595703 0.215820
vt 0.592529 0.208984
vt 0.618652 0.210693
vt 0.616455 0.190918
vt 0.621826 0.223145
vt 0.624756 0.236328
vt 0.606201 0.239014
vt 0.593018 0.239502
vt 0.579346 0.241699
vt 0.604248 0.245361
vt 0.044434 0.899414
vt 0.029297 0.924561
vt 0.026855 0.920898
vt 0.056152 0.889404
vt 0.021973 0.881836
vt 0.052979 0.887451
vt 0.535156 0.889160
vt 0.497803 0.889893
vt 0.523926 0.885742
vt 0.498779 0.886475
vt 0.541748 0.884277
vt 0.568359 0.893311
vt 0.559082 0.885498
vt 0.544678 0.878662
vt 0.019043 0.190186
vt 0.024414 0.208008
vt 0.006104 0.223877
vt 0.006836 0.194336
vt 0.026611 0.197266
vt 0.022461 0.180664
vt 0.035156 0.212891
vt 0.030273 0.196533
vt 0.026855 0.192871
vt 0.436768 0.976562
vt 0.432373 0.975342
vt 0.451904 0.962646
vt 0.443604 0.975586
vt 0.448975 0.975342
vt 0.455566 0.968750
vt 0.425293 0.962402
vt 0.413818 0.957764
vt 0.439941 0.933105
vt 0.449951 0.944580
vt 0.452881 0.951172
vt 0.462891 0.977051
vt 0.455566 0.942383
vt 0.457275 0.933350
vt 0.461914 0.940918
vt 0.971191 0.326904
vt 0.951172 0.313965
vt 0.993652 0.317871
vt 0.937256 0.322510
vt 0.941162 0.335449
vt 0.248291 0.700195
vt 0.250732 0.739502
vt 0.242188 0.757080
vt 0.256592 0.729004
vt 0.260498 0.730957
vt 0.226318 0.727783
vt 0.256348 0.762695
vt 0.249023 0.760498
vt 0.260010 0.775146
vt 0.238037 0.767334
vt 0.233398 0.761719
vt 0.218506 0.736084
vt 0.217773 0.747559
vt 0.228271 0.763916
vt 0.223633 0.771729
vt 0.220947 0.781982
vt 0.223633 0.787598
vt 0.215332 0.778564
vt 0.052734 0.554932
vt 0.054199 0.521240
vt 0.069092 0.532471
vt 0.071777 0.542725
vt 0.072510 0.556152
vt 0.077637 0.542480
vt 0.056885 0.576416
vt 0.070312 0.575684
vt 0.089355 0.969727
vt 0.052490 0.985107
vt 0.073242 0.963867
vt 0.049805 0.972900
vt 0.073975 0.980469
vt 0.064453 0.990723
vt 0.085693 0.990479
vt 0.171631 0.987793
vt 0.160889 0.961914
vt 0.167969 0.966309
vt 0.158447 0.984863
vt 0.153076 0.963379
vt 0.137451 0.986084
vt 0.137451 0.974609
vt 0.925537 0.928955
vt 0.962158 0.927246
vt 0.934082 0.937500
vt 0.913574 0.928467
vt 0.953125 0.934814
vt 0.968994 0.927979
vt 0.931885 0.949463
vt 0.043945 0.563721
vt 0.043213 0.569336
vt 0.024170 0.569336
vt 0.013184 0.562988
vt 0.016357 0.554932
vt 0.968018 0.333740
vt 0.976318 0.335205
vt 0.945801 0.344482
vt 0.983154 0.341553
vt 0.982910 0.344482
vt 0.865234 0.210449
vt 0.830322 0.197021
vt 0.863281 0.207764
vt 0.857666 0.202148
vt 0.883057 0.205322
vt 0.894043 0.202148
vt 0.895752 0.207275
vt 0.895508 0.211914
vt 0.900879 0.216797
vt 0.916748 0.206787
vt 0.908936 0.217529
vt 0.897461 0.223633
vt 0.907471 0.219727
vt 0.899414 0.232178
vt 0.916504 0.264160
vt 0.921875 0.224365
vt 0.916016 0.217773
vt 0.928711 0.210449
vt 0.914795 0.215332
vt 0.270752 0.987305
vt 0.237305 0.988770
vt 0.263672 0.968750
vt 0.274170 0.981201
vt 0.658447 0.880615
vt 0.650635 0.879150
vt 0.648193 0.871094
vt 0.619385 0.885498
vt 0.654541 0.900879
vt 0.687744 0.894531
vt 0.650391 0.895264
vt 0.619873 0.900879
vt 0.332031 0.020752
vt 0.331543 0.005127
vt 0.354980 0.013672
vt 0.316406 0.012207
vt 0.313477 0.005127
vt 0.358398 0.919678
vt 0.331055 0.916504
vt 0.364746 0.913574
vt 0.395508 0.916992
vt 0.967285 0.959717
vt 0.989014 0.966064
vt 0.975342 0.972900
vt 0.956055 0.962158
vt 0.958740 0.980225
vt 0.952637 0.958252
vt 0.964600 0.937012
vt 0.930908 0.958984
vt 0.225586 0.186523
vt 0.222412 0.188477
vt 0.208496 0.155273
vt 0.212158 0.173828
vt 0.219482 0.192627
vt 0.231201 0.200684
vt 0.222168 0.203125
vt 0.210449 0.217041
vt 0.215088 0.229736
vt 0.233643 0.215820
vt 0.249512 0.202637
vt 0.232910 0.230225
vt 0.240723 0.239746
vt 0.550537 0.950195
vt 0.542236 0.932373
vt 0.549561 0.895752
vt 0.536377 0.917725
vt 0.529297 0.935547
vt 0.987793 0.620850
vt 0.993896 0.639893
vt 0.982422 0.626465
vt 0.989746 0.641113
vt 0.984863 0.641602
vt 0.791504 0.394531
vt 0.783447 0.389648
vt 0.799805 0.385498
vt 0.787109 0.382568
vt 0.801270 0.376709
vt 0.772461 0.385742
vt 0.774658 0.365234
vt 0.766602 0.391846
vt 0.812988 0.359375
vt 0.811279 0.378174
vt 0.813965 0.383545
vt 0.824219 0.383789
vt 0.822754 0.397705
vt 0.806885 0.393066
vt 0.800049 0.402344
vt 0.811035 0.404053
vt 0.789795 0.406494
vt 0.781738 0.398193
vt 0.778320 0.409668
vt 0.770508 0.403320
vt 0.774902 0.422363
vt 0.796631 0.415283
vt 0.767334 0.415283
vt 0.760498 0.405029
vt 0.749268 0.399902
vt 0.744141 0.416016
vt 0.750488 0.423584
vt 0.754395 0.427002
vt 0.759766 0.389893
vt 0.750244 0.367676
vt 0.743896 0.399414
vt 0.736816 0.372559
vt 0.748535 0.392578
vt 0.738525 0.395508
vt 0.722656 0.375488
vt 0.771240 0.431885
vt 0.759521 0.433838
vt 0.788574 0.427979
vt 0.776123 0.437500
vt 0.758789 0.441406
vt 0.777588 0.449707
vt 0.791748 0.437256
vt 0.772949 0.453125
vt 0.760010 0.460449
vt 0.795410 0.453125
vt 0.770508 0.460449
vt 0.751465 0.467773
vt 0.772705 0.482178
vt 0.774902 0.475342
vt 0.785156 0.468262
vt 0.770996 0.529053
vt 0.798096 0.465088
vt 0.814697 0.462158
vt 0.811035 0.449707
vt 0.825684 0.451172
vt 0.826904 0.461182
vt 0.837646 0.460205
vt 0.809082 0.432861
vt 0.820801 0.431641
vt 0.836426 0.447510
vt 0.848877 0.466064
vt 0.811523 0.423584
vt 0.833496 0.428467
vt 0.844482 0.425781
vt 0.839355 0.420898
vt 0.826904 0.422852
vt 0.830322 0.415527
vt 0.819336 0.414551
vt 0.822021 0.405762
vt 0.832520 0.408691
vt 0.846680 0.409668
vt 0.837158 0.403076
vt 0.462646 0.898438
vt 0.429443 0.898438
vt 0.435059 0.872803
vt 0.426514 0.885498
vt 0.432129 0.867920
vt 0.425293 0.899658
vt 0.391357 0.900146
vt 0.017334 0.347656
vt 0.041260 0.364990
vt 0.010986 0.360840
vt 0.994629 0.337646
vt 0.981201 0.329834
vt 0.998047 0.329102
vt 0.997559 0.347168
vt 0.822266 0.884033
vt 0.851074 0.877686
vt 0.849609 0.896729
vt 0.856445 0.882568
vt 0.856934 0.901123
vt 0.890381 0.892090
vt 0.012207 0.547363
vt 0.041260 0.542236
vt 0.041992 0.556152
vt 0.047363 0.543457
vt 0.047852 0.558594
vt 0.026123 0.238037
vt 0.038330 0.241699
vt 0.027344 0.259521
vt 0.046143 0.235107
vt 0.922607 0.143555
vt 0.934814 0.162842
vt 0.916748 0.152832
vt 0.911865 0.148926
vt 0.918945 0.139648
vt 0.900879 0.133545
vt 0.910645 0.117920
vt 0.927490 0.126221
vt 0.912109 0.103516
vt 0.898682 0.112549
vt 0.891357 0.127930
vt 0.891113 0.139648
vt 0.880371 0.125732
vt 0.886719 0.111816
vt 0.894775 0.101807
vt 0.884521 0.103760
vt 0.867676 0.097656
vt 0.009277 0.171631
vt 0.035156 0.168457
vt 0.020996 0.172852
vt 0.013428 0.167725
vt 0.754639 0.000244
vt 0.736328 0.003662
vt 0.729004 0.000488
vt 0.906250 0.952881
vt 0.915527 0.977051
vt 0.901855 0.970703
vt 0.921631 0.969971
vt 0.894287 0.957520
vt 0.891113 0.976074
vt 0.885254 0.970947
vt 0.882812 0.957275
vt 0.879150 0.973145
vt 0.047852 0.220703
vt 0.053223 0.216553
vt 0.057129 0.224121
vt 0.046387 0.216309
vt 0.046143 0.210205
vt 0.053955 0.212158
vt 0.062012 0.199951
vt 0.067627 0.209717
vt 0.067871 0.189941
vt 0.059326 0.237549
vt 0.043457 0.225342
vt 0.037109 0.221191
vt 0.031982 0.218750
vt 0.032471 0.229492
vt 0.572510 0.956299
vt 0.580078 0.938965
vt 0.584961 0.947266
vt 0.564209 0.943848
vt 0.571777 0.933594
vt 0.573730 0.925781
vt 0.569092 0.927002
vt 0.564697 0.918945
vt 0.565674 0.915283
vt 0.563232 0.923096
vt 0.558105 0.915771
vt 0.586182 0.941895
vt 0.591553 0.936523
vt 0.593262 0.945801
vt 0.585449 0.959473
vt 0.604004 0.941406
vt 0.181396 0.345459
vt 0.166260 0.327881
vt 0.179199 0.328125
vt 0.190186 0.336670
vt 0.202637 0.333496
vt 0.195557 0.328857
vt 0.206055 0.337646
vt 0.209717 0.326904
vt 0.203125 0.352295
vt 0.188477 0.348877
vt 0.191406 0.356445
vt 0.201172 0.359619
vt 0.182861 0.356934
vt 0.186279 0.372803
vt 0.195068 0.376221
vt 0.192383 0.377197
vt 0.184570 0.377441
vt 0.207520 0.403564
vt 0.174805 0.375977
vt 0.185303 0.406738
vt 0.177734 0.355225
vt 0.162109 0.351318
vt 0.170166 0.364746
vt 0.168701 0.371582
vt 0.146484 0.394287
vt 0.147705 0.385986
vt 0.160400 0.368408
vt 0.153564 0.348145
vt 0.149902 0.338867
vt 0.153809 0.364502
vt 0.144531 0.338379
vt 0.146240 0.359131
vt 0.009277 0.177246
vt 0.017334 0.177246
vt 0.013184 0.185059
vt 0.571289 0.142334
vt 0.557617 0.125000
vt 0.575684 0.130127
vt 0.559570 0.145264
vt 0.570801 0.148926
vt 0.561279 0.152100
vt 0.553955 0.148926
vt 0.553223 0.156006
vt 0.578125 0.145996
vt 0.577393 0.115723
vt 0.572998 0.106934
vt 0.586426 0.136963
vt 0.594727 0.141602
vt 0.591797 0.126953
vt 0.602295 0.137695
vt 0.594238 0.143555
vt 0.606445 0.157715
vt 0.634033 0.134766
vt 0.647217 0.138916
vt 0.599365 0.129883
vt 0.596436 0.116699
vt 0.601074 0.121826
vt 0.631592 0.123047
vt 0.601318 0.109619
vt 0.582031 0.112061
vt 0.580566 0.102783
vt 0.577881 0.093994
vt 0.564453 0.091553
vt 0.595703 0.105225
vt 0.599121 0.097656
vt 0.603271 0.096680
vt 0.600342 0.092529
vt 0.602295 0.087891
vt 0.662598 0.976074
vt 0.638916 0.976807
vt 0.660645 0.970459
vt 0.673584 0.967773
vt 0.672363 0.974365
vt 0.682861 0.960938
vt 0.167480 0.076172
vt 0.189941 0.084473
vt 0.186523 0.092529
vt 0.157959 0.078125
vt 0.159668 0.085205
vt 0.141602 0.075195
vt 0.155273 0.064209
vt 0.161377 0.063721
vt 0.194092 0.073730
vt 0.133545 0.055664
vt 0.138916 0.091064
vt 0.135254 0.045654
vt 0.164795 0.055664
vt 0.159424 0.051270
vt 0.136963 0.037109
vt 0.168945 0.048828
vt 0.162598 0.039795
vt 0.137939 0.026611
vt 0.167236 0.035889
vt 0.174316 0.041260
vt 0.186523 0.020020
vt 0.135010 0.016113
vt 0.542236 0.298584
vt 0.526855 0.299316
vt 0.520020 0.290527
vt 0.540771 0.291504
vt 0.560303 0.301025
vt 0.548096 0.306152
vt 0.564453 0.308350
vt 0.582520 0.321533
vt 0.525879 0.307373
vt 0.565674 0.313721
vt 0.540771 0.314453
vt 0.552979 0.316895
vt 0.575439 0.333496
vt 0.562256 0.323242
vt 0.542969 0.326904
vt 0.527588 0.327881
vt 0.500000 0.330322
vt 0.526123 0.342041
vt 0.544434 0.348877
vt 0.560059 0.335938
vt 0.572754 0.352783
vt 0.555176 0.362061
vt 0.561035 0.372559
vt 0.578613 0.376709
vt 0.564453 0.382080
vt 0.561523 0.404541
vt 0.581055 0.366943
vt 0.592773 0.350586
vt 0.592041 0.374023
vt 0.600586 0.387695
vt 0.584229 0.395996
vt 0.598145 0.363770
vt 0.605713 0.383545
vt 0.599854 0.350342
vt 0.612061 0.373535
vt 0.594727 0.340576
vt 0.592773 0.330078
vt 0.603760 0.350830
vt 0.616455 0.370117
vt 0.622559 0.361816
vt 0.613525 0.341797
vt 0.604004 0.322998
vt 0.627441 0.344727
vt 0.635498 0.364258
vt 0.621582 0.330811
vt 0.617432 0.312988
vt 0.632568 0.339355
vt 0.639893 0.360840
vt 0.640869 0.354004
vt 0.658936 0.353760
vt 0.627197 0.328369
vt 0.653809 0.331543
vt 0.624268 0.312988
vt 0.630371 0.302490
vt 0.636719 0.303223
vt 0.643066 0.292725
vt 0.649414 0.292480
vt 0.470947 0.973145
vt 0.493408 0.965332
vt 0.489014 0.981934
vt 0.482178 0.965088
vt 0.467041 0.944824
vt 0.039551 0.401855
vt 0.060303 0.405273
vt 0.039551 0.424316
vt 0.045898 0.423828
vt 0.061768 0.422363
vt 0.057861 0.399658
vt 0.042725 0.397949
vt 0.049072 0.377441
vt 0.031006 0.395996
vt 0.013428 0.317627
vt 0.018311 0.302246
vt 0.041992 0.321777
vt 0.750000 0.895508
vt 0.749512 0.914551
vt 0.742920 0.898438
vt 0.781738 0.907227
vt 0.744629 0.920898
vt 0.716797 0.904785
vt 0.028809 0.720215
vt 0.033447 0.698975
vt 0.045166 0.710205
vt 0.034912 0.727295
vt 0.043701 0.696045
vt 0.030273 0.692871
vt 0.029785 0.672363
vt 0.053955 0.711182
vt 0.073975 0.699219
vt 0.029785 0.347168
vt 0.051270 0.341309
vt 0.055908 0.340576
vt 0.047607 0.361328
vt 0.067871 0.355713
vt 0.063232 0.362549
vt 0.051270 0.366943
vt 0.059326 0.385010
vt 0.243896 0.897705
vt 0.283936 0.916748
vt 0.262939 0.919678
vt 0.257568 0.919678
vt 0.244385 0.906982
vt 0.233154 0.902100
vt 0.217529 0.919678
vt 0.234131 0.893799
vt 0.245850 0.864014
vt 0.037109 0.460205
vt 0.032959 0.466553
vt 0.029053 0.451660
vt 0.009277 0.458496
vt 0.050781 0.861572
vt 0.065186 0.860596
vt 0.054443 0.865723
vt 0.051514 0.826904
vt 0.068359 0.826416
vt 0.073242 0.865723
vt 0.057861 0.883301
vt 0.076904 0.859619
vt 0.085693 0.827148
vt 0.088135 0.882568
vt 0.095459 0.863037
vt 0.091797 0.859131
vt 0.103271 0.824463
vt 0.105225 0.857910
vt 0.000000 0.080322
vt 0.016602 0.080322
vt 0.006104 0.098389
vt 0.266357 0.072021
vt 0.228027 0.084473
vt 0.247559 0.070557
vt 0.230713 0.066895
vt 0.240479 0.058838
vt 0.221680 0.073242
vt 0.234863 0.054443
vt 0.224854 0.091553
vt 0.212158 0.085693
vt 0.208496 0.070068
vt 0.196777 0.049805
vt 0.198975 0.066406
vt 0.202393 0.091064
vt 0.210938 0.103516
vt 0.220947 0.111084
vt 0.202148 0.111572
vt 0.195557 0.119873
vt 0.196289 0.134766
vt 0.209961 0.119141
vt 0.202637 0.134766
vt 0.215576 0.130371
vt 0.510254 0.990967
vt 0.487793 0.986816
vt 0.504883 0.985352
vt 0.474121 0.990967
vt 0.472900 0.986816
vt 0.601807 0.002441
vt 0.597168 0.007080
vt 0.581543 0.003906
vt 0.568115 0.001221
vt 0.574951 0.008301
vt 0.568115 0.010742
vt 0.576660 0.012695
vt 0.583740 0.017334
vt 0.569824 0.017090
vt 0.018555 0.910400
vt 0.016846 0.938721
vt 0.012451 0.936279
vt 0.007080 0.942383
vt 0.111328 0.418945
vt 0.120117 0.429932
vt 0.102783 0.422607
vt 0.101562 0.447754
vt 0.096924 0.426025
vt 0.096924 0.446533
vt 0.097168 0.479736
vt 0.101562 0.479980
vt 0.130127 0.482666
vt 0.111084 0.489258
vt 0.131104 0.467041
vt 0.136475 0.475830
vt 0.137207 0.467285
vt 0.123047 0.426025
vt 0.268066 0.017334
vt 0.250244 0.027832
vt 0.208496 0.020264
vt 0.242188 0.009277
vt 0.241455 0.043701
vt 0.194824 0.030518
vt 0.206787 0.049805
vt 0.154541 0.683350
vt 0.162598 0.664307
vt 0.167480 0.665039
vt 0.122803 0.674072
vt 0.144287 0.651611
vt 0.128174 0.685059
vt 0.135498 0.687256
vt 0.132568 0.692139
vt 0.165283 0.722656
vt 0.137451 0.704834
vt 0.123779 0.716064
vt 0.196777 0.658936
vt 0.234619 0.628418
vt 0.202393 0.661865
vt 0.254883 0.609619
vt 0.238037 0.645752
vt 0.243896 0.639648
vt 0.248047 0.649902
vt 0.204102 0.669678
vt 0.244629 0.656250
vt 0.237061 0.657471
vt 0.244385 0.666260
vt 0.239502 0.668701
vt 0.207031 0.683594
vt 0.250977 0.672607
vt 0.243408 0.683594
vt 0.256592 0.680176
vt 0.257324 0.695557
vt 0.529541 0.071045
vt 0.530273 0.086182
vt 0.526855 0.074219
vt 0.489014 0.063965
vt 0.488770 0.075684
vt 0.524170 0.085693
vt 0.487549 0.087646
vt 0.522217 0.097168
vt 0.486572 0.099609
vt 0.524658 0.106934
vt 0.485840 0.108154
vt 0.530762 0.096191
vt 0.543945 0.108154
vt 0.545166 0.093750
vt 0.549561 0.105469
vt 0.540283 0.081299
vt 0.552734 0.087891
vt 0.558350 0.100586
vt 0.557617 0.087646
vt 0.547119 0.081055
vt 0.552490 0.070557
vt 0.545166 0.064941
vt 0.555176 0.068359
vt 0.563721 0.084961
vt 0.561035 0.068359
vt 0.561523 0.049805
vt 0.548828 0.050537
vt 0.546143 0.050049
vt 0.532471 0.057373
vt 0.527344 0.064453
vt 0.529541 0.056641
vt 0.477783 0.051270
vt 0.783447 0.914551
vt 0.821533 0.922852
vt 0.791992 0.924561
vt 0.820801 0.913574
vt 0.829590 0.900391
vt 0.846680 0.954590
vt 0.783203 0.943848
vt 0.889648 0.396484
vt 0.891113 0.387695
vt 0.916260 0.412354
vt 0.918213 0.399902
vt 0.875732 0.407471
vt 0.891357 0.379883
vt 0.927002 0.399170
vt 0.891357 0.364990
vt 0.868164 0.389893
vt 0.868652 0.410889
vt 0.880371 0.373535
vt 0.884766 0.363037
vt 0.864014 0.421387
vt 0.860596 0.409180
vt 0.851318 0.405029
vt 0.833252 0.386963
vt 0.886719 0.350098
vt 0.916748 0.343018
vt 0.862793 0.367676
vt 0.861816 0.379150
vt 0.879150 0.351562
vt 0.855713 0.372314
vt 0.847656 0.378418
vt 0.831055 0.379150
vt 0.851318 0.364258
vt 0.837891 0.366211
vt 0.827637 0.371582
vt 0.827637 0.365723
vt 0.824707 0.355957
vt 0.847168 0.352783
vt 0.821289 0.348633
vt 0.839844 0.344727
vt 0.855957 0.344482
vt 0.857422 0.353516
vt 0.859131 0.343750
vt 0.876953 0.337158
vt 0.883545 0.344238
vt 0.879639 0.337646
vt 0.893066 0.299316
vt 0.906982 0.316650
vt 0.053711 0.149658
vt 0.048340 0.139404
vt 0.053955 0.134766
vt 0.059570 0.135498
vt 0.060791 0.150146
vt 0.059326 0.124512
vt 0.040283 0.126709
vt 0.044922 0.152832
vt 0.035645 0.134277
vt 0.034912 0.143799
vt 0.029297 0.134033
vt 0.023926 0.137939
vt 0.021240 0.142090
vt 0.034668 0.147217
vt 0.024414 0.163818
vt 0.023926 0.145020
vt 0.961914 0.872314
vt 0.949707 0.876465
vt 0.953125 0.869629
vt 0.964844 0.879639
vt 0.952148 0.889893
vt 0.969971 0.894531
vt 0.945801 0.876709
vt 0.932129 0.865234
vt 0.946777 0.889648
vt 0.900635 0.866943
vt 0.897217 0.855713
vt 0.922607 0.882324
vt 0.895752 0.875732
vt 0.918457 0.849854
vt 0.906494 0.850830
vt 0.925781 0.853271
vt 0.928223 0.848877
vt 0.916260 0.842529
vt 0.927979 0.894531
vt 0.903320 0.891846
vt 0.904053 0.899414
vt 0.943115 0.898926
vt 0.951660 0.896240
vt 0.946777 0.899902
vt 0.943359 0.900879
vt 0.925293 0.194092
vt 0.939453 0.205811
vt 0.937256 0.212891
vt 0.943848 0.191162
vt 0.954834 0.189941
vt 0.940918 0.186279
vt 0.951904 0.182861
vt 0.959229 0.187500
vt 0.953857 0.177246
vt 0.961914 0.180664
vt 0.950684 0.177979
vt 0.914551 0.191650
vt 0.943359 0.178955
vt 0.930176 0.185303
vt 0.940674 0.176025
vt 0.942383 0.168457
vt 0.962158 0.150391
vt 0.936035 0.170898
vt 0.919434 0.169189
vt 0.900635 0.152344
vt 0.890869 0.157227
vt 0.911621 0.175781
vt 0.879150 0.159912
vt 0.903076 0.181152
vt 0.906982 0.192383
vt 0.859131 0.164062
vt 0.894043 0.188477
vt 0.879639 0.183350
vt 0.058594 0.640381
vt 0.052734 0.622070
vt 0.068604 0.634766
vt 0.072754 0.645996
vt 0.059814 0.651611
vt 0.063721 0.661377
vt 0.069824 0.659668
vt 0.074707 0.653564
vt 0.072754 0.664307
vt 0.080566 0.644043
vt 0.075195 0.632080
vt 0.085693 0.636719
vt 0.097168 0.636719
vt 0.100098 0.639648
vt 0.099365 0.636719
vt 0.106201 0.637451
vt 0.133301 0.529297
vt 0.144043 0.489746
vt 0.139160 0.526855
vt 0.117676 0.493652
vt 0.151123 0.515137
vt 0.149902 0.530029
vt 0.159912 0.522461
vt 0.170166 0.523926
vt 0.161621 0.519043
vt 0.170654 0.525391
vt 0.187256 0.528564
vt 0.175049 0.522217
vt 0.684082 0.170654
vt 0.708496 0.161133
vt 0.685303 0.176514
vt 0.713135 0.145020
vt 0.715088 0.159668
vt 0.702148 0.124756
vt 0.675537 0.160156
vt 0.736816 0.165283
vt 0.711426 0.131104
vt 0.750488 0.163330
vt 0.766113 0.175293
vt 0.714111 0.124512
vt 0.769531 0.166260
vt 0.232178 0.961426
vt 0.274658 0.949951
vt 0.286133 0.965088
vt 0.402588 0.696289
vt 0.384277 0.665771
vt 0.413574 0.657471
vt 0.432129 0.655518
vt 0.393066 0.686035
vt 0.382324 0.692383
vt 0.382812 0.706543
vt 0.411621 0.700684
vt 0.434570 0.672363
vt 0.439453 0.690430
vt 0.468262 0.656006
vt 0.414795 0.723633
vt 0.481201 0.662109
vt 0.438232 0.715088
vt 0.408447 0.733154
vt 0.423584 0.729004
vt 0.467529 0.691406
vt 0.488281 0.661621
vt 0.496582 0.677002
vt 0.443604 0.718506
vt 0.526855 0.682373
vt 0.458740 0.718262
vt 0.457031 0.727295
vt 0.473145 0.735352
vt 0.482178 0.731445
vt 0.523193 0.699951
vt 0.568359 0.690430
vt 0.490479 0.712891
vt 0.532715 0.709961
vt 0.502930 0.718750
vt 0.508301 0.729492
vt 0.552246 0.722412
vt 0.738037 0.783691
vt 0.728271 0.771484
vt 0.755615 0.778076
vt 0.738281 0.757812
vt 0.722168 0.764404
vt 0.755615 0.754395
vt 0.765625 0.755859
vt 0.791992 0.772461
vt 0.769775 0.788330
vt 0.822021 0.776855
vt 0.713867 0.773193
vt 0.769287 0.796631
vt 0.699463 0.794678
vt 0.692627 0.781250
vt 0.701416 0.773438
vt 0.675537 0.778564
vt 0.703125 0.765137
vt 0.707031 0.764893
vt 0.405518 0.789307
vt 0.411377 0.779541
vt 0.412598 0.791504
vt 0.420166 0.790039
vt 0.430176 0.780518
vt 0.472168 0.789307
vt 0.480713 0.777100
vt 0.416748 0.771484
vt 0.406982 0.776611
vt 0.471191 0.769775
vt 0.392578 0.768799
vt 0.392334 0.779053
vt 0.368652 0.772217
vt 0.365479 0.766602
vt 0.462646 0.759277
vt 0.495850 0.767578
vt 0.508545 0.776611
vt 0.517822 0.757812
vt 0.456787 0.735840
vt 0.431152 0.751221
vt 0.435303 0.732666
vt 0.391846 0.748779
vt 0.387695 0.761230
vt 0.376953 0.756104
vt 0.378174 0.746338
vt 0.829834 0.284180
vt 0.821289 0.276123
vt 0.833740 0.282715
vt 0.824219 0.261475
vt 0.853516 0.273438
vt 0.794922 0.251953
vt 0.766357 0.266357
vt 0.858887 0.251709
vt 0.875000 0.270020
vt 0.868652 0.276611
vt 0.874756 0.262695
vt 0.883301 0.257812
vt 0.032227 0.278809
vt 0.028076 0.280518
vt 0.026123 0.278809
vt 0.026855 0.275635
vt 0.029541 0.270508
vt 0.040039 0.268311
vt 0.043457 0.246094
vt 0.051514 0.251465
vt 0.039795 0.292969
vt 0.063965 0.254883
vt 0.064697 0.290527
vt 0.190918 0.619629
vt 0.196777 0.619141
vt 0.191162 0.642334
vt 0.237549 0.614746
vt 0.198975 0.600098
vt 0.192139 0.587402
vt 0.204590 0.558105
vt 0.221191 0.582520
vt 0.229248 0.569092
vt 0.211182 0.570312
vt 0.115234 0.609619
vt 0.106201 0.604736
vt 0.115234 0.605469
vt 0.110107 0.579346
vt 0.092773 0.570312
vt 0.105713 0.549316
vt 0.078857 0.609131
vt 0.070312 0.606689
vt 0.114258 0.630371
vt 0.120850 0.633789
vt 0.125977 0.646729
vt 0.111328 0.635254
vt 0.131104 0.645020
vt 0.110596 0.683838
vt 0.135010 0.647705
vt 0.119629 0.626709
vt 0.125244 0.625000
vt 0.136963 0.638916
vt 0.163818 0.642578
vt 0.030518 0.426270
vt 0.035400 0.430664
vt 0.010986 0.447021
vt 0.018311 0.435791
vt 0.035400 0.412842
vt 0.019287 0.414795
vt 0.008301 0.431396
vt 0.008057 0.410889
vt 0.803711 0.977295
vt 0.781982 0.961182
vt 0.789795 0.959473
vt 0.787598 0.976807
vt 0.813721 0.963623
vt 0.826172 0.958496
vt 0.565430 0.296631
vt 0.543213 0.274902
vt 0.561279 0.284668
vt 0.586426 0.307861
vt 0.599609 0.305420
vt 0.625488 0.291016
vt 0.591064 0.263428
vt 0.600342 0.251953
vt 0.590088 0.277100
vt 0.623047 0.264160
vt 0.624512 0.256348
vt 0.648438 0.267822
vt 0.687988 0.274902
vt 0.678955 0.266113
vt 0.492188 0.617432
vt 0.526123 0.619873
vt 0.525635 0.623779
vt 0.492432 0.614746
vt 0.524658 0.614502
vt 0.534912 0.619629
vt 0.520264 0.627441
vt 0.491455 0.622559
vt 0.530029 0.631348
vt 0.510986 0.629150
vt 0.515869 0.638428
vt 0.538818 0.640869
vt 0.540039 0.624756
vt 0.527588 0.606689
vt 0.489990 0.610107
vt 0.540527 0.608643
vt 0.515381 0.603516
vt 0.519531 0.600098
vt 0.538574 0.594482
vt 0.560791 0.597900
vt 0.552490 0.559814
vt 0.566406 0.571533
vt 0.560547 0.625977
vt 0.559570 0.649902
vt 0.564941 0.617920
vt 0.537354 0.645996
vt 0.494873 0.660889
vt 0.531982 0.648193
vt 0.563477 0.595703
vt 0.564453 0.632812
vt 0.558350 0.671143
vt 0.564941 0.663818
vt 0.563477 0.648926
vt 0.576172 0.656250
vt 0.573975 0.666260
vt 0.586182 0.661133
vt 0.578613 0.641846
vt 0.591553 0.644775
vt 0.591797 0.668457
vt 0.618652 0.651123
vt 0.579102 0.631104
vt 0.616699 0.637695
vt 0.593750 0.627686
vt 0.577637 0.619385
vt 0.577148 0.606934
vt 0.592285 0.614990
vt 0.616455 0.615234
vt 0.577637 0.594971
vt 0.590088 0.597168
vt 0.596680 0.586426
vt 0.585693 0.581543
vt 0.570557 0.577393
vt 0.569580 0.564941
vt 0.601318 0.573486
vt 0.618408 0.591553
vt 0.625244 0.611084
vt 0.624512 0.591064
vt 0.625977 0.622803
vt 0.653076 0.578369
vt 0.648438 0.565430
vt 0.658203 0.566895
vt 0.657471 0.577393
vt 0.655518 0.594238
vt 0.667236 0.605225
vt 0.669189 0.616699
vt 0.646973 0.624023
vt 0.625000 0.639160
vt 0.625732 0.642822
vt 0.642090 0.634033
vt 0.666504 0.625488
vt 0.685791 0.631836
vt 0.687988 0.623779
vt 0.667480 0.637451
vt 0.658203 0.649414
vt 0.657227 0.664062
vt 0.667236 0.651123
vt 0.663818 0.660400
vt 0.678711 0.639893
vt 0.672363 0.650635
vt 0.685791 0.652588
vt 0.696045 0.638428
vt 0.699707 0.630127
vt 0.703613 0.644775
vt 0.693604 0.660400
vt 0.680664 0.658447
vt 0.677002 0.669678
vt 0.696533 0.669189
vt 0.002197 0.131348
vt 0.010742 0.131348
vt 0.005371 0.135010
vt 0.015625 0.137451
vt 0.002197 0.137939
vt 0.016357 0.146973
vt 0.872803 0.918213
vt 0.892822 0.932129
vt 0.882324 0.937500
vt 0.885010 0.917236
vt 0.884521 0.909424
vt 0.895020 0.899658
vt 0.884277 0.899902
vt 0.869629 0.904297
vt 0.855713 0.908203
vt 0.856445 0.929932
vt 0.851807 0.936279
vt 0.842041 0.931885
vt 0.853760 0.920166
vt 0.834473 0.918457
vt 0.840820 0.908203
vt 0.836182 0.901611
vt 0.531494 0.418701
vt 0.521240 0.416992
vt 0.528809 0.400146
vt 0.543213 0.401611
vt 0.546143 0.405518
vt 0.508789 0.401123
vt 0.548584 0.413818
vt 0.558594 0.411621
vt 0.523438 0.437744
vt 0.510986 0.415283
vt 0.500732 0.403564
vt 0.499512 0.414795
vt 0.494873 0.409424
vt 0.492188 0.422363
vt 0.510742 0.428711
vt 0.486816 0.439941
vt 0.498291 0.453125
vt 0.509766 0.445557
vt 0.506104 0.479980
vt 0.516357 0.469971
vt 0.522705 0.497803
vt 0.507812 0.504150
vt 0.509277 0.525635
vt 0.533691 0.501953
vt 0.534668 0.535400
vt 0.533936 0.490723
vt 0.558838 0.512695
vt 0.530273 0.463867
vt 0.542725 0.479492
vt 0.542236 0.474365
vt 0.533936 0.441406
vt 0.546631 0.461670
vt 0.551025 0.460205
vt 0.556641 0.440430
vt 0.538086 0.426514
vt 0.559570 0.458740
vt 0.561768 0.446045
vt 0.564697 0.424561
vt 0.565674 0.439941
vt 0.569580 0.447754
vt 0.573486 0.436035
vt 0.558105 0.415283
vt 0.591797 0.476074
vt 0.596924 0.442139
vt 0.579590 0.416260
vt 0.601562 0.418945
vt 0.598389 0.458984
vt 0.578369 0.412598
vt 0.572754 0.407715
vt 0.585938 0.404297
vt 0.598877 0.406738
vt 0.609375 0.404053
vt 0.614990 0.405273
vt 0.604492 0.438965
vt 0.615967 0.426025
vt 0.618652 0.403320
vt 0.631836 0.425537
vt 0.633301 0.453857
vt 0.642334 0.438965
vt 0.626221 0.468262
vt 0.653564 0.450684
vt 0.658203 0.447998
vt 0.670654 0.451416
vt 0.659912 0.461182
vt 0.675781 0.451172
vt 0.647217 0.461670
vt 0.633545 0.462891
vt 0.662842 0.476562
vt 0.669189 0.466553
vt 0.684326 0.458740
vt 0.631592 0.470215
vt 0.637695 0.475098
vt 0.627686 0.487305
vt 0.677002 0.479492
vt 0.686279 0.479980
vt 0.698975 0.468018
vt 0.698975 0.483154
vt 0.703613 0.490234
vt 0.685547 0.520996
vt 0.672363 0.503418
vt 0.660645 0.498047
vt 0.644043 0.497070
vt 0.655273 0.513916
vt 0.632080 0.487305
vt 0.650635 0.530762
vt 0.642822 0.547119
vt 0.633301 0.513184
vt 0.622314 0.561035
vt 0.625000 0.500244
vt 0.618652 0.517334
vt 0.584961 0.563232
vt 0.622314 0.489258
vt 0.590332 0.497803
vt 0.588623 0.524170
vt 0.571289 0.523682
vt 0.584229 0.499023
vt 0.582520 0.511475
vt 0.574707 0.510010
vt 0.572021 0.518799
vt 0.568848 0.525391
vt 0.563721 0.540527
vt 0.550781 0.547119
vt 0.050781 0.822266
vt 0.050781 0.764160
vt 0.057861 0.822021
vt 0.538574 0.900879
vt 0.467285 0.900879
vt 0.468994 0.890869
vt 0.358398 0.581543
vt 0.353760 0.599121
vt 0.349121 0.574707
vt 0.368408 0.604736
vt 0.376221 0.592285
vt 0.385254 0.624023
vt 0.370117 0.616943
vt 0.352539 0.612305
vt 0.362549 0.619385
vt 0.382568 0.626709
vt 0.378906 0.652588
vt 0.348877 0.655518
vt 0.372314 0.656250
vt 0.348877 0.727295
vt 0.396484 0.649658
vt 0.418457 0.634766
vt 0.414551 0.651123
vt 0.445801 0.648682
vt 0.551514 0.368408
vt 0.497559 0.381836
vt 0.502686 0.371582
vt 0.476562 0.369385
vt 0.493164 0.391357
vt 0.489746 0.404785
vt 0.469727 0.405762
vt 0.468018 0.396729
vt 0.462891 0.413330
vt 0.458984 0.430420
vt 0.470215 0.378906
vt 0.458496 0.371094
vt 0.457031 0.379395
vt 0.454102 0.361084
vt 0.474854 0.348633
vt 0.469482 0.354736
vt 0.445557 0.353271
vt 0.447998 0.381104
vt 0.440918 0.388184
vt 0.425537 0.364746
vt 0.444336 0.397705
vt 0.419434 0.364990
vt 0.418213 0.378662
vt 0.427002 0.385010
vt 0.416504 0.388672
vt 0.419434 0.403076
vt 0.411621 0.399902
vt 0.439209 0.409668
vt 0.434814 0.410400
vt 0.403076 0.414795
vt 0.401367 0.406738
vt 0.395752 0.408936
vt 0.389160 0.416992
vt 0.424316 0.426758
vt 0.397217 0.432129
vt 0.416504 0.433838
vt 0.440186 0.444580
vt 0.431641 0.420898
vt 0.441406 0.431641
vt 0.447998 0.422363
vt 0.454834 0.430420
vt 0.442139 0.446045
vt 0.198242 0.246582
vt 0.204590 0.245117
vt 0.199463 0.281006
vt 0.189209 0.246826
vt 0.185303 0.282715
vt 0.171631 0.255371
vt 0.168945 0.284180
vt 0.186768 0.286133
vt 0.203857 0.286865
vt 0.174805 0.301270
vt 0.186768 0.301270
vt 0.170654 0.311035
vt 0.201660 0.301025
vt 0.206299 0.314941
vt 0.201660 0.323486
vt 0.143066 0.811768
vt 0.140137 0.779053
vt 0.155029 0.794922
vt 0.153320 0.775146
vt 0.168701 0.786377
vt 0.162109 0.767334
vt 0.176758 0.772705
vt 0.187256 0.799805
vt 0.175537 0.803467
vt 0.159424 0.809814
vt 0.171875 0.809082
vt 0.177246 0.823486
vt 0.156738 0.815430
vt 0.138428 0.821533
vt 0.153809 0.830811
vt 0.158203 0.842773
vt 0.180664 0.830322
vt 0.900635 0.927246
vt 0.908936 0.924072
vt 0.897705 0.937500
vt 0.900879 0.912598
vt 0.907959 0.918701
vt 0.954102 0.915527
vt 0.930420 0.785645
vt 0.936768 0.781494
vt 0.945068 0.792725
vt 0.934570 0.800049
vt 0.927979 0.801270
vt 0.932373 0.815186
vt 0.928223 0.819824
vt 0.945068 0.823486
vt 0.919434 0.803711
vt 0.928223 0.795166
vt 0.927002 0.749756
vt 0.918945 0.815918
vt 0.884277 0.803711
vt 0.924316 0.821533
vt 0.876953 0.856934
vt 0.930176 0.828125
vt 0.953125 0.842529
vt 0.958496 0.835693
vt 0.962158 0.858398
vt 0.943848 0.839355
vt 0.948730 0.848877
vt 0.940186 0.839355
vt 0.933350 0.843262
vt 0.944824 0.851807
vt 0.257812 0.324707
vt 0.231689 0.338379
vt 0.232666 0.325195
vt 0.223877 0.317139
vt 0.219482 0.324463
vt 0.210449 0.315674
vt 0.213623 0.295654
vt 0.235107 0.318604
vt 0.238281 0.311035
vt 0.243896 0.314941
vt 0.223389 0.293945
vt 0.218262 0.282715
vt 0.209717 0.282227
vt 0.241211 0.298828
vt 0.227051 0.282471
vt 0.214600 0.270020
vt 0.242188 0.285889
vt 0.209717 0.264160
vt 0.218018 0.246338
vt 0.229736 0.244873
vt 0.229248 0.265381
vt 0.255615 0.250732
vt 0.249268 0.265869
vt 0.276611 0.279785
vt 0.246094 0.276367
vt 0.265381 0.293945
vt 0.283936 0.295410
vt 0.276611 0.313721
vt 0.262451 0.309814
vt 0.276855 0.326904
vt 0.708252 0.650146
vt 0.716064 0.685791
vt 0.703369 0.660156
vt 0.723877 0.667969
vt 0.721680 0.631592
vt 0.714355 0.631348
vt 0.746094 0.647949
vt 0.753418 0.667725
vt 0.757568 0.652100
vt 0.759766 0.644775
vt 0.763428 0.649658
vt 0.753662 0.630371
vt 0.740967 0.633057
vt 0.731689 0.623047
vt 0.745605 0.615967
vt 0.764648 0.611084
vt 0.727539 0.621582
vt 0.753174 0.597656
vt 0.713623 0.626465
vt 0.697998 0.620361
vt 0.730957 0.613037
vt 0.701416 0.591797
vt 0.689941 0.593994
vt 0.732910 0.603271
vt 0.695068 0.565918
vt 0.709717 0.566650
vt 0.749023 0.590088
vt 0.702393 0.543213
vt 0.685547 0.532959
vt 0.732178 0.570801
vt 0.727539 0.522461
vt 0.726318 0.554932
vt 0.738525 0.567139
vt 0.746338 0.577881
vt 0.746826 0.563477
vt 0.745361 0.536133
vt 0.758545 0.559082
vt 0.746826 0.521973
vt 0.749268 0.532715
vt 0.753662 0.581543
vt 0.751953 0.526367
vt 0.750977 0.516113
vt 0.757812 0.529541
vt 0.763916 0.505859
vt 0.754639 0.589355
vt 0.755371 0.583496
vt 0.758057 0.583008
vt 0.763916 0.591797
vt 0.762695 0.583984
vt 0.315674 0.541260
vt 0.336426 0.556152
vt 0.323730 0.566406
vt 0.335205 0.533691
vt 0.340332 0.546143
vt 0.319092 0.519775
vt 0.341797 0.533936
vt 0.339355 0.520020
vt 0.346436 0.532715
vt 0.374512 0.531250
vt 0.366699 0.528076
vt 0.367432 0.520996
vt 0.368408 0.514404
vt 0.357178 0.516846
vt 0.373291 0.505371
vt 0.389893 0.492920
vt 0.334229 0.509521
vt 0.345215 0.495850
vt 0.371826 0.495361
vt 0.370605 0.480469
vt 0.318115 0.504639
vt 0.312500 0.516357
vt 0.328369 0.494873
vt 0.309082 0.502441
vt 0.338867 0.485352
vt 0.352295 0.480469
vt 0.345703 0.440430
vt 0.385010 0.459961
vt 0.337891 0.448242
vt 0.342285 0.420898
vt 0.341553 0.468750
vt 0.336914 0.470215
vt 0.334717 0.486572
vt 0.337158 0.457764
vt 0.333008 0.419678
vt 0.337646 0.422852
vt 0.009521 0.902100
vt 0.009033 0.880615
vt 0.014648 0.892822
vt 0.015625 0.880615
vt 0.002197 0.901611
vt 0.002930 0.881348
vt 0.002197 0.866943
vt 0.503418 0.970703
vt 0.539795 0.962402
vt 0.498779 0.975830
vt 0.528076 0.958252
vt 0.507812 0.932373
vt 0.113037 0.875977
vt 0.111084 0.881348
vt 0.105957 0.883545
vt 0.109131 0.885498
vt 0.111816 0.851807
vt 0.128662 0.870605
vt 0.126709 0.883057
vt 0.122559 0.866943
vt 0.150879 0.853760
vt 0.159912 0.857178
vt 0.173584 0.855469
vt 0.132080 0.836914
vt 0.138428 0.830322
vt 0.124023 0.833984
vt 0.120605 0.817383
vt 0.114746 0.830566
vt 0.111816 0.836914
vt 0.107910 0.819336
vt 0.975586 0.544434
vt 0.925049 0.571045
vt 0.962646 0.527588
vt 0.955322 0.576416
vt 0.990723 0.555908
vt 0.975830 0.588623
vt 0.967041 0.593750
vt 0.926758 0.578369
vt 0.902100 0.575195
vt 0.891846 0.579346
vt 0.921875 0.591553
vt 0.941406 0.624268
vt 0.918945 0.629395
vt 0.978271 0.621338
vt 0.952393 0.630615
vt 0.941650 0.629395
vt 0.950439 0.655029
vt 0.167725 0.476807
vt 0.157227 0.469238
vt 0.173340 0.468262
vt 0.150391 0.453857
vt 0.168213 0.461670
vt 0.176758 0.456543
vt 0.194824 0.442627
vt 0.189941 0.479980
vt 0.196777 0.489990
vt 0.197021 0.468506
vt 0.159912 0.509033
vt 0.206055 0.453369
vt 0.204346 0.472412
vt 0.207031 0.444092
vt 0.187256 0.509277
vt 0.184326 0.514893
vt 0.204346 0.521973
vt 0.188232 0.521240
vt 0.333984 0.598877
vt 0.338867 0.561768
vt 0.340088 0.583740
vt 0.340576 0.628418
vt 0.336670 0.654785
vt 0.342041 0.658691
vt 0.337158 0.704834
vt 0.940186 0.760010
vt 0.945312 0.718994
vt 0.959717 0.765381
vt 0.962158 0.823975
vt 0.408691 0.585449
vt 0.414551 0.577393
vt 0.438965 0.587646
vt 0.451416 0.560547
vt 0.420898 0.551758
vt 0.382080 0.568848
vt 0.489258 0.577637
vt 0.400635 0.534668
vt 0.452881 0.656250
vt 0.483154 0.611816
vt 0.464111 0.640869
vt 0.497559 0.572998
vt 0.470459 0.519775
vt 0.499512 0.543701
vt 0.511719 0.551270
vt 0.526611 0.545166
vt 0.530029 0.540283
vt 0.509277 0.549561
vt 0.524170 0.539551
vt 0.500977 0.536865
vt 0.502930 0.534668
vt 0.430908 0.522461
vt 0.476318 0.506348
vt 0.396484 0.529541
vt 0.386719 0.533691
vt 0.390869 0.525635
vt 0.379150 0.526855
vt 0.391846 0.514893
vt 0.460693 0.505371
vt 0.430664 0.484375
vt 0.399658 0.463867
vt 0.497070 0.501953
vt 0.442383 0.477539
vt 0.469238 0.482178
vt 0.471680 0.459473
vt 0.434570 0.468750
vt 0.398926 0.440430
vt 0.070312 0.467529
vt 0.071045 0.482178
vt 0.065674 0.483643
vt 0.066650 0.454346
vt 0.078369 0.495605
vt 0.074707 0.504639
vt 0.069580 0.504395
vt 0.078613 0.509521
vt 0.070801 0.515137
vt 0.065430 0.510742
vt 0.375244 0.088135
vt 0.365234 0.091064
vt 0.311279 0.081543
vt 0.375977 0.095703
vt 0.386719 0.096436
vt 0.385254 0.088379
vt 0.397461 0.082275
vt 0.381592 0.081299
s 1
usemtl tripo_mat_33081f96-7c68-4071-b53a-f9c356086390
f 1000/1 1597/2 623/3
f 623/3 1597/2 981/4
f 981/4 1597/2 1519/5
f 1597/2 1000/1 995/6
f 1519/5 1597/2 1610/7
f 1610/7 1597/2 995/6
f 1610/7 995/6 1232/8
f 1000/9 566/10 995/11
f 995/11 566/10 1232/12
f 566/10 1000/9 623/13
f 1232/12 566/10 607/14
f 607/14 566/10 623/13
f 607/14 623/13 557/15
f 557/15 623/13 981/16
f 1232/17 607/18 1070/19
f 1232/17 1070/19 1610/20
f 1610/20 1070/19 1557/21
f 1557/21 1070/19 616/22
f 616/22 1070/19 607/18
f 616/22 607/18 537/23
f 537/23 607/18 557/24
f 537/23 557/24 611/25
f 537/23 611/25 519/26
f 981/27 43/28 557/29
f 557/29 43/28 611/30
f 43/28 981/27 1519/31
f 611/30 43/28 1569/32
f 1569/32 43/28 1519/31
f 611/30 1569/32 77/33
f 611/30 77/33 519/34
f 519/34 77/33 1414/35
f 1414/35 77/33 1569/32
f 1414/35 1569/32 1440/36
f 1440/36 1569/32 1519/31
f 1440/36 1519/31 1610/37
f 1414/35 1440/36 1468/38
f 1440/36 1610/37 1557/39
f 1468/38 1440/36 1278/40
f 1278/40 1440/36 1557/39
f 1278/40 1557/39 1496/41
f 1468/38 1278/40 1226/42
f 1278/40 1496/41 1365/43
f 1278/40 1365/43 1226/42
f 1226/42 1365/43 1370/44
f 537/45 276/46 616/47
f 616/47 276/46 573/48
f 616/47 573/48 1557/49
f 1557/49 573/48 1496/50
f 573/48 276/46 411/51
f 573/48 411/51 1496/50
f 411/51 276/46 206/52
f 206/52 276/46 491/53
f 1496/50 411/51 330/54
f 330/54 411/51 206/52
f 1496/50 330/54 1365/55
f 330/54 206/52 318/56
f 330/54 318/56 1365/55
f 1365/55 318/56 1370/57
f 1329/58 494/59 519/60
f 1329/58 519/60 1414/61
f 1329/58 1414/61 1400/62
f 1400/62 1414/61 1239/63
f 1239/63 1414/61 1468/64
f 1239/63 1468/64 1197/65
f 1400/62 1239/63 1478/66
f 1478/66 1239/63 1197/65
f 1478/66 1197/65 1116/67
f 1400/62 1478/66 1009/68
f 1478/66 1116/67 1504/69
f 1478/66 1504/69 1009/68
f 1009/68 1504/69 1016/70
f 1009/68 1016/70 81/71
f 1016/70 1504/69 80/72
f 1016/70 80/72 81/71
f 80/72 1504/69 1422/73
f 81/71 80/72 542/74
f 1329/75 8/76 494/77
f 8/76 1329/75 1400/78
f 8/76 1400/78 1009/79
f 8/76 1009/79 444/80
f 8/76 444/80 494/77
f 494/77 444/80 519/81
f 519/81 444/80 273/82
f 519/81 273/82 491/83
f 519/81 491/83 537/84
f 537/84 491/83 276/85
f 1036/86 1531/87 1571/88
f 1036/86 1571/88 622/89
f 1571/88 1531/87 1554/90
f 622/89 1571/88 618/91
f 622/89 618/91 613/92
f 613/92 618/91 1554/90
f 613/92 1554/90 615/93
f 618/91 1571/88 1619/94
f 618/91 1619/94 1554/90
f 1554/90 1619/94 1571/88
f 622/95 582/96 1036/97
f 1036/97 582/96 1050/98
f 582/96 622/95 439/99
f 439/99 622/95 613/100
f 1036/97 1050/98 1531/101
f 439/99 613/100 615/102
f 439/99 615/102 465/103
f 465/103 615/102 1510/104
f 439/99 465/103 134/105
f 134/105 465/103 254/106
f 439/99 134/105 604/107
f 439/99 604/107 582/96
f 604/107 134/105 254/106
f 582/96 604/107 1050/98
f 1050/98 604/107 254/106
f 1415/108 1531/101 1050/98
f 1050/98 254/106 28/109
f 1050/98 28/109 1415/108
f 28/109 254/106 127/110
f 28/109 127/110 605/111
f 1531/101 1415/108 1208/112
f 28/109 605/111 619/113
f 28/109 619/113 1415/108
f 619/113 605/111 601/114
f 619/113 601/114 1415/108
f 601/114 605/111 462/115
f 601/114 462/115 1403/116
f 1415/108 601/114 1555/117
f 1415/108 1555/117 1208/112
f 1555/117 601/114 1403/116
f 1208/112 1555/117 1119/118
f 1555/117 1403/116 1043/119
f 1119/118 1555/117 1247/120
f 1247/120 1555/117 1043/119
f 1247/120 1043/119 1195/121
f 1208/122 1554/123 1531/124
f 1554/123 1208/122 1510/125
f 1554/123 1510/125 615/126
f 1568/127 462/128 464/129
f 462/128 1568/127 1403/130
f 1403/130 1568/127 1423/131
f 1568/127 464/129 1480/132
f 1568/127 1480/132 1423/131
f 1480/132 464/129 381/133
f 1423/131 1480/132 1439/134
f 1439/134 1480/132 381/133
f 1423/131 1439/134 1454/135
f 1439/134 381/133 468/136
f 1454/135 1439/134 449/137
f 449/137 1439/134 468/136
f 449/137 468/136 381/133
f 1454/135 449/137 1390/138
f 449/137 381/133 174/139
f 1390/138 449/137 450/140
f 450/140 449/137 174/139
f 450/140 174/139 427/141
f 450/140 427/141 327/142
f 444/143 511/144 273/145
f 273/145 511/144 246/146
f 246/146 511/144 160/147
f 511/144 444/143 81/148
f 81/148 444/143 1009/149
f 511/144 81/148 542/150
f 511/144 542/150 160/147
f 160/147 542/150 458/151
f 464/152 389/153 381/154
f 389/153 464/152 462/155
f 127/156 462/155 605/157
f 462/155 127/156 328/158
f 462/155 328/158 389/153
f 328/158 127/156 228/159
f 1027/160 191/161 228/159
f 228/159 191/161 283/162
f 328/158 228/159 378/163
f 378/163 228/159 283/162
f 328/158 378/163 58/164
f 58/164 378/163 283/162
f 328/158 58/164 389/153
f 58/164 283/162 299/165
f 58/164 299/165 389/153
f 389/153 299/165 174/166
f 450/167 1461/168 1390/169
f 1461/168 450/167 327/170
f 1390/171 1461/172 1454/173
f 1454/173 1461/172 1304/174
f 1454/173 1304/174 1126/175
f 1454/173 1126/175 1093/176
f 1454/173 1093/176 1423/177
f 1423/177 1093/176 1195/178
f 1423/177 1195/178 1403/179
f 83/180 390/181 1184/182
f 447/183 1002/184 390/181
f 390/181 1002/184 1375/185
f 390/181 1375/185 1184/182
f 1184/182 1375/185 1330/186
f 1184/182 1330/186 1389/187
f 1389/187 1330/186 385/188
f 385/188 1330/186 327/189
f 327/189 1330/186 1461/190
f 1184/191 1389/192 83/193
f 83/193 1389/192 385/194
f 83/195 385/196 390/197
f 390/197 385/196 327/198
f 390/197 327/198 230/199
f 390/197 230/199 158/200
f 390/197 158/200 447/201
f 447/201 158/200 412/202
f 412/202 158/200 230/199
f 412/202 230/199 287/203
f 412/202 287/203 278/204
f 287/203 230/199 683/205
f 319/206 230/199 327/198
f 230/199 319/206 683/205
f 683/205 319/206 299/207
f 319/206 327/198 427/208
f 299/207 319/206 174/209
f 319/206 427/208 122/210
f 319/206 122/210 174/209
f 174/209 122/210 427/208
f 12/211 1574/212 597/213
f 597/213 1574/212 1490/214
f 1490/214 1574/212 1513/215
f 1513/215 1574/212 12/211
f 1513/215 12/211 1065/216
f 1065/216 12/211 597/213
f 1065/216 597/213 419/217
f 597/218 1490/219 534/220
f 597/218 534/220 419/221
f 534/220 1490/219 1341/222
f 1341/222 1490/219 1513/223
f 273/224 246/225 491/226
f 491/226 246/225 543/227
f 491/226 543/227 206/228
f 1513/229 1065/230 1434/231
f 1434/231 1065/230 986/232
f 986/232 1065/230 419/233
f 1513/229 1434/231 1198/234
f 986/232 419/233 408/235
f 408/235 419/233 139/236
f 408/235 139/236 235/237
f 408/235 235/237 86/238
f 408/235 86/238 1051/239
f 1051/239 86/238 1032/240
f 1051/239 1032/240 408/235
f 408/235 1032/240 986/232
f 1032/240 86/238 1224/241
f 1032/240 1224/241 1054/242
f 986/232 1032/240 1377/243
f 1377/243 1032/240 1054/242
f 986/232 1377/243 1434/231
f 1434/231 1377/243 1198/234
f 1377/243 1054/242 1338/244
f 1377/243 1338/244 1198/234
f 1341/245 1513/229 1198/234
f 1198/234 1338/244 1173/246
f 1198/234 1173/246 1341/245
f 1173/246 1338/244 1424/247
f 1424/247 1338/244 1203/248
f 1341/245 1173/246 1289/249
f 1424/247 1203/248 1094/250
f 1094/250 1203/248 1499/251
f 1173/246 1424/247 1257/252
f 1257/252 1424/247 1094/250
f 1257/252 1094/250 1182/253
f 1182/253 1094/250 1317/254
f 1257/252 1182/253 1106/255
f 1173/246 1257/252 977/256
f 977/256 1257/252 1106/255
f 1173/246 977/256 1289/249
f 977/256 1106/255 1445/257
f 977/256 1445/257 1572/258
f 977/256 1572/258 1289/249
f 1289/249 1572/258 1226/259
f 1226/259 1572/258 1468/260
f 1289/249 1226/259 1199/261
f 1289/249 1199/261 1341/245
f 1199/261 1226/259 1370/262
f 1341/245 1199/261 396/263
f 396/263 1199/261 1370/262
f 396/263 1370/262 318/264
f 139/265 419/266 534/267
f 139/265 534/267 438/268
f 139/265 438/268 396/269
f 438/268 534/267 1341/270
f 438/268 1341/270 396/269
f 318/271 206/272 396/273
f 396/273 206/272 163/274
f 396/273 163/274 351/275
f 396/273 351/275 139/276
f 516/277 553/278 163/274
f 351/275 163/274 284/279
f 284/279 163/274 553/278
f 351/275 284/279 140/280
f 351/275 140/280 139/276
f 284/279 553/278 64/281
f 284/279 64/281 140/280
f 64/281 553/278 376/282
f 64/281 376/282 240/283
f 1224/284 139/276 1054/285
f 1054/285 139/276 1338/286
f 1338/286 139/276 249/287
f 249/287 139/276 140/280
f 249/287 140/280 402/288
f 249/287 402/288 121/289
f 224/290 140/280 64/281
f 140/280 224/290 402/288
f 402/288 224/290 121/289
f 224/290 64/281 240/283
f 121/289 224/290 507/291
f 224/290 240/283 377/292
f 377/292 240/283 575/293
f 377/292 575/293 224/290
f 224/290 575/293 507/291
f 575/293 240/283 448/294
f 507/291 575/293 16/295
f 507/291 16/295 1499/296
f 575/293 448/294 1022/297
f 1022/297 448/294 1386/298
f 16/295 575/293 1593/299
f 1593/299 575/293 1022/297
f 1593/299 1022/297 1386/298
f 16/295 1593/299 1499/296
f 1593/299 1386/298 1317/300
f 1593/299 1317/300 1499/296
f 1499/296 1317/300 1094/301
f 206/302 543/303 163/304
f 163/304 543/303 516/305
f 1504/306 1116/307 1422/308
f 1422/308 1116/307 1273/309
f 1273/309 1116/307 1162/310
f 1162/310 1116/307 1197/311
f 1273/309 1162/310 1315/312
f 1162/310 1197/311 1468/313
f 1315/312 1162/310 1572/314
f 1572/314 1162/310 1468/313
f 265/315 160/316 458/317
f 542/318 80/319 458/317
f 160/316 265/315 107/320
f 160/316 107/320 246/321
f 246/321 107/320 543/322
f 543/322 107/320 516/323
f 516/323 107/320 271/324
f 271/324 107/320 265/315
f 516/323 271/324 553/325
f 553/325 271/324 480/326
f 553/325 480/326 376/327
f 480/326 271/324 124/328
f 480/326 124/328 236/329
f 271/324 265/315 75/330
f 271/324 75/330 124/328
f 236/329 124/328 370/331
f 370/331 124/328 75/330
f 236/329 370/331 294/332
f 370/331 75/330 282/333
f 370/331 282/333 294/332
f 282/333 75/330 265/315
f 294/332 282/333 540/334
f 282/333 265/315 510/335
f 510/335 265/315 458/317
f 510/335 458/317 239/336
f 239/336 458/317 80/319
f 239/336 80/319 1004/337
f 1004/337 80/319 1422/338
f 239/336 1004/337 1049/339
f 239/336 1049/339 510/335
f 1049/339 1004/337 1422/338
f 510/335 1049/339 1511/340
f 1511/340 1049/339 1422/338
f 510/335 1511/340 1406/341
f 1406/341 1511/340 1422/338
f 1406/341 1422/338 1273/342
f 536/343 1437/344 483/345
f 536/343 483/345 282/346
f 282/346 483/345 540/347
f 536/343 282/346 1405/348
f 536/343 1405/348 1437/344
f 1437/344 1405/348 1450/349
f 1450/349 1405/348 1333/350
f 1273/351 1315/352 1124/353
f 1273/351 1124/353 1406/354
f 1406/354 1124/353 1320/355
f 510/356 1406/357 282/358
f 282/358 1406/357 1110/359
f 1110/359 1406/357 1320/360
f 282/358 1110/359 1405/361
f 1405/361 1110/359 1333/362
f 1437/363 1015/364 483/365
f 1015/364 1437/363 1450/366
f 1015/364 1450/366 7/367
f 7/367 1450/366 129/368
f 483/365 1015/364 359/369
f 359/369 1015/364 7/367
f 359/369 7/367 129/368
f 483/365 359/369 540/370
f 540/370 359/369 129/368
f 1366/371 975/372 415/373
f 415/373 975/372 391/374
f 975/372 1366/371 1020/375
f 975/372 1020/375 391/374
f 1020/375 1366/371 1533/376
f 1020/375 1533/376 502/377
f 1020/375 502/377 391/374
f 391/374 502/377 78/378
f 465/379 1510/380 500/381
f 500/381 1510/380 1340/382
f 465/379 500/381 254/383
f 1340/384 1510/385 1208/386
f 1340/387 1208/388 1119/389
f 1340/387 1119/389 1042/390
f 1340/387 1042/390 418/391
f 1340/387 418/391 500/392
f 500/392 418/391 228/393
f 500/392 228/393 254/394
f 254/394 228/393 127/395
f 1045/396 1671/397 648/398
f 1671/397 1045/396 1625/399
f 1671/397 1625/399 1755/400
f 648/398 1671/397 718/401
f 1671/397 1755/400 1859/402
f 1859/402 1755/400 1834/403
f 1859/402 1834/403 1846/404
f 1671/397 1859/402 1733/405
f 1671/397 1733/405 718/401
f 1733/405 1859/402 1815/406
f 1815/406 1859/402 1882/407
f 1733/405 1815/406 1334/408
f 1733/405 1334/408 718/401
f 1334/408 1815/406 1014/409
f 1334/408 1014/409 808/410
f 1334/408 808/410 718/401
f 718/401 808/410 859/411
f 859/411 808/410 870/412
f 718/401 859/411 817/413
f 859/411 870/412 831/414
f 859/411 831/414 817/413
f 817/413 831/414 751/415
f 751/415 831/414 802/416
f 648/417 718/418 817/419
f 648/417 817/419 632/420
f 648/417 632/420 1045/421
f 632/420 817/419 751/422
f 1045/421 632/420 1625/423
f 632/420 751/422 683/424
f 1625/423 632/420 1027/425
f 632/420 683/424 299/426
f 1027/425 632/420 191/427
f 632/420 299/426 283/428
f 632/420 283/428 191/427
f 1859/429 1846/430 1882/431
f 1882/431 1846/430 1822/432
f 1882/431 1822/432 1727/433
f 1727/433 1822/432 1732/434
f 1882/431 1727/433 1702/435
f 1882/431 1702/435 1815/436
f 1815/436 1702/435 1014/437
f 1702/435 1727/433 1107/438
f 1702/435 1107/438 1014/437
f 1727/433 1732/434 1025/439
f 1727/433 1025/439 1107/438
f 1025/439 1732/434 36/440
f 1014/437 1107/438 733/441
f 1014/437 733/441 808/442
f 808/442 733/441 870/443
f 733/441 1107/438 728/444
f 733/441 728/444 870/443
f 728/444 1107/438 1025/439
f 870/443 728/444 750/445
f 750/445 728/444 1025/439
f 750/445 1025/439 36/440
f 750/445 36/440 700/446
f 750/445 700/446 807/447
f 807/447 700/446 768/448
f 1043/449 1403/450 1195/451
f 418/452 1027/453 228/454
f 1027/453 418/452 1042/455
f 1027/453 1042/455 1119/456
f 1027/453 1119/456 1247/457
f 1247/458 1277/459 1027/460
f 1027/460 1277/459 1625/461
f 1277/459 1247/458 1195/462
f 1625/461 1277/459 1310/463
f 1310/463 1277/459 1195/462
f 1834/464 1755/465 1791/466
f 843/467 845/468 831/469
f 843/467 831/469 870/470
f 843/467 870/470 750/471
f 843/467 750/471 807/472
f 389/473 174/474 381/475
f 1838/476 1834/477 1791/478
f 1834/477 1838/476 1840/479
f 1838/476 1791/478 1803/480
f 1838/476 1803/480 1844/481
f 1803/480 1791/478 1717/482
f 1844/481 1803/480 1884/483
f 1884/483 1803/480 1717/482
f 1884/483 1717/482 1749/484
f 802/485 831/486 845/487
f 802/485 845/487 823/488
f 823/488 845/487 830/489
f 1461/490 1330/491 1196/492
f 1461/490 1196/492 1304/493
f 1196/492 1330/491 1375/494
f 1196/492 1375/494 1101/495
f 1101/495 1375/494 1560/496
f 1560/496 1375/494 1002/497
f 1560/496 1002/497 1284/498
f 1560/496 1284/498 1044/499
f 1284/498 1002/497 996/500
f 1284/498 996/500 1044/499
f 996/500 1002/497 447/501
f 1044/499 996/500 68/502
f 68/502 996/500 447/501
f 1044/499 68/502 412/503
f 412/503 68/502 447/501
f 1093/504 1310/505 1195/506
f 1310/505 1093/504 1126/507
f 1310/505 1126/507 1304/508
f 1310/505 1304/508 1196/509
f 1310/505 1196/509 1231/510
f 1231/510 1196/509 1101/511
f 683/512 751/513 727/514
f 727/514 751/513 802/515
f 1101/516 1560/517 1231/518
f 1231/518 1560/517 1287/519
f 1287/519 1560/517 1044/520
f 1755/521 1625/522 1717/523
f 1755/521 1717/523 1791/524
f 1717/523 1625/522 1287/525
f 1287/525 1625/522 1231/526
f 1231/526 1625/522 1310/527
f 974/528 1491/529 1294/530
f 1294/530 1491/529 361/531
f 361/531 1491/529 974/528
f 974/532 1287/533 1044/534
f 1287/533 974/532 1294/535
f 1287/533 1294/535 278/536
f 1287/533 278/536 287/537
f 278/536 1294/535 361/538
f 278/536 361/538 974/539
f 278/536 974/539 412/540
f 412/540 974/539 1044/541
f 997/542 1287/543 287/544
f 1287/543 997/542 1471/545
f 997/542 287/544 529/546
f 529/546 287/544 683/547
f 823/548 727/549 802/550
f 433/551 1250/552 227/553
f 1250/552 433/551 1471/554
f 1471/554 433/551 529/555
f 1250/556 1471/557 997/558
f 1250/556 997/558 227/559
f 227/559 997/558 529/560
f 227/559 529/560 433/561
f 1145/562 1749/563 694/564
f 1717/565 63/566 1749/563
f 1749/563 63/566 694/564
f 694/564 63/566 727/567
f 1749/563 1145/562 1725/568
f 694/564 727/567 872/569
f 872/569 727/567 823/570
f 872/569 823/570 867/571
f 872/569 867/571 874/572
f 694/564 872/569 846/573
f 846/573 872/569 874/572
f 256/574 1145/562 694/564
f 1145/562 256/574 1725/568
f 694/564 846/573 753/575
f 694/564 753/575 256/574
f 846/573 874/572 877/576
f 846/573 877/576 753/575
f 877/576 874/572 884/577
f 877/576 884/577 875/578
f 877/576 875/578 855/579
f 877/576 855/579 753/575
f 855/579 875/578 883/580
f 855/579 883/580 866/581
f 866/581 883/580 858/582
f 753/575 855/579 737/583
f 737/583 855/579 866/581
f 866/581 858/582 848/584
f 848/584 858/582 841/585
f 848/584 841/585 822/586
f 848/584 822/586 791/587
f 848/584 791/587 702/588
f 848/584 702/588 588/589
f 866/581 848/584 803/590
f 803/590 848/584 588/589
f 866/581 803/590 775/591
f 866/581 775/591 737/583
f 775/591 803/590 672/592
f 803/590 588/589 1615/593
f 803/590 1615/593 672/592
f 1615/593 588/589 993/594
f 775/591 672/592 53/595
f 775/591 53/595 737/583
f 53/595 672/592 1615/593
f 1615/593 993/594 1659/596
f 1615/593 1659/596 1823/597
f 1823/597 1659/596 1789/598
f 53/595 1615/593 1688/599
f 1688/599 1615/593 1823/597
f 737/583 53/595 983/600
f 983/600 53/595 1688/599
f 737/583 983/600 420/601
f 737/583 420/601 753/575
f 753/575 420/601 256/574
f 1842/602 1870/603 1789/598
f 1789/598 1870/603 1857/604
f 1789/598 1857/604 1823/597
f 1857/604 1870/603 1862/605
f 1857/604 1862/605 1892/606
f 1823/597 1857/604 1837/607
f 1837/607 1857/604 1892/606
f 1823/597 1837/607 1688/599
f 1837/607 1892/606 1828/608
f 1837/607 1828/608 1688/599
f 1828/608 1892/606 1876/609
f 1688/599 1828/608 1747/610
f 1747/610 1828/608 1876/609
f 1688/599 1747/610 983/600
f 1876/609 1892/606 1898/611
f 983/600 1747/610 1787/612
f 1787/612 1747/610 1876/609
f 983/600 1787/612 420/601
f 1876/609 1898/611 1895/613
f 1876/609 1895/613 1787/612
f 1895/613 1898/611 1890/614
f 420/601 1787/612 1624/615
f 420/601 1624/615 256/574
f 1787/612 1895/613 1829/616
f 1829/616 1895/613 1890/614
f 1624/615 1787/612 1782/617
f 1782/617 1787/612 1829/616
f 1829/616 1890/614 1872/618
f 1829/616 1872/618 1782/617
f 1872/618 1890/614 1885/619
f 1872/618 1885/619 1871/620
f 1872/618 1871/620 1880/621
f 1872/618 1880/621 1782/617
f 1880/621 1871/620 1888/622
f 1880/621 1888/622 1903/623
f 1735/624 1624/615 1782/617
f 1735/624 1782/617 1880/621
f 1624/615 1735/624 256/574
f 256/574 1735/624 1669/625
f 256/574 1669/625 1725/568
f 1735/624 1880/621 1856/626
f 1735/624 1856/626 1669/625
f 1856/626 1880/621 1903/623
f 1669/625 1856/626 1725/568
f 1856/626 1903/623 1865/627
f 1856/626 1865/627 1725/568
f 1865/627 1903/623 1874/628
f 1725/568 1865/627 1749/563
f 1865/627 1874/628 1884/629
f 1865/627 1884/629 1749/563
f 1717/630 1471/631 63/632
f 63/632 1471/631 529/633
f 1471/631 1717/630 1287/634
f 529/635 683/636 727/637
f 529/635 727/637 63/638
f 868/639 883/640 875/641
f 868/639 875/641 884/642
f 883/640 868/639 861/643
f 883/640 861/643 858/644
f 841/645 858/644 814/646
f 814/646 858/644 745/647
f 745/647 858/644 861/643
f 814/646 745/647 736/648
f 736/648 745/647 558/649
f 558/649 745/647 179/650
f 558/649 179/650 1627/651
f 745/647 861/643 679/652
f 745/647 679/652 179/650
f 679/652 861/643 826/653
f 826/653 861/643 868/639
f 679/652 826/653 725/654
f 725/654 826/653 868/639
f 179/650 679/652 1438/655
f 1687/656 1627/651 179/650
f 1687/656 179/650 1438/655
f 1627/651 1687/656 1811/657
f 1627/651 1811/657 1825/658
f 1825/658 1811/657 1870/659
f 1825/658 1870/659 1842/660
f 1870/659 1811/657 1862/661
f 1811/657 1687/656 1746/662
f 1811/657 1746/662 1862/661
f 1746/662 1687/656 1438/655
f 1892/663 1862/661 1898/664
f 1898/664 1862/661 1746/662
f 1746/662 1438/655 1017/665
f 1017/665 1438/655 679/652
f 1017/665 679/652 725/654
f 1898/664 1746/662 1858/666
f 1898/664 1858/666 1890/667
f 1890/667 1858/666 1885/668
f 1858/666 1746/662 1777/669
f 1858/666 1777/669 1885/668
f 1777/669 1746/662 1017/665
f 1885/668 1777/669 1833/670
f 1885/668 1833/670 1871/671
f 1777/669 1017/665 1464/672
f 1464/672 1017/665 725/654
f 1777/669 1464/672 1833/670
f 1871/671 1833/670 1888/673
f 1464/672 725/654 673/674
f 673/674 725/654 868/639
f 1833/670 1464/672 1599/675
f 1599/675 1464/672 673/674
f 673/674 868/639 806/676
f 806/676 868/639 884/642
f 673/674 806/676 781/677
f 781/677 806/676 884/642
f 1599/675 673/674 591/678
f 591/678 673/674 781/677
f 1599/675 591/678 1588/679
f 1760/680 1833/670 1599/675
f 1760/680 1599/675 1588/679
f 1833/670 1760/680 1888/673
f 1588/679 591/678 551/681
f 551/681 591/678 781/677
f 1588/679 551/681 1760/680
f 1888/673 1760/680 1786/682
f 1786/682 1760/680 551/681
f 1888/673 1786/682 1903/683
f 1903/683 1786/682 1851/684
f 1903/683 1851/684 1874/685
f 1884/686 1874/685 1852/687
f 1852/687 1874/685 1851/684
f 1852/687 1851/684 1765/688
f 1765/688 1851/684 1646/689
f 1765/688 1646/689 552/690
f 1851/684 1786/682 1674/691
f 1851/684 1674/691 1646/689
f 1646/689 1674/691 552/690
f 1674/691 1786/682 551/681
f 1674/691 551/681 552/690
f 552/690 551/681 758/692
f 758/692 551/681 797/693
f 797/693 551/681 781/677
f 797/693 781/677 884/642
f 758/692 797/693 856/694
f 856/694 797/693 884/642
f 758/692 856/694 867/695
f 856/694 884/642 874/696
f 856/694 874/696 867/695
f 1224/697 235/698 139/699
f 235/698 1224/697 249/700
f 249/700 1224/697 1338/701
f 235/698 249/700 121/702
f 235/698 121/702 86/703
f 86/703 121/702 1224/704
f 1224/704 121/702 1351/705
f 1224/704 1351/705 1338/706
f 1351/705 121/702 507/707
f 1338/706 1351/705 1203/708
f 1351/705 507/707 1499/709
f 1351/705 1499/709 1203/708
f 1320/710 1124/711 1152/712
f 1320/710 1152/712 1148/713
f 1152/712 1124/711 1315/714
f 1148/713 1152/712 1280/715
f 1148/713 1280/715 1417/716
f 1152/712 1315/714 1608/717
f 1608/717 1315/714 1445/718
f 1445/718 1315/714 1572/719
f 1148/720 1110/721 1320/722
f 1110/721 1148/720 1333/723
f 1333/723 1148/720 1417/724
f 1333/723 1417/724 1450/725
f 1450/725 1417/724 129/726
f 129/726 1417/724 289/727
f 540/728 289/729 294/730
f 289/729 540/728 129/731
f 1528/732 1366/733 415/734
f 1366/733 1528/732 1272/735
f 1366/733 1272/735 1533/736
f 1272/735 1528/732 1425/737
f 1528/732 415/734 455/738
f 455/738 415/734 391/739
f 455/738 391/739 422/740
f 294/741 289/742 236/743
f 422/744 149/745 455/746
f 455/746 149/745 321/747
f 1417/748 1280/749 289/750
f 289/750 1280/749 1528/751
f 1528/751 1280/749 1358/752
f 289/753 1528/754 455/755
f 1425/756 1528/757 1255/758
f 1255/758 1528/757 1358/759
f 1255/758 1358/759 1608/760
f 1608/760 1358/759 1152/761
f 1425/756 1255/758 1085/762
f 1085/762 1255/758 1120/763
f 1085/762 1120/763 1209/764
f 1425/756 1085/762 1348/765
f 1348/765 1085/762 1209/764
f 1425/756 1348/765 1102/766
f 1102/766 1348/765 1209/764
f 1553/767 587/768 1071/769
f 1071/769 587/768 428/770
f 587/768 1553/767 1456/771
f 428/770 587/768 365/772
f 365/772 587/768 1456/771
f 1553/773 1266/774 1456/775
f 1266/774 1553/773 1534/776
f 1534/776 1553/773 1071/777
f 1266/774 1534/776 1507/778
f 1266/774 1507/778 1181/779
f 1181/779 1507/778 1521/780
f 1521/780 1507/778 1095/781
f 1095/781 1507/778 1534/776
f 1521/780 1095/781 992/782
f 1534/776 1071/777 1026/783
f 1534/776 1026/783 1095/781
f 1026/783 1071/777 526/784
f 526/784 1071/777 428/785
f 526/784 428/785 233/786
f 526/784 233/786 484/787
f 526/784 484/787 1026/783
f 1026/783 484/787 6/788
f 1026/783 6/788 1095/781
f 6/788 484/787 522/789
f 1095/781 6/788 1012/790
f 1012/790 6/788 522/789
f 1095/781 1012/790 992/782
f 1012/790 522/789 451/791
f 992/782 1012/790 985/792
f 992/782 985/792 451/791
f 451/791 985/792 1012/790
f 1182/793 1317/794 1386/795
f 1182/793 1386/795 1465/796
f 1465/796 1386/795 448/797
f 1182/793 1465/796 1089/798
f 1182/793 1089/798 1582/799
f 1089/798 1465/796 1183/800
f 1183/800 1465/796 312/801
f 312/801 1465/796 448/797
f 1183/800 312/801 203/802
f 312/801 448/797 264/803
f 312/801 264/803 203/802
f 264/803 448/797 240/804
f 203/802 264/803 260/805
f 264/803 240/804 376/806
f 260/805 264/803 609/807
f 609/807 264/803 376/806
f 609/807 376/806 480/808
f 609/807 480/808 236/809
f 1456/810 1354/811 253/812
f 1354/811 1456/810 1266/813
f 1456/810 253/812 365/814
f 1354/811 1266/813 1183/815
f 365/814 253/812 151/816
f 365/814 151/816 428/817
f 151/816 253/812 363/818
f 363/818 253/812 1354/811
f 363/818 1354/811 1183/815
f 363/818 1183/815 203/819
f 363/818 203/819 260/820
f 1608/821 1445/822 1106/823
f 1608/821 1106/823 1182/824
f 1608/821 1182/824 1582/825
f 1152/826 1358/827 1280/828
f 609/829 236/830 317/831
f 236/832 289/833 317/834
f 317/834 289/833 321/835
f 321/835 289/833 455/836
f 149/837 317/838 321/839
f 422/840 493/841 149/837
f 149/837 493/841 94/842
f 149/837 94/842 317/838
f 317/838 94/842 595/843
f 595/843 94/842 637/844
f 317/838 595/843 609/845
f 595/843 637/844 547/846
f 609/845 595/843 260/847
f 260/847 595/843 547/846
f 260/847 547/846 135/848
f 1608/849 1589/850 1255/851
f 1255/851 1589/850 1120/852
f 1120/852 1589/850 1209/853
f 1657/854 1271/855 1589/850
f 1589/850 1271/855 1290/856
f 1589/850 1290/856 1209/853
f 1209/853 1290/856 1285/857
f 1209/853 1285/857 1102/858
f 1285/857 1290/856 1149/859
f 151/860 233/861 428/862
f 363/863 119/864 151/865
f 119/864 363/863 260/866
f 119/864 260/866 135/867
f 119/864 135/867 367/868
f 367/868 135/867 352/869
f 151/865 119/864 154/870
f 154/870 119/864 367/868
f 154/870 367/868 352/869
f 151/865 154/870 233/871
f 154/870 352/869 400/872
f 233/871 154/870 116/873
f 116/873 154/870 400/872
f 233/871 116/873 484/874
f 116/873 400/872 187/875
f 484/874 116/873 214/876
f 214/876 116/873 187/875
f 484/874 214/876 522/877
f 522/877 214/876 451/878
f 214/876 187/875 132/879
f 214/876 132/879 451/878
f 451/878 132/879 992/880
f 992/880 132/879 1521/881
f 1521/881 132/879 1517/882
f 1521/881 1517/882 1181/883
f 1266/884 1281/885 1183/886
f 1281/885 1266/884 1097/887
f 1097/887 1266/884 1230/888
f 1097/887 1230/888 1281/885
f 1230/888 1266/884 1181/889
f 1281/885 1230/888 1056/890
f 1056/890 1230/888 1181/889
f 1281/885 1056/890 1190/891
f 1190/891 1056/890 1181/889
f 1281/885 1190/891 1030/892
s 0
f 1190/891 1181/889 1219/893
s 1
f 1089/894 1183/895 1163/896
f 1163/896 1183/895 1281/897
f 1089/894 1163/896 1582/898
f 1163/896 1281/897 1030/899
f 1582/898 1163/896 1595/900
f 1595/900 1163/896 1030/899
f 1589/901 1608/902 1582/898
f 1589/901 1582/898 1595/900
f 1589/901 1595/900 1657/903
f 1657/903 1595/900 1629/904
f 1629/904 1595/900 1048/905
f 1048/905 1595/900 1055/906
f 1055/906 1595/900 1030/899
f 1055/906 1030/899 1190/907
f 502/908 1533/909 349/910
f 349/910 1533/909 1019/911
f 1019/911 1533/909 1362/912
f 349/910 1019/911 1052/913
f 1052/913 1019/911 1362/912
f 349/910 1052/913 457/914
f 1052/913 1362/912 1495/915
f 457/914 1052/913 372/916
f 1052/913 1495/915 1098/917
f 372/916 1052/913 30/918
f 30/918 1052/913 1098/917
f 372/916 30/918 106/919
f 30/918 1098/917 1001/920
f 30/918 1001/920 106/919
f 106/919 1001/920 1098/917
f 78/921 422/922 391/923
f 422/922 78/921 493/924
f 493/924 78/921 84/925
f 1425/926 1102/927 1272/928
f 1102/929 1533/930 1272/931
f 1533/930 1102/929 1285/932
f 1533/930 1285/932 1149/933
f 349/934 457/935 169/936
f 349/934 169/936 346/937
f 349/934 346/937 502/938
f 346/937 169/936 414/939
f 346/937 414/939 84/940
f 414/939 169/936 98/941
f 98/941 169/936 358/942
f 84/940 414/939 244/943
f 244/943 414/939 98/941
f 98/941 358/942 267/944
f 98/941 267/944 244/943
f 267/944 358/942 410/945
f 410/945 358/942 171/946
f 244/943 267/944 147/947
f 244/943 147/947 84/940
f 84/940 147/947 301/948
f 84/940 301/948 493/949
f 493/949 301/948 94/950
f 94/950 301/948 637/951
f 637/951 301/948 147/947
f 637/951 147/947 647/952
f 1149/953 1362/954 1533/955
f 1362/954 1149/953 1373/956
f 1373/956 1149/953 1488/957
f 1362/954 1373/956 1495/958
f 1373/956 1488/957 1156/959
f 1373/956 1156/959 1495/958
f 1156/959 1488/957 1172/960
f 1156/959 1172/960 1353/961
f 1156/959 1353/961 1495/958
f 1495/958 1353/961 1103/962
f 1495/958 1103/962 1578/963
f 1578/963 1103/962 1177/964
f 1495/958 1578/963 1098/965
f 1578/963 1177/964 1541/966
f 1098/965 1578/963 106/967
f 106/967 1578/963 1541/966
f 502/968 346/969 78/970
f 78/970 346/969 84/971
f 457/972 372/973 195/974
f 195/974 372/973 555/975
f 457/972 195/974 358/976
f 457/972 358/976 169/977
f 372/978 106/979 555/980
f 555/980 106/979 984/981
f 984/981 106/979 1541/982
f 984/981 1541/982 583/983
f 984/981 583/983 555/980
f 555/980 583/983 171/984
f 555/980 171/984 195/985
f 195/986 171/987 358/988
f 1488/989 1259/990 1172/991
f 1259/990 1488/989 1149/992
f 1172/991 1259/990 1205/993
f 1172/991 1205/993 1353/994
f 1353/994 1205/993 1319/995
f 1353/994 1319/995 1177/996
f 1177/996 1319/995 1392/997
f 1177/996 1392/997 1541/998
f 1205/993 1259/990 1271/999
f 1259/990 1149/992 1086/1000
f 1259/990 1086/1000 1271/999
f 1086/1000 1149/992 1290/1001
f 1086/1000 1290/1001 1271/999
f 1177/1002 1103/1003 1353/1004
f 547/1005 352/1006 135/1007
f 352/1006 547/1005 642/1008
f 352/1006 642/1008 635/1009
f 352/1006 635/1009 313/1010
f 352/1006 313/1010 1048/1011
f 1048/1011 313/1010 400/1012
f 1048/1011 400/1012 1190/1013
f 1048/1011 1190/1013 1219/1014
f 352/1006 1048/1011 1055/1015
f 352/1006 1055/1015 400/1016
f 400/1016 1055/1015 1190/1017
f 547/1018 637/1019 642/1020
f 642/1020 637/1019 647/1021
f 1034/1022 22/1023 60/1024
f 60/1024 22/1023 445/1025
f 22/1023 1034/1022 1308/1026
f 22/1023 1308/1026 445/1025
f 1308/1027 33/1028 445/1029
f 33/1028 1308/1027 1298/1030
f 1298/1030 1308/1027 1157/1031
f 445/1029 33/1028 334/1032
f 334/1032 33/1028 1298/1030
f 445/1029 334/1032 111/1033
f 334/1032 1298/1030 463/1034
f 334/1032 463/1034 111/1033
f 1298/1030 1157/1031 1380/1035
f 1057/1036 1413/1037 1157/1031
f 1157/1031 1413/1037 1380/1035
f 1298/1030 1380/1035 1397/1038
f 1298/1030 1397/1038 463/1034
f 1380/1035 1413/1037 1091/1039
f 1091/1039 1413/1037 1252/1040
f 1397/1038 1380/1035 1343/1041
f 1343/1041 1380/1035 1091/1039
f 1343/1041 1091/1039 1500/1042
f 1500/1042 1091/1039 1559/1043
f 1397/1038 1343/1041 155/1044
f 155/1044 1343/1041 1500/1042
f 1397/1038 155/1044 463/1034
f 155/1044 1500/1042 91/1045
f 155/1044 91/1045 496/1046
f 155/1044 496/1046 463/1034
f 496/1046 91/1045 492/1047
f 496/1046 492/1047 300/1048
f 496/1046 300/1048 463/1034
f 463/1034 300/1048 111/1033
f 111/1033 300/1048 120/1049
f 111/1033 120/1049 320/1050
f 320/1050 120/1049 344/1051
f 111/1033 320/1050 341/1052
f 341/1052 320/1050 1401/1053
f 111/1033 341/1052 445/1029
f 341/1052 1401/1053 1034/1054
f 445/1029 341/1052 60/1055
f 60/1055 341/1052 1034/1054
f 1659/1056 1603/1057 1718/1058
f 1603/1057 1659/1056 993/1059
f 1659/1056 1718/1058 1768/1060
f 1659/1056 1768/1060 1789/1061
f 1789/1061 1768/1060 1812/1062
f 1812/1062 1768/1060 1718/1058
f 1789/1061 1812/1062 1842/1063
f 1842/1063 1812/1062 1848/1064
f 1848/1064 1812/1062 1843/1065
f 1812/1062 1718/1058 1752/1066
f 1812/1062 1752/1066 1843/1065
f 1752/1066 1718/1058 1603/1057
f 1843/1065 1752/1066 1946/1067
f 1946/1067 1752/1066 1603/1057
f 1843/1065 1946/1067 1810/1068
f 1946/1067 1603/1057 193/1069
f 1810/1068 1946/1067 1967/1070
f 1946/1067 193/1069 1685/1071
f 1967/1070 1946/1067 1965/1072
f 1967/1070 1965/1072 1966/1073
f 1965/1072 1946/1067 1958/1074
f 1958/1074 1946/1067 1900/1075
f 1900/1075 1946/1067 1685/1071
f 1900/1075 1685/1071 1835/1076
f 193/1077 993/1078 588/1079
f 1603/1080 993/1081 193/1082
f 588/1083 702/1084 722/1085
f 791/1086 757/1087 702/1088
f 702/1088 757/1087 722/1089
f 841/1090 839/1091 822/1092
f 822/1093 827/1094 791/1095
f 827/1094 822/1093 839/1096
f 791/1097 827/1098 757/1099
f 757/1099 827/1098 722/1100
f 722/1100 827/1098 828/1101
f 828/1101 827/1098 839/1102
f 1308/1103 1034/1104 1401/1105
f 1308/1103 1401/1105 1157/1106
f 1157/1106 1401/1105 1344/1107
f 1541/1108 1392/1109 583/1110
f 583/1110 1392/1109 441/1111
f 583/1110 441/1111 171/1112
f 171/1112 441/1111 410/1113
f 410/1113 441/1111 1374/1114
f 1374/1114 441/1111 1392/1109
f 1374/1114 1392/1109 1319/1115
f 1374/1114 1319/1115 1205/1116
f 1201/1117 314/1118 1104/1119
f 314/1120 1201/1121 1251/1122
f 1251/1122 1201/1121 1104/1123
f 193/1124 588/1125 722/1126
f 1339/1127 443/1128 1394/1129
f 1394/1129 443/1128 392/1130
f 443/1128 1339/1127 504/1131
f 504/1131 1339/1127 1492/1132
f 504/1131 1492/1132 503/1133
f 443/1128 504/1131 178/1134
f 178/1134 504/1131 503/1133
f 503/1133 1492/1132 1509/1135
f 1394/1129 392/1130 143/1136
f 1394/1129 143/1136 54/1137
f 54/1137 143/1136 296/1138
f 118/1139 392/1130 443/1128
f 392/1130 118/1139 143/1136
f 118/1139 443/1128 178/1134
f 296/1138 143/1136 208/1140
f 208/1140 143/1136 118/1139
f 296/1138 208/1140 266/1141
f 266/1141 208/1140 231/1142
f 208/1140 118/1139 435/1143
f 208/1140 435/1143 231/1142
f 435/1143 118/1139 178/1134
f 231/1142 435/1143 386/1144
f 435/1143 178/1134 617/1145
f 435/1143 617/1145 386/1144
f 617/1145 178/1134 514/1146
f 514/1146 178/1134 503/1133
f 386/1144 617/1145 979/1147
f 979/1147 617/1145 514/1146
f 386/1144 979/1147 1322/1148
f 1322/1148 979/1147 1584/1149
f 1322/1148 1584/1149 1216/1150
f 514/1146 503/1133 580/1151
f 580/1151 503/1133 598/1152
f 598/1152 503/1133 1509/1135
f 580/1151 598/1152 612/1153
f 598/1152 1509/1135 629/1154
f 598/1152 629/1154 612/1153
f 629/1154 1509/1135 1628/1155
f 612/1153 629/1154 1565/1156
f 1565/1156 629/1154 1628/1155
f 1492/1157 1339/1158 1325/1159
f 1492/1157 1325/1159 1509/1160
f 1325/1159 1339/1158 1216/1161
f 1216/1161 1339/1158 1394/1162
f 1509/1160 1325/1159 1565/1163
f 1509/1160 1565/1163 1628/1164
f 1732/1165 1288/1166 36/1167
f 1398/1168 1732/1165 1372/1169
f 1732/1165 1398/1168 1477/1170
f 1732/1165 1477/1170 1288/1166
f 1288/1166 1477/1170 1137/1171
f 1288/1166 1137/1171 1394/1172
f 1288/1166 1394/1172 54/1173
f 1394/1172 1137/1171 1216/1174
f 1216/1174 1137/1171 1477/1170
f 1216/1174 1477/1170 1159/1175
f 1216/1174 1159/1175 1322/1176
f 54/1177 36/1178 1288/1179
f 36/1178 54/1177 296/1180
f 36/1178 296/1180 700/1181
f 700/1181 296/1180 266/1182
f 843/1183 824/1184 845/1185
f 843/1186 807/1187 824/1188
f 1159/1189 1176/1190 1322/1191
f 1322/1191 1176/1190 1542/1192
f 1176/1190 1159/1189 1523/1193
f 1176/1190 1523/1193 1542/1192
f 1523/1193 1159/1189 1398/1194
f 1398/1194 1159/1189 1477/1195
f 1542/1192 1523/1193 1352/1196
f 1352/1196 1523/1193 1398/1194
f 1542/1192 1352/1196 1527/1197
f 1352/1196 1398/1194 1218/1198
f 1352/1196 1218/1198 1527/1197
f 1527/1197 1218/1198 1493/1199
f 541/1200 209/1201 416/1202
f 416/1202 209/1201 266/1203
f 266/1203 209/1201 357/1204
f 357/1204 209/1201 541/1200
f 416/1202 266/1203 231/1205
f 416/1202 231/1205 532/1206
f 416/1202 532/1206 541/1200
f 532/1206 231/1205 386/1207
f 357/1204 541/1200 513/1208
f 513/1208 541/1200 532/1206
f 357/1204 513/1208 471/1209
f 532/1206 386/1207 1542/1210
f 1542/1210 386/1207 1322/1211
f 532/1206 1542/1210 1527/1212
f 532/1206 1527/1212 513/1208
f 513/1208 1527/1212 1493/1213
f 513/1208 1493/1213 471/1209
f 471/1209 1493/1213 343/1214
f 343/1214 1493/1213 1558/1215
f 343/1214 1558/1215 1432/1216
f 343/1214 1432/1216 5/1217
f 1432/1216 1558/1215 1238/1218
f 1822/1219 1802/1220 1732/1221
f 1802/1220 1822/1219 1840/1222
f 1840/1223 1846/1224 1834/1225
f 1846/1224 1840/1223 1822/1226
f 768/1227 824/1228 807/1229
f 824/1228 768/1227 760/1230
f 760/1230 768/1227 680/1231
f 824/1228 760/1230 830/1232
f 824/1228 830/1232 845/1233
f 760/1230 680/1231 610/1234
f 610/1234 680/1231 186/1235
f 610/1234 186/1235 531/1236
f 531/1236 186/1235 232/1237
f 266/1238 680/1239 700/1240
f 700/1240 680/1239 768/1241
f 357/1242 204/1243 266/1238
f 266/1238 204/1243 680/1239
f 188/1244 505/1245 204/1243
f 204/1243 505/1245 234/1246
f 204/1243 234/1246 680/1239
f 234/1246 505/1245 291/1247
f 234/1246 291/1247 382/1248
f 382/1248 291/1247 562/1249
f 680/1239 234/1246 145/1250
f 145/1250 234/1246 382/1248
f 680/1239 145/1250 355/1251
f 680/1239 355/1251 186/1252
f 382/1248 562/1249 157/1253
f 382/1248 157/1253 145/1250
f 157/1253 562/1249 401/1254
f 157/1253 401/1254 495/1255
f 145/1250 157/1253 375/1256
f 145/1250 375/1256 355/1251
f 375/1256 157/1253 495/1255
f 355/1251 375/1256 186/1252
f 375/1256 495/1255 245/1257
f 375/1256 245/1257 186/1252
f 186/1252 245/1257 232/1258
f 232/1258 245/1257 223/1259
f 232/1258 223/1259 331/1260
f 232/1258 331/1260 1342/1261
f 1342/1261 331/1260 1267/1262
f 1171/1263 1493/1264 1218/1265
f 1493/1264 1171/1263 1558/1266
f 1558/1266 1171/1263 1165/1267
f 1372/1268 1218/1269 1398/1270
f 1218/1269 1372/1268 1165/1271
f 1218/1269 1165/1271 1171/1272
f 204/1273 357/1274 188/1275
f 188/1275 357/1274 471/1276
f 188/1275 471/1276 505/1277
f 505/1277 471/1276 343/1278
f 505/1277 343/1278 291/1279
f 291/1279 343/1278 562/1280
f 562/1280 343/1278 401/1281
f 1558/1282 1165/1283 1372/1284
f 1558/1282 1372/1284 1238/1285
f 1238/1285 1372/1284 1234/1286
f 1234/1286 1372/1284 1160/1287
f 1234/1288 1428/1289 1238/1290
f 1238/1290 1428/1289 1432/1291
f 1432/1291 1428/1289 5/1292
f 1160/1293 1443/1294 1234/1288
f 1234/1288 1443/1294 1385/1295
f 1234/1288 1385/1295 1428/1289
f 1385/1295 1443/1294 1253/1296
f 1385/1295 1253/1296 1228/1297
f 1428/1289 1385/1295 10/1298
f 10/1298 1385/1295 1228/1297
f 1428/1289 10/1298 5/1292
f 5/1292 10/1298 401/1299
f 5/1292 401/1299 343/1300
f 401/1299 10/1298 495/1301
f 495/1301 10/1298 245/1302
f 245/1302 10/1298 1228/1297
f 245/1302 1228/1297 1407/1303
f 245/1302 1407/1303 337/1304
f 245/1302 337/1304 223/1305
f 1732/1306 1443/1307 1372/1308
f 1372/1308 1443/1307 1160/1309
f 1443/1307 1732/1306 1706/1310
f 1706/1310 1732/1306 1802/1311
f 1443/1312 1706/1313 1253/1314
f 1253/1314 1706/1313 1563/1315
f 531/1316 232/1317 1563/1315
f 1563/1315 232/1317 1342/1318
f 1563/1315 1342/1318 1253/1314
f 1253/1314 1342/1318 1228/1319
f 1228/1319 1342/1318 1407/1320
f 1407/1320 1342/1318 223/1321
f 223/1321 1342/1318 1267/1322
f 223/1321 1267/1322 331/1323
f 1838/1324 1844/1325 1840/1326
f 1840/1326 1844/1325 1802/1327
f 1802/1327 1844/1325 1852/1328
f 1852/1328 1844/1325 1884/1329
f 1802/1327 1852/1328 1706/1330
f 1706/1330 1852/1328 1765/1331
f 1706/1330 1765/1331 610/1332
f 1706/1330 610/1332 1563/1333
f 1563/1333 610/1332 531/1334
f 610/1332 1765/1331 758/1335
f 758/1335 1765/1331 552/1336
f 610/1332 758/1335 760/1337
f 760/1337 758/1335 867/1338
f 760/1337 867/1338 830/1339
f 830/1339 867/1338 823/1340
f 223/1341 99/1342 1407/1343
f 1407/1343 99/1342 337/1344
f 337/1344 99/1342 223/1341
f 612/1345 1565/1346 79/1347
f 612/1345 79/1347 580/1348
f 580/1348 79/1347 514/1349
f 514/1349 79/1347 979/1350
f 979/1350 79/1347 1479/1351
f 1479/1351 79/1347 1565/1346
f 1479/1351 1565/1346 1325/1352
f 1479/1353 1325/1354 1216/1355
f 1479/1353 1216/1355 1584/1356
f 1479/1353 1584/1356 979/1357
f 545/1358 2/1359 446/1360
f 2/1359 545/1358 1547/1361
f 1547/1361 545/1358 561/1362
f 446/1360 2/1359 1427/1363
f 1427/1363 2/1359 1547/1361
f 446/1360 1427/1363 1546/1364
f 446/1360 1546/1364 544/1365
f 544/1365 1546/1364 1481/1366
f 1546/1364 1427/1363 1331/1367
f 1546/1364 1331/1367 1481/1366
f 1331/1367 1427/1363 1547/1361
f 1481/1366 1331/1367 1463/1368
f 1481/1366 1463/1368 1297/1369
f 1297/1369 1463/1368 1410/1370
f 1410/1370 1463/1368 1192/1371
f 1192/1371 1463/1368 1331/1367
f 1192/1371 1331/1367 1547/1361
f 1192/1371 1547/1361 1505/1372
f 1192/1371 1505/1372 1379/1373
f 1505/1372 1547/1361 1485/1374
f 1485/1374 1547/1361 561/1362
f 1485/1374 561/1362 1505/1372
f 1505/1372 561/1362 498/1375
f 608/1376 1591/1377 17/1378
f 1514/1379 1591/1377 1013/1380
f 1013/1380 1591/1377 590/1381
f 590/1381 1591/1377 608/1376
f 17/1378 1591/1377 1562/1382
f 1562/1382 1591/1377 1545/1383
f 17/1378 1562/1382 976/1384
f 608/1376 17/1378 574/1385
f 608/1376 574/1385 590/1381
f 574/1385 17/1378 976/1384
f 590/1381 574/1385 592/1386
f 592/1386 574/1385 976/1384
f 1545/1387 1591/1388 1514/1389
f 1545/1387 1514/1389 1484/1390
f 1545/1391 976/1392 1562/1393
f 976/1392 1545/1391 990/1394
f 976/1392 990/1394 592/1395
f 592/1395 990/1394 577/1396
f 990/1394 1545/1391 1448/1397
f 990/1394 1448/1397 577/1396
f 1448/1397 1545/1391 1484/1398
f 1448/1397 1484/1398 1481/1399
f 1448/1397 1481/1399 1297/1400
f 577/1396 1448/1397 988/1401
f 577/1396 988/1401 49/1402
f 988/1401 1448/1397 1166/1403
f 988/1401 1166/1403 49/1402
f 577/1396 49/1402 568/1404
f 1166/1403 1448/1397 1539/1405
f 1539/1405 1448/1397 1297/1400
f 1166/1403 1539/1405 49/1402
f 568/1404 49/1402 472/1406
f 1539/1405 1297/1400 1426/1407
f 1539/1405 1426/1407 49/1402
f 49/1402 1426/1407 472/1406
f 1426/1407 1297/1400 1378/1408
f 1426/1407 1378/1408 472/1406
f 592/1409 549/1410 590/1411
f 590/1411 549/1410 1013/1412
f 549/1410 592/1409 487/1413
f 1013/1412 549/1410 982/1414
f 487/1413 592/1409 577/1415
f 1013/1412 982/1414 1268/1416
f 1013/1412 1268/1416 1514/1417
f 1514/1417 1268/1416 1484/1418
f 1484/1418 1268/1416 982/1414
f 1484/1418 982/1414 549/1410
f 1484/1418 549/1410 578/1419
f 578/1419 549/1410 487/1413
f 1484/1418 578/1419 544/1420
f 544/1420 578/1419 487/1413
f 1484/1418 544/1420 1481/1421
f 544/1420 487/1413 478/1422
f 478/1422 487/1413 298/1423
f 298/1423 487/1413 577/1415
f 298/1423 577/1415 568/1424
f 478/1422 298/1423 310/1425
f 298/1423 568/1424 472/1426
f 298/1423 472/1426 310/1425
f 310/1425 472/1426 429/1427
f 446/1428 544/1429 478/1430
f 446/1428 478/1430 268/1431
f 268/1431 478/1430 126/1432
f 446/1428 268/1431 545/1433
f 545/1433 268/1431 561/1434
f 1446/1435 1552/1436 482/1437
f 482/1437 1552/1436 533/1438
f 1552/1436 1446/1435 1494/1439
f 533/1438 1552/1436 509/1440
f 509/1440 1552/1436 1494/1439
f 509/1440 1494/1439 1379/1441
f 509/1440 1379/1441 399/1442
f 509/1443 482/1444 533/1445
f 482/1444 509/1443 350/1446
f 350/1446 509/1443 399/1447
f 350/1446 399/1447 126/1448
f 1447/1449 1505/1450 498/1451
f 1505/1450 1447/1449 1379/1452
f 1379/1452 1447/1449 399/1453
f 399/1453 1447/1449 498/1451
f 399/1453 498/1451 561/1454
f 399/1453 561/1454 126/1455
f 126/1456 561/1457 268/1458
f 23/1459 1446/1460 482/1461
f 23/1459 482/1461 569/1462
f 23/1459 569/1462 48/1463
f 48/1463 569/1462 477/1464
f 48/1463 477/1464 1429/1465
f 1429/1465 477/1464 1010/1466
f 23/1459 48/1463 1451/1467
f 1451/1467 48/1463 1429/1465
f 23/1459 1451/1467 1486/1468
f 23/1459 1486/1468 1446/1460
f 1451/1467 1429/1465 1357/1469
f 1451/1467 1357/1469 1486/1468
f 1486/1468 1357/1469 1446/1460
f 1357/1469 1429/1465 1476/1470
f 1357/1469 1476/1470 1144/1471
f 1446/1460 1357/1469 1082/1472
f 1082/1472 1357/1469 1144/1471
f 1446/1460 1082/1472 1265/1473
f 1446/1460 1265/1473 1494/1474
f 1494/1474 1265/1473 1059/1475
f 1265/1473 1082/1472 1311/1476
f 1265/1473 1311/1476 1059/1475
f 1311/1476 1082/1472 1144/1471
f 1059/1475 1311/1476 1099/1477
f 1311/1476 1144/1471 1191/1478
f 1311/1476 1191/1478 1099/1477
f 482/1479 350/1480 138/1481
f 138/1481 350/1480 340/1482
f 482/1479 138/1481 354/1483
f 482/1479 354/1483 477/1484
f 482/1479 477/1484 569/1485
f 1379/1486 1494/1487 1345/1488
f 1345/1488 1494/1487 1059/1489
f 1345/1488 1059/1489 1243/1490
f 1345/1488 1243/1490 1187/1491
f 1345/1488 1187/1491 1379/1486
f 1379/1486 1187/1491 1192/1492
f 579/1493 1564/1494 1388/1495
f 1564/1494 579/1493 342/1496
f 1388/1495 1564/1494 1566/1497
f 579/1493 1388/1495 1006/1498
f 1006/1498 1388/1495 1566/1497
f 1006/1498 1566/1497 1470/1499
f 340/1500 350/1501 82/1502
f 82/1502 350/1501 150/1503
f 150/1503 350/1501 126/1504
f 82/1502 150/1503 218/1505
f 82/1502 218/1505 340/1500
f 340/1500 218/1505 138/1506
f 138/1506 218/1505 130/1507
f 138/1506 130/1507 354/1508
f 1187/1509 1243/1510 1108/1511
f 1187/1509 1108/1511 1530/1512
f 1099/1513 1243/1510 1059/1514
f 1243/1510 1099/1513 1191/1515
f 1243/1510 1191/1515 1108/1511
f 1108/1511 1191/1515 1474/1516
f 1108/1511 1474/1516 1530/1512
f 1530/1512 1474/1516 1138/1517
f 1530/1512 1138/1517 1174/1518
f 1174/1518 1138/1517 1412/1519
f 1412/1519 1138/1517 1161/1520
f 1174/1518 1412/1519 1274/1521
f 1274/1521 1412/1519 1161/1520
f 1274/1521 1161/1520 1295/1522
f 1274/1521 1295/1522 1367/1523
f 1295/1522 1161/1520 1384/1524
f 1530/1525 1214/1526 1410/1527
f 1214/1526 1530/1525 1174/1528
f 1530/1529 1410/1530 1187/1531
f 1187/1531 1410/1530 1192/1532
f 1410/1533 1214/1534 1297/1535
f 1297/1535 1214/1534 1378/1536
f 1378/1536 1214/1534 1282/1537
f 1282/1537 1214/1534 1174/1538
f 1282/1537 1174/1538 1356/1539
f 1378/1536 1282/1537 297/1540
f 1378/1536 297/1540 429/1541
f 297/1540 1282/1537 102/1542
f 429/1541 297/1540 310/1543
f 310/1543 297/1540 102/1542
f 310/1543 102/1542 404/1544
f 404/1544 102/1542 148/1545
f 310/1543 404/1544 478/1546
f 478/1546 404/1544 126/1547
f 1575/1548 570/1549 281/1550
f 1575/1548 281/1550 517/1551
f 517/1551 281/1550 570/1549
f 1575/1548 517/1551 1416/1552
f 1416/1552 517/1551 429/1553
f 429/1553 517/1551 1378/1554
f 1378/1554 517/1551 472/1555
f 472/1555 517/1551 570/1549
f 472/1555 570/1549 429/1556
f 429/1556 570/1549 369/1557
f 1469/1558 1575/1559 1416/1560
f 1575/1559 1469/1558 570/1561
f 570/1561 1469/1558 57/1562
f 1469/1558 1416/1560 1430/1563
f 1430/1563 1416/1560 369/1564
f 369/1564 1416/1560 429/1565
f 1356/1566 1430/1567 338/1568
f 1356/1566 338/1568 1282/1569
f 338/1568 1430/1567 369/1570
f 1430/1567 1356/1566 1487/1571
f 1430/1567 1487/1571 1469/1572
f 1469/1572 1487/1571 57/1573
f 57/1573 1487/1571 38/1574
f 57/1573 38/1574 452/1575
f 508/1576 338/1577 369/1578
f 508/1576 369/1578 570/1579
f 508/1576 570/1579 57/1580
f 508/1576 57/1580 452/1581
f 508/1576 452/1581 159/1582
f 338/1577 508/1576 257/1583
f 257/1583 508/1576 159/1582
f 338/1577 257/1583 1282/1584
f 257/1583 159/1582 148/1585
f 1282/1584 257/1583 102/1586
f 102/1586 257/1583 148/1585
f 1061/1587 1356/1588 1174/1589
f 1356/1588 1061/1587 1487/1590
f 1061/1591 1367/1592 1487/1593
f 1367/1592 1061/1591 1274/1594
f 1274/1594 1061/1591 1174/1595
f 1487/1596 1367/1597 38/1598
f 38/1598 1367/1597 1295/1599
f 38/1598 1295/1599 452/1600
f 452/1600 1295/1599 431/1601
f 431/1601 1295/1599 1384/1602
f 452/1600 431/1601 261/1603
f 452/1600 261/1603 159/1604
f 159/1604 261/1603 87/1605
f 159/1604 87/1605 197/1606
f 197/1606 87/1605 366/1607
f 366/1607 87/1605 261/1603
f 366/1607 261/1603 153/1608
f 153/1608 261/1603 348/1609
f 348/1609 261/1603 431/1601
f 96/1610 115/1611 348/1609
f 96/1610 348/1609 432/1612
f 96/1610 432/1612 220/1613
f 220/1613 432/1612 476/1614
f 476/1614 432/1612 348/1609
f 220/1613 476/1614 481/1615
f 481/1615 476/1614 485/1616
f 476/1614 348/1609 442/1617
f 442/1617 348/1609 431/1601
f 485/1616 476/1614 1561/1618
f 1561/1618 476/1614 442/1617
f 485/1616 1561/1618 1409/1619
f 442/1617 431/1601 1024/1620
f 442/1617 1024/1620 1561/1618
f 1409/1619 1561/1618 1146/1621
f 1024/1620 431/1601 1384/1602
f 1561/1618 1024/1620 1462/1622
f 1462/1622 1024/1620 1384/1602
f 1561/1618 1462/1622 1221/1623
f 1221/1623 1462/1622 1384/1602
f 1561/1618 1221/1623 1146/1621
f 1221/1623 1384/1602 1455/1624
f 1221/1623 1455/1624 1146/1621
f 1455/1624 1384/1602 1161/1625
f 1146/1621 1455/1624 1138/1626
f 1138/1626 1455/1624 1161/1625
f 1825/1627 1738/1628 1627/1629
f 1738/1628 1825/1627 1797/1630
f 736/1631 763/1632 814/1633
f 763/1632 736/1631 558/1634
f 1848/1635 1825/1636 1842/1637
f 1825/1636 1848/1635 1836/1638
f 1825/1636 1836/1638 1797/1639
f 839/1640 841/1641 814/1642
f 839/1640 814/1642 818/1643
f 839/1640 818/1643 828/1644
f 818/1643 814/1642 763/1645
f 558/1646 677/1647 763/1648
f 767/1649 818/1650 763/1648
f 767/1649 763/1648 489/1651
f 489/1651 763/1648 677/1647
f 489/1651 677/1647 998/1652
f 998/1652 677/1647 558/1646
f 489/1651 998/1652 1601/1653
f 1601/1653 998/1652 558/1646
f 1601/1653 558/1646 1627/1654
f 1601/1653 1627/1654 1738/1655
f 1797/1656 1697/1657 1738/1658
f 1738/1658 1697/1657 1601/1659
f 1601/1659 1697/1657 489/1660
f 406/1661 1396/1662 1096/1663
f 406/1661 1096/1663 486/1664
f 219/1665 407/1666 406/1661
f 406/1661 407/1666 1411/1667
f 406/1661 1411/1667 1396/1662
f 1411/1667 407/1666 1473/1668
f 1411/1667 1473/1668 1141/1669
f 1411/1667 1141/1669 1396/1662
f 1396/1662 1141/1669 1364/1670
f 1393/1671 1096/1663 1396/1662
f 1393/1671 1396/1662 1364/1670
f 1096/1663 1393/1671 24/1672
f 1393/1671 1364/1670 486/1673
f 1393/1671 486/1673 24/1672
f 486/1674 1096/1675 24/1676
f 1515/1677 1072/1678 1567/1679
f 1567/1679 1072/1678 1068/1680
f 1068/1680 1072/1678 488/1681
f 1072/1678 1515/1677 31/1682
f 1072/1678 31/1682 275/1683
f 31/1682 1515/1677 1023/1684
f 1023/1684 1515/1677 1382/1685
f 1023/1684 1382/1685 971/1686
f 971/1686 1382/1685 1452/1687
f 31/1682 1023/1684 460/1688
f 460/1688 1023/1684 971/1686
f 31/1682 460/1688 275/1683
f 1072/1678 275/1683 563/1689
f 1072/1678 563/1689 488/1681
f 563/1689 275/1683 460/1688
f 460/1688 971/1686 339/1690
f 488/1681 563/1689 181/1691
f 181/1691 563/1689 460/1688
f 488/1681 181/1691 164/1692
f 460/1688 339/1690 403/1693
f 460/1688 403/1693 181/1691
f 403/1693 339/1690 152/1694
f 164/1692 181/1691 288/1695
f 288/1695 181/1691 403/1693
f 288/1695 403/1693 152/1694
f 164/1692 288/1695 292/1696
f 292/1696 288/1695 184/1697
f 184/1697 288/1695 152/1694
f 292/1696 184/1697 213/1698
f 184/1697 152/1694 405/1699
f 184/1697 405/1699 213/1698
f 213/1698 405/1699 152/1694
f 1836/1700 1810/1701 1797/1702
f 1797/1702 1810/1701 1697/1703
f 1810/1701 1836/1700 1843/1704
f 1843/1705 1836/1706 1848/1707
f 1313/1708 1309/1709 1262/1710
f 1313/1708 1262/1710 305/1711
f 305/1711 1262/1710 243/1712
f 243/1712 1262/1710 1229/1713
f 1229/1713 1262/1710 59/1714
f 1229/1713 59/1714 1235/1715
f 1235/1715 59/1714 1262/1710
f 1235/1715 1262/1710 1309/1709
f 1235/1715 1309/1709 1188/1716
f 1188/1716 1309/1709 309/1717
f 1313/1718 305/1719 322/1720
f 1313/1718 322/1720 1309/1721
f 1309/1722 322/1723 279/1724
f 279/1724 322/1723 305/1725
f 456/1726 1473/1727 407/1728
f 1473/1727 456/1726 423/1729
f 105/1730 219/1731 406/1732
f 219/1731 105/1730 100/1733
f 105/1730 406/1732 486/1734
f 486/1735 1364/1736 323/1737
f 323/1737 1364/1736 1457/1738
f 1457/1738 1364/1736 1141/1739
f 1457/1738 1141/1739 1105/1740
f 1105/1740 1141/1739 1473/1741
f 1105/1740 1473/1741 1508/1742
f 1508/1742 1473/1741 423/1743
f 486/1744 323/1745 105/1746
f 105/1746 323/1745 269/1747
f 1269/1748 1567/1749 1489/1750
f 1567/1749 1269/1748 1193/1751
f 1567/1749 1193/1751 1515/1752
f 1515/1752 1193/1751 1382/1753
f 1193/1751 1269/1748 1175/1754
f 1175/1754 1269/1748 1142/1755
f 1175/1754 1142/1755 1279/1756
f 1193/1751 1175/1754 1368/1757
f 1193/1751 1368/1757 1382/1753
f 1368/1757 1175/1754 1279/1756
f 1382/1753 1368/1757 1452/1758
f 1452/1758 1368/1757 1153/1759
f 1368/1757 1279/1756 1112/1760
f 1112/1760 1279/1756 1261/1761
f 1153/1759 1368/1757 1129/1762
f 1129/1762 1368/1757 1112/1760
f 1153/1759 1129/1762 1376/1763
f 1376/1763 1129/1762 1112/1760
f 1376/1763 1112/1760 1261/1761
f 1153/1759 1376/1763 1092/1764
f 1092/1764 1376/1763 1261/1761
f 1068/1765 1489/1766 1567/1767
f 1489/1766 1068/1765 488/1768
f 1489/1766 488/1768 388/1769
f 388/1769 488/1768 164/1770
f 1489/1766 388/1769 1324/1771
f 1489/1766 1324/1771 1269/1772
f 1269/1772 1324/1771 1142/1773
f 407/1774 302/1775 456/1776
f 456/1776 302/1775 423/1777
f 302/1775 407/1774 219/1778
f 1350/1779 1564/1780 1420/1781
f 1420/1781 1564/1780 342/1782
f 1564/1780 1350/1779 1566/1783
f 1566/1783 1350/1779 1470/1784
f 424/1785 1420/1786 342/1787
f 424/1785 342/1787 398/1788
f 424/1785 398/1788 339/1789
f 1420/1786 424/1785 1283/1790
f 1283/1790 424/1785 339/1789
f 1420/1786 1283/1790 1532/1791
f 1532/1791 1283/1790 1064/1792
f 1064/1792 1283/1790 1244/1793
f 1064/1792 1244/1793 1328/1794
f 1283/1790 339/1789 1383/1795
f 1283/1790 1383/1795 1244/1793
f 1383/1795 339/1789 971/1796
f 1244/1793 1383/1795 1153/1797
f 1383/1795 971/1796 1452/1798
f 1383/1795 1452/1798 1153/1797
f 1420/1799 1316/1800 1350/1801
f 1350/1801 1316/1800 1470/1802
f 1316/1800 1420/1799 1532/1803
f 1316/1800 1532/1803 1075/1804
f 1075/1804 1532/1803 1155/1805
f 1470/1802 1316/1800 1264/1806
f 1264/1806 1316/1800 1075/1804
f 1470/1802 1264/1806 1332/1807
f 1264/1806 1075/1804 1371/1808
s 0
f 1264/1806 1371/1808 1332/1807
s 1
f 325/1809 152/1810 339/1811
f 325/1809 339/1811 398/1812
f 152/1810 325/1809 364/1813
f 325/1809 398/1812 73/1814
f 325/1809 73/1814 364/1813
f 73/1814 398/1812 141/1815
f 73/1814 141/1815 364/1813
f 141/1815 398/1812 90/1816
f 152/1810 364/1813 213/1817
f 213/1817 364/1813 141/1815
f 141/1815 90/1816 114/1818
f 141/1815 114/1818 581/1819
f 141/1815 581/1819 213/1817
f 581/1819 114/1818 539/1820
f 213/1817 581/1819 641/1821
f 213/1817 641/1821 292/1822
f 641/1821 581/1819 658/1823
f 581/1819 539/1820 600/1824
f 581/1819 600/1824 658/1823
f 600/1824 539/1820 603/1825
f 658/1823 600/1824 585/1826
f 332/1827 90/1828 342/1829
f 332/1827 342/1829 521/1830
f 332/1827 521/1830 383/1831
f 383/1831 521/1830 1470/1832
f 383/1831 1470/1832 1332/1833
f 1470/1832 521/1830 1006/1834
f 342/1835 90/1836 398/1837
f 1244/1838 1153/1839 1092/1840
f 1244/1838 1092/1840 1328/1841
f 1328/1841 1092/1840 1261/1842
f 332/1843 114/1844 90/1845
f 114/1844 332/1843 383/1846
f 1328/1847 1155/1848 1064/1849
f 1064/1849 1155/1848 1532/1850
f 1623/1851 1328/1852 1261/1853
f 1623/1851 1261/1853 1279/1854
f 1623/1851 1279/1854 1636/1855
f 1623/1851 1636/1855 1655/1856
f 1623/1851 1655/1856 1594/1857
f 1328/1852 1623/1851 1590/1858
f 1590/1858 1623/1851 1594/1857
f 1328/1852 1590/1858 1155/1859
f 1155/1859 1590/1858 1075/1860
f 1590/1858 1594/1857 1538/1861
f 1590/1858 1538/1861 1075/1860
f 1075/1860 1538/1861 1371/1862
f 1538/1861 1594/1857 1242/1863
f 1371/1862 1538/1861 1191/1864
f 1371/1862 1191/1864 1332/1865
f 1332/1865 1191/1864 1144/1866
f 1191/1864 1538/1861 1474/1867
f 1332/1865 1144/1866 1476/1868
f 1332/1865 1476/1868 1010/1869
f 1010/1869 1476/1868 1429/1870
f 1332/1865 1010/1869 354/1871
f 354/1871 1010/1869 477/1872
f 1474/1867 1538/1861 1146/1873
f 1146/1873 1538/1861 1242/1863
f 1474/1867 1146/1873 1138/1874
f 1146/1873 1242/1863 1150/1875
f 1146/1873 1150/1875 1409/1876
f 1150/1875 1242/1863 1512/1877
f 1409/1876 1150/1875 1433/1878
f 1433/1878 1150/1875 1512/1877
f 1409/1876 1433/1878 481/1879
f 1409/1876 481/1879 485/1880
f 481/1879 1433/1878 1512/1877
f 1512/1877 1242/1863 1088/1881
f 481/1879 1512/1877 524/1882
f 1512/1877 1088/1881 192/1883
f 1512/1877 192/1883 524/1882
f 1079/1884 1594/1885 1151/1886
f 1594/1885 1079/1884 1242/1887
f 1242/1887 1079/1884 1088/1888
f 1088/1888 1079/1884 1453/1889
f 1088/1888 1453/1889 192/1890
f 192/1890 1453/1889 417/1891
f 417/1891 1453/1889 466/1892
f 466/1892 1453/1889 1503/1893
f 466/1892 1503/1893 546/1894
f 1453/1889 1079/1884 1109/1895
f 1453/1889 1109/1895 1503/1893
f 1109/1895 1079/1884 1151/1886
f 1109/1895 1151/1886 1314/1896
f 1314/1896 1151/1886 1038/1897
f 1503/1893 1109/1895 1204/1898
f 1204/1898 1109/1895 1314/1896
f 1204/1898 1314/1896 1038/1897
f 1503/1893 1204/1898 1607/1899
f 1204/1898 1038/1897 1460/1900
f 1204/1898 1460/1900 1607/1899
f 1594/1901 1038/1902 1151/1903
f 1038/1902 1594/1901 1062/1904
f 1062/1904 1594/1901 1655/1905
f 1062/1904 1655/1905 1347/1906
f 1062/1904 1347/1906 1359/1907
f 1062/1904 1359/1907 1170/1908
f 1312/1909 1291/1910 1359/1907
f 1170/1908 1359/1907 1501/1911
f 1501/1911 1359/1907 1291/1910
f 1435/1912 1460/1913 1170/1908
f 1435/1912 1170/1908 1501/1911
f 1501/1911 1291/1910 1551/1914
f 1435/1912 1501/1911 973/1915
f 1551/1914 1291/1910 1576/1916
f 1435/1912 973/1915 430/1917
f 430/1917 973/1915 554/1918
f 92/1919 1576/1916 554/1918
f 92/1919 554/1918 973/1915
f 1576/1916 92/1919 1551/1914
f 92/1919 973/1915 1/1920
f 1551/1914 92/1919 1037/1921
f 1037/1921 92/1919 1/1920
f 1/1920 973/1915 1143/1922
f 1/1920 1143/1922 1037/1921
f 1143/1922 973/1915 1501/1911
f 1037/1921 1143/1922 1551/1914
f 1551/1914 1143/1922 1501/1911
f 95/1923 42/1924 189/1925
f 189/1925 42/1924 303/1926
f 303/1926 42/1924 285/1927
f 285/1927 42/1924 248/1928
f 248/1928 42/1924 95/1923
s 0
f 285/1927 248/1928 272/1929
s 1
f 272/1929 248/1928 89/1930
f 89/1930 248/1928 95/1923
f 272/1929 89/1930 417/1931
f 417/1931 89/1930 192/1932
f 192/1932 89/1930 603/1933
f 603/1933 89/1930 600/1934
f 600/1934 89/1930 95/1923
f 600/1934 95/1923 585/1935
f 585/1935 95/1923 56/1936
f 56/1936 95/1923 189/1925
f 56/1936 189/1925 76/1937
f 76/1937 189/1925 303/1926
f 56/1936 76/1937 308/1938
f 76/1937 303/1926 200/1939
f 76/1937 200/1939 308/1938
f 200/1939 303/1926 430/1940
f 308/1938 200/1939 175/1941
f 175/1941 200/1939 430/1940
f 175/1941 430/1940 554/1942
f 1006/1943 521/1944 579/1945
f 579/1945 521/1944 342/1946
f 596/1947 197/1948 470/1949
f 596/1947 470/1949 150/1950
f 596/1947 150/1950 126/1951
f 150/1950 470/1949 586/1952
f 470/1949 197/1948 50/1953
f 50/1953 197/1948 366/1954
f 470/1949 50/1953 115/1955
f 50/1953 366/1954 153/1956
f 50/1953 153/1956 115/1955
f 115/1955 153/1956 348/1957
f 586/1958 470/1959 115/1960
f 586/1958 115/1960 251/1961
f 251/1961 115/1960 96/1962
f 251/1961 96/1962 220/1963
f 586/1958 251/1961 539/1964
f 251/1961 220/1963 247/1965
f 251/1961 247/1965 539/1964
f 247/1965 220/1963 524/1966
f 524/1966 220/1963 481/1967
f 247/1965 524/1966 192/1968
f 247/1965 192/1968 603/1969
f 247/1965 603/1969 539/1964
f 586/1958 539/1964 315/1970
f 315/1970 539/1964 114/1971
f 315/1970 114/1971 383/1972
f 586/1958 315/1970 218/1973
f 586/1958 218/1973 150/1974
f 315/1970 383/1972 354/1975
f 315/1970 354/1975 218/1973
f 354/1975 383/1972 1332/1976
f 218/1973 354/1975 130/1977
f 126/1978 404/1979 596/1980
f 596/1980 404/1979 148/1981
f 596/1980 148/1981 197/1982
f 197/1982 148/1981 159/1983
f 1607/1984 15/1985 1503/1986
f 15/1985 1607/1984 994/1987
f 15/1985 994/1987 26/1988
f 15/1985 26/1988 490/1989
f 1503/1986 15/1985 546/1990
f 15/1985 490/1989 571/1991
f 15/1985 571/1991 546/1990
f 546/1990 571/1991 466/1992
f 466/1993 571/1994 285/1995
f 466/1993 285/1995 272/1996
f 466/1993 272/1996 417/1997
f 285/1995 571/1994 490/1998
f 285/1995 490/1998 518/1999
f 285/1995 518/1999 303/2000
f 303/2000 518/1999 430/2001
f 430/2001 518/1999 994/2002
f 994/2002 518/1999 490/1998
f 994/2002 490/1998 26/2003
f 1062/2004 1460/2005 1038/2006
f 1460/2005 1062/2004 1170/2007
f 994/2008 1607/2009 1460/2010
f 994/2008 1460/2010 1008/2011
f 1008/2011 1460/2010 1435/2012
f 994/2008 1008/2011 430/2013
f 430/2013 1008/2011 1435/2012
f 1404/2014 1181/2015 1517/2016
f 1181/2015 1404/2014 1219/2017
f 1219/2017 1404/2014 1418/2018
f 1219/2017 1418/2018 1506/2019
f 1404/2014 1517/2016 397/2020
f 1404/2014 397/2020 1418/2018
f 397/2020 1517/2016 515/2021
f 515/2021 1517/2016 132/2022
f 515/2021 132/2022 187/2023
f 515/2021 187/2023 397/2020
f 1506/2019 1418/2018 274/2024
f 274/2024 1418/2018 397/2020
f 274/2024 397/2020 187/2023
f 1506/2019 274/2024 473/2025
f 473/2025 274/2024 205/2026
f 205/2026 274/2024 187/2023
f 473/2025 205/2026 467/2027
f 467/2027 205/2026 635/2028
f 205/2026 187/2023 461/2029
f 205/2026 461/2029 635/2028
f 461/2029 187/2023 400/2030
f 635/2028 461/2029 313/2031
f 313/2031 461/2029 400/2030
f 1600/2032 602/2033 263/2034
f 263/2034 602/2033 426/2035
f 602/2033 1600/2032 1556/2036
f 426/2035 602/2033 469/2037
f 469/2037 602/2033 1556/2036
f 426/2035 469/2037 85/2038
f 426/2035 85/2038 173/2039
f 469/2037 1556/2036 459/2040
f 469/2037 459/2040 85/2038
f 459/2040 1556/2036 1529/2041
f 459/2040 1529/2041 1524/2042
f 459/2040 1524/2042 454/2043
f 173/2039 85/2038 136/2044
f 136/2044 85/2038 459/2040
f 136/2044 459/2040 454/2043
f 173/2039 136/2044 176/2045
f 136/2044 454/2043 379/2046
f 136/2044 379/2046 46/2047
f 136/2044 46/2047 165/2048
f 176/2045 136/2044 237/2049
f 237/2049 136/2044 165/2048
f 237/2049 165/2048 1040/2050
f 237/2049 1040/2050 567/2051
f 237/2049 567/2051 499/2052
f 1048/2053 1219/2054 1629/2055
f 1629/2055 1219/2054 1132/2056
f 1132/2056 1219/2054 1506/2057
f 1132/2056 1506/2057 1041/2058
f 1041/2058 1506/2057 473/2059
f 1041/2058 473/2059 379/2060
f 1132/2056 1041/2058 117/2061
f 1629/2055 1132/2056 1634/2062
f 1629/2055 1634/2062 1683/2063
f 1683/2063 1634/2062 1673/2064
f 1629/2055 1683/2063 1657/2065
f 1683/2063 1673/2064 1679/2066
f 1683/2063 1679/2066 1657/2065
f 1657/2065 1679/2066 1618/2067
f 1618/2067 1679/2066 1716/2068
f 1657/2065 1618/2067 1271/2069
f 1271/2069 1618/2067 1123/2070
f 1271/2069 1123/2070 1205/2071
f 1205/2071 1123/2070 1374/2072
f 1123/2070 1618/2067 1213/2073
f 1213/2073 1618/2067 1326/2074
f 1123/2070 1213/2073 1344/2075
f 1123/2070 1344/2075 1374/2072
f 1374/2072 1344/2075 987/2076
f 987/2076 1344/2075 1401/2077
f 635/2078 642/2079 671/2080
f 671/2080 642/2079 647/2081
f 671/2080 647/2081 667/2082
f 671/2080 667/2082 697/2083
f 635/2078 671/2080 467/2084
f 671/2080 697/2083 644/2085
f 671/2080 644/2085 467/2084
f 467/2084 644/2085 109/2086
f 109/2086 644/2085 290/2087
f 109/2086 290/2087 538/2088
f 290/2087 644/2085 165/2089
f 538/2088 290/2087 46/2090
f 46/2090 290/2087 165/2089
f 1212/2091 1600/2092 263/2093
f 1212/2091 263/2093 74/2094
f 74/2094 263/2093 426/2095
f 1600/2092 1212/2091 1526/2096
f 1526/2096 1212/2091 74/2094
f 1526/2096 74/2094 426/2095
f 1600/2092 1526/2096 1556/2097
f 1526/2096 426/2095 1475/2098
f 1526/2096 1475/2098 1556/2097
f 1475/2098 426/2095 173/2099
f 1556/2097 1475/2098 1222/2100
f 1475/2098 173/2099 506/2101
f 1222/2100 1475/2098 1543/2102
f 1543/2102 1475/2098 506/2101
f 1222/2103 1529/2104 1556/2105
f 1529/2104 1222/2103 1524/2106
f 1524/2106 1222/2103 1498/2107
f 1524/2106 1498/2107 454/2108
f 454/2108 1498/2107 379/2109
f 379/2109 1498/2107 1041/2110
f 1041/2110 1498/2107 1482/2111
f 1498/2107 1222/2103 1100/2112
f 1498/2107 1100/2112 1482/2111
f 1482/2111 1100/2112 1135/2113
f 1482/2111 1135/2113 1321/2114
f 1321/2114 1135/2113 1634/2115
f 1634/2115 1135/2113 1673/2116
f 1100/2112 1222/2103 1421/2117
f 1100/2112 1421/2117 1135/2113
f 1673/2116 1135/2113 1194/2118
f 1673/2116 1194/2118 165/2119
f 165/2119 1194/2118 1040/2120
f 1040/2120 1194/2118 1550/2121
f 1550/2121 1194/2118 1135/2113
f 1550/2121 1135/2113 1421/2117
f 1621/2122 1421/2117 1222/2103
f 1621/2122 1222/2103 1543/2123
f 1550/2121 1421/2117 1502/2124
f 1550/2121 1502/2124 1520/2125
f 1520/2125 1502/2124 1535/2126
f 1535/2126 1502/2124 1402/2127
f 1621/2122 1543/2123 506/2128
f 1402/2127 1502/2124 237/2129
f 1402/2127 237/2129 499/2130
f 1502/2124 1421/2117 1369/2131
f 1502/2124 1369/2131 237/2129
f 1549/2132 1421/2117 1621/2122
f 1421/2117 1549/2132 1369/2131
f 1621/2122 506/2128 638/2133
f 1549/2132 1621/2122 614/2134
f 614/2134 1621/2122 638/2133
f 1549/2132 614/2134 1369/2131
f 614/2134 638/2133 506/2128
f 528/2135 237/2129 1369/2131
f 528/2135 1369/2131 614/2134
f 237/2129 528/2135 176/2136
f 176/2136 528/2135 614/2134
f 176/2136 614/2134 506/2128
f 176/2136 506/2128 173/2137
f 473/2138 467/2139 538/2140
f 473/2138 538/2140 379/2141
f 379/2141 538/2140 46/2142
f 538/2140 467/2139 117/2143
f 538/2140 117/2143 1482/2144
f 1482/2144 117/2143 1041/2145
f 538/2140 1482/2144 109/2146
f 109/2146 1482/2144 1321/2147
f 109/2146 1321/2147 1634/2148
f 109/2146 1634/2148 1132/2149
f 109/2146 1132/2149 467/2150
f 467/2150 1132/2149 117/2151
f 1402/2152 180/2153 1111/2154
f 1111/2154 180/2153 307/2155
f 180/2153 1402/2152 499/2156
f 1402/2152 1111/2154 1292/2157
f 1402/2152 1292/2157 1497/2158
f 1402/2152 1497/2158 1535/2159
f 307/2160 425/2161 1111/2162
f 1111/2162 425/2161 1292/2163
f 425/2161 307/2160 180/2164
f 425/2161 180/2164 499/2165
f 425/2161 499/2165 535/2166
f 1292/2163 425/2161 1497/2167
f 425/2161 535/2166 434/2168
f 1497/2167 425/2161 1327/2169
f 1327/2169 425/2161 434/2168
f 1497/2167 1327/2169 1220/2170
f 1220/2170 1327/2169 434/2168
f 1220/2170 434/2168 242/2171
f 1220/2170 242/2171 1186/2172
f 1186/2172 242/2171 238/2173
f 1186/2172 238/2173 1130/2174
f 987/2175 1401/2176 320/2177
f 987/2178 320/2179 344/2180
f 120/2181 67/2182 344/2180
f 344/2180 67/2182 373/2183
f 344/2180 373/2183 987/2178
f 373/2183 67/2182 262/2184
f 987/2178 373/2183 410/2185
f 987/2178 410/2185 1374/2186
f 410/2185 373/2183 267/2187
f 373/2183 262/2184 123/2188
f 373/2183 123/2188 267/2187
f 123/2188 262/2184 667/2189
f 267/2187 123/2188 147/2190
f 123/2188 667/2189 647/2191
f 123/2188 647/2191 147/2190
f 1057/2192 1157/2193 1344/2194
f 1057/2192 1344/2194 1213/2195
f 1057/2192 1213/2195 1399/2196
f 300/2197 67/2198 120/2199
f 67/2198 300/2197 262/2200
f 262/2200 300/2197 345/2201
f 262/2200 345/2201 667/2202
f 345/2201 300/2197 492/2203
f 667/2202 345/2201 565/2204
f 565/2204 345/2201 492/2203
f 1057/2205 1399/2206 1413/2207
f 1413/2207 1399/2206 1252/2208
f 1252/2208 1399/2206 1326/2209
f 1326/2209 1399/2206 1213/2210
f 1252/2208 1326/2209 1559/2211
f 1559/2211 1326/2209 1579/2212
f 1559/2213 1091/2214 1252/2215
f 1618/2216 1579/2217 1326/2218
f 1579/2217 1618/2216 1643/2219
f 1643/2219 1618/2216 1716/2220
f 1579/2217 1643/2219 1076/2221
f 1076/2221 1643/2219 1164/2222
f 1076/2221 1164/2222 1078/2223
f 1078/2223 1164/2222 1134/2224
f 1134/2224 1164/2222 1115/2225
f 1134/2224 1115/2225 182/2226
f 1078/2223 1134/2224 1122/2227
f 1134/2224 182/2226 201/2228
f 1134/2224 201/2228 1122/2227
f 201/2228 182/2226 183/2229
f 183/2229 182/2226 70/2230
f 201/2228 183/2229 216/2231
f 201/2228 216/2231 1122/2227
f 1122/2227 216/2231 1251/2232
f 1122/2227 1251/2232 1104/2233
f 1060/2234 1078/2223 1122/2227
f 1060/2234 1122/2227 1104/2233
f 1078/2223 1060/2234 70/2235
f 1060/2234 1104/2233 183/2236
f 1060/2234 183/2236 70/2235
f 131/2237 492/2238 70/2239
f 492/2238 131/2237 565/2240
f 131/2237 70/2239 182/2241
f 565/2240 131/2237 101/2242
f 101/2242 131/2237 182/2241
f 1559/2243 1579/2244 1078/2245
f 1078/2245 1579/2244 1076/2246
f 1559/2243 1078/2245 70/2247
f 1559/2243 70/2247 1500/2248
f 1500/2248 70/2247 91/2249
f 91/2249 70/2247 492/2250
f 650/2251 165/2252 644/2253
f 650/2251 644/2253 697/2254
f 165/2252 650/2251 52/2255
f 52/2255 650/2251 395/2256
f 165/2252 52/2255 1673/2257
f 1673/2257 52/2255 1431/2258
f 1431/2258 52/2255 550/2259
f 1550/2260 1520/2261 1431/2262
f 1550/2260 1431/2262 1040/2263
f 1040/2263 1431/2262 567/2264
f 567/2264 1431/2262 550/2265
f 1431/2262 1520/2261 1535/2266
f 1497/2267 1544/2268 1535/2266
f 1535/2266 1544/2268 1537/2269
f 1535/2266 1537/2269 1431/2262
f 1431/2262 1537/2269 1467/2270
f 1431/2262 1467/2270 1673/2271
f 1467/2270 1537/2269 1021/2272
f 1021/2272 1537/2269 215/2273
f 1021/2272 215/2273 395/2274
f 1673/2275 1716/2276 1679/2277
f 1716/2276 1673/2275 1700/2278
f 1700/2278 1673/2275 1467/2279
f 667/2280 631/2281 709/2282
f 631/2281 667/2280 565/2283
f 631/2281 565/2283 101/2284
f 667/2280 709/2282 697/2285
f 631/2281 101/2284 133/2286
f 631/2281 133/2286 664/2287
f 631/2281 664/2287 709/2282
f 664/2287 133/2286 676/2288
f 664/2287 676/2288 785/2289
f 664/2287 785/2289 709/2282
f 697/2285 709/2282 685/2290
f 685/2290 709/2282 785/2289
f 697/2285 685/2290 650/2291
f 650/2291 685/2290 395/2292
f 395/2292 685/2290 559/2293
f 559/2293 685/2290 620/2294
f 685/2290 785/2289 714/2295
f 685/2290 714/2295 620/2294
f 714/2295 785/2289 769/2296
f 620/2294 714/2295 475/2297
f 535/2298 499/2299 567/2300
f 535/2298 567/2300 550/2301
f 535/2298 550/2301 395/2302
f 395/2302 550/2301 52/2303
f 535/2298 395/2302 475/2304
f 475/2304 395/2302 620/2305
f 238/2306 475/2307 1130/2308
f 1130/2308 475/2307 1335/2309
f 475/2307 238/2306 242/2310
f 475/2307 242/2310 535/2311
f 535/2311 242/2310 434/2312
f 1497/2313 1227/2314 1544/2315
f 1227/2314 1497/2313 1220/2316
f 1227/2314 1220/2316 1335/2317
f 1335/2317 1220/2316 1186/2318
f 1335/2317 1186/2318 1130/2319
f 259/2320 1305/2321 1336/2322
f 259/2320 1336/2322 691/2323
f 1336/2322 1305/2321 316/2324
f 316/2324 1305/2321 286/2325
f 1336/2322 316/2324 65/2326
f 259/2327 65/2328 316/2329
f 259/2327 316/2329 286/2330
f 259/2327 286/2330 1305/2331
f 1251/2332 216/2333 314/2334
f 314/2334 216/2333 183/2335
f 314/2334 183/2335 1104/2336
f 1241/2337 1337/2338 1217/2339
f 1217/2339 1337/2338 250/2340
f 1217/2339 250/2340 202/2341
f 202/2341 250/2340 241/2342
f 202/2341 241/2342 182/2343
f 202/2341 182/2343 1115/2344
f 202/2341 1115/2344 1217/2339
f 1217/2339 1115/2344 1241/2337
f 1241/2337 1115/2344 1237/2345
f 1237/2345 1115/2344 1164/2346
f 1237/2345 1164/2346 1131/2347
f 1241/2337 1237/2345 241/2348
f 1237/2345 1131/2347 190/2349
f 1237/2345 190/2349 241/2348
f 241/2348 190/2349 182/2350
f 182/2350 190/2349 101/2351
f 101/2351 190/2349 133/2352
f 133/2352 190/2349 146/2353
f 133/2352 146/2353 51/2354
f 51/2354 146/2353 1133/2355
f 1835/2356 1685/2357 1031/2358
f 1835/2356 1031/2358 1750/2359
f 1031/2360 1604/2361 1750/2362
f 1750/2362 1604/2361 1236/2363
f 1604/2361 1031/2360 819/2364
f 819/2364 1031/2360 721/2365
f 1604/2361 819/2364 705/2366
f 1604/2361 705/2366 1236/2363
f 1236/2363 705/2366 686/2367
f 1685/2368 721/2369 1031/2370
f 721/2369 1685/2368 193/2371
f 721/2369 193/2371 722/2372
f 250/2373 1337/2374 1241/2375
f 250/2373 1241/2375 241/2376
f 901/2377 819/2378 721/2379
f 901/2377 721/2379 932/2380
f 932/2380 721/2379 722/2381
f 901/2377 932/2380 944/2382
f 901/2377 944/2382 912/2383
f 944/2382 932/2380 936/2384
f 190/2385 1131/2386 1391/2387
f 1391/2387 1131/2386 1296/2388
f 1296/2388 1131/2386 1133/2389
f 1133/2389 1131/2386 1164/2390
f 1133/2389 1164/2390 1039/2391
f 1039/2391 1164/2390 1613/2392
f 1613/2392 1164/2390 1728/2393
f 1728/2393 1164/2390 1698/2394
f 1698/2394 1164/2390 1643/2395
f 1728/2393 1698/2394 1798/2396
f 1798/2396 1698/2394 1774/2397
f 1391/2398 453/2399 190/2400
f 190/2400 453/2399 362/2401
f 453/2399 1391/2398 1296/2402
f 453/2399 1296/2402 362/2401
f 1296/2403 1133/2404 362/2405
f 362/2405 1133/2404 146/2406
f 362/2405 146/2406 190/2407
f 1302/2408 1689/2409 689/2410
f 689/2410 1689/2409 1236/2411
f 689/2410 1236/2411 686/2412
f 1236/2411 1689/2409 1805/2413
f 1236/2411 1805/2413 1750/2414
f 1805/2413 1689/2409 1901/2415
f 705/2416 821/2417 686/2412
f 686/2412 821/2417 871/2418
f 686/2412 871/2418 689/2410
f 871/2418 821/2417 911/2419
f 871/2418 911/2419 895/2420
f 689/2410 871/2418 752/2421
f 752/2421 871/2418 895/2420
f 689/2410 752/2421 1302/2408
f 1302/2408 752/2421 599/2422
f 752/2421 895/2420 829/2423
f 752/2421 829/2423 599/2422
f 1302/2408 599/2422 1686/2424
f 1686/2424 599/2422 829/2423
f 1751/2425 1689/2409 1302/2408
f 1751/2425 1302/2408 1686/2424
f 1689/2409 1751/2425 1901/2415
f 1751/2425 1686/2424 1861/2426
f 1751/2425 1861/2426 1896/2427
f 1751/2425 1896/2427 1901/2415
f 1861/2426 1686/2424 1864/2428
f 1033/2429 1686/2424 829/2423
f 1686/2424 1033/2429 1864/2428
f 1896/2427 1861/2426 1930/2430
f 1930/2430 1861/2426 1864/2428
f 1901/2415 1896/2427 1931/2431
f 1931/2431 1896/2427 1930/2430
f 1901/2415 1931/2431 1951/2432
f 1951/2432 1931/2431 1935/2433
f 1935/2433 1931/2431 1950/2434
f 1950/2434 1931/2431 1930/2430
f 1950/2434 1930/2430 1922/2435
f 1922/2435 1930/2430 1864/2428
f 1901/2415 1951/2432 1909/2436
f 1901/2415 1909/2436 1805/2413
f 1805/2413 1909/2436 1894/2437
f 1909/2436 1951/2432 1936/2438
f 1894/2437 1909/2436 1937/2439
f 1909/2436 1936/2438 1944/2440
f 1909/2436 1944/2440 1937/2439
f 1944/2440 1936/2438 1948/2441
f 1944/2440 1948/2441 1937/2439
f 1937/2439 1948/2441 1939/2442
f 1889/2443 1922/2435 1864/2428
f 1922/2435 1889/2443 1916/2444
f 1889/2443 1864/2428 1701/2445
f 1916/2444 1889/2443 1906/2446
f 1906/2446 1889/2443 1701/2445
f 1916/2444 1906/2446 1955/2447
f 1701/2445 1864/2428 1033/2429
f 1955/2447 1906/2446 1905/2448
f 1906/2446 1701/2445 1705/2449
f 1906/2446 1705/2449 1905/2448
f 1955/2447 1905/2448 1917/2450
f 1955/2447 1917/2450 1942/2451
f 1905/2448 1705/2449 1672/2452
f 1905/2448 1672/2452 1917/2450
f 1942/2451 1917/2450 1921/2453
f 1942/2451 1921/2453 1928/2454
f 1921/2453 1917/2450 1672/2452
f 1860/2455 1921/2453 1868/2456
f 1868/2456 1921/2453 1827/2457
f 1827/2457 1921/2453 1672/2452
f 1868/2456 1827/2457 1863/2458
f 1827/2457 1672/2452 1577/2459
f 1577/2459 1672/2452 695/2460
f 695/2460 1672/2452 708/2461
f 708/2461 1672/2452 1705/2449
f 695/2460 708/2461 882/2462
f 695/2460 882/2462 837/2463
f 837/2463 882/2462 862/2464
f 708/2461 1705/2449 731/2465
f 731/2465 1705/2449 1701/2445
f 882/2462 708/2461 881/2466
f 881/2466 708/2461 731/2465
f 862/2464 882/2462 923/2467
f 862/2464 923/2467 847/2468
f 923/2467 882/2462 881/2466
f 731/2465 1701/2445 742/2469
f 731/2465 742/2469 881/2466
f 742/2469 1701/2445 1033/2429
f 923/2467 881/2466 931/2470
f 923/2467 931/2470 935/2471
f 935/2471 931/2470 899/2472
f 931/2470 881/2466 873/2473
f 931/2470 873/2473 899/2472
f 873/2473 881/2466 742/2469
f 899/2472 873/2473 888/2474
f 742/2469 1033/2429 849/2475
f 742/2469 849/2475 873/2473
f 873/2473 849/2475 888/2474
f 849/2475 1033/2429 829/2423
f 849/2475 829/2423 906/2476
f 849/2475 906/2476 888/2474
f 906/2476 829/2423 895/2420
f 888/2474 906/2476 927/2477
f 927/2477 906/2476 895/2420
f 888/2474 927/2477 929/2478
f 927/2477 895/2420 924/2479
f 927/2477 924/2479 929/2478
f 1900/2480 1835/2481 1958/2482
f 1958/2482 1835/2481 1894/2483
f 1958/2482 1894/2483 1937/2484
f 1894/2483 1835/2481 1750/2485
f 1894/2483 1750/2485 1805/2486
f 1966/2487 1965/2488 1958/2489
f 828/2490 932/2491 722/2492
f 932/2491 828/2490 818/2493
f 901/2494 912/2495 819/2496
f 819/2496 912/2495 879/2497
f 819/2496 879/2497 705/2498
f 705/2498 879/2497 821/2499
f 944/2500 943/2501 912/2502
f 912/2502 943/2501 917/2503
f 912/2502 917/2503 879/2504
f 944/2505 952/2506 943/2507
f 952/2506 944/2505 936/2508
f 943/2509 952/2510 948/2511
f 943/2509 948/2511 922/2512
f 943/2509 922/2512 917/2513
f 917/2513 922/2512 925/2514
f 917/2513 925/2514 890/2515
f 917/2513 890/2515 879/2516
f 879/2516 890/2515 821/2517
f 821/2517 890/2515 911/2518
f 911/2518 890/2515 925/2514
f 911/2518 925/2514 940/2519
f 940/2519 925/2514 918/2520
f 911/2518 940/2519 921/2521
f 911/2518 921/2521 934/2522
f 911/2518 934/2522 895/2523
f 895/2523 934/2522 924/2524
f 924/2524 934/2522 920/2525
f 1958/2526 1959/2527 1966/2528
f 1959/2527 1958/2526 1937/2529
f 1937/2530 1939/2531 1959/2532
f 1698/2533 1716/2534 1700/2535
f 1716/2534 1698/2533 1643/2536
f 1698/2533 1700/2535 1650/2537
f 1650/2537 1700/2535 1467/2538
f 1650/2537 1467/2538 1021/2539
f 1650/2537 1021/2539 559/2540
f 559/2540 1021/2539 395/2541
f 14/2542 1614/2543 1650/2544
f 1614/2543 14/2542 1361/2545
f 1614/2543 1361/2545 1074/2546
f 1614/2543 1074/2546 1522/2547
f 1614/2543 1522/2547 1650/2544
f 1650/2544 1522/2547 1696/2548
f 1650/2544 1696/2548 1774/2549
f 1774/2549 1696/2548 1723/2550
f 1650/2544 1774/2549 1698/2551
f 559/2552 14/2542 1650/2544
f 626/2553 1361/2545 14/2542
f 626/2553 14/2542 559/2552
f 1361/2545 626/2553 633/2554
f 626/2553 559/2552 620/2555
f 626/2553 620/2555 633/2554
f 1537/2556 1522/2557 215/2558
f 1522/2557 1537/2556 1544/2559
f 1522/2557 1544/2559 1227/2560
f 1522/2557 1227/2560 1696/2561
f 1696/2561 1227/2560 1335/2562
f 1696/2561 1335/2562 259/2563
f 1696/2561 259/2563 65/2564
f 259/2563 1335/2562 475/2565
f 259/2563 475/2565 714/2566
f 27/2567 215/2558 1522/2557
f 27/2567 1522/2557 1074/2568
f 215/2558 27/2567 620/2569
f 620/2569 27/2567 1074/2568
f 215/2558 620/2569 395/2570
f 620/2569 1074/2568 633/2571
f 1792/2572 1798/2573 1774/2574
f 1792/2572 1774/2574 1723/2575
f 65/2576 1723/2575 1696/2577
f 1723/2575 65/2576 691/2578
f 691/2578 65/2576 1336/2579
f 1723/2575 691/2578 699/2580
f 1723/2575 699/2580 1677/2581
f 1723/2575 1677/2581 1792/2572
f 1677/2581 699/2580 1118/2582
f 1118/2582 699/2580 707/2583
f 1792/2572 1677/2581 1703/2584
f 1703/2584 1677/2581 1118/2582
f 1118/2582 707/2583 1029/2585
f 1118/2582 1029/2585 1703/2584
f 1029/2585 707/2583 703/2586
f 1029/2585 703/2586 657/2587
f 1029/2585 657/2587 1202/2588
f 1202/2588 657/2587 170/2589
f 1029/2585 1202/2588 1707/2590
f 1029/2585 1707/2590 1703/2584
f 1707/2590 1202/2588 1622/2591
f 1703/2584 1707/2590 1758/2592
f 1703/2584 1758/2592 1792/2572
f 1792/2572 1758/2592 1790/2593
f 1792/2572 1790/2593 1798/2573
f 1758/2592 1707/2590 1799/2594
f 1758/2592 1799/2594 1790/2593
f 1799/2594 1707/2590 1759/2595
f 1759/2595 1707/2590 1744/2596
f 1759/2595 1744/2596 1780/2597
f 1759/2595 1780/2597 1785/2598
f 1759/2595 1785/2598 1799/2594
f 1799/2594 1785/2598 1790/2593
f 1753/2599 1798/2573 1790/2593
f 1753/2599 1790/2593 1785/2598
f 1798/2573 1753/2599 1728/2600
f 1753/2599 1785/2598 1762/2601
f 1728/2600 1753/2599 1613/2602
f 1753/2599 1762/2601 1649/2603
f 1753/2599 1649/2603 1613/2602
f 1074/2604 1361/2605 633/2606
f 789/2607 785/2608 794/2609
f 785/2608 789/2607 769/2610
f 769/2610 789/2607 699/2611
f 769/2610 699/2611 691/2612
f 769/2610 691/2612 714/2613
f 714/2613 691/2612 259/2614
f 699/2611 789/2607 707/2615
f 707/2615 789/2607 794/2609
f 755/2616 794/2609 785/2608
f 755/2616 785/2608 676/2617
f 707/2615 794/2609 770/2618
f 707/2615 770/2618 703/2619
f 770/2618 794/2609 804/2620
f 804/2620 794/2609 755/2616
f 703/2619 770/2618 747/2621
f 747/2621 770/2618 804/2620
f 703/2619 747/2621 657/2622
f 657/2622 747/2621 704/2623
f 788/2624 766/2625 747/2621
f 747/2621 804/2620 779/2626
f 747/2621 779/2626 788/2624
f 779/2626 804/2620 734/2627
f 734/2627 804/2620 755/2616
f 788/2624 779/2626 746/2628
f 746/2628 779/2626 734/2627
f 788/2624 746/2628 732/2629
f 732/2629 746/2628 329/2630
f 329/2630 746/2628 734/2627
f 734/2627 755/2616 726/2631
f 726/2631 755/2616 368/2632
f 726/2631 368/2632 734/2627
f 368/2632 755/2616 676/2617
f 368/2632 676/2617 1613/2633
f 1613/2633 676/2617 133/2634
f 734/2627 368/2632 144/2635
f 144/2635 368/2632 1613/2633
f 734/2627 144/2635 329/2630
f 144/2635 1613/2633 1649/2636
f 144/2635 1649/2636 329/2630
f 329/2630 1649/2636 1678/2637
f 1678/2637 1649/2636 1762/2638
f 1678/2637 1762/2638 1785/2639
f 1039/2640 1613/2641 133/2642
f 1039/2640 133/2642 1179/2643
f 1039/2640 1179/2643 1133/2644
f 1179/2643 133/2642 51/2645
f 1179/2643 51/2645 1133/2644
f 1730/2646 1678/2647 1785/2648
f 1730/2646 1785/2648 1770/2649
f 1770/2649 1785/2648 1780/2650
f 1770/2649 1780/2650 1793/2651
f 1730/2646 1770/2649 1641/2652
f 1641/2652 1770/2649 1793/2651
f 1678/2647 1730/2646 1570/2653
f 1570/2653 1730/2646 1641/2652
f 1678/2647 1570/2653 329/2654
f 1641/2652 1793/2651 1827/2655
f 1827/2655 1793/2651 1832/2656
f 1641/2652 1827/2655 1577/2657
f 329/2654 1570/2653 572/2658
f 1641/2652 1577/2657 512/2659
f 1641/2652 512/2659 1570/2653
f 1570/2653 512/2659 572/2658
f 512/2659 1577/2657 695/2660
f 329/2654 572/2658 732/2661
f 732/2661 572/2658 512/2659
f 512/2659 695/2660 738/2662
f 512/2659 738/2662 732/2661
f 738/2662 695/2660 837/2663
f 732/2661 738/2662 782/2664
f 782/2664 738/2662 837/2663
f 732/2661 782/2664 788/2665
f 782/2664 837/2663 854/2666
f 854/2666 837/2663 862/2667
f 894/2668 899/2669 888/2670
f 894/2668 888/2670 929/2671
f 894/2668 929/2671 880/2672
f 899/2669 894/2668 905/2673
f 894/2668 880/2672 815/2674
f 894/2668 815/2674 905/2673
f 815/2674 880/2672 20/2675
f 899/2669 905/2673 935/2676
f 905/2673 815/2674 790/2677
f 790/2677 815/2674 20/2675
f 935/2676 905/2673 898/2678
f 905/2673 790/2677 851/2679
f 905/2673 851/2679 898/2678
f 790/2677 20/2675 1258/2680
f 851/2679 790/2677 729/2681
f 729/2681 790/2677 1258/2680
f 898/2678 851/2679 885/2682
f 885/2682 851/2679 729/2681
f 935/2676 898/2678 919/2683
f 919/2683 898/2678 885/2682
f 935/2676 919/2683 923/2684
f 923/2684 919/2683 847/2685
f 847/2685 919/2683 643/2686
f 643/2686 919/2683 885/2682
f 885/2682 729/2681 653/2687
f 885/2682 653/2687 643/2686
f 653/2687 729/2681 1258/2680
f 643/2686 653/2687 1769/2688
f 1769/2688 653/2687 1258/2680
f 643/2686 1769/2688 1651/2689
f 1651/2689 1769/2688 1807/2690
f 1807/2690 1769/2688 1928/2691
f 1807/2690 1928/2691 1860/2692
f 1860/2692 1928/2691 1921/2693
f 1928/2691 1769/2688 1915/2694
f 1769/2688 1258/2680 1873/2695
f 1769/2688 1873/2695 1915/2694
f 1928/2691 1915/2694 1933/2696
f 1933/2696 1915/2694 1873/2695
f 1928/2691 1933/2696 1955/2697
f 1928/2691 1955/2697 1942/2698
f 1955/2697 1933/2696 1926/2699
f 1926/2699 1933/2696 1873/2695
f 1955/2697 1926/2699 1916/2700
f 1916/2700 1926/2699 1891/2701
f 1891/2701 1926/2699 1873/2695
f 1916/2700 1891/2701 1922/2702
f 1830/2703 1873/2695 1258/2680
f 1873/2695 1830/2703 1891/2701
f 1830/2703 1258/2680 20/2675
f 1830/2703 20/2675 1724/2704
f 1891/2701 1830/2703 1913/2705
f 1891/2701 1913/2705 1922/2702
f 1913/2705 1830/2703 1724/2704
f 1922/2702 1913/2705 1950/2706
f 1950/2706 1913/2705 1935/2707
f 1913/2705 1724/2704 1902/2708
f 1913/2705 1902/2708 1935/2707
f 1902/2708 1724/2704 1726/2709
f 1935/2707 1902/2708 1938/2710
f 1935/2707 1938/2710 1951/2711
f 1902/2708 1726/2709 1879/2712
f 1902/2708 1879/2712 1938/2710
f 1879/2712 1726/2709 1620/2713
f 1951/2711 1938/2710 1920/2714
f 1920/2714 1938/2710 1879/2712
f 1951/2711 1920/2714 1936/2715
f 1936/2715 1920/2714 1948/2716
f 1948/2716 1920/2714 1939/2717
f 1920/2714 1879/2712 1839/2718
f 1839/2718 1879/2712 1620/2713
f 1920/2714 1839/2718 1869/2719
f 1839/2718 1620/2713 1360/2720
f 1360/2720 1620/2713 710/2721
f 1360/2720 710/2721 743/2722
f 743/2722 710/2721 878/2723
f 743/2722 878/2723 893/2724
f 1967/2725 1899/2726 1810/2727
f 1899/2726 1967/2725 1953/2728
f 1953/2728 1967/2725 1959/2729
f 1899/2730 1211/2731 1810/2732
f 1810/2732 1211/2731 1697/2733
f 1697/2733 1211/2731 489/2734
f 1211/2731 1899/2730 1656/2735
f 1656/2735 1899/2730 1887/2736
f 1656/2735 1887/2736 1855/2737
f 1887/2736 1899/2730 1953/2738
f 1887/2736 1953/2738 1855/2737
f 1966/2739 1959/2740 1967/2741
f 1939/2742 1869/2743 1959/2744
f 1869/2743 1939/2742 1920/2745
f 1959/2744 1869/2743 1855/2746
f 1959/2744 1855/2746 1953/2747
f 489/2748 1211/2749 840/2750
f 489/2748 840/2750 767/2751
f 840/2750 1211/2749 668/2752
f 668/2752 1211/2749 1656/2753
f 668/2752 1656/2753 1053/2754
f 840/2750 668/2752 892/2755
f 892/2755 668/2752 857/2756
f 932/2757 818/2758 767/2759
f 932/2757 767/2759 936/2760
f 936/2760 767/2759 840/2761
f 936/2760 840/2761 892/2762
f 936/2760 892/2762 941/2763
f 941/2763 892/2762 937/2764
f 937/2765 892/2766 857/2767
f 937/2765 857/2767 812/2768
f 937/2765 812/2768 900/2769
f 937/2765 900/2769 922/2770
f 922/2770 900/2769 918/2771
f 937/2765 922/2770 948/2772
f 937/2765 948/2772 941/2773
f 936/2774 941/2775 952/2776
f 952/2776 941/2775 948/2777
f 1869/2778 1676/2779 1855/2780
f 1676/2779 1869/2778 1839/2781
f 1676/2779 1839/2781 1360/2782
f 1855/2780 1676/2779 1053/2783
f 1855/2780 1053/2783 1656/2784
f 1676/2779 1360/2782 293/2785
f 1676/2779 293/2785 1053/2783
f 293/2785 1360/2782 743/2786
f 668/2787 1053/2783 857/2788
f 857/2788 1053/2783 812/2789
f 812/2789 1053/2783 293/2785
f 812/2789 293/2785 743/2786
f 812/2789 743/2786 893/2790
f 812/2789 893/2790 900/2791
f 918/2792 925/2793 922/2794
f 900/2795 893/2796 918/2797
f 918/2797 893/2796 921/2798
f 918/2797 921/2798 940/2799
f 921/2798 893/2796 920/2800
f 921/2798 920/2800 934/2801
f 920/2800 893/2796 878/2802
f 920/2800 878/2802 887/2803
f 920/2800 887/2803 914/2804
f 920/2800 914/2804 924/2805
f 924/2805 914/2804 929/2806
f 929/2806 914/2804 887/2803
f 929/2806 887/2803 880/2807
f 887/2803 878/2802 786/2808
f 887/2803 786/2808 880/2807
f 786/2808 878/2802 710/2809
f 880/2807 786/2808 692/2810
f 880/2807 692/2810 20/2811
f 20/2811 692/2810 1724/2812
f 692/2810 786/2808 440/2813
f 692/2810 440/2813 1724/2812
f 440/2813 786/2808 710/2809
f 1724/2812 440/2813 1726/2814
f 440/2813 710/2809 1620/2815
f 440/2813 1620/2815 1726/2814
f 371/2816 1139/2817 1299/2818
f 1139/2817 371/2816 161/2819
f 1139/2817 161/2819 1128/2820
f 371/2821 1299/2822 210/2823
f 371/2821 210/2823 161/2824
f 161/2824 210/2823 207/2825
f 161/2824 207/2825 185/2826
f 210/2823 1299/2822 1084/2827
f 210/2823 1084/2827 207/2825
f 207/2825 1084/2827 185/2826
f 1084/2827 1299/2822 1139/2828
f 185/2826 1084/2827 1128/2829
f 1128/2829 1084/2827 1139/2828
f 309/2830 1309/2831 279/2832
f 309/2830 279/2832 305/2833
f 1235/2834 1188/2835 1229/2836
f 1229/2836 1188/2835 1189/2837
f 1229/2836 1189/2837 243/2838
f 243/2838 1189/2837 304/2839
f 304/2839 1189/2837 270/2840
f 270/2840 1189/2837 1248/2841
f 1248/2841 1189/2837 1127/2842
f 1248/2841 1127/2842 1661/2843
f 1127/2842 1189/2837 1206/2844
f 1206/2844 1189/2837 1188/2835
f 1127/2842 1206/2844 1128/2845
f 1128/2845 1206/2844 185/2846
f 185/2846 1206/2844 1188/2835
f 185/2846 1188/2835 309/2847
f 305/2848 243/2849 185/2850
f 305/2848 185/2850 309/2851
f 185/2850 243/2849 304/2852
f 185/2850 304/2852 229/2853
f 229/2853 304/2852 270/2854
f 302/2855 1508/2856 423/2857
f 1303/2858 1105/2859 1508/2856
f 1303/2858 1508/2856 1185/2860
f 1185/2860 1508/2856 302/2855
f 1185/2860 302/2855 356/2861
f 1185/2860 356/2861 336/2862
f 336/2862 356/2861 302/2855
f 336/2862 302/2855 219/2863
f 336/2862 219/2863 100/2864
f 336/2862 100/2864 269/2865
f 1860/2866 1847/2867 1807/2868
f 1847/2867 1860/2866 1841/2869
f 1807/2868 1847/2867 1748/2870
f 1748/2870 1847/2867 1775/2871
f 1748/2870 1775/2871 1772/2872
f 1807/2868 1748/2870 1651/2873
f 1748/2870 1772/2872 1681/2874
f 1748/2870 1681/2874 1665/2875
f 1748/2870 1665/2875 1651/2873
f 1665/2875 1681/2874 62/2876
f 1651/2873 1665/2875 112/2877
f 112/2877 1665/2875 62/2876
f 1651/2873 112/2877 643/2878
f 112/2877 62/2876 701/2879
f 643/2878 112/2877 748/2880
f 748/2880 112/2877 701/2879
f 748/2880 701/2879 774/2881
f 748/2880 774/2881 811/2882
f 1795/2883 1626/2884 1742/2885
f 1772/2886 1742/2885 1681/2887
f 1681/2887 1742/2885 1449/2888
f 1681/2887 1449/2888 62/2889
f 1449/2888 1742/2885 1626/2884
f 62/2889 1449/2888 627/2890
f 627/2890 1449/2888 1626/2884
f 62/2889 627/2890 701/2891
f 701/2891 627/2890 749/2892
f 701/2891 749/2892 774/2893
f 749/2892 627/2890 527/2894
f 527/2894 627/2890 1626/2884
f 749/2892 527/2894 735/2895
f 735/2895 527/2894 72/2896
f 72/2896 527/2894 1626/2884
f 735/2895 72/2896 716/2897
f 72/2896 1626/2884 1708/2898
f 1708/2898 1626/2884 1795/2883
f 716/2897 72/2896 1612/2899
f 716/2897 1612/2899 625/2900
f 625/2900 1612/2899 1666/2901
f 72/2896 1708/2898 1739/2902
f 72/2896 1739/2902 1612/2899
f 1612/2899 1739/2902 1757/2903
f 1739/2902 1708/2898 1818/2904
f 1739/2902 1818/2904 1757/2903
f 1818/2904 1708/2898 1795/2883
f 1612/2899 1757/2903 1806/2905
f 1612/2899 1806/2905 1666/2901
f 1806/2905 1757/2903 1818/2904
f 1666/2901 1806/2905 1663/2906
f 1663/2906 1806/2905 1771/2907
f 1771/2907 1806/2905 1800/2908
f 1800/2908 1806/2905 1743/2909
f 1743/2909 1806/2905 1818/2904
f 1743/2909 1818/2904 1761/2910
f 1761/2910 1818/2904 1796/2911
f 1796/2911 1818/2904 1795/2883
f 1796/2911 1795/2883 1781/2912
f 1796/2911 1781/2912 1745/2913
f 1781/2912 1795/2883 1742/2885
f 1745/2913 1781/2912 1809/2914
f 1781/2912 1742/2885 1772/2886
f 1781/2912 1772/2886 1809/2914
f 643/2915 813/2916 847/2917
f 813/2916 643/2915 748/2918
f 813/2916 748/2918 833/2919
f 847/2917 813/2916 863/2920
f 847/2917 863/2920 862/2921
f 749/2922 792/2923 774/2924
f 774/2924 792/2923 765/2925
f 792/2923 749/2922 735/2926
f 765/2925 792/2923 762/2927
f 765/2925 762/2927 754/2928
f 754/2928 762/2927 654/2929
f 792/2923 735/2926 796/2930
f 796/2930 735/2926 716/2931
f 762/2927 792/2923 764/2932
f 764/2932 792/2923 796/2930
f 654/2929 762/2927 646/2933
f 646/2933 762/2927 764/2932
f 625/2934 756/2935 716/2931
f 716/2931 756/2935 796/2930
f 796/2930 756/2935 783/2936
f 796/2930 783/2936 780/2937
f 654/2929 646/2933 1169/2938
f 654/2929 1169/2938 194/2939
f 646/2933 764/2932 640/2940
f 771/2941 764/2932 796/2930
f 771/2941 796/2930 780/2937
f 764/2932 771/2941 640/2940
f 1169/2938 646/2933 1605/2942
f 1605/2942 646/2933 640/2940
f 640/2940 771/2941 715/2943
f 771/2941 780/2937 741/2944
f 771/2941 741/2944 715/2943
f 741/2944 780/2937 720/2945
f 640/2940 715/2943 128/2946
f 128/2946 715/2943 741/2944
f 741/2944 720/2945 35/2947
f 741/2944 35/2947 128/2946
f 35/2947 720/2945 374/2948
f 35/2947 374/2948 1246/2949
f 35/2947 1246/2949 1729/2950
f 35/2947 1729/2950 1710/2951
f 35/2947 1710/2951 128/2946
f 1710/2951 1729/2950 1773/2952
f 1710/2951 1773/2952 1800/2953
f 1710/2951 1800/2953 1743/2954
f 128/2946 1710/2951 1639/2955
f 1639/2955 1710/2951 1743/2954
f 128/2946 1639/2955 640/2940
f 1639/2955 1743/2954 1761/2956
f 640/2940 1639/2955 1605/2942
f 1605/2942 1639/2955 1761/2956
f 1605/2942 1761/2956 1796/2957
f 1605/2942 1796/2957 1675/2958
f 1675/2958 1796/2957 1745/2959
f 1675/2958 1745/2959 1783/2960
f 1605/2942 1675/2958 1169/2938
f 1169/2938 1675/2958 1638/2961
f 1663/2962 501/2963 655/2964
f 1663/2962 655/2964 625/2965
f 1663/2962 625/2965 1666/2966
f 625/2965 655/2964 756/2967
f 756/2967 655/2964 759/2968
f 759/2968 655/2964 501/2963
f 501/2963 1663/2962 1648/2969
f 759/2968 501/2963 678/2970
f 678/2970 501/2963 103/2971
f 103/2971 501/2963 1648/2969
f 678/2970 103/2971 229/2972
f 229/2972 103/2971 185/2973
f 185/2973 103/2971 161/2974
f 103/2971 1648/2969 1127/2975
f 103/2971 1127/2975 161/2974
f 1127/2975 1648/2969 1661/2976
f 161/2974 1127/2975 1128/2977
f 1663/2978 1741/2979 1648/2980
f 1741/2979 1663/2978 1771/2981
f 1741/2979 1771/2981 1788/2982
f 1788/2982 1771/2981 1800/2983
f 1648/2980 1741/2979 1709/2984
f 1709/2984 1741/2979 1788/2982
f 1648/2980 1709/2984 1661/2985
f 1709/2984 1788/2982 1644/2986
f 1661/2985 1709/2984 1695/2987
f 1661/2985 1695/2987 1631/2988
f 1695/2987 1709/2984 1699/2989
f 1699/2989 1709/2984 1644/2986
f 1695/2987 1699/2989 1682/2990
f 1661/2985 1631/2988 1185/2991
f 1185/2991 1631/2988 1303/2992
f 1661/2985 1185/2991 1248/2993
f 1248/2993 1185/2991 270/2994
f 270/2994 1185/2991 336/2995
f 1682/2990 1699/2989 1573/2996
f 1573/2996 1699/2989 1644/2986
f 1682/2990 1573/2996 1408/2997
f 1408/2997 1573/2996 18/2998
f 18/2998 1573/2996 13/2999
f 13/2999 1573/2996 1644/2986
f 13/2999 1644/2986 1516/3000
f 13/2999 1516/3000 1210/3001
f 13/2999 1210/3001 167/3002
f 759/3003 783/3004 756/3005
f 783/3004 759/3003 798/3006
f 783/3004 798/3006 780/3007
f 798/3006 759/3003 717/3008
f 780/3007 798/3006 696/3009
f 696/3009 798/3006 717/3008
f 780/3007 696/3009 720/3010
f 720/3010 696/3009 421/3011
f 720/3010 421/3011 374/3012
f 421/3011 696/3009 523/3013
f 523/3013 696/3009 717/3008
f 678/3014 717/3008 759/3003
f 523/3013 717/3008 606/3015
f 717/3008 678/3014 682/3016
f 717/3008 682/3016 606/3015
f 523/3013 606/3015 97/3017
f 97/3017 606/3015 682/3016
f 523/3013 97/3017 167/3018
f 523/3013 167/3018 576/3019
f 167/3018 97/3017 13/3020
f 13/3020 97/3017 682/3016
f 13/3020 682/3016 621/3021
f 13/3020 621/3021 18/3022
f 18/3022 621/3021 630/3023
f 621/3021 682/3016 706/3024
f 621/3021 706/3024 630/3023
f 706/3024 682/3016 678/3014
f 630/3023 706/3024 698/3025
f 706/3024 678/3014 688/3026
f 706/3024 688/3026 698/3025
f 688/3026 678/3014 229/3027
f 698/3025 688/3026 665/3028
f 688/3026 229/3027 270/3029
f 665/3028 688/3026 336/3030
f 336/3030 688/3026 270/3029
f 1788/3031 1800/3032 1773/3033
f 1788/3031 1773/3033 1602/3034
f 1788/3031 1602/3034 1644/3035
f 1644/3035 1602/3034 1516/3036
f 1516/3036 1602/3034 1210/3037
f 1210/3037 1602/3034 1525/3038
f 1210/3037 1525/3038 167/3039
f 1525/3038 1602/3034 1436/3040
f 1436/3040 1602/3034 1773/3033
f 1436/3040 1773/3033 1729/3041
f 1436/3040 1729/3041 1246/3042
f 1436/3040 1246/3042 1223/3043
f 1436/3040 1223/3043 1276/3044
f 1276/3044 1223/3043 1140/3045
f 1276/3044 1140/3045 387/3046
f 523/3047 479/3048 421/3049
f 479/3048 523/3047 576/3050
f 421/3049 479/3048 387/3051
f 421/3049 387/3051 374/3052
f 374/3052 387/3051 326/3053
f 374/3052 326/3053 347/3054
f 347/3054 326/3053 1223/3055
f 374/3052 347/3054 335/3056
f 335/3056 347/3054 226/3057
f 226/3057 347/3054 1323/3058
f 1457/3059 269/3060 323/3061
f 269/3060 1457/3059 1158/3062
f 269/3060 1158/3062 1324/3063
f 1303/3064 1457/3059 1105/3065
f 1457/3059 1303/3064 1158/3062
f 1324/3063 1158/3062 1142/3066
f 1158/3062 1303/3064 1631/3067
f 1142/3066 1158/3062 1636/3068
f 1636/3068 1158/3062 1631/3067
f 1142/3066 1636/3068 1279/3069
f 1636/3068 1631/3067 1695/3070
f 1636/3068 1695/3070 1655/3071
f 105/3072 269/3073 100/3074
f 217/3075 388/3076 164/3077
f 217/3075 164/3077 292/3078
f 388/3076 217/3075 269/3079
f 388/3076 269/3079 1324/3080
f 269/3079 217/3075 336/3081
f 336/3081 217/3075 665/3082
f 665/3082 217/3075 292/3078
f 665/3082 292/3078 641/3083
f 665/3082 641/3083 670/3084
f 670/3084 641/3083 658/3085
f 665/3082 670/3084 698/3086
f 670/3084 658/3085 585/3087
f 698/3086 670/3084 520/3088
f 520/3088 670/3084 585/3087
f 698/3086 520/3088 630/3089
f 630/3089 520/3088 88/3090
f 520/3088 585/3087 196/3091
f 196/3091 585/3087 56/3092
f 196/3091 56/3092 308/3093
f 520/3088 196/3091 125/3094
f 196/3091 308/3093 175/3095
f 125/3094 196/3091 474/3096
f 125/3094 474/3096 1581/3097
f 1581/3097 474/3096 1598/3098
f 1598/3098 474/3096 1596/3099
f 196/3091 175/3095 584/3100
f 584/3100 175/3095 554/3101
f 474/3096 196/3091 564/3102
f 474/3096 564/3102 1596/3099
f 564/3102 196/3091 584/3100
f 584/3100 554/3101 1576/3103
f 584/3100 1576/3103 564/3102
f 1596/3099 564/3102 1587/3104
f 1587/3104 564/3102 1576/3103
f 1596/3099 1587/3104 1312/3105
f 1312/3105 1587/3104 1576/3103
f 1312/3105 1576/3103 1291/3106
f 1632/3107 1256/3108 1167/3109
f 1167/3109 1256/3108 1581/3110
f 1581/3110 1256/3108 125/3111
f 1167/3109 1581/3110 1598/3112
f 1167/3109 1598/3112 1596/3113
f 1167/3109 1596/3113 1312/3114
f 1167/3109 1312/3114 1347/3115
f 1347/3115 1312/3114 1359/3116
f 1167/3109 1347/3115 1632/3107
f 125/3111 1256/3108 1606/3117
f 1632/3107 1347/3115 1655/3118
f 1606/3117 1256/3108 1632/3107
f 1632/3107 1655/3118 1695/3119
f 1632/3107 1695/3119 1682/3120
f 1632/3107 1682/3120 1606/3117
f 1606/3117 1682/3120 1178/3121
f 1178/3121 1682/3120 1408/3122
f 1606/3117 1178/3121 1046/3123
f 1606/3117 1046/3123 1419/3124
f 1606/3125 1419/3126 125/3127
f 125/3127 1419/3126 497/3128
f 497/3128 1419/3126 1114/3129
f 497/3128 1114/3129 593/3130
f 593/3130 1114/3129 47/3131
f 1114/3129 1419/3126 1063/3132
f 1063/3132 1419/3126 1046/3133
f 47/3131 1114/3129 1548/3134
f 1063/3132 1046/3133 1275/3135
f 1275/3135 1046/3133 1178/3136
f 1275/3135 1178/3136 1408/3137
f 1275/3135 1408/3137 1441/3138
f 1548/3134 1114/3129 1249/3139
f 1249/3139 1114/3129 1063/3132
f 47/3131 1548/3134 1580/3140
f 1580/3140 1548/3134 1249/3139
f 47/3131 1580/3140 589/3141
f 589/3141 1580/3140 1586/3142
f 1586/3142 1580/3140 1249/3139
f 1586/3142 1249/3139 1472/3143
f 1249/3139 1063/3132 1215/3144
f 1249/3139 1215/3144 1472/3143
f 1215/3144 1063/3132 1275/3135
f 1472/3143 1215/3144 1363/3145
f 1363/3145 1215/3144 1300/3146
f 1215/3144 1275/3135 1113/3147
f 1215/3144 1113/3147 1300/3146
f 1113/3147 1275/3135 1441/3138
f 1113/3147 1441/3138 1458/3148
f 1113/3147 1458/3148 1300/3146
f 1300/3146 1458/3148 380/3149
f 125/3150 497/3151 520/3152
f 520/3152 497/3151 104/3153
f 520/3152 104/3153 88/3154
f 104/3153 497/3151 142/3155
f 142/3155 497/3151 593/3156
f 104/3153 142/3155 380/3157
f 104/3153 380/3157 88/3154
f 88/3154 380/3157 18/3158
f 88/3154 18/3158 630/3159
f 18/3158 380/3157 137/3160
f 137/3160 380/3157 576/3161
f 1441/3162 1408/3163 18/3164
f 1441/3162 18/3164 137/3165
f 1441/3162 137/3165 576/3166
f 1441/3162 576/3166 1518/3167
f 1518/3167 576/3166 167/3168
f 1518/3167 167/3168 1525/3169
f 1441/3162 1518/3167 1458/3170
f 1518/3167 1525/3169 1436/3171
f 1518/3167 1436/3171 1458/3170
f 1458/3170 1436/3171 1442/3172
f 380/3173 548/3174 576/3175
f 576/3175 548/3174 479/3176
f 479/3176 548/3174 436/3177
f 436/3177 548/3174 1395/3178
f 436/3177 1395/3178 1260/3179
f 479/3176 436/3177 393/3180
f 479/3176 393/3180 1387/3181
f 436/3177 1260/3179 413/3182
f 436/3177 413/3182 393/3180
f 413/3182 1260/3179 1387/3181
f 413/3182 1387/3181 393/3180
f 380/3183 1458/3184 548/3185
f 548/3185 1458/3184 1395/3186
f 1395/3186 1458/3184 1387/3187
f 1395/3186 1387/3187 1260/3188
f 1387/3187 1458/3184 1442/3189
f 1387/3187 1442/3189 479/3190
f 387/3191 1140/3192 324/3193
f 387/3191 324/3193 326/3194
f 324/3193 1140/3192 1200/3195
f 324/3193 1200/3195 1240/3196
f 1200/3195 1140/3192 1225/3197
f 1225/3197 1140/3192 1223/3198
f 1225/3197 1223/3198 326/3199
f 1225/3197 326/3199 324/3200
f 1225/3197 324/3200 353/3201
f 1301/3202 1442/3203 1436/3204
f 1301/3202 1436/3204 1276/3205
f 1301/3202 1276/3205 1254/3206
f 1254/3206 1276/3205 295/3207
f 295/3207 1276/3205 387/3208
f 295/3207 387/3208 479/3209
f 295/3210 1442/3211 1301/3212
f 1442/3211 295/3210 479/3213
f 295/3210 1301/3212 252/3214
f 295/3210 252/3214 1254/3215
f 1254/3215 252/3214 1301/3212
f 589/3216 1586/3217 560/3218
f 47/3219 589/3216 593/3220
f 593/3220 589/3216 142/3221
f 560/3218 1586/3217 45/3222
f 45/3222 1586/3217 1472/3223
f 589/3216 560/3218 530/3224
f 530/3224 560/3218 45/3222
f 589/3216 530/3224 142/3221
f 45/3222 1472/3223 360/3225
f 45/3222 360/3225 530/3224
f 530/3224 360/3225 142/3221
f 360/3225 1472/3223 1363/3226
f 142/3221 360/3225 221/3227
f 221/3227 360/3225 1363/3226
f 142/3221 221/3227 380/3228
f 221/3227 1363/3226 1300/3229
f 221/3227 1300/3229 380/3228
f 1202/3230 170/3231 1622/3232
f 657/3233 704/3234 170/3231
f 1622/3232 170/3231 198/3235
f 198/3235 170/3231 704/3234
f 1744/3236 1707/3237 1622/3232
f 1744/3236 1622/3232 1736/3238
f 1736/3238 1622/3232 198/3235
f 1744/3236 1736/3238 1780/3239
f 1780/3239 1736/3238 1793/3240
f 1793/3240 1736/3238 1832/3241
f 1736/3238 198/3235 1540/3242
f 1736/3238 1540/3242 1832/3241
f 766/3243 198/3235 704/3234
f 766/3243 704/3234 747/3244
f 198/3235 766/3243 711/3245
f 198/3235 711/3245 1540/3242
f 788/3246 782/3247 766/3243
f 766/3243 782/3247 854/3248
f 766/3243 854/3248 711/3245
f 711/3245 854/3248 886/3249
f 711/3245 886/3249 1540/3242
f 886/3249 854/3248 961/3250
f 886/3249 961/3250 960/3251
f 1540/3242 886/3249 1637/3252
f 1540/3242 1637/3252 1954/3253
f 1540/3242 1954/3253 1832/3241
f 1637/3252 886/3249 280/3254
f 1863/3255 1827/3256 1832/3241
f 1863/3255 1832/3241 1954/3253
f 1863/3255 1954/3253 1877/3257
f 907/3258 886/3249 960/3251
f 886/3249 907/3258 280/3254
f 1817/3259 1954/3253 1637/3252
f 1817/3259 1637/3252 280/3254
f 1975/3260 1954/3253 1979/3261
f 1954/3253 1817/3259 1956/3262
f 1954/3253 1956/3262 1979/3261
f 1979/3261 1956/3262 1969/3263
f 1979/3261 1969/3263 1977/3264
f 1977/3264 1969/3263 1972/3265
f 1969/3263 1956/3262 1904/3266
f 1904/3266 1956/3262 1817/3259
f 1972/3265 1969/3263 1932/3267
f 1932/3267 1969/3263 1904/3266
f 1972/3265 1932/3267 1973/3268
f 1973/3268 1932/3267 1850/3269
f 1904/3266 1817/3259 1778/3270
f 1904/3266 1778/3270 1932/3267
f 1778/3270 1817/3259 280/3254
f 1850/3269 1932/3267 1767/3271
f 1932/3267 1778/3270 1711/3272
f 1932/3267 1711/3272 1767/3271
f 1778/3270 280/3254 991/3273
f 1778/3270 991/3273 1711/3272
f 991/3273 280/3254 773/3274
f 1711/3272 991/3273 645/3275
f 645/3275 991/3273 773/3274
f 773/3274 280/3254 907/3258
f 1711/3272 645/3275 177/3276
f 1711/3272 177/3276 1767/3271
f 773/3274 907/3258 903/3277
f 645/3275 773/3274 902/3278
f 902/3278 773/3274 903/3277
f 645/3275 902/3278 950/3279
f 645/3275 950/3279 177/3276
f 902/3278 903/3277 949/3280
f 949/3280 903/3277 907/3258
f 902/3278 949/3280 950/3279
f 949/3280 907/3258 958/3281
f 958/3281 907/3258 960/3251
f 958/3281 960/3251 963/3282
f 958/3281 963/3282 957/3283
f 958/3281 957/3283 949/3280
f 949/3280 957/3283 950/3279
f 950/3279 957/3283 838/3284
f 950/3279 838/3284 177/3276
f 177/3276 838/3284 639/3285
f 639/3285 838/3284 835/3286
f 177/3276 639/3285 1611/3287
f 177/3276 1611/3287 1767/3271
f 639/3285 835/3286 965/3288
f 965/3288 835/3286 969/3289
f 965/3288 969/3289 967/3290
f 965/3288 967/3290 964/3291
f 965/3288 964/3291 915/3292
f 965/3288 915/3292 639/3285
f 915/3292 964/3291 810/3293
f 915/3292 810/3293 639/3285
f 639/3285 810/3293 394/3294
f 639/3285 394/3294 1611/3287
f 1611/3287 394/3294 1640/3295
f 1819/3296 1767/3271 1611/3287
f 1767/3271 1819/3296 1845/3297
f 1611/3287 1640/3295 1853/3298
f 1611/3287 1853/3298 1819/3296
f 1640/3295 394/3294 1704/3299
f 1640/3295 1704/3299 1853/3298
f 1704/3299 394/3294 1694/3300
f 1694/3300 394/3294 277/3301
f 1853/3298 1704/3299 1918/3302
f 1819/3296 1853/3298 1976/3303
f 1976/3303 1853/3298 1918/3302
f 1819/3296 1976/3303 1983/3304
f 1983/3304 1976/3303 1978/3305
f 1978/3305 1976/3303 1918/3302
f 1983/3304 1978/3305 1981/3306
f 1918/3302 1704/3299 1897/3307
f 1918/3302 1897/3307 1978/3305
f 1897/3307 1704/3299 1694/3300
f 1981/3306 1978/3305 1971/3308
f 1971/3308 1978/3305 1897/3307
f 1897/3307 1694/3300 1929/3309
f 1897/3307 1929/3309 1971/3308
f 1720/3310 1694/3300 277/3301
f 1694/3300 1720/3310 1929/3309
f 1720/3310 277/3301 25/3311
f 1720/3310 25/3311 1766/3312
f 1720/3310 1766/3312 1929/3309
f 1929/3309 1766/3312 1945/3313
f 1963/3314 1981/3306 1971/3308
f 1963/3314 1971/3308 1929/3309
f 1963/3314 1929/3309 1945/3313
f 1981/3306 1963/3314 1968/3315
f 1963/3314 1945/3313 1949/3316
f 1963/3314 1949/3316 1968/3315
f 9/3317 1286/3318 1066/3319
f 1066/3319 1286/3318 1081/3320
f 9/3317 1066/3319 211/3321
f 1066/3319 1081/3320 61/3322
f 1066/3319 61/3322 211/3321
f 793/3323 394/3324 810/3325
f 394/3324 793/3323 277/3326
f 277/3326 793/3323 25/3327
f 1766/3328 25/3327 1005/3329
f 1005/3329 25/3327 800/3330
f 800/3330 25/3327 793/3323
f 800/3330 793/3323 926/3331
f 793/3323 810/3325 954/3332
f 954/3332 810/3325 964/3333
f 954/3332 964/3333 967/3334
f 793/3323 954/3332 946/3335
f 946/3335 954/3332 967/3334
f 793/3323 946/3335 926/3331
f 946/3335 967/3334 953/3336
f 946/3335 953/3336 939/3337
f 946/3335 939/3337 926/3331
f 926/3331 939/3337 933/3338
f 1804/3339 1886/3340 1766/3341
f 1005/3342 1035/3343 1766/3341
f 1766/3341 1035/3343 1804/3339
f 1766/3341 1886/3340 1945/3344
f 1804/3339 1035/3343 1583/3345
f 1583/3345 1035/3343 1459/3346
f 1886/3340 1804/3339 1881/3347
f 1945/3344 1886/3340 1934/3348
f 1945/3344 1934/3348 1949/3349
f 1949/3349 1934/3348 1923/3350
f 1949/3349 1923/3350 1941/3351
f 1941/3351 1923/3350 1924/3352
f 1924/3352 1923/3350 1934/3348
f 1934/3348 1886/3340 1927/3353
f 1934/3348 1927/3353 1924/3352
f 1927/3353 1886/3340 1881/3347
f 1924/3352 1927/3353 1908/3354
f 1908/3354 1927/3353 1910/3355
f 1910/3355 1927/3353 1925/3356
f 1925/3356 1927/3353 1881/3347
f 1910/3355 1925/3356 1893/3357
f 1893/3357 1925/3356 1867/3358
f 1867/3358 1925/3356 1881/3347
f 1893/3357 1867/3358 1826/3359
f 1893/3357 1826/3359 1854/3360
f 1854/3360 1826/3359 1831/3361
f 1831/3361 1826/3359 1801/3362
f 1831/3361 1801/3362 1693/3363
f 1826/3359 1867/3358 1779/3364
f 1826/3359 1779/3364 1801/3362
f 1693/3363 1801/3362 1642/3365
f 1779/3364 1867/3358 1808/3366
f 1808/3366 1867/3358 1881/3347
f 1801/3362 1779/3364 1740/3367
f 1801/3362 1740/3367 1642/3365
f 1779/3364 1808/3366 1754/3368
f 1779/3364 1754/3368 1740/3367
f 1808/3366 1881/3347 1814/3369
f 1754/3368 1808/3366 1712/3370
f 1712/3370 1808/3366 1814/3369
f 1754/3368 1712/3370 1667/3371
f 1754/3368 1667/3371 1740/3367
f 1712/3370 1814/3369 1670/3372
f 1814/3369 1881/3347 1756/3373
f 1814/3369 1756/3373 1670/3372
f 1756/3373 1881/3347 1804/3339
f 1756/3373 1804/3339 1583/3345
f 1756/3373 1583/3345 1670/3372
f 1740/3367 1667/3371 1692/3374
f 1740/3367 1692/3374 1642/3365
f 1047/3375 1667/3371 1712/3370
f 1047/3375 1712/3370 1670/3372
f 1667/3371 1047/3375 1692/3374
f 1670/3372 1583/3345 1483/3376
f 1047/3375 1670/3372 1616/3377
f 1616/3377 1670/3372 1483/3376
f 1047/3375 1616/3377 1653/3378
f 1047/3375 1653/3378 1692/3374
f 1616/3377 1483/3376 1654/3379
f 1616/3377 1654/3379 1653/3378
f 1483/3376 1583/3345 1307/3380
f 1307/3380 1583/3345 1459/3346
f 1692/3374 1653/3378 999/3381
f 1692/3374 999/3381 1642/3365
f 1653/3378 1654/3379 1154/3382
f 1653/3378 1154/3382 999/3381
f 1087/3383 1654/3379 1483/3376
f 1087/3383 1483/3376 1307/3380
f 1154/3382 1654/3379 1293/3384
f 1293/3384 1654/3379 1087/3383
f 999/3381 1154/3382 39/3385
f 1087/3383 1307/3380 1349/3386
f 1349/3386 1307/3380 1459/3346
f 1349/3386 1459/3346 93/3387
f 1349/3386 93/3387 61/3388
f 1349/3386 61/3388 1081/3389
f 1349/3386 1081/3389 1087/3383
f 1087/3383 1081/3389 1293/3384
f 1293/3384 1081/3389 1286/3390
f 1293/3384 1286/3390 9/3391
f 21/3392 1154/3382 1293/3384
f 21/3392 1293/3384 9/3391
f 1154/3382 21/3392 39/3385
f 21/3392 9/3391 255/3393
f 21/3392 255/3393 39/3385
f 255/3393 9/3391 211/3394
f 255/3393 211/3394 61/3395
f 255/3393 61/3395 634/3396
f 634/3396 61/3395 93/3397
f 39/3385 255/3393 684/3398
f 684/3398 255/3393 634/3396
f 634/3396 93/3397 156/3399
f 156/3399 93/3397 1459/3400
f 156/3399 1459/3400 1035/3401
f 156/3399 1035/3401 681/3402
f 681/3402 1035/3401 1005/3403
f 634/3396 156/3399 651/3404
f 651/3404 156/3399 681/3402
f 634/3396 651/3404 649/3405
f 634/3396 649/3405 684/3398
f 651/3404 681/3402 816/3406
f 681/3402 1005/3403 784/3407
f 681/3402 784/3407 816/3406
f 784/3407 1005/3403 800/3408
f 684/3398 649/3405 222/3409
f 649/3405 651/3404 687/3410
f 649/3405 687/3410 222/3409
f 687/3410 651/3404 816/3406
f 684/3398 222/3409 661/3411
f 661/3411 222/3409 687/3410
f 784/3407 800/3408 891/3412
f 784/3407 891/3412 816/3406
f 891/3412 800/3408 928/3413
f 928/3413 800/3408 926/3414
f 928/3413 926/3414 933/3415
f 928/3413 933/3415 913/3416
f 928/3413 913/3416 897/3417
f 928/3413 897/3417 909/3418
f 928/3413 909/3418 891/3412
f 860/3419 816/3406 891/3412
f 860/3419 891/3412 909/3418
f 816/3406 860/3419 787/3420
f 816/3406 787/3420 687/3410
f 860/3419 909/3418 869/3421
f 687/3410 787/3420 712/3422
f 687/3410 712/3422 661/3411
f 869/3421 909/3418 864/3423
f 864/3423 909/3418 853/3424
f 860/3419 869/3421 805/3425
f 805/3425 869/3421 864/3423
f 805/3425 864/3423 853/3424
f 860/3419 805/3425 787/3420
f 805/3425 853/3424 834/3426
f 744/3427 712/3422 787/3420
f 744/3427 787/3420 805/3425
f 712/3422 744/3427 661/3411
f 805/3425 834/3426 761/3428
f 805/3425 761/3428 744/3427
f 761/3428 834/3426 693/3429
f 661/3411 744/3427 713/3430
f 713/3430 744/3427 761/3428
f 661/3411 713/3430 684/3398
f 684/3398 713/3430 39/3385
f 39/3385 713/3430 166/3431
f 166/3431 713/3430 761/3428
f 39/3385 166/3431 999/3381
f 761/3428 693/3429 662/3432
s 0
f 761/3428 662/3432 166/3431
s 1
f 662/3432 693/3429 110/3433
f 999/3381 166/3431 1003/3434
f 999/3381 1003/3434 1642/3365
f 166/3431 662/3432 333/3435
f 166/3431 333/3435 1003/3434
f 1003/3434 333/3435 1180/3436
f 1003/3434 1180/3436 1642/3365
f 333/3435 662/3432 1067/3437
f 333/3435 1067/3437 1180/3436
f 1067/3437 662/3432 110/3433
f 1180/3436 1067/3437 1642/3365
f 1067/3437 110/3433 1069/3438
f 1067/3437 1069/3438 1642/3365
f 1069/3438 110/3433 29/3439
f 1642/3365 1069/3438 1263/3440
f 1877/3441 1868/3442 1863/3443
f 1877/3444 1860/3445 1868/3446
f 1973/3447 1977/3448 1972/3449
f 1977/3448 1973/3447 1970/3450
f 1970/3450 1973/3447 1961/3451
f 1970/3450 1961/3451 1947/3452
f 1977/3448 1970/3450 1974/3453
f 1974/3453 1970/3450 1947/3452
f 1977/3448 1974/3453 1979/3454
f 1979/3454 1974/3453 1975/3455
f 1974/3453 1947/3452 1952/3456
f 1974/3453 1952/3456 1975/3455
f 1975/3455 1952/3456 1841/3457
f 1975/3455 1841/3457 1954/3458
f 1954/3458 1841/3457 1877/3459
f 1877/3459 1841/3457 1860/3460
f 1841/3457 1952/3456 1690/3461
f 1690/3461 1952/3456 1714/3462
f 1690/3461 1714/3462 437/3463
f 437/3463 1714/3462 836/3464
f 862/3465 863/3466 854/3467
f 854/3467 863/3466 961/3468
f 961/3468 863/3466 832/3469
f 437/3470 836/3471 832/3469
f 832/3469 836/3471 961/3468
f 961/3468 836/3471 896/3472
f 896/3472 836/3471 669/3473
f 669/3473 836/3471 1714/3474
f 961/3468 896/3472 955/3475
f 961/3468 955/3475 956/3476
f 955/3475 896/3472 942/3477
f 955/3475 942/3477 956/3476
f 961/3468 956/3476 959/3478
f 959/3478 956/3476 942/3477
f 960/3479 961/3468 963/3480
f 963/3480 961/3468 959/3478
f 963/3480 959/3478 957/3481
f 959/3478 942/3477 930/3482
f 930/3482 942/3477 896/3472
f 957/3481 959/3478 876/3483
f 876/3483 959/3478 930/3482
f 957/3481 876/3483 838/3484
f 930/3482 896/3472 801/3485
f 930/3482 801/3485 876/3483
f 801/3485 896/3472 669/3473
f 835/3486 838/3484 799/3487
f 799/3487 838/3484 739/3488
f 739/3488 838/3484 876/3483
f 799/3487 739/3488 663/3489
f 663/3489 739/3488 1585/3490
f 1585/3490 739/3488 876/3483
f 663/3489 1585/3490 1635/3491
f 1018/3492 876/3483 801/3485
f 1018/3492 801/3485 669/3473
f 1585/3490 876/3483 1381/3493
f 1381/3493 876/3483 1018/3492
f 1635/3491 1585/3490 1850/3494
f 1635/3491 1850/3494 1824/3495
f 1824/3495 1850/3494 1845/3496
f 1845/3496 1850/3494 1767/3497
f 1850/3494 1585/3490 1912/3498
f 1912/3498 1585/3490 1381/3493
f 1850/3494 1912/3498 1973/3499
f 1973/3499 1912/3498 1961/3500
f 1961/3500 1912/3498 1947/3501
f 1912/3498 1381/3493 1821/3502
f 1821/3502 1381/3493 1018/3492
f 1947/3501 1912/3498 1866/3503
f 1866/3503 1912/3498 1821/3502
f 1821/3502 1018/3492 1680/3504
f 1821/3502 1680/3504 1866/3503
f 1680/3504 1018/3492 669/3473
f 1947/3501 1866/3503 1763/3505
f 1763/3505 1866/3503 1680/3504
f 1763/3505 1680/3504 669/3473
f 1947/3501 1763/3505 1952/3506
f 1763/3505 669/3473 1714/3474
f 1763/3505 1714/3474 1952/3506
f 1845/3507 1819/3508 1983/3509
f 1845/3507 1983/3509 1824/3510
f 1824/3510 1983/3509 1984/3511
f 1824/3510 1984/3511 1875/3512
f 1875/3512 1984/3511 1980/3513
f 1984/3511 1983/3509 1982/3514
f 1984/3511 1982/3514 1980/3513
f 1982/3514 1983/3509 1981/3515
f 1980/3513 1982/3514 1960/3516
f 1982/3514 1981/3515 1964/3517
f 1982/3514 1964/3517 1960/3516
f 1960/3516 1964/3517 1943/3518
f 1964/3517 1981/3515 1968/3519
f 1964/3517 1968/3519 1949/3520
f 1964/3517 1949/3520 1941/3521
f 969/3522 835/3523 945/3524
f 945/3524 835/3523 799/3525
f 945/3524 799/3525 908/3526
f 908/3526 799/3525 663/3527
f 908/3526 663/3527 723/3528
f 908/3526 723/3528 951/3529
f 945/3524 908/3526 962/3530
f 962/3530 908/3526 951/3529
f 969/3522 945/3524 968/3531
f 968/3531 945/3524 962/3530
f 962/3530 951/3529 966/3532
f 962/3530 966/3532 968/3531
f 966/3532 951/3529 947/3533
f 969/3522 968/3531 970/3534
f 970/3534 968/3531 966/3532
f 970/3534 966/3532 947/3533
f 969/3522 970/3534 967/3535
f 967/3535 970/3534 953/3536
f 953/3536 970/3534 947/3533
f 953/3536 947/3533 939/3537
f 939/3537 947/3533 938/3538
f 1775/3539 1809/3540 1772/3541
f 1809/3540 1775/3539 1664/3542
f 1809/3540 1664/3542 1783/3543
f 1809/3540 1783/3543 1745/3544
f 1775/3545 1847/3546 1841/3547
f 1775/3545 1841/3547 1690/3548
f 1775/3545 1690/3548 1664/3549
f 1664/3549 1690/3548 437/3550
f 1664/3549 437/3550 556/3551
f 556/3551 437/3550 832/3552
f 1664/3549 556/3551 1638/3553
f 1664/3549 1638/3553 1783/3554
f 1783/3554 1638/3553 1675/3555
f 194/3556 1169/3557 1638/3553
f 194/3556 1638/3553 556/3551
f 194/3556 556/3551 666/3558
f 194/3556 666/3558 654/3559
f 654/3559 666/3558 754/3560
f 754/3560 666/3558 556/3551
f 833/3561 556/3551 832/3552
f 833/3561 832/3552 863/3562
f 833/3561 863/3562 813/3563
f 556/3551 833/3561 772/3564
f 556/3551 772/3564 754/3560
f 772/3564 833/3561 748/3565
f 772/3564 748/3565 811/3566
f 772/3564 811/3566 754/3560
f 754/3560 811/3566 765/3567
f 765/3567 811/3566 774/3568
f 1875/3569 1980/3570 1919/3571
f 1919/3571 1980/3570 1907/3572
f 1907/3572 1980/3570 1960/3573
f 1907/3572 1960/3573 1943/3574
f 1907/3572 1943/3574 1722/3575
f 1919/3571 1907/3572 1940/3576
f 1919/3571 1940/3576 1875/3569
f 1940/3576 1907/3572 1962/3577
f 1875/3569 1940/3576 1957/3578
f 1957/3578 1940/3576 1962/3577
f 1907/3572 1722/3575 1691/3579
f 1907/3572 1691/3579 1962/3577
f 1691/3579 1722/3575 1011/3580
f 1011/3580 1722/3575 66/3581
f 1962/3577 1691/3579 1878/3582
f 1962/3577 1878/3582 1957/3578
f 1691/3579 1011/3580 1028/3583
f 1691/3579 1028/3583 1878/3582
f 1011/3580 66/3581 724/3584
f 1011/3580 724/3584 1028/3583
f 1878/3582 1028/3583 1630/3585
f 795/3586 938/3587 724/3584
f 724/3584 938/3587 947/3588
f 724/3584 947/3588 825/3589
f 724/3584 825/3589 1028/3583
f 825/3589 947/3588 951/3590
f 825/3589 951/3590 865/3591
f 865/3591 951/3590 723/3592
f 1028/3583 825/3589 656/3593
f 656/3593 825/3589 865/3591
f 1028/3583 656/3593 1630/3585
f 656/3593 865/3591 723/3592
f 1630/3585 656/3593 1233/3594
f 1233/3594 656/3593 723/3592
f 1630/3585 1233/3594 1878/3582
f 1233/3594 723/3592 663/3595
f 1233/3594 663/3595 1635/3596
f 1878/3582 1233/3594 1820/3597
f 1820/3597 1233/3594 1635/3596
f 1878/3582 1820/3597 1957/3578
f 1957/3578 1820/3597 1875/3569
f 1875/3569 1820/3597 1635/3596
f 1875/3569 1635/3596 1824/3598
f 1924/3599 1964/3600 1941/3601
f 1964/3600 1924/3599 1943/3602
f 1943/3602 1924/3599 1911/3603
f 1911/3603 1924/3599 1908/3604
f 1943/3602 1911/3603 1721/3605
f 1943/3602 1721/3605 1722/3606
f 1722/3606 1721/3605 69/3607
f 69/3607 1721/3605 1136/3608
f 69/3607 1136/3608 113/3609
f 1136/3608 1721/3605 1662/3610
f 1721/3605 1911/3603 1776/3611
f 1721/3605 1776/3611 1662/3610
f 1776/3611 1911/3603 1849/3612
f 1849/3612 1911/3603 1908/3604
f 1662/3610 1776/3611 1715/3613
f 1715/3613 1776/3611 1849/3612
f 1662/3610 1715/3613 1660/3614
f 1849/3612 1908/3604 1813/3615
f 1660/3614 1715/3613 1652/3616
f 1813/3615 1908/3604 1914/3617
f 1914/3617 1908/3604 1910/3618
f 1849/3612 1813/3615 1816/3619
f 1849/3612 1816/3619 1715/3613
f 1816/3619 1813/3615 1914/3617
f 1914/3617 1910/3618 1883/3620
f 1914/3617 1883/3620 1816/3619
f 1883/3620 1910/3618 1893/3621
f 1715/3613 1816/3619 1764/3622
f 1715/3613 1764/3622 1652/3616
f 1764/3622 1816/3619 1883/3620
f 1883/3620 1893/3621 1854/3623
f 1764/3622 1883/3620 1794/3624
f 1794/3624 1883/3620 1854/3623
f 1652/3616 1764/3622 1684/3625
f 1794/3624 1854/3623 1784/3626
f 1784/3626 1854/3623 1831/3627
f 1764/3622 1794/3624 1731/3628
f 1764/3622 1731/3628 1684/3625
f 1784/3626 1831/3627 1536/3629
f 1794/3624 1784/3626 1737/3630
f 1794/3624 1737/3630 1731/3628
f 1737/3630 1784/3626 1536/3629
f 1731/3628 1737/3630 1444/3631
f 1684/3625 1731/3628 1647/3632
f 1647/3632 1731/3628 1444/3631
f 1444/3631 1737/3630 1668/3633
f 1668/3633 1737/3630 1536/3629
f 1444/3631 1668/3633 1647/3632
f 1668/3633 1536/3629 1318/3634
f 1647/3632 1668/3633 989/3635
f 1318/3634 1536/3629 1466/3636
f 1668/3633 1318/3634 1077/3637
f 1077/3637 1318/3634 1466/3636
f 1647/3632 989/3635 1633/3638
f 1077/3637 1466/3636 384/3639
f 384/3639 1466/3636 55/3640
f 1077/3637 384/3639 258/3641
f 258/3641 384/3639 55/3640
f 258/3641 55/3640 225/3642
f 1647/3632 1633/3638 1121/3643
f 1647/3632 1121/3643 1684/3625
f 1121/3643 1633/3638 1080/3644
f 1684/3625 1121/3643 1652/3616
f 1121/3643 1080/3644 628/3645
f 1652/3616 1121/3643 660/3646
f 1121/3643 628/3645 690/3647
f 1121/3643 690/3647 660/3646
f 938/3648 933/3649 939/3650
f 933/3649 938/3648 916/3651
f 933/3649 916/3651 913/3652
f 916/3651 938/3648 795/3653
f 913/3652 916/3651 889/3654
f 916/3651 795/3653 850/3655
f 916/3651 850/3655 889/3654
f 913/3652 889/3654 910/3656
f 910/3656 889/3654 850/3655
f 913/3652 910/3656 897/3657
f 910/3656 850/3655 904/3658
f 910/3656 904/3658 897/3657
f 897/3657 904/3658 852/3659
f 897/3657 852/3659 844/3660
f 852/3659 904/3658 842/3661
f 852/3659 842/3661 844/3660
f 842/3661 904/3658 850/3655
f 844/3660 842/3661 776/3662
f 844/3660 776/3662 660/3663
f 842/3661 850/3655 730/3664
f 730/3664 850/3655 795/3653
f 776/3662 842/3661 652/3665
f 652/3665 842/3661 730/3664
f 660/3663 776/3662 719/3666
f 719/3666 776/3662 652/3665
f 660/3663 719/3666 674/3667
f 730/3664 795/3653 66/3668
f 66/3668 795/3653 724/3669
f 730/3664 66/3668 69/3670
f 730/3664 69/3670 652/3665
f 69/3670 66/3668 1722/3671
f 652/3665 69/3670 113/3672
f 719/3666 652/3665 594/3673
f 594/3673 652/3665 113/3672
f 719/3666 594/3673 674/3667
f 674/3667 594/3673 306/3674
f 674/3667 306/3674 162/3675
f 306/3674 594/3673 44/3676
f 306/3674 44/3676 212/3677
f 594/3673 113/3672 71/3678
f 594/3673 71/3678 44/3676
f 71/3678 113/3672 1346/3679
f 1346/3679 113/3672 1136/3680
f 71/3678 1346/3679 1083/3681
f 71/3678 1083/3681 44/3676
f 44/3676 1083/3681 1245/3682
f 32/3683 212/3677 44/3676
f 212/3677 32/3683 1245/3682
f 1245/3682 32/3683 44/3676
f 1246/3684 1323/3685 1223/3686
f 1223/3686 1323/3685 347/3687
f 1323/3685 1246/3684 374/3688
f 1323/3685 374/3688 335/3689
f 1323/3685 335/3689 226/3690
f 1225/3691 1240/3692 1200/3693
f 1240/3692 1225/3691 353/3694
f 1240/3692 353/3694 324/3695
f 1117/3696 19/3697 1245/3698
f 1245/3698 19/3697 212/3699
f 1117/3696 1245/3698 1083/3700
f 212/3699 19/3697 972/3701
f 972/3701 19/3697 1117/3696
f 212/3699 972/3701 306/3702
f 972/3701 1117/3696 1270/3703
f 1270/3703 1117/3696 1083/3700
f 306/3702 972/3701 978/3704
f 978/3704 972/3701 1270/3703
f 306/3702 978/3704 162/3705
f 162/3705 978/3704 1073/3706
f 978/3704 1270/3703 1645/3707
f 1645/3707 1270/3703 1083/3700
f 978/3704 1645/3707 1660/3708
f 1660/3708 1645/3707 1592/3709
f 1592/3709 1645/3707 1083/3700
f 1660/3708 1592/3709 1662/3710
f 1592/3709 1083/3700 1147/3711
f 1592/3709 1147/3711 1662/3710
f 1147/3711 1083/3700 1346/3712
f 1662/3710 1147/3711 1136/3713
f 1136/3713 1147/3711 1346/3712
f 897/3714 853/3715 909/3716
f 853/3715 897/3714 778/3717
f 778/3717 897/3714 844/3718
f 778/3717 844/3718 660/3719
f 778/3717 660/3719 690/3720
f 853/3715 778/3717 809/3721
f 809/3721 778/3717 690/3720
f 853/3715 809/3721 834/3722
f 834/3722 809/3721 820/3723
f 820/3723 809/3721 777/3724
f 777/3724 809/3721 690/3720
f 777/3724 690/3720 258/3725
f 777/3724 258/3725 225/3726
f 258/3725 690/3720 108/3727
f 258/3725 108/3727 989/3728
f 258/3725 989/3728 1077/3729
f 1077/3729 989/3728 1668/3730
f 1660/3731 1652/3732 3/3733
f 660/3734 674/3735 1652/3732
f 1652/3732 674/3735 3/3733
f 3/3733 674/3735 636/3736
f 636/3736 674/3735 162/3737
f 1660/3731 3/3733 1080/3738
f 1660/3731 1080/3738 1633/3739
f 1080/3738 3/3733 628/3740
f 628/3740 3/3733 636/3736
f 628/3740 636/3736 162/3737
f 1660/3731 1633/3739 978/3741
f 628/3740 162/3737 108/3742
f 628/3740 108/3742 690/3743
f 108/3742 162/3737 1073/3744
f 978/3741 1633/3739 1090/3745
f 978/3741 1090/3745 1073/3746
f 1090/3745 1633/3739 989/3747
f 1090/3745 989/3747 1073/3746
f 1073/3746 989/3747 108/3748
f 1263/3749 1069/3750 29/3751
f 1263/3749 29/3751 34/3752
f 1263/3749 34/3752 1207/3753
f 1207/3753 34/3752 4/3754
f 1207/3753 4/3754 1355/3755
f 1693/3756 1642/3757 1263/3758
f 1693/3756 1263/3758 1207/3759
f 834/3760 820/3761 693/3762
f 693/3762 820/3761 740/3763
f 740/3763 820/3761 659/3764
f 659/3764 820/3761 777/3765
f 693/3762 740/3763 172/3766
f 659/3764 777/3765 225/3767
f 693/3762 172/3766 110/3768
f 34/3769 29/3770 110/3768
f 34/3769 110/3768 172/3766
f 34/3769 172/3766 4/3771
f 168/3772 740/3763 659/3764
f 168/3772 659/3764 225/3767
f 624/3773 172/3766 740/3763
f 624/3773 740/3763 168/3772
f 4/3771 172/3766 37/3774
f 4/3771 37/3774 1355/3775
f 1355/3775 37/3774 11/3776
f 37/3774 172/3766 199/3777
f 37/3774 199/3777 11/3776
f 199/3777 172/3766 624/3773
f 11/3776 199/3777 409/3778
f 409/3778 199/3777 624/3773
f 409/3778 624/3773 311/3779
f 311/3779 624/3773 168/3772
f 409/3778 311/3779 525/3780
f 525/3780 311/3779 168/3772
f 980/3781 168/3772 225/3767
f 168/3772 980/3781 1058/3782
f 980/3781 225/3767 1007/3783
f 1007/3783 225/3767 55/3784
f 1007/3783 55/3784 1609/3785
f 1609/3785 55/3784 1466/3786
f 1609/3785 1466/3786 1536/3787
f 1609/3785 1536/3787 1007/3783
f 1007/3783 1536/3787 980/3781
f 1125/3788 1058/3782 980/3781
f 980/3781 1536/3787 1719/3789
f 980/3781 1719/3789 1125/3788
f 1719/3789 1536/3787 1831/3790
f 1058/3782 1125/3788 1306/3791
f 1719/3789 1831/3790 1713/3792
f 1719/3789 1713/3792 1125/3788
f 1306/3791 1125/3788 1658/3793
f 1658/3793 1125/3788 1713/3792
f 1306/3791 1658/3793 1207/3794
f 1713/3792 1831/3790 1734/3795
f 1713/3792 1734/3795 1658/3793
f 1658/3793 1734/3795 1207/3794
f 1734/3795 1831/3790 1693/3796
f 1734/3795 1693/3796 1207/3794
f 1058/3797 40/3798 525/3799
f 1058/3797 525/3799 168/3800
f 40/3798 1058/3797 1306/3801
f 40/3798 1306/3801 41/3802
f 525/3799 40/3798 409/3803
f 409/3803 40/3798 41/3802
f 409/3803 41/3802 1168/3804
f 409/3803 1168/3804 675/3805
f 409/3803 675/3805 11/3806
f 1355/3807 1306/3808 1207/3809
f 1306/3808 1355/3807 41/3810
f 41/3810 1355/3807 1168/3811
f 1168/3811 1355/3807 1617/3812
f 1168/3811 1617/3812 675/3813
f 1617/3812 1355/3807 11/3814
f 1617/3812 11/3814 675/3813
